solid csg.js
facet normal 0 0 -1
outer loop
vertex 80.51595554999999 -61.654820400000006 0
vertex 115.9875855 -67.8269516 0
vertex 77.4013742253077 -67.8269516 0
endloop
endfacet
facet normal 0 0 -1
outer loop
vertex 80.51595554999999 -61.654820400000006 0
vertex 77.4013742253077 -67.8269516 0
vertex 78.20349109999998 -63.277920800000025 0
endloop
endfacet
facet normal 0 0 -1
outer loop
vertex 80.51595554999999 -61.654820400000006 0
vertex 78.20349109999998 -63.277920800000025 0
vertex 78.29355397540584 -62.94164825159785 0
endloop
endfacet
facet normal 0 0 -1
outer loop
vertex 80.51595554999999 -61.654820400000006 0
vertex 78.29355397540584 -62.94164825159785 0
vertex 78.44055804152573 -62.62608639978138 0
endloop
endfacet
facet normal 0 0 -1
outer loop
vertex 80.51595554999999 -61.654820400000006 0
vertex 78.44055804152573 -62.62608639978138 0
vertex 78.64005391185857 -62.340795538557785 0
endloop
endfacet
facet normal 0 0 -1
outer loop
vertex 80.51595554999999 -61.654820400000006 0
vertex 78.64005391185857 -62.340795538557785 0
vertex 78.88599738631832 -62.09441923054849 0
endloop
endfacet
facet normal 0 0 -1
outer loop
vertex 80.51595554999999 -61.654820400000006 0
vertex 78.88599738631832 -62.09441923054849 0
vertex 79.17093702459667 -61.89442202977978 0
endloop
endfacet
facet normal 0 0 -1
outer loop
vertex 80.51595554999999 -61.654820400000006 0
vertex 79.17093702459667 -61.89442202977978 0
vertex 79.48623990520375 -61.746863325330956 0
endloop
endfacet
facet normal 0 0 -1
outer loop
vertex 80.51595554999999 -61.654820400000006 0
vertex 79.48623990520375 -61.746863325330956 0
vertex 79.82235318027834 -61.65621375778569 0
endloop
endfacet
facet normal 0 0 -1
outer loop
vertex 80.51595554999999 -61.654820400000006 0
vertex 79.82235318027834 -61.65621375778569 0
vertex 80.16909350175082 -61.62521977058174 0
endloop
endfacet
facet normal 0 0 -1
outer loop
vertex 124.70909904116007 -67.8269516 0
vertex 115.9875855 -67.8269516 0
vertex 117.24488249999999 -66.51080880000002 0
endloop
endfacet
facet normal 0 0 -1
outer loop
vertex 137.01550624999996 -65.1609283 0
vertex 154.38091883224038 -68.2229237499999 0
vertex 133.39185585000004 -68.2229237499999 0
endloop
endfacet
facet normal 0 0 -1
outer loop
vertex 137.01550624999996 -65.1609283 0
vertex 133.39185585000004 -68.2229237499999 0
vertex 135.0537625000001 -65.9500665999999 0
endloop
endfacet
facet normal 0 0 -1
outer loop
vertex 137.01550624999996 -65.1609283 0
vertex 135.0537625000001 -65.9500665999999 0
vertex 135.26123342371167 -65.70914577067369 0
endloop
endfacet
facet normal 0 0 -1
outer loop
vertex 137.01550624999996 -65.1609283 0
vertex 135.26123342371167 -65.70914577067369 0
vertex 135.5042574482521 -65.50414426628643 0
endloop
endfacet
facet normal 0 0 -1
outer loop
vertex 137.01550624999996 -65.1609283 0
vertex 135.5042574482521 -65.50414426628643 0
vertex 135.77669672416494 -65.3402444973884 0
endloop
endfacet
facet normal 0 0 -1
outer loop
vertex 137.01550624999996 -65.1609283 0
vertex 135.77669672416494 -65.3402444973884 0
vertex 136.07166628231244 -65.22158846900722 0
endloop
endfacet
facet normal 0 0 -1
outer loop
vertex 137.01550624999996 -65.1609283 0
vertex 136.07166628231244 -65.22158846900722 0
vertex 136.38171177787663 -65.15117480566485 0
endloop
endfacet
facet normal 0 0 -1
outer loop
vertex 137.01550624999996 -65.1609283 0
vertex 136.38171177787663 -65.15117480566485 0
vertex 136.69899787338167 -65.13078297141764 0
endloop
endfacet
facet normal 0 0 -1
outer loop
vertex 154.38091883224038 -68.2229237499999 0
vertex 155.74723838120497 -68.4638431190242 0
vertex 133.18438692532237 -68.4638431190242 0
endloop
endfacet
facet normal 0 0 -1
outer loop
vertex 154.38091883224038 -68.2229237499999 0
vertex 133.18438692532237 -68.4638431190242 0
vertex 133.39185585000004 -68.2229237499999 0
endloop
endfacet
facet normal 0 0 -1
outer loop
vertex 155.74723838120497 -68.4638431190242 0
vertex 156.90983950439733 -68.66884137820796 0
vertex 132.94136180149889 -68.66884137820796 0
endloop
endfacet
facet normal 0 0 -1
outer loop
vertex 155.74723838120497 -68.4638431190242 0
vertex 132.94136180149889 -68.66884137820796 0
vertex 133.18438692532237 -68.4638431190242 0
endloop
endfacet
facet normal 0 0 -1
outer loop
vertex 156.90983950439733 -68.66884137820796 0
vertex 157.83934167370867 -68.83273793981898 0
vertex 132.66892205739043 -68.83273793981898 0
endloop
endfacet
facet normal 0 0 -1
outer loop
vertex 156.90983950439733 -68.66884137820796 0
vertex 132.66892205739043 -68.83273793981898 0
vertex 132.94136180149889 -68.66884137820796 0
endloop
endfacet
facet normal 0 0 -1
outer loop
vertex 157.83934167370867 -68.83273793981898 0
vertex 158.19081690000002 -68.89471260000002 0
vertex 158.40905200548607 -68.95139091250748 0
endloop
endfacet
facet normal 0 0 -1
outer loop
vertex 157.83934167370867 -68.83273793981898 0
vertex 158.40905200548607 -68.95139091250748 0
vertex 132.37395261973592 -68.95139091250748 0
endloop
endfacet
facet normal 0 0 -1
outer loop
vertex 157.83934167370867 -68.83273793981898 0
vertex 132.37395261973592 -68.95139091250748 0
vertex 132.66892205739043 -68.83273793981898 0
endloop
endfacet
facet normal 0 0 -1
outer loop
vertex 115.9875855 -67.8269516 0
vertex 124.70909904116007 -67.8269516 0
vertex 131.43011169999997 -69.0120475 0
endloop
endfacet
facet normal 0 0 -1
outer loop
vertex 115.9875855 -67.8269516 0
vertex 131.43011169999997 -69.0120475 0
vertex 77.19240984117603 -69.0120475 0
endloop
endfacet
facet normal 0 0 -1
outer loop
vertex 115.9875855 -67.8269516 0
vertex 77.19240984117603 -69.0120475 0
vertex 77.4013742253077 -67.8269516 0
endloop
endfacet
facet normal 0 0 -1
outer loop
vertex 158.40905200548607 -68.95139091250748 0
vertex 158.49855048279815 -68.97463475613537 0
vertex 158.60611706969934 -69.02180177259214 0
endloop
endfacet
facet normal 0 0 -1
outer loop
vertex 158.40905200548607 -68.95139091250748 0
vertex 158.60611706969934 -69.02180177259214 0
vertex 132.0639077715932 -69.02180177259214 0
endloop
endfacet
facet normal 0 0 -1
outer loop
vertex 158.40905200548607 -68.95139091250748 0
vertex 132.0639077715932 -69.02180177259214 0
vertex 132.37395261973592 -68.95139091250748 0
endloop
endfacet
facet normal 0 0 -1
outer loop
vertex 131.43011169999997 -69.0120475 0
vertex 131.74662277235925 -69.04219114087532 0
vertex 77.18709470393608 -69.04219114087532 0
endloop
endfacet
facet normal 0 0 -1
outer loop
vertex 131.43011169999997 -69.0120475 0
vertex 77.18709470393608 -69.04219114087532 0
vertex 77.19240984117603 -69.0120475 0
endloop
endfacet
facet normal 0 0 -1
outer loop
vertex 158.60611706969934 -69.02180177259214 0
vertex 158.65261597762375 -69.04219114087532 0
vertex 131.74662277235925 -69.04219114087532 0
endloop
endfacet
facet normal 0 0 -1
outer loop
vertex 158.60611706969934 -69.02180177259214 0
vertex 131.74662277235925 -69.04219114087532 0
vertex 132.0639077715932 -69.02180177259214 0
endloop
endfacet
facet normal 0 0 -1
outer loop
vertex 131.74662277235925 -69.04219114087532 0
vertex 158.65261597762375 -69.04219114087532 0
vertex 158.78972877137267 -69.10231391306226 0
endloop
endfacet
facet normal 0 0 -1
outer loop
vertex 131.74662277235925 -69.04219114087532 0
vertex 158.78972877137267 -69.10231391306226 0
vertex 159.05699474807233 -69.27452210261627 0
endloop
endfacet
facet normal 0 0 -1
outer loop
vertex 131.74662277235925 -69.04219114087532 0
vertex 159.05699474807233 -69.27452210261627 0
vertex 159.29359414979612 -69.48690733269297 0
endloop
endfacet
facet normal 0 0 -1
outer loop
vertex 131.74662277235925 -69.04219114087532 0
vertex 159.29359414979612 -69.48690733269297 0
vertex 159.49354770964055 -69.73410226944551 0
endloop
endfacet
facet normal 0 0 -1
outer loop
vertex 131.74662277235925 -69.04219114087532 0
vertex 159.49354770964055 -69.73410226944551 0
vertex 159.65180226308476 -70.00985987888717 0
endloop
endfacet
facet normal 0 0 -1
outer loop
vertex 131.74662277235925 -69.04219114087532 0
vertex 159.65180226308476 -70.00985987888717 0
vertex 159.76435845000012 -70.30721130000029 0
endloop
endfacet
facet normal 0 0 -1
outer loop
vertex 131.74662277235925 -69.04219114087532 0
vertex 159.76435845000012 -70.30721130000029 0
vertex 160.54867570000016 -73.01139510000041 0
endloop
endfacet
facet normal 0 0 -1
outer loop
vertex 131.74662277235925 -69.04219114087532 0
vertex 160.54867570000016 -73.01139510000041 0
vertex 76.48721694652286 -73.01139510000041 0
endloop
endfacet
facet normal 0 0 -1
outer loop
vertex 131.74662277235925 -69.04219114087532 0
vertex 76.48721694652286 -73.01139510000041 0
vertex 77.18709470393608 -69.04219114087532 0
endloop
endfacet
facet normal 0 0 -1
outer loop
vertex 160.54867570000016 -73.01139510000041 0
vertex 160.6612340369153 -73.30874397111299 0
vertex 76.43478631730181 -73.30874397111299 0
endloop
endfacet
facet normal 0 0 -1
outer loop
vertex 160.54867570000016 -73.01139510000041 0
vertex 76.43478631730181 -73.30874397111299 0
vertex 76.48721694652286 -73.01139510000041 0
endloop
endfacet
facet normal 0 0 -1
outer loop
vertex 160.6612340369153 -73.30874397111299 0
vertex 160.81948859035938 -73.58450158055439 0
vertex 76.38616281010164 -73.58450158055439 0
endloop
endfacet
facet normal 0 0 -1
outer loop
vertex 160.6612340369153 -73.30874397111299 0
vertex 76.38616281010164 -73.58450158055439 0
vertex 76.43478631730181 -73.30874397111299 0
endloop
endfacet
facet normal 0 0 -1
outer loop
vertex 160.81948859035938 -73.58450158055439 0
vertex 161.01944215020393 -73.83169651730707 0
vertex 76.3425756727915 -73.83169651730707 0
endloop
endfacet
facet normal 0 0 -1
outer loop
vertex 160.81948859035938 -73.58450158055439 0
vertex 76.3425756727915 -73.83169651730707 0
vertex 76.38616281010164 -73.58450158055439 0
endloop
endfacet
facet normal 0 0 -1
outer loop
vertex 161.01944215020393 -73.83169651730707 0
vertex 161.25604155192764 -74.0440817473837 0
vertex 76.30512642602451 -74.0440817473837 0
endloop
endfacet
facet normal 0 0 -1
outer loop
vertex 161.01944215020393 -73.83169651730707 0
vertex 76.30512642602451 -74.0440817473837 0
vertex 76.3425756727915 -73.83169651730707 0
endloop
endfacet
facet normal 0 0 -1
outer loop
vertex 161.25604155192764 -74.0440817473837 0
vertex 161.52330752862736 -74.21628993693776 0
vertex 76.27476147558245 -74.21628993693776 0
endloop
endfacet
facet normal 0 0 -1
outer loop
vertex 161.25604155192764 -74.0440817473837 0
vertex 76.27476147558245 -74.21628993693776 0
vertex 76.30512642602451 -74.0440817473837 0
endloop
endfacet
facet normal 0 0 -1
outer loop
vertex 161.52330752862736 -74.21628993693776 0
vertex 161.8144858172018 -74.34396909386463 0
vertex 76.25224819510137 -74.34396909386463 0
endloop
endfacet
facet normal 0 0 -1
outer loop
vertex 161.52330752862736 -74.21628993693776 0
vertex 76.25224819510137 -74.34396909386463 0
vertex 76.27476147558245 -74.21628993693776 0
endloop
endfacet
facet normal 0 0 -1
outer loop
vertex 161.8144858172018 -74.34396909386463 0
vertex 162.12221784999988 -74.42389254999998 0
vertex 76.23815553324253 -74.42389254999998 0
endloop
endfacet
facet normal 0 0 -1
outer loop
vertex 161.8144858172018 -74.34396909386463 0
vertex 76.23815553324253 -74.42389254999998 0
vertex 76.25224819510137 -74.34396909386463 0
endloop
endfacet
facet normal 0 0 -1
outer loop
vertex 162.12221784999988 -74.42389254999998 0
vertex 176.0751648000002 -76.88417500000004 0
vertex 176.3828994327981 -76.96409595613535 0
endloop
endfacet
facet normal 0 0 -1
outer loop
vertex 162.12221784999988 -74.42389254999998 0
vertex 176.3828994327981 -76.96409595613535 0
vertex 176.6740777213727 -77.09177511306228 0
endloop
endfacet
facet normal 0 0 -1
outer loop
vertex 162.12221784999988 -74.42389254999998 0
vertex 176.6740777213727 -77.09177511306228 0
vertex 176.94134369807236 -77.26398330261628 0
endloop
endfacet
facet normal 0 0 -1
outer loop
vertex 162.12221784999988 -74.42389254999998 0
vertex 176.94134369807236 -77.26398330261628 0
vertex 177.177943099796 -77.47636853269287 0
endloop
endfacet
facet normal 0 0 -1
outer loop
vertex 162.12221784999988 -74.42389254999998 0
vertex 177.177943099796 -77.47636853269287 0
vertex 177.37789665964067 -77.72356346944572 0
endloop
endfacet
facet normal 0 0 -1
outer loop
vertex 162.12221784999988 -74.42389254999998 0
vertex 177.37789665964067 -77.72356346944572 0
vertex 177.53615121308476 -77.99932107888715 0
endloop
endfacet
facet normal 0 0 -1
outer loop
vertex 162.12221784999988 -74.42389254999998 0
vertex 177.53615121308476 -77.99932107888715 0
vertex 177.64870740000003 -78.29667250000006 0
endloop
endfacet
facet normal 0 0 -1
outer loop
vertex 162.12221784999988 -74.42389254999998 0
vertex 177.64870740000003 -78.29667250000006 0
vertex 178.43302349999993 -81.00085739999982 0
endloop
endfacet
facet normal 0 0 -1
outer loop
vertex 162.12221784999988 -74.42389254999998 0
vertex 178.43302349999993 -81.00085739999982 0
vertex 75.0784591666144 -81.00085739999982 0
endloop
endfacet
facet normal 0 0 -1
outer loop
vertex 162.12221784999988 -74.42389254999998 0
vertex 75.0784591666144 -81.00085739999982 0
vertex 76.23815553324253 -74.42389254999998 0
endloop
endfacet
facet normal 0 0 -1
outer loop
vertex 178.43302349999993 -81.00085739999982 0
vertex 178.54558293691522 -81.29821012111279 0
vertex 75.02602785853438 -81.29821012111279 0
endloop
endfacet
facet normal 0 0 -1
outer loop
vertex 178.43302349999993 -81.00085739999982 0
vertex 75.02602785853438 -81.29821012111279 0
vertex 75.0784591666144 -81.00085739999982 0
endloop
endfacet
facet normal 0 0 -1
outer loop
vertex 178.54558293691522 -81.29821012111279 0
vertex 178.70383749035935 -81.57396773055427 0
vertex 74.9774043513342 -81.57396773055427 0
endloop
endfacet
facet normal 0 0 -1
outer loop
vertex 178.54558293691522 -81.29821012111279 0
vertex 74.9774043513342 -81.57396773055427 0
vertex 75.02602785853438 -81.29821012111279 0
endloop
endfacet
facet normal 0 0 -1
outer loop
vertex 178.70383749035935 -81.57396773055427 0
vertex 178.9037910502041 -81.82116266730722 0
vertex 74.933817214024 -81.82116266730722 0
endloop
endfacet
facet normal 0 0 -1
outer loop
vertex 178.70383749035935 -81.57396773055427 0
vertex 74.933817214024 -81.82116266730722 0
vertex 74.9774043513342 -81.57396773055427 0
endloop
endfacet
facet normal 0 0 -1
outer loop
vertex 178.9037910502041 -81.82116266730722 0
vertex 179.14039045192766 -82.03354789738371 0
vertex 74.89636796725705 -82.03354789738371 0
endloop
endfacet
facet normal 0 0 -1
outer loop
vertex 178.9037910502041 -81.82116266730722 0
vertex 74.89636796725705 -82.03354789738371 0
vertex 74.933817214024 -81.82116266730722 0
endloop
endfacet
facet normal 0 0 -1
outer loop
vertex 179.14039045192766 -82.03354789738371 0
vertex 179.40765642862735 -82.20575608693773 0
vertex 74.866003016815 -82.20575608693773 0
endloop
endfacet
facet normal 0 0 -1
outer loop
vertex 179.14039045192766 -82.03354789738371 0
vertex 74.866003016815 -82.20575608693773 0
vertex 74.89636796725705 -82.03354789738371 0
endloop
endfacet
facet normal 0 0 -1
outer loop
vertex 179.40765642862735 -82.20575608693773 0
vertex 179.69883471720186 -82.33343524386461 0
vertex 74.84348973633391 -82.33343524386461 0
endloop
endfacet
facet normal 0 0 -1
outer loop
vertex 179.40765642862735 -82.20575608693773 0
vertex 74.84348973633391 -82.33343524386461 0
vertex 74.866003016815 -82.20575608693773 0
endloop
endfacet
facet normal 0 0 -1
outer loop
vertex 179.69883471720186 -82.33343524386461 0
vertex 180.0065667500002 -82.41335870000003 0
vertex 74.82939707447505 -82.41335870000003 0
endloop
endfacet
facet normal 0 0 -1
outer loop
vertex 179.69883471720186 -82.33343524386461 0
vertex 74.82939707447505 -82.41335870000003 0
vertex 74.84348973633391 -82.33343524386461 0
endloop
endfacet
facet normal 0 0 -1
outer loop
vertex 180.0065667500002 -82.41335870000003 0
vertex 193.21649070000012 -84.74262240000003 0
vertex 193.55323286337725 -84.83285617441382 0
endloop
endfacet
facet normal 0 0 -1
outer loop
vertex 180.0065667500002 -82.41335870000003 0
vertex 193.55323286337725 -84.83285617441382 0
vertex 193.86919133752465 -84.98018984745839 0
endloop
endfacet
facet normal 0 0 -1
outer loop
vertex 180.0065667500002 -82.41335870000003 0
vertex 193.86919133752465 -84.98018984745839 0
vertex 194.15476561365438 -85.18015059713505 0
endloop
endfacet
facet normal 0 0 -1
outer loop
vertex 180.0065667500002 -82.41335870000003 0
vertex 194.15476561365438 -85.18015059713505 0
vertex 194.40127873380905 -85.42666276760541 0
endloop
endfacet
facet normal 0 0 -1
outer loop
vertex 180.0065667500002 -82.41335870000003 0
vertex 194.40127873380905 -85.42666276760541 0
vertex 194.60124058365264 -85.71223627338887 0
endloop
endfacet
facet normal 0 0 -1
outer loop
vertex 180.0065667500002 -82.41335870000003 0
vertex 194.60124058365264 -85.71223627338887 0
vertex 194.74857547391898 -86.0281941799344 0
endloop
endfacet
facet normal 0 0 -1
outer loop
vertex 180.0065667500002 -82.41335870000003 0
vertex 194.74857547391898 -86.0281941799344 0
vertex 194.83880674562485 -86.36493634569987 0
endloop
endfacet
facet normal 0 0 -1
outer loop
vertex 180.0065667500002 -82.41335870000003 0
vertex 194.83880674562485 -86.36493634569987 0
vertex 194.86919278996163 -86.71223111517976 0
endloop
endfacet
facet normal 0 0 -1
outer loop
vertex 180.0065667500002 -82.41335870000003 0
vertex 194.86919278996163 -86.71223111517976 0
vertex 194.83881035 -87.05952620000011 0
endloop
endfacet
facet normal 0 0 -1
outer loop
vertex 180.0065667500002 -82.41335870000003 0
vertex 194.83881035 -87.05952620000011 0
vertex 194.59982524692094 -88.4148781999996 0
endloop
endfacet
facet normal 0 0 -1
outer loop
vertex 180.0065667500002 -82.41335870000003 0
vertex 194.59982524692094 -88.4148781999996 0
vertex 172.56999530000832 -88.4148781999996 0
endloop
endfacet
facet normal 0 0 -1
outer loop
vertex 180.0065667500002 -82.41335870000003 0
vertex 172.56999530000832 -88.4148781999996 0
vertex 73.77116725006024 -88.4148781999996 0
endloop
endfacet
facet normal 0 0 -1
outer loop
vertex 180.0065667500002 -82.41335870000003 0
vertex 73.77116725006024 -88.4148781999996 0
vertex 74.82939707447505 -82.41335870000003 0
endloop
endfacet
facet normal 0 0 -1
outer loop
vertex 172.56999530000832 -88.4148781999996 0
vertex 172.37490497798984 -88.43409291959661 0
vertex 73.76777917653231 -88.43409291959661 0
endloop
endfacet
facet normal 0 0 -1
outer loop
vertex 172.56999530000832 -88.4148781999996 0
vertex 73.76777917653231 -88.43409291959661 0
vertex 73.77116725006024 -88.4148781999996 0
endloop
endfacet
facet normal 0 0 -1
outer loop
vertex 194.59982524692094 -88.4148781999996 0
vertex 194.59643717375357 -88.43409291959661 0
vertex 172.76508562202676 -88.43409291959661 0
endloop
endfacet
facet normal 0 0 -1
outer loop
vertex 194.59982524692094 -88.4148781999996 0
vertex 172.76508562202676 -88.43409291959661 0
vertex 172.56999530000832 -88.4148781999996 0
endloop
endfacet
facet normal 0 0 -1
outer loop
vertex 172.37490497798984 -88.43409291959661 0
vertex 172.18731186765987 -88.49099866747595 0
vertex 73.75774515771649 -88.49099866747595 0
endloop
endfacet
facet normal 0 0 -1
outer loop
vertex 172.37490497798984 -88.43409291959661 0
vertex 73.75774515771649 -88.49099866747595 0
vertex 73.76777917653231 -88.43409291959661 0
endloop
endfacet
facet normal 0 0 -1
outer loop
vertex 194.59643717375357 -88.43409291959661 0
vertex 194.58640315600562 -88.49099866747595 0
vertex 172.95267873233422 -88.49099866747595 0
endloop
endfacet
facet normal 0 0 -1
outer loop
vertex 194.59643717375357 -88.43409291959661 0
vertex 172.95267873233422 -88.49099866747595 0
vertex 172.76508562202676 -88.43409291959661 0
endloop
endfacet
facet normal 0 0 -1
outer loop
vertex 172.18731186765987 -88.49099866747595 0
vertex 172.01442506696492 -88.58340858770606 0
vertex 73.74145079532055 -88.58340858770606 0
endloop
endfacet
facet normal 0 0 -1
outer loop
vertex 172.18731186765987 -88.49099866747595 0
vertex 73.74145079532055 -88.58340858770606 0
vertex 73.75774515771649 -88.49099866747595 0
endloop
endfacet
facet normal 0 0 -1
outer loop
vertex 194.58640315600562 -88.49099866747595 0
vertex 194.57010879534377 -88.58340858770606 0
vertex 173.1255655330287 -88.58340858770606 0
endloop
endfacet
facet normal 0 0 -1
outer loop
vertex 194.58640315600562 -88.49099866747595 0
vertex 173.1255655330287 -88.58340858770606 0
vertex 172.95267873233422 -88.49099866747595 0
endloop
endfacet
facet normal 0 0 -1
outer loop
vertex 172.01442506696492 -88.58340858770606 0
vertex 171.86288851880906 -88.70777141881673 0
vertex 73.71952227256394 -88.70777141881673 0
endloop
endfacet
facet normal 0 0 -1
outer loop
vertex 172.01442506696492 -88.58340858770606 0
vertex 73.71952227256394 -88.70777141881673 0
vertex 73.74145079532055 -88.58340858770606 0
endloop
endfacet
facet normal 0 0 -1
outer loop
vertex 194.57010879534377 -88.58340858770606 0
vertex 194.5481802749209 -88.70777141881673 0
vertex 173.27710208118916 -88.70777141881673 0
endloop
endfacet
facet normal 0 0 -1
outer loop
vertex 194.57010879534377 -88.58340858770606 0
vertex 173.27710208118916 -88.70777141881673 0
vertex 173.1255655330287 -88.58340858770606 0
endloop
endfacet
facet normal 0 0 -1
outer loop
vertex 171.86288851880906 -88.70777141881673 0
vertex 171.73852568769516 -88.85930796698602 0
vertex 73.69280229027251 -88.85930796698602 0
endloop
endfacet
facet normal 0 0 -1
outer loop
vertex 171.86288851880906 -88.70777141881673 0
vertex 73.69280229027251 -88.85930796698602 0
vertex 73.71952227256394 -88.70777141881673 0
endloop
endfacet
facet normal 0 0 -1
outer loop
vertex 194.5481802749209 -88.70777141881673 0
vertex 194.52146029547313 -88.85930796698602 0
vertex 173.4014649123071 -88.85930796698602 0
endloop
endfacet
facet normal 0 0 -1
outer loop
vertex 194.5481802749209 -88.70777141881673 0
vertex 173.4014649123071 -88.85930796698602 0
vertex 173.27710208118916 -88.70777141881673 0
endloop
endfacet
facet normal 0 0 -1
outer loop
vertex 171.73852568769516 -88.85930796698602 0
vertex 171.646115767492 -89.03219476763668 0
vertex 73.66231768238343 -89.03219476763668 0
endloop
endfacet
facet normal 0 0 -1
outer loop
vertex 171.73852568769516 -88.85930796698602 0
vertex 73.66231768238343 -89.03219476763668 0
vertex 73.69280229027251 -88.85930796698602 0
endloop
endfacet
facet normal 0 0 -1
outer loop
vertex 194.52146029547313 -88.85930796698602 0
vertex 194.49097569082835 -89.03219476763668 0
vertex 173.49387483251374 -89.03219476763668 0
endloop
endfacet
facet normal 0 0 -1
outer loop
vertex 194.52146029547313 -88.85930796698602 0
vertex 173.49387483251374 -89.03219476763668 0
vertex 173.4014649123071 -88.85930796698602 0
endloop
endfacet
facet normal 0 0 -1
outer loop
vertex 171.646115767492 -89.03219476763668 0
vertex 171.58921001959968 -89.21978787796832 0
vertex 73.6292399552832 -89.21978787796832 0
endloop
endfacet
facet normal 0 0 -1
outer loop
vertex 171.646115767492 -89.03219476763668 0
vertex 73.6292399552832 -89.21978787796832 0
vertex 73.66231768238343 -89.03219476763668 0
endloop
endfacet
facet normal 0 0 -1
outer loop
vertex 194.49097569082835 -89.03219476763668 0
vertex 194.45789796724839 -89.21978787796832 0
vertex 173.55078058040044 -89.21978787796832 0
endloop
endfacet
facet normal 0 0 -1
outer loop
vertex 194.49097569082835 -89.03219476763668 0
vertex 173.55078058040044 -89.21978787796832 0
vertex 173.49387483251374 -89.03219476763668 0
endloop
endfacet
facet normal 0 0 -1
outer loop
vertex 171.58921001959968 -89.21978787796832 0
vertex 171.5699952999975 -89.4148782000105 0
vertex 73.59484026746418 -89.4148782000105 0
endloop
endfacet
facet normal 0 0 -1
outer loop
vertex 171.58921001959968 -89.21978787796832 0
vertex 73.59484026746418 -89.4148782000105 0
vertex 73.6292399552832 -89.21978787796832 0
endloop
endfacet
facet normal 0 0 -1
outer loop
vertex 194.45789796724839 -89.21978787796832 0
vertex 194.4234982830903 -89.4148782000105 0
vertex 173.5699952999998 -89.4148782000105 0
endloop
endfacet
facet normal 0 0 -1
outer loop
vertex 194.45789796724839 -89.21978787796832 0
vertex 173.5699952999998 -89.4148782000105 0
vertex 173.55078058040044 -89.21978787796832 0
endloop
endfacet
facet normal 0 0 -1
outer loop
vertex 171.5699952999975 -89.4148782000105 0
vertex 171.58921001959627 -89.60996852201609 0
vertex 73.56044057965163 -89.60996852201609 0
endloop
endfacet
facet normal 0 0 -1
outer loop
vertex 171.5699952999975 -89.4148782000105 0
vertex 73.56044057965163 -89.60996852201609 0
vertex 73.59484026746418 -89.4148782000105 0
endloop
endfacet
facet normal 0 0 -1
outer loop
vertex 194.4234982830903 -89.4148782000105 0
vertex 194.38909859893872 -89.60996852201609 0
vertex 173.55078058040405 -89.60996852201609 0
endloop
endfacet
facet normal 0 0 -1
outer loop
vertex 194.4234982830903 -89.4148782000105 0
vertex 173.55078058040405 -89.60996852201609 0
vertex 173.5699952999998 -89.4148782000105 0
endloop
endfacet
facet normal 0 0 -1
outer loop
vertex 171.58921001959627 -89.60996852201609 0
vertex 171.64611576749553 -89.79756163238306 0
vertex 73.52736285254517 -89.79756163238306 0
endloop
endfacet
facet normal 0 0 -1
outer loop
vertex 171.58921001959627 -89.60996852201609 0
vertex 73.52736285254517 -89.79756163238306 0
vertex 73.56044057965163 -89.60996852201609 0
endloop
endfacet
facet normal 0 0 -1
outer loop
vertex 194.38909859893872 -89.60996852201609 0
vertex 194.35602087535253 -89.79756163238306 0
vertex 173.49387483251024 -89.79756163238306 0
endloop
endfacet
facet normal 0 0 -1
outer loop
vertex 194.38909859893872 -89.60996852201609 0
vertex 173.49387483251024 -89.79756163238306 0
vertex 173.55078058040405 -89.60996852201609 0
endloop
endfacet
facet normal 0 0 -1
outer loop
vertex 171.64611576749553 -89.79756163238306 0
vertex 171.7385256876945 -89.97044843301934 0
vertex 73.49687824465862 -89.97044843301934 0
endloop
endfacet
facet normal 0 0 -1
outer loop
vertex 171.64611576749553 -89.79756163238306 0
vertex 73.49687824465862 -89.97044843301934 0
vertex 73.52736285254517 -89.79756163238306 0
endloop
endfacet
facet normal 0 0 -1
outer loop
vertex 194.35602087535253 -89.79756163238306 0
vertex 194.32553627071027 -89.97044843301934 0
vertex 173.40146491230468 -89.97044843301934 0
endloop
endfacet
facet normal 0 0 -1
outer loop
vertex 194.35602087535253 -89.79756163238306 0
vertex 173.40146491230468 -89.97044843301934 0
vertex 173.49387483251024 -89.79756163238306 0
endloop
endfacet
facet normal 0 0 -1
outer loop
vertex 171.7385256876945 -89.97044843301934 0
vertex 171.86288851880786 -90.12198498118308 0
vertex 73.72855644559337 -90.12198498118308 0
endloop
endfacet
facet normal 0 0 -1
outer loop
vertex 171.7385256876945 -89.97044843301934 0
vertex 73.72855644559337 -90.12198498118308 0
vertex 73.47794992096804 -90.07779628989356 0
endloop
endfacet
facet normal 0 0 -1
outer loop
vertex 171.7385256876945 -89.97044843301934 0
vertex 73.47794992096804 -90.07779628989356 0
vertex 73.49687824465862 -89.97044843301934 0
endloop
endfacet
facet normal 0 0 -1
outer loop
vertex 194.32553627071027 -89.97044843301934 0
vertex 194.29881629126348 -90.12198498118308 0
vertex 173.2771020811844 -90.12198498118308 0
endloop
endfacet
facet normal 0 0 -1
outer loop
vertex 194.32553627071027 -89.97044843301934 0
vertex 173.2771020811844 -90.12198498118308 0
vertex 173.40146491230468 -89.97044843301934 0
endloop
endfacet
facet normal 0 0 -1
outer loop
vertex 171.86288851880786 -90.12198498118308 0
vertex 172.0144250669784 -90.246347812302 0
vertex 74.43385311742915 -90.246347812302 0
endloop
endfacet
facet normal 0 0 -1
outer loop
vertex 171.86288851880786 -90.12198498118308 0
vertex 74.43385311742915 -90.246347812302 0
vertex 73.72855644559337 -90.12198498118308 0
endloop
endfacet
facet normal 0 0 -1
outer loop
vertex 194.29881629126348 -90.12198498118308 0
vertex 194.27688777083915 -90.246347812302 0
vertex 173.1255655330192 -90.246347812302 0
endloop
endfacet
facet normal 0 0 -1
outer loop
vertex 194.29881629126348 -90.12198498118308 0
vertex 173.1255655330192 -90.246347812302 0
vertex 173.2771020811844 -90.12198498118308 0
endloop
endfacet
facet normal 0 0 -1
outer loop
vertex 172.0144250669784 -90.246347812302 0
vertex 172.18731186762125 -90.33875773250453 0
vertex 74.95793582427213 -90.33875773250453 0
endloop
endfacet
facet normal 0 0 -1
outer loop
vertex 172.0144250669784 -90.246347812302 0
vertex 74.95793582427213 -90.33875773250453 0
vertex 74.43385311742915 -90.246347812302 0
endloop
endfacet
facet normal 0 0 -1
outer loop
vertex 194.27688777083915 -90.246347812302 0
vertex 194.26059341018217 -90.33875773250453 0
vertex 172.95267873236708 -90.33875773250453 0
endloop
endfacet
facet normal 0 0 -1
outer loop
vertex 194.27688777083915 -90.246347812302 0
vertex 172.95267873236708 -90.33875773250453 0
vertex 173.1255655330192 -90.246347812302 0
endloop
endfacet
facet normal 0 0 -1
outer loop
vertex 172.18731186762125 -90.33875773250453 0
vertex 172.37490497799118 -90.39566348040282 0
vertex 75.28066436172892 -90.39566348040282 0
endloop
endfacet
facet normal 0 0 -1
outer loop
vertex 172.18731186762125 -90.33875773250453 0
vertex 75.28066436172892 -90.39566348040282 0
vertex 75.05364338036358 -90.35563355669356 0
endloop
endfacet
facet normal 0 0 -1
outer loop
vertex 172.18731186762125 -90.33875773250453 0
vertex 75.05364338036358 -90.35563355669356 0
vertex 74.95793582427213 -90.33875773250453 0
endloop
endfacet
facet normal 0 0 -1
outer loop
vertex 194.26059341018217 -90.33875773250453 0
vertex 194.2505593924309 -90.39566348040282 0
vertex 172.76508562200684 -90.39566348040282 0
endloop
endfacet
facet normal 0 0 -1
outer loop
vertex 194.26059341018217 -90.33875773250453 0
vertex 172.76508562200684 -90.39566348040282 0
vertex 172.95267873236708 -90.33875773250453 0
endloop
endfacet
facet normal 0 0 -1
outer loop
vertex 172.37490497799118 -90.39566348040282 0
vertex 172.56999530001139 -90.41487819999999 0
vertex 75.38963645298966 -90.41487819999999 0
endloop
endfacet
facet normal 0 0 -1
outer loop
vertex 172.37490497799118 -90.39566348040282 0
vertex 75.38963645298966 -90.41487819999999 0
vertex 75.28066436172892 -90.39566348040282 0
endloop
endfacet
facet normal 0 0 -1
outer loop
vertex 194.2505593924309 -90.39566348040282 0
vertex 194.2471713192635 -90.41487819999999 0
vertex 172.56999530001139 -90.41487819999999 0
endloop
endfacet
facet normal 0 0 -1
outer loop
vertex 194.2505593924309 -90.39566348040282 0
vertex 172.56999530001139 -90.41487819999999 0
vertex 172.76508562200684 -90.39566348040282 0
endloop
endfacet
facet normal 0 0 -1
outer loop
vertex 172.56999530001139 -90.41487819999999 0
vertex 194.2471713192635 -90.41487819999999 0
vertex 194.20873477421688 -90.63286269999935 0
endloop
endfacet
facet normal 0 0 -1
outer loop
vertex 172.56999530001139 -90.41487819999999 0
vertex 194.20873477421688 -90.63286269999935 0
vertex 76.62588799999982 -90.63286269999935 0
endloop
endfacet
facet normal 0 0 -1
outer loop
vertex 172.56999530001139 -90.41487819999999 0
vertex 76.62588799999982 -90.63286269999935 0
vertex 75.38963645298966 -90.41487819999999 0
endloop
endfacet
facet normal 0 0 -1
outer loop
vertex 194.20873477421688 -90.63286269999935 0
vertex 193.61886084691895 -93.97820430000004 0
vertex 94.41660829999937 -93.97820430000004 0
endloop
endfacet
facet normal 0 0 -1
outer loop
vertex 194.20873477421688 -90.63286269999935 0
vertex 94.41660829999937 -93.97820430000004 0
vertex 76.03601400650369 -93.97820430000004 0
endloop
endfacet
facet normal 0 0 -1
outer loop
vertex 194.20873477421688 -90.63286269999935 0
vertex 76.03601400650369 -93.97820430000004 0
vertex 76.62588799999982 -90.63286269999935 0
endloop
endfacet
facet normal 0 0 -1
outer loop
vertex 94.41660829999937 -93.97820430000004 0
vertex 94.2215179779857 -93.99741901959658 0
vertex 76.0326259329562 -93.99741901959658 0
endloop
endfacet
facet normal 0 0 -1
outer loop
vertex 94.41660829999937 -93.97820430000004 0
vertex 76.0326259329562 -93.99741901959658 0
vertex 76.03601400650369 -93.97820430000004 0
endloop
endfacet
facet normal 0 0 -1
outer loop
vertex 193.61886084691895 -93.97820430000004 0
vertex 193.61547277375166 -93.99741901959658 0
vertex 94.61169862201308 -93.99741901959658 0
endloop
endfacet
facet normal 0 0 -1
outer loop
vertex 193.61886084691895 -93.97820430000004 0
vertex 94.61169862201308 -93.99741901959658 0
vertex 94.41660829999937 -93.97820430000004 0
endloop
endfacet
facet normal 0 0 -1
outer loop
vertex 94.2215179779857 -93.99741901959658 0
vertex 94.03392486763 -94.05432476749004 0
vertex 76.02259191407967 -94.05432476749004 0
endloop
endfacet
facet normal 0 0 -1
outer loop
vertex 94.2215179779857 -93.99741901959658 0
vertex 76.02259191407967 -94.05432476749004 0
vertex 76.0326259329562 -93.99741901959658 0
endloop
endfacet
facet normal 0 0 -1
outer loop
vertex 193.61547277375166 -93.99741901959658 0
vertex 193.6054387560012 -94.05432476749004 0
vertex 94.79929173236712 -94.05432476749004 0
endloop
endfacet
facet normal 0 0 -1
outer loop
vertex 193.61547277375166 -93.99741901959658 0
vertex 94.79929173236712 -94.05432476749004 0
vertex 94.61169862201308 -93.99741901959658 0
endloop
endfacet
facet normal 0 0 -1
outer loop
vertex 94.03392486763 -94.05432476749004 0
vertex 93.86103806698655 -94.14673468769544 0
vertex 76.00629755159358 -94.14673468769544 0
endloop
endfacet
facet normal 0 0 -1
outer loop
vertex 94.03392486763 -94.05432476749004 0
vertex 76.00629755159358 -94.14673468769544 0
vertex 76.02259191407967 -94.05432476749004 0
endloop
endfacet
facet normal 0 0 -1
outer loop
vertex 193.6054387560012 -94.05432476749004 0
vertex 193.58914439534374 -94.14673468769544 0
vertex 94.97217853301538 -94.14673468769544 0
endloop
endfacet
facet normal 0 0 -1
outer loop
vertex 193.6054387560012 -94.05432476749004 0
vertex 94.97217853301538 -94.14673468769544 0
vertex 94.79929173236712 -94.05432476749004 0
endloop
endfacet
facet normal 0 0 -1
outer loop
vertex 93.86103806698655 -94.14673468769544 0
vertex 93.70950151880353 -94.27109751881945 0
vertex 75.98436902870743 -94.27109751881945 0
endloop
endfacet
facet normal 0 0 -1
outer loop
vertex 93.86103806698655 -94.14673468769544 0
vertex 75.98436902870743 -94.27109751881945 0
vertex 76.00629755159358 -94.14673468769544 0
endloop
endfacet
facet normal 0 0 -1
outer loop
vertex 193.58914439534374 -94.14673468769544 0
vertex 193.5672158749185 -94.27109751881945 0
vertex 95.12371508119209 -94.27109751881945 0
endloop
endfacet
facet normal 0 0 -1
outer loop
vertex 193.58914439534374 -94.14673468769544 0
vertex 95.12371508119209 -94.27109751881945 0
vertex 94.97217853301538 -94.14673468769544 0
endloop
endfacet
facet normal 0 0 -1
outer loop
vertex 93.70950151880353 -94.27109751881945 0
vertex 93.58513868770235 -94.42263406698 0
vertex 75.95764904626257 -94.42263406698 0
endloop
endfacet
facet normal 0 0 -1
outer loop
vertex 93.70950151880353 -94.27109751881945 0
vertex 75.95764904626257 -94.42263406698 0
vertex 75.98436902870743 -94.27109751881945 0
endloop
endfacet
facet normal 0 0 -1
outer loop
vertex 193.5672158749185 -94.27109751881945 0
vertex 193.54049589547228 -94.42263406698 0
vertex 95.24807791230283 -94.42263406698 0
endloop
endfacet
facet normal 0 0 -1
outer loop
vertex 193.5672158749185 -94.27109751881945 0
vertex 95.24807791230283 -94.42263406698 0
vertex 95.12371508119209 -94.27109751881945 0
endloop
endfacet
facet normal 0 0 -1
outer loop
vertex 93.58513868770235 -94.42263406698 0
vertex 93.49272876748583 -94.59552086763858 0
vertex 75.92716443819528 -94.59552086763858 0
endloop
endfacet
facet normal 0 0 -1
outer loop
vertex 93.58513868770235 -94.42263406698 0
vertex 75.92716443819528 -94.59552086763858 0
vertex 75.95764904626257 -94.42263406698 0
endloop
endfacet
facet normal 0 0 -1
outer loop
vertex 193.54049589547228 -94.42263406698 0
vertex 193.5100112908261 -94.59552086763858 0
vertex 95.34048783251376 -94.59552086763858 0
endloop
endfacet
facet normal 0 0 -1
outer loop
vertex 193.54049589547228 -94.42263406698 0
vertex 95.34048783251376 -94.59552086763858 0
vertex 95.24807791230283 -94.42263406698 0
endloop
endfacet
facet normal 0 0 -1
outer loop
vertex 93.49272876748583 -94.59552086763858 0
vertex 93.43582301959883 -94.78311397797665 0
vertex 75.89408671090206 -94.78311397797665 0
endloop
endfacet
facet normal 0 0 -1
outer loop
vertex 93.49272876748583 -94.59552086763858 0
vertex 75.89408671090206 -94.78311397797665 0
vertex 75.92716443819528 -94.59552086763858 0
endloop
endfacet
facet normal 0 0 -1
outer loop
vertex 193.5100112908261 -94.59552086763858 0
vertex 193.476933567245 -94.78311397797665 0
vertex 95.3973935804024 -94.78311397797665 0
endloop
endfacet
facet normal 0 0 -1
outer loop
vertex 193.5100112908261 -94.59552086763858 0
vertex 95.3973935804024 -94.78311397797665 0
vertex 95.34048783251376 -94.59552086763858 0
endloop
endfacet
facet normal 0 0 -1
outer loop
vertex 93.43582301959883 -94.78311397797665 0
vertex 93.41660829999931 -94.9782042999993 0
vertex 75.85968702288697 -94.9782042999993 0
endloop
endfacet
facet normal 0 0 -1
outer loop
vertex 93.43582301959883 -94.78311397797665 0
vertex 75.85968702288697 -94.9782042999993 0
vertex 75.89408671090206 -94.78311397797665 0
endloop
endfacet
facet normal 0 0 -1
outer loop
vertex 193.476933567245 -94.78311397797665 0
vertex 193.4425338830904 -94.9782042999993 0
vertex 95.41660829999981 -94.9782042999993 0
endloop
endfacet
facet normal 0 0 -1
outer loop
vertex 193.476933567245 -94.78311397797665 0
vertex 95.41660829999981 -94.9782042999993 0
vertex 95.3973935804024 -94.78311397797665 0
endloop
endfacet
facet normal 0 0 -1
outer loop
vertex 93.41660829999931 -94.9782042999993 0
vertex 93.43582301959718 -95.1732946220183 0
vertex 75.82528733487253 -95.1732946220183 0
endloop
endfacet
facet normal 0 0 -1
outer loop
vertex 93.41660829999931 -94.9782042999993 0
vertex 75.82528733487253 -95.1732946220183 0
vertex 75.85968702288697 -94.9782042999993 0
endloop
endfacet
facet normal 0 0 -1
outer loop
vertex 193.4425338830904 -94.9782042999993 0
vertex 193.4081341989364 -95.1732946220183 0
vertex 95.39739358040275 -95.1732946220183 0
endloop
endfacet
facet normal 0 0 -1
outer loop
vertex 193.4425338830904 -94.9782042999993 0
vertex 95.39739358040275 -95.1732946220183 0
vertex 95.41660829999981 -94.9782042999993 0
endloop
endfacet
facet normal 0 0 -1
outer loop
vertex 93.43582301959718 -95.1732946220183 0
vertex 93.49272876748807 -95.36088773236297 0
vertex 75.79220960757814 -95.36088773236297 0
endloop
endfacet
facet normal 0 0 -1
outer loop
vertex 93.43582301959718 -95.1732946220183 0
vertex 75.79220960757814 -95.36088773236297 0
vertex 75.82528733487253 -95.1732946220183 0
endloop
endfacet
facet normal 0 0 -1
outer loop
vertex 193.4081341989364 -95.1732946220183 0
vertex 193.37505647535417 -95.36088773236297 0
vertex 95.34048783250842 -95.36088773236297 0
endloop
endfacet
facet normal 0 0 -1
outer loop
vertex 193.4081341989364 -95.1732946220183 0
vertex 95.34048783250842 -95.36088773236297 0
vertex 95.39739358040275 -95.1732946220183 0
endloop
endfacet
facet normal 0 0 -1
outer loop
vertex 93.49272876748807 -95.36088773236297 0
vertex 93.58513868769771 -95.53377453301914 0
vertex 75.76172499951124 -95.53377453301914 0
endloop
endfacet
facet normal 0 0 -1
outer loop
vertex 93.49272876748807 -95.36088773236297 0
vertex 75.76172499951124 -95.53377453301914 0
vertex 75.79220960757814 -95.36088773236297 0
endloop
endfacet
facet normal 0 0 -1
outer loop
vertex 193.37505647535417 -95.36088773236297 0
vertex 193.3445718707084 -95.53377453301914 0
vertex 95.2480779123053 -95.53377453301914 0
endloop
endfacet
facet normal 0 0 -1
outer loop
vertex 193.37505647535417 -95.36088773236297 0
vertex 95.2480779123053 -95.53377453301914 0
vertex 95.34048783250842 -95.36088773236297 0
endloop
endfacet
facet normal 0 0 -1
outer loop
vertex 93.58513868769771 -95.53377453301914 0
vertex 93.70950151881789 -95.68531108119119 0
vertex 75.73500501706437 -95.68531108119119 0
endloop
endfacet
facet normal 0 0 -1
outer loop
vertex 93.58513868769771 -95.53377453301914 0
vertex 75.73500501706437 -95.68531108119119 0
vertex 75.76172499951124 -95.53377453301914 0
endloop
endfacet
facet normal 0 0 -1
outer loop
vertex 193.3445718707084 -95.53377453301914 0
vertex 193.31785189126015 -95.68531108119119 0
vertex 95.12371508118653 -95.68531108119119 0
endloop
endfacet
facet normal 0 0 -1
outer loop
vertex 193.3445718707084 -95.53377453301914 0
vertex 95.12371508118653 -95.68531108119119 0
vertex 95.2480779123053 -95.53377453301914 0
endloop
endfacet
facet normal 0 0 -1
outer loop
vertex 93.70950151881789 -95.68531108119119 0
vertex 93.86103806696994 -95.80967391229495 0
vertex 75.71307649418179 -95.80967391229495 0
endloop
endfacet
facet normal 0 0 -1
outer loop
vertex 93.70950151881789 -95.68531108119119 0
vertex 75.71307649418179 -95.80967391229495 0
vertex 75.73500501706437 -95.68531108119119 0
endloop
endfacet
facet normal 0 0 -1
outer loop
vertex 193.31785189126015 -95.68531108119119 0
vertex 193.29592337083847 -95.80967391229495 0
vertex 94.97217853302067 -95.80967391229495 0
endloop
endfacet
facet normal 0 0 -1
outer loop
vertex 193.31785189126015 -95.68531108119119 0
vertex 94.97217853302067 -95.80967391229495 0
vertex 95.12371508118653 -95.68531108119119 0
endloop
endfacet
facet normal 0 0 -1
outer loop
vertex 93.86103806696994 -95.80967391229495 0
vertex 94.03392486764156 -95.90208383251284 0
vertex 75.6967821316935 -95.90208383251284 0
endloop
endfacet
facet normal 0 0 -1
outer loop
vertex 93.86103806696994 -95.80967391229495 0
vertex 75.6967821316935 -95.90208383251284 0
vertex 75.71307649418179 -95.80967391229495 0
endloop
endfacet
facet normal 0 0 -1
outer loop
vertex 193.29592337083847 -95.80967391229495 0
vertex 193.2796290101788 -95.90208383251284 0
vertex 94.79929173236476 -95.90208383251284 0
endloop
endfacet
facet normal 0 0 -1
outer loop
vertex 193.29592337083847 -95.80967391229495 0
vertex 94.79929173236476 -95.90208383251284 0
vertex 94.97217853302067 -95.80967391229495 0
endloop
endfacet
facet normal 0 0 -1
outer loop
vertex 94.03392486764156 -95.90208383251284 0
vertex 94.22151797798661 -95.9589895804036 0
vertex 75.68674811281747 -95.9589895804036 0
endloop
endfacet
facet normal 0 0 -1
outer loop
vertex 94.03392486764156 -95.90208383251284 0
vertex 75.68674811281747 -95.9589895804036 0
vertex 75.6967821316935 -95.90208383251284 0
endloop
endfacet
facet normal 0 0 -1
outer loop
vertex 193.2796290101788 -95.90208383251284 0
vertex 193.26959499242884 -95.9589895804036 0
vertex 94.61169862201393 -95.9589895804036 0
endloop
endfacet
facet normal 0 0 -1
outer loop
vertex 193.2796290101788 -95.90208383251284 0
vertex 94.61169862201393 -95.9589895804036 0
vertex 94.79929173236476 -95.90208383251284 0
endloop
endfacet
facet normal 0 0 -1
outer loop
vertex 94.22151797798661 -95.9589895804036 0
vertex 94.41660830000014 -95.97820430000012 0
vertex 75.68336003926997 -95.97820430000012 0
endloop
endfacet
facet normal 0 0 -1
outer loop
vertex 94.22151797798661 -95.9589895804036 0
vertex 75.68336003926997 -95.97820430000012 0
vertex 75.68674811281747 -95.9589895804036 0
endloop
endfacet
facet normal 0 0 -1
outer loop
vertex 193.26959499242884 -95.9589895804036 0
vertex 193.26620691926155 -95.97820430000012 0
vertex 94.41660830000014 -95.97820430000012 0
endloop
endfacet
facet normal 0 0 -1
outer loop
vertex 193.26959499242884 -95.9589895804036 0
vertex 94.41660830000014 -95.97820430000012 0
vertex 94.61169862201393 -95.9589895804036 0
endloop
endfacet
facet normal 0 0 -1
outer loop
vertex 73.31716200756146 -100.20371113202027 0
vertex 74.88940619999975 -100.48094019999952 0
vertex 71.64359494580644 -100.48094019999952 0
endloop
endfacet
facet normal 0 0 -1
outer loop
vertex 73.31716200756146 -100.20371113202027 0
vertex 71.64359494580644 -100.48094019999952 0
vertex 71.74146813073605 -99.92587379161611 0
endloop
endfacet
facet normal 0 0 -1
outer loop
vertex 94.41660830000014 -95.97820430000012 0
vertex 193.26620691926155 -95.97820430000012 0
vertex 192.4722531690922 -100.48094019999952 0
endloop
endfacet
facet normal 0 0 -1
outer loop
vertex 94.41660830000014 -95.97820430000012 0
vertex 192.4722531690922 -100.48094019999952 0
vertex 74.88940619999975 -100.48094019999952 0
endloop
endfacet
facet normal 0 0 -1
outer loop
vertex 94.41660830000014 -95.97820430000012 0
vertex 74.88940619999975 -100.48094019999952 0
vertex 75.68336003926997 -95.97820430000012 0
endloop
endfacet
facet normal 0 0 -1
outer loop
vertex 74.88940619999975 -100.48094019999952 0
vertex 192.4722531690922 -100.48094019999952 0
vertex 192.28994443644444 -101.51486449999982 0
endloop
endfacet
facet normal 0 0 -1
outer loop
vertex 74.88940619999975 -100.48094019999952 0
vertex 192.28994443644444 -101.51486449999982 0
vertex 131.673903000007 -101.51486449999982 0
endloop
endfacet
facet normal 0 0 -1
outer loop
vertex 74.88940619999975 -100.48094019999952 0
vertex 131.673903000007 -101.51486449999982 0
vertex 71.46128619375662 -101.51486449999982 0
endloop
endfacet
facet normal 0 0 -1
outer loop
vertex 74.88940619999975 -100.48094019999952 0
vertex 71.46128619375662 -101.51486449999982 0
vertex 71.64359494580644 -100.48094019999952 0
endloop
endfacet
facet normal 0 0 -1
outer loop
vertex 131.673903000007 -101.51486449999982 0
vertex 131.47881267799386 -101.5340792195963 0
vertex 71.45789812022878 -101.5340792195963 0
endloop
endfacet
facet normal 0 0 -1
outer loop
vertex 131.673903000007 -101.51486449999982 0
vertex 71.45789812022878 -101.5340792195963 0
vertex 71.46128619375662 -101.51486449999982 0
endloop
endfacet
facet normal 0 0 -1
outer loop
vertex 192.28994443644444 -101.51486449999982 0
vertex 192.28655636327719 -101.5340792195963 0
vertex 131.86899332202006 -101.5340792195963 0
endloop
endfacet
facet normal 0 0 -1
outer loop
vertex 192.28994443644444 -101.51486449999982 0
vertex 131.86899332202006 -101.5340792195963 0
vertex 131.673903000007 -101.51486449999982 0
endloop
endfacet
facet normal 0 0 -1
outer loop
vertex 131.47881267799386 -101.5340792195963 0
vertex 131.29121956763666 -101.59098496748436 0
vertex 71.44786410141141 -101.59098496748436 0
endloop
endfacet
facet normal 0 0 -1
outer loop
vertex 131.47881267799386 -101.5340792195963 0
vertex 71.44786410141141 -101.59098496748436 0
vertex 71.45789812022878 -101.5340792195963 0
endloop
endfacet
facet normal 0 0 -1
outer loop
vertex 192.28655636327719 -101.5340792195963 0
vertex 192.2765223455277 -101.59098496748436 0
vertex 132.05658643235628 -101.59098496748436 0
endloop
endfacet
facet normal 0 0 -1
outer loop
vertex 192.28655636327719 -101.5340792195963 0
vertex 132.05658643235628 -101.59098496748436 0
vertex 131.86899332202006 -101.5340792195963 0
endloop
endfacet
facet normal 0 0 -1
outer loop
vertex 131.29121956763666 -101.59098496748436 0
vertex 131.11833276696507 -101.68339488770451 0
vertex 71.43156973901723 -101.68339488770451 0
endloop
endfacet
facet normal 0 0 -1
outer loop
vertex 131.29121956763666 -101.59098496748436 0
vertex 71.43156973901723 -101.68339488770451 0
vertex 71.44786410141141 -101.59098496748436 0
endloop
endfacet
facet normal 0 0 -1
outer loop
vertex 192.2765223455277 -101.59098496748436 0
vertex 192.2602279848676 -101.68339488770451 0
vertex 132.2294732330321 -101.68339488770451 0
endloop
endfacet
facet normal 0 0 -1
outer loop
vertex 192.2765223455277 -101.59098496748436 0
vertex 132.2294732330321 -101.68339488770451 0
vertex 132.05658643235628 -101.59098496748436 0
endloop
endfacet
facet normal 0 0 -1
outer loop
vertex 131.11833276696507 -101.68339488770451 0
vertex 130.9667962188171 -101.80775771881781 0
vertex 71.40964121626016 -101.80775771881781 0
endloop
endfacet
facet normal 0 0 -1
outer loop
vertex 131.11833276696507 -101.68339488770451 0
vertex 71.40964121626016 -101.80775771881781 0
vertex 71.43156973901723 -101.68339488770451 0
endloop
endfacet
facet normal 0 0 -1
outer loop
vertex 192.2602279848676 -101.68339488770451 0
vertex 192.23829946444425 -101.80775771881781 0
vertex 132.3810097811958 -101.80775771881781 0
endloop
endfacet
facet normal 0 0 -1
outer loop
vertex 192.2602279848676 -101.68339488770451 0
vertex 132.3810097811958 -101.80775771881781 0
vertex 132.2294732330321 -101.68339488770451 0
endloop
endfacet
facet normal 0 0 -1
outer loop
vertex 130.9667962188171 -101.80775771881781 0
vertex 130.84243338771358 -101.95929426696604 0
vertex 71.75602773188986 -101.95929426696604 0
endloop
endfacet
facet normal 0 0 -1
outer loop
vertex 130.9667962188171 -101.80775771881781 0
vertex 71.75602773188986 -101.95929426696604 0
vertex 71.39417177148351 -101.89548929880098 0
endloop
endfacet
facet normal 0 0 -1
outer loop
vertex 130.9667962188171 -101.80775771881781 0
vertex 71.39417177148351 -101.89548929880098 0
vertex 71.40964121626016 -101.80775771881781 0
endloop
endfacet
facet normal 0 0 -1
outer loop
vertex 192.23829946444425 -101.80775771881781 0
vertex 192.21157948500021 -101.95929426696604 0
vertex 132.50537261229644 -101.95929426696604 0
endloop
endfacet
facet normal 0 0 -1
outer loop
vertex 192.23829946444425 -101.80775771881781 0
vertex 132.50537261229644 -101.95929426696604 0
vertex 132.3810097811958 -101.80775771881781 0
endloop
endfacet
facet normal 0 0 -1
outer loop
vertex 130.84243338771358 -101.95929426696604 0
vertex 130.75002346748406 -102.13218106762811 0
vertex 72.73651751339621 -102.13218106762811 0
endloop
endfacet
facet normal 0 0 -1
outer loop
vertex 130.84243338771358 -101.95929426696604 0
vertex 72.73651751339621 -102.13218106762811 0
vertex 71.75602773188986 -101.95929426696604 0
endloop
endfacet
facet normal 0 0 -1
outer loop
vertex 192.21157948500021 -101.95929426696604 0
vertex 192.1810948803534 -102.13218106762811 0
vertex 132.5977825325092 -102.13218106762811 0
endloop
endfacet
facet normal 0 0 -1
outer loop
vertex 192.21157948500021 -101.95929426696604 0
vertex 132.5977825325092 -102.13218106762811 0
vertex 132.50537261229644 -101.95929426696604 0
endloop
endfacet
facet normal 0 0 -1
outer loop
vertex 130.75002346748406 -102.13218106762811 0
vertex 130.69311771959468 -102.31977417798367 0
vertex 73.80041092272668 -102.31977417798367 0
endloop
endfacet
facet normal 0 0 -1
outer loop
vertex 130.75002346748406 -102.13218106762811 0
vertex 73.80041092272668 -102.31977417798367 0
vertex 72.9698657317949 -102.17332665392597 0
endloop
endfacet
facet normal 0 0 -1
outer loop
vertex 130.75002346748406 -102.13218106762811 0
vertex 72.9698657317949 -102.17332665392597 0
vertex 72.73651751339621 -102.13218106762811 0
endloop
endfacet
facet normal 0 0 -1
outer loop
vertex 192.1810948803534 -102.13218106762811 0
vertex 192.14801715676924 -102.31977417798367 0
vertex 132.65468828040315 -102.31977417798367 0
endloop
endfacet
facet normal 0 0 -1
outer loop
vertex 192.1810948803534 -102.13218106762811 0
vertex 132.65468828040315 -102.31977417798367 0
vertex 132.5977825325092 -102.13218106762811 0
endloop
endfacet
facet normal 0 0 -1
outer loop
vertex 130.69311771959468 -102.31977417798367 0
vertex 130.68023686395924 -102.45055569999948 0
vertex 74.54210979999951 -102.45055569999948 0
endloop
endfacet
facet normal 0 0 -1
outer loop
vertex 130.69311771959468 -102.31977417798367 0
vertex 74.54210979999951 -102.45055569999948 0
vertex 73.80041092272668 -102.31977417798367 0
endloop
endfacet
facet normal 0 0 -1
outer loop
vertex 130.68023686395924 -102.45055569999948 0
vertex 130.67390299999943 -102.5148645000008 0
vertex 74.53077042414594 -102.5148645000008 0
endloop
endfacet
facet normal 0 0 -1
outer loop
vertex 130.68023686395924 -102.45055569999948 0
vertex 74.53077042414594 -102.5148645000008 0
vertex 74.54210979999951 -102.45055569999948 0
endloop
endfacet
facet normal 0 0 -1
outer loop
vertex 192.14801715676924 -102.31977417798367 0
vertex 192.1136174726156 -102.5148645000008 0
vertex 132.673903 -102.5148645000008 0
endloop
endfacet
facet normal 0 0 -1
outer loop
vertex 192.14801715676924 -102.31977417798367 0
vertex 132.673903 -102.5148645000008 0
vertex 132.65468828040315 -102.31977417798367 0
endloop
endfacet
facet normal 0 0 -1
outer loop
vertex 130.67390299999943 -102.5148645000008 0
vertex 130.69311771959704 -102.70995482201884 0
vertex 74.49637073877297 -102.70995482201884 0
endloop
endfacet
facet normal 0 0 -1
outer loop
vertex 130.67390299999943 -102.5148645000008 0
vertex 74.49637073877297 -102.70995482201884 0
vertex 74.53077042414594 -102.5148645000008 0
endloop
endfacet
facet normal 0 0 -1
outer loop
vertex 192.1136174726156 -102.5148645000008 0
vertex 192.0792177884618 -102.70995482201884 0
vertex 132.65468828040306 -102.70995482201884 0
endloop
endfacet
facet normal 0 0 -1
outer loop
vertex 192.1136174726156 -102.5148645000008 0
vertex 132.65468828040306 -102.70995482201884 0
vertex 132.673903 -102.5148645000008 0
endloop
endfacet
facet normal 0 0 -1
outer loop
vertex 130.69311771959704 -102.70995482201884 0
vertex 130.75002346749142 -102.89754793237407 0
vertex 74.46329301401657 -102.89754793237407 0
endloop
endfacet
facet normal 0 0 -1
outer loop
vertex 130.69311771959704 -102.70995482201884 0
vertex 74.46329301401657 -102.89754793237407 0
vertex 74.49637073877297 -102.70995482201884 0
endloop
endfacet
facet normal 0 0 -1
outer loop
vertex 192.0792177884618 -102.70995482201884 0
vertex 192.04614006487768 -102.89754793237407 0
vertex 132.59778253251324 -102.89754793237407 0
endloop
endfacet
facet normal 0 0 -1
outer loop
vertex 192.0792177884618 -102.70995482201884 0
vertex 132.59778253251324 -102.89754793237407 0
vertex 132.65468828040306 -102.70995482201884 0
endloop
endfacet
facet normal 0 0 -1
outer loop
vertex 130.75002346749142 -102.89754793237407 0
vertex 130.8424333876895 -103.0704347330087 0
vertex 74.43280840829422 -103.0704347330087 0
endloop
endfacet
facet normal 0 0 -1
outer loop
vertex 130.75002346749142 -102.89754793237407 0
vertex 74.43280840829422 -103.0704347330087 0
vertex 74.46329301401657 -102.89754793237407 0
endloop
endfacet
facet normal 0 0 -1
outer loop
vertex 192.04614006487768 -102.89754793237407 0
vertex 192.0156554602357 -103.0704347330087 0
vertex 132.5053726123029 -103.0704347330087 0
endloop
endfacet
facet normal 0 0 -1
outer loop
vertex 192.04614006487768 -102.89754793237407 0
vertex 132.5053726123029 -103.0704347330087 0
vertex 132.59778253251324 -102.89754793237407 0
endloop
endfacet
facet normal 0 0 -1
outer loop
vertex 130.8424333876895 -103.0704347330087 0
vertex 130.9667962188189 -103.22197128119194 0
vertex 74.40608842789702 -103.22197128119194 0
endloop
endfacet
facet normal 0 0 -1
outer loop
vertex 130.8424333876895 -103.0704347330087 0
vertex 74.40608842789702 -103.22197128119194 0
vertex 74.43280840829422 -103.0704347330087 0
endloop
endfacet
facet normal 0 0 -1
outer loop
vertex 192.0156554602357 -103.0704347330087 0
vertex 191.98893548078547 -103.22197128119194 0
vertex 132.3810097811872 -103.22197128119194 0
endloop
endfacet
facet normal 0 0 -1
outer loop
vertex 192.0156554602357 -103.0704347330087 0
vertex 132.3810097811872 -103.22197128119194 0
vertex 132.5053726123029 -103.0704347330087 0
endloop
endfacet
facet normal 0 0 -1
outer loop
vertex 130.9667962188189 -103.22197128119194 0
vertex 131.1183327669723 -103.3463341122968 0
vertex 74.384159906698 -103.3463341122968 0
endloop
endfacet
facet normal 0 0 -1
outer loop
vertex 130.9667962188189 -103.22197128119194 0
vertex 74.384159906698 -103.3463341122968 0
vertex 74.40608842789702 -103.22197128119194 0
endloop
endfacet
facet normal 0 0 -1
outer loop
vertex 191.98893548078547 -103.22197128119194 0
vertex 191.96700696036362 -103.3463341122968 0
vertex 132.22947323301622 -103.3463341122968 0
endloop
endfacet
facet normal 0 0 -1
outer loop
vertex 191.98893548078547 -103.22197128119194 0
vertex 132.22947323301622 -103.3463341122968 0
vertex 132.3810097811872 -103.22197128119194 0
endloop
endfacet
facet normal 0 0 -1
outer loop
vertex 131.1183327669723 -103.3463341122968 0
vertex 131.2912195676393 -103.43874403251223 0
vertex 74.36786554546127 -103.43874403251223 0
endloop
endfacet
facet normal 0 0 -1
outer loop
vertex 131.1183327669723 -103.3463341122968 0
vertex 74.36786554546127 -103.43874403251223 0
vertex 74.384159906698 -103.3463341122968 0
endloop
endfacet
facet normal 0 0 -1
outer loop
vertex 191.96700696036362 -103.3463341122968 0
vertex 191.9507125997044 -103.43874403251223 0
vertex 132.05658643236424 -103.43874403251223 0
endloop
endfacet
facet normal 0 0 -1
outer loop
vertex 191.96700696036362 -103.3463341122968 0
vertex 132.05658643236424 -103.43874403251223 0
vertex 132.22947323301622 -103.3463341122968 0
endloop
endfacet
facet normal 0 0 -1
outer loop
vertex 131.2912195676393 -103.43874403251223 0
vertex 131.47881267798132 -103.49564978040206 0
vertex 74.35783152735584 -103.49564978040206 0
endloop
endfacet
facet normal 0 0 -1
outer loop
vertex 131.2912195676393 -103.43874403251223 0
vertex 74.35783152735584 -103.49564978040206 0
vertex 74.36786554546127 -103.43874403251223 0
endloop
endfacet
facet normal 0 0 -1
outer loop
vertex 191.9507125997044 -103.43874403251223 0
vertex 191.94067858195456 -103.49564978040206 0
vertex 131.86899332201654 -103.49564978040206 0
endloop
endfacet
facet normal 0 0 -1
outer loop
vertex 191.9507125997044 -103.43874403251223 0
vertex 131.86899332201654 -103.49564978040206 0
vertex 132.05658643236424 -103.43874403251223 0
endloop
endfacet
facet normal 0 0 -1
outer loop
vertex 131.47881267798132 -103.49564978040206 0
vertex 131.67390300000903 -103.51486449999997 0
vertex 74.35444345406825 -103.51486449999997 0
endloop
endfacet
facet normal 0 0 -1
outer loop
vertex 131.47881267798132 -103.49564978040206 0
vertex 74.35444345406825 -103.51486449999997 0
vertex 74.35783152735584 -103.49564978040206 0
endloop
endfacet
facet normal 0 0 -1
outer loop
vertex 191.94067858195456 -103.49564978040206 0
vertex 191.93729050878704 -103.51486449999997 0
vertex 131.67390300000903 -103.51486449999997 0
endloop
endfacet
facet normal 0 0 -1
outer loop
vertex 191.94067858195456 -103.49564978040206 0
vertex 131.67390300000903 -103.51486449999997 0
vertex 131.86899332201654 -103.49564978040206 0
endloop
endfacet
facet normal 0 0 -1
outer loop
vertex 71.92797691052601 -108.08217318544105 0
vertex 73.50022079999945 -108.35940219999944 0
vertex 70.25440951386385 -108.35940219999944 0
endloop
endfacet
facet normal 0 0 -1
outer loop
vertex 71.92797691052601 -108.08217318544105 0
vertex 70.25440951386385 -108.35940219999944 0
vertex 70.35228269975664 -107.80433578615357 0
endloop
endfacet
facet normal 0 0 -1
outer loop
vertex 131.67390300000903 -103.51486449999997 0
vertex 191.93729050878704 -103.51486449999997 0
vertex 191.08306788499252 -108.35940219999944 0
endloop
endfacet
facet normal 0 0 -1
outer loop
vertex 131.67390300000903 -103.51486449999997 0
vertex 191.08306788499252 -108.35940219999944 0
vertex 73.50022079999945 -108.35940219999944 0
endloop
endfacet
facet normal 0 0 -1
outer loop
vertex 131.67390300000903 -103.51486449999997 0
vertex 73.50022079999945 -108.35940219999944 0
vertex 74.35444345406825 -103.51486449999997 0
endloop
endfacet
facet normal 0 0 -1
outer loop
vertex 73.50022079999945 -108.35940219999944 0
vertex 191.08306788499252 -108.35940219999944 0
vertex 188.98766440472903 -120.24302700000027 0
endloop
endfacet
facet normal 0 0 -1
outer loop
vertex 73.50022079999945 -108.35940219999944 0
vertex 188.98766440472903 -120.24302700000027 0
vertex 89.78541139999743 -120.24302700000027 0
endloop
endfacet
facet normal 0 0 -1
outer loop
vertex 73.50022079999945 -108.35940219999944 0
vertex 89.78541139999743 -120.24302700000027 0
vertex 68.15900581059883 -120.24302700000027 0
endloop
endfacet
facet normal 0 0 -1
outer loop
vertex 73.50022079999945 -108.35940219999944 0
vertex 68.15900581059883 -120.24302700000027 0
vertex 70.25440951386385 -108.35940219999944 0
endloop
endfacet
facet normal 0 0 -1
outer loop
vertex 89.78541139999743 -120.24302700000027 0
vertex 89.59032107798606 -120.26224171959657 0
vertex 68.15561773707101 -120.26224171959657 0
endloop
endfacet
facet normal 0 0 -1
outer loop
vertex 89.78541139999743 -120.24302700000027 0
vertex 68.15561773707101 -120.26224171959657 0
vertex 68.15900581059883 -120.24302700000027 0
endloop
endfacet
facet normal 0 0 -1
outer loop
vertex 188.98766440472903 -120.24302700000027 0
vertex 188.9842763315618 -120.26224171959657 0
vertex 89.98050172200882 -120.26224171959657 0
endloop
endfacet
facet normal 0 0 -1
outer loop
vertex 188.98766440472903 -120.24302700000027 0
vertex 89.98050172200882 -120.26224171959657 0
vertex 89.78541139999743 -120.24302700000027 0
endloop
endfacet
facet normal 0 0 -1
outer loop
vertex 89.59032107798606 -120.26224171959657 0
vertex 89.40272796760853 -120.31914746749612 0
vertex 68.14558371825163 -120.31914746749612 0
endloop
endfacet
facet normal 0 0 -1
outer loop
vertex 89.59032107798606 -120.26224171959657 0
vertex 68.14558371825163 -120.31914746749612 0
vertex 68.15561773707101 -120.26224171959657 0
endloop
endfacet
facet normal 0 0 -1
outer loop
vertex 188.9842763315618 -120.26224171959657 0
vertex 188.97424231381027 -120.31914746749612 0
vertex 90.1680948323829 -120.31914746749612 0
endloop
endfacet
facet normal 0 0 -1
outer loop
vertex 188.9842763315618 -120.26224171959657 0
vertex 90.1680948323829 -120.31914746749612 0
vertex 89.98050172200882 -120.26224171959657 0
endloop
endfacet
facet normal 0 0 -1
outer loop
vertex 89.40272796760853 -120.31914746749612 0
vertex 89.2298411670074 -120.41155738768991 0
vertex 68.12928935586208 -120.41155738768991 0
endloop
endfacet
facet normal 0 0 -1
outer loop
vertex 89.40272796760853 -120.31914746749612 0
vertex 68.12928935586208 -120.41155738768991 0
vertex 68.14558371825163 -120.31914746749612 0
endloop
endfacet
facet normal 0 0 -1
outer loop
vertex 188.97424231381027 -120.31914746749612 0
vertex 188.95794795315484 -120.41155738768991 0
vertex 90.34098163300943 -120.41155738768991 0
endloop
endfacet
facet normal 0 0 -1
outer loop
vertex 188.97424231381027 -120.31914746749612 0
vertex 90.34098163300943 -120.41155738768991 0
vertex 90.1680948323829 -120.31914746749612 0
endloop
endfacet
facet normal 0 0 -1
outer loop
vertex 89.2298411670074 -120.41155738768991 0
vertex 89.0783046188002 -120.53592021881813 0
vertex 68.10736083310239 -120.53592021881813 0
endloop
endfacet
facet normal 0 0 -1
outer loop
vertex 89.2298411670074 -120.41155738768991 0
vertex 68.10736083310239 -120.53592021881813 0
vertex 68.12928935586208 -120.41155738768991 0
endloop
endfacet
facet normal 0 0 -1
outer loop
vertex 188.95794795315484 -120.41155738768991 0
vertex 188.93601943272887 -120.53592021881813 0
vertex 90.49251818119129 -120.53592021881813 0
endloop
endfacet
facet normal 0 0 -1
outer loop
vertex 188.95794795315484 -120.41155738768991 0
vertex 90.49251818119129 -120.53592021881813 0
vertex 90.34098163300943 -120.41155738768991 0
endloop
endfacet
facet normal 0 0 -1
outer loop
vertex 89.0783046188002 -120.53592021881813 0
vertex 88.95394178770195 -120.68745676697858 0
vertex 68.08064085081253 -120.68745676697858 0
endloop
endfacet
facet normal 0 0 -1
outer loop
vertex 89.0783046188002 -120.53592021881813 0
vertex 68.08064085081253 -120.68745676697858 0
vertex 68.10736083310239 -120.53592021881813 0
endloop
endfacet
facet normal 0 0 -1
outer loop
vertex 188.93601943272887 -120.53592021881813 0
vertex 188.90929945328264 -120.68745676697858 0
vertex 90.61688101230195 -120.68745676697858 0
endloop
endfacet
facet normal 0 0 -1
outer loop
vertex 188.93601943272887 -120.53592021881813 0
vertex 90.61688101230195 -120.68745676697858 0
vertex 90.49251818119129 -120.53592021881813 0
endloop
endfacet
facet normal 0 0 -1
outer loop
vertex 88.95394178770195 -120.68745676697858 0
vertex 88.86153186749827 -120.86034356762238 0
vertex 68.05015624292464 -120.86034356762238 0
endloop
endfacet
facet normal 0 0 -1
outer loop
vertex 88.95394178770195 -120.68745676697858 0
vertex 68.05015624292464 -120.86034356762238 0
vertex 68.08064085081253 -120.68745676697858 0
endloop
endfacet
facet normal 0 0 -1
outer loop
vertex 188.90929945328264 -120.68745676697858 0
vertex 188.87881484863908 -120.86034356762238 0
vertex 90.70929093250496 -120.86034356762238 0
endloop
endfacet
facet normal 0 0 -1
outer loop
vertex 188.90929945328264 -120.68745676697858 0
vertex 90.70929093250496 -120.86034356762238 0
vertex 90.61688101230195 -120.68745676697858 0
endloop
endfacet
facet normal 0 0 -1
outer loop
vertex 88.86153186749827 -120.86034356762238 0
vertex 88.80462611958666 -121.04793667799639 0
vertex 68.01707851581695 -121.04793667799639 0
endloop
endfacet
facet normal 0 0 -1
outer loop
vertex 88.86153186749827 -120.86034356762238 0
vertex 68.01707851581695 -121.04793667799639 0
vertex 68.05015624292464 -120.86034356762238 0
endloop
endfacet
facet normal 0 0 -1
outer loop
vertex 188.87881484863908 -120.86034356762238 0
vertex 188.84573712505164 -121.04793667799639 0
vertex 90.76619668040449 -121.04793667799639 0
endloop
endfacet
facet normal 0 0 -1
outer loop
vertex 188.87881484863908 -120.86034356762238 0
vertex 90.76619668040449 -121.04793667799639 0
vertex 90.70929093250496 -120.86034356762238 0
endloop
endfacet
facet normal 0 0 -1
outer loop
vertex 88.80462611958666 -121.04793667799639 0
vertex 88.78541140000145 -121.24302700000021 0
vertex 67.9826788280047 -121.24302700000021 0
endloop
endfacet
facet normal 0 0 -1
outer loop
vertex 88.80462611958666 -121.04793667799639 0
vertex 67.9826788280047 -121.24302700000021 0
vertex 68.01707851581695 -121.04793667799639 0
endloop
endfacet
facet normal 0 0 -1
outer loop
vertex 188.84573712505164 -121.04793667799639 0
vertex 188.81133744090036 -121.24302700000021 0
vertex 90.78541140000006 -121.24302700000021 0
endloop
endfacet
facet normal 0 0 -1
outer loop
vertex 188.84573712505164 -121.04793667799639 0
vertex 90.78541140000006 -121.24302700000021 0
vertex 90.76619668040449 -121.04793667799639 0
endloop
endfacet
facet normal 0 0 -1
outer loop
vertex 88.78541140000145 -121.24302700000021 0
vertex 88.80462611959635 -121.43811732201226 0
vertex 67.94827914019099 -121.43811732201226 0
endloop
endfacet
facet normal 0 0 -1
outer loop
vertex 88.78541140000145 -121.24302700000021 0
vertex 67.94827914019099 -121.43811732201226 0
vertex 67.9826788280047 -121.24302700000021 0
endloop
endfacet
facet normal 0 0 -1
outer loop
vertex 188.81133744090036 -121.24302700000021 0
vertex 188.7769377567476 -121.43811732201226 0
vertex 90.7661966804037 -121.43811732201226 0
endloop
endfacet
facet normal 0 0 -1
outer loop
vertex 188.81133744090036 -121.24302700000021 0
vertex 90.7661966804037 -121.43811732201226 0
vertex 90.78541140000006 -121.24302700000021 0
endloop
endfacet
facet normal 0 0 -1
outer loop
vertex 88.80462611959635 -121.43811732201226 0
vertex 88.8615318674903 -121.625710432368 0
vertex 67.91520141308652 -121.625710432368 0
endloop
endfacet
facet normal 0 0 -1
outer loop
vertex 88.80462611959635 -121.43811732201226 0
vertex 67.91520141308652 -121.625710432368 0
vertex 67.94827914019099 -121.43811732201226 0
endloop
endfacet
facet normal 0 0 -1
outer loop
vertex 188.7769377567476 -121.43811732201226 0
vertex 188.7438600331634 -121.625710432368 0
vertex 90.70929093250912 -121.625710432368 0
endloop
endfacet
facet normal 0 0 -1
outer loop
vertex 188.7769377567476 -121.43811732201226 0
vertex 90.70929093250912 -121.625710432368 0
vertex 90.7661966804037 -121.43811732201226 0
endloop
endfacet
facet normal 0 0 -1
outer loop
vertex 88.8615318674903 -121.625710432368 0
vertex 88.95394178769993 -121.79859723302417 0
vertex 67.88471680519646 -121.79859723302417 0
endloop
endfacet
facet normal 0 0 -1
outer loop
vertex 88.8615318674903 -121.625710432368 0
vertex 67.88471680519646 -121.79859723302417 0
vertex 67.91520141308652 -121.625710432368 0
endloop
endfacet
facet normal 0 0 -1
outer loop
vertex 188.7438600331634 -121.625710432368 0
vertex 188.71337542851765 -121.79859723302417 0
vertex 90.6168810123035 -121.79859723302417 0
endloop
endfacet
facet normal 0 0 -1
outer loop
vertex 188.7438600331634 -121.625710432368 0
vertex 90.6168810123035 -121.79859723302417 0
vertex 90.70929093250912 -121.625710432368 0
endloop
endfacet
facet normal 0 0 -1
outer loop
vertex 88.95394178769993 -121.79859723302417 0
vertex 89.07830461881173 -121.950133781186 0
vertex 67.85799682290636 -121.950133781186 0
endloop
endfacet
facet normal 0 0 -1
outer loop
vertex 88.95394178769993 -121.79859723302417 0
vertex 67.85799682290636 -121.950133781186 0
vertex 67.88471680519646 -121.79859723302417 0
endloop
endfacet
facet normal 0 0 -1
outer loop
vertex 188.71337542851765 -121.79859723302417 0
vertex 188.6866554490712 -121.950133781186 0
vertex 90.49251818118583 -121.950133781186 0
endloop
endfacet
facet normal 0 0 -1
outer loop
vertex 188.71337542851765 -121.79859723302417 0
vertex 90.49251818118583 -121.950133781186 0
vertex 90.6168810123035 -121.79859723302417 0
endloop
endfacet
facet normal 0 0 -1
outer loop
vertex 89.07830461881173 -121.950133781186 0
vertex 89.22984116698397 -122.07449661230635 0
vertex 67.83606830014804 -122.07449661230635 0
endloop
endfacet
facet normal 0 0 -1
outer loop
vertex 89.07830461881173 -121.950133781186 0
vertex 67.83606830014804 -122.07449661230635 0
vertex 67.85799682290636 -121.950133781186 0
endloop
endfacet
facet normal 0 0 -1
outer loop
vertex 188.6866554490712 -121.950133781186 0
vertex 188.6647269286466 -122.07449661230635 0
vertex 90.34098163302042 -122.07449661230635 0
endloop
endfacet
facet normal 0 0 -1
outer loop
vertex 188.6866554490712 -121.950133781186 0
vertex 90.34098163302042 -122.07449661230635 0
vertex 90.49251818118583 -121.950133781186 0
endloop
endfacet
facet normal 0 0 -1
outer loop
vertex 89.22984116698397 -122.07449661230635 0
vertex 89.4027279676237 -122.1669065325072 0
vertex 67.81977393775726 -122.1669065325072 0
endloop
endfacet
facet normal 0 0 -1
outer loop
vertex 89.22984116698397 -122.07449661230635 0
vertex 67.81977393775726 -122.1669065325072 0
vertex 67.83606830014804 -122.07449661230635 0
endloop
endfacet
facet normal 0 0 -1
outer loop
vertex 188.6647269286466 -122.07449661230635 0
vertex 188.64843256798991 -122.1669065325072 0
vertex 90.16809483236872 -122.1669065325072 0
endloop
endfacet
facet normal 0 0 -1
outer loop
vertex 188.6647269286466 -122.07449661230635 0
vertex 90.16809483236872 -122.1669065325072 0
vertex 90.34098163302042 -122.07449661230635 0
endloop
endfacet
facet normal 0 0 -1
outer loop
vertex 89.4027279676237 -122.1669065325072 0
vertex 89.59032107798775 -122.2238122804037 0
vertex 67.8097399189384 -122.2238122804037 0
endloop
endfacet
facet normal 0 0 -1
outer loop
vertex 89.4027279676237 -122.1669065325072 0
vertex 67.8097399189384 -122.2238122804037 0
vertex 67.81977393775726 -122.1669065325072 0
endloop
endfacet
facet normal 0 0 -1
outer loop
vertex 188.64843256798991 -122.1669065325072 0
vertex 188.63839855023895 -122.2238122804037 0
vertex 89.98050172200747 -122.2238122804037 0
endloop
endfacet
facet normal 0 0 -1
outer loop
vertex 188.64843256798991 -122.1669065325072 0
vertex 89.98050172200747 -122.2238122804037 0
vertex 90.16809483236872 -122.1669065325072 0
endloop
endfacet
facet normal 0 0 -1
outer loop
vertex 89.59032107798775 -122.2238122804037 0
vertex 89.78541140000318 -122.24302700000041 0
vertex 67.80635184541052 -122.24302700000041 0
endloop
endfacet
facet normal 0 0 -1
outer loop
vertex 89.59032107798775 -122.2238122804037 0
vertex 67.80635184541052 -122.24302700000041 0
vertex 67.8097399189384 -122.2238122804037 0
endloop
endfacet
facet normal 0 0 -1
outer loop
vertex 188.63839855023895 -122.2238122804037 0
vertex 188.63501047707163 -122.24302700000041 0
vertex 89.78541140000318 -122.24302700000041 0
endloop
endfacet
facet normal 0 0 -1
outer loop
vertex 188.63839855023895 -122.2238122804037 0
vertex 89.78541140000318 -122.24302700000041 0
vertex 89.98050172200747 -122.2238122804037 0
endloop
endfacet
facet normal 0 0 -1
outer loop
vertex 89.78541140000318 -122.24302700000041 0
vertex 188.63501047707163 -122.24302700000041 0
vertex 187.698552179463 -127.55394642647242 0
endloop
endfacet
facet normal 0 0 -1
outer loop
vertex 89.78541140000318 -122.24302700000041 0
vertex 187.698552179463 -127.55394642647242 0
vertex 133.1390256722025 -127.55394642647242 0
endloop
endfacet
facet normal 0 0 -1
outer loop
vertex 89.78541140000318 -122.24302700000041 0
vertex 133.1390256722025 -127.55394642647242 0
vertex 78.43225034515694 -127.55394642647242 0
endloop
endfacet
facet normal 0 0 -1
outer loop
vertex 89.78541140000318 -122.24302700000041 0
vertex 78.43225034515694 -127.55394642647242 0
vertex 69.18815639999983 -125.92396529999996 0
endloop
endfacet
facet normal 0 0 -1
outer loop
vertex 89.78541140000318 -122.24302700000041 0
vertex 69.18815639999983 -125.92396529999996 0
vertex 68.8843172014312 -125.84538930756298 0
endloop
endfacet
facet normal 0 0 -1
outer loop
vertex 89.78541140000318 -122.24302700000041 0
vertex 68.8843172014312 -125.84538930756298 0
vertex 68.59650941401745 -125.7202470452558 0
endloop
endfacet
facet normal 0 0 -1
outer loop
vertex 89.78541140000318 -122.24302700000041 0
vertex 68.59650941401745 -125.7202470452558 0
vertex 68.3318216662147 -125.55162230070579 0
endloop
endfacet
facet normal 0 0 -1
outer loop
vertex 89.78541140000318 -122.24302700000041 0
vertex 68.3318216662147 -125.55162230070579 0
vertex 68.09677149071395 -125.34366720144523 0
endloop
endfacet
facet normal 0 0 -1
outer loop
vertex 89.78541140000318 -122.24302700000041 0
vertex 68.09677149071395 -125.34366720144523 0
vertex 67.89714664012368 -125.10150232509386 0
endloop
endfacet
facet normal 0 0 -1
outer loop
vertex 89.78541140000318 -122.24302700000041 0
vertex 67.89714664012368 -125.10150232509386 0
vertex 67.7378625723767 -124.83109061293378 0
endloop
endfacet
facet normal 0 0 -1
outer loop
vertex 89.78541140000318 -122.24302700000041 0
vertex 67.7378625723767 -124.83109061293378 0
vertex 67.6228414150639 -124.53909054156068 0
endloop
endfacet
facet normal 0 0 -1
outer loop
vertex 89.78541140000318 -122.24302700000041 0
vertex 67.6228414150639 -124.53909054156068 0
vertex 67.55491538901597 -124.23269216803912 0
endloop
endfacet
facet normal 0 0 -1
outer loop
vertex 89.78541140000318 -122.24302700000041 0
vertex 67.55491538901597 -124.23269216803912 0
vertex 67.5357570691782 -123.9194400856957 0
endloop
endfacet
facet normal 0 0 -1
outer loop
vertex 89.78541140000318 -122.24302700000041 0
vertex 67.5357570691782 -123.9194400856957 0
vertex 67.56583820000002 -123.60704764999987 0
endloop
endfacet
facet normal 0 0 -1
outer loop
vertex 89.78541140000318 -122.24302700000041 0
vertex 67.56583820000002 -123.60704764999987 0
vertex 67.80635184541052 -122.24302700000041 0
endloop
endfacet
facet normal 0 0 -1
outer loop
vertex 133.1390256722025 -127.55394642647242 0
vertex 132.82173633462577 -127.57433634957424 0
vertex 78.54788749065914 -127.57433634957424 0
endloop
endfacet
facet normal 0 0 -1
outer loop
vertex 133.1390256722025 -127.55394642647242 0
vertex 78.54788749065914 -127.57433634957424 0
vertex 78.43225034515694 -127.55394642647242 0
endloop
endfacet
facet normal 0 0 -1
outer loop
vertex 187.698552179463 -127.55394642647242 0
vertex 187.69323541482316 -127.5840993 0
vertex 133.4555338 -127.5840993 0
endloop
endfacet
facet normal 0 0 -1
outer loop
vertex 187.698552179463 -127.55394642647242 0
vertex 133.4555338 -127.5840993 0
vertex 133.1390256722025 -127.55394642647242 0
endloop
endfacet
facet normal 0 0 -1
outer loop
vertex 132.82173633462577 -127.57433634957424 0
vertex 132.51168744504122 -127.64474912377867 0
vertex 78.9472186786794 -127.64474912377867 0
endloop
endfacet
facet normal 0 0 -1
outer loop
vertex 132.82173633462577 -127.57433634957424 0
vertex 78.9472186786794 -127.64474912377867 0
vertex 78.54788749065914 -127.57433634957424 0
endloop
endfacet
facet normal 0 0 -1
outer loop
vertex 132.51168744504122 -127.64474912377867 0
vertex 132.21671458012406 -127.76340527265558 0
vertex 79.62015198420946 -127.76340527265558 0
endloop
endfacet
facet normal 0 0 -1
outer loop
vertex 132.51168744504122 -127.64474912377867 0
vertex 79.62015198420946 -127.76340527265558 0
vertex 78.9472186786794 -127.64474912377867 0
endloop
endfacet
facet normal 0 0 -1
outer loop
vertex 132.21671458012406 -127.76340527265558 0
vertex 131.9442723142264 -127.92730610992105 0
vertex 80.54968099087402 -127.92730610992105 0
endloop
endfacet
facet normal 0 0 -1
outer loop
vertex 132.21671458012406 -127.76340527265558 0
vertex 80.54968099087402 -127.92730610992105 0
vertex 79.62015198420946 -127.76340527265558 0
endloop
endfacet
facet normal 0 0 -1
outer loop
vertex 131.9442723142264 -127.92730610992105 0
vertex 131.70124582686586 -128.13230952244183 0
vertex 81.71231457824638 -128.13230952244183 0
endloop
endfacet
facet normal 0 0 -1
outer loop
vertex 131.9442723142264 -127.92730610992105 0
vertex 81.71231457824638 -128.13230952244183 0
vertex 80.54968099087402 -127.92730610992105 0
endloop
endfacet
facet normal 0 0 -1
outer loop
vertex 131.70124582686586 -128.13230952244183 0
vertex 131.49377689999983 -128.3732346500002 0
vertex 83.0786705910417 -128.3732346500002 0
endloop
endfacet
facet normal 0 0 -1
outer loop
vertex 131.70124582686586 -128.13230952244183 0
vertex 83.0786705910417 -128.3732346500002 0
vertex 81.71231457824638 -128.13230952244183 0
endloop
endfacet
facet normal 0 0 -1
outer loop
vertex 187.69323541482316 -127.5840993 0
vertex 187.48397375685295 -128.77088125 0
vertex 140.18612219999986 -128.77088125 0
endloop
endfacet
facet normal 0 0 -1
outer loop
vertex 187.69323541482316 -127.5840993 0
vertex 140.18612219999986 -128.77088125 0
vertex 133.4555338 -127.5840993 0
endloop
endfacet
facet normal 0 0 -1
outer loop
vertex 187.48397375685295 -128.77088125 0
vertex 187.4698810964939 -128.8508047061354 0
vertex 140.4938542327981 -128.8508047061354 0
endloop
endfacet
facet normal 0 0 -1
outer loop
vertex 187.48397375685295 -128.77088125 0
vertex 140.4938542327981 -128.8508047061354 0
vertex 140.18612219999986 -128.77088125 0
endloop
endfacet
facet normal 0 0 -1
outer loop
vertex 131.49377689999983 -128.3732346500002 0
vertex 131.0758597730068 -128.94478805912465 0
vertex 113.60067662764094 -128.94478805912465 0
endloop
endfacet
facet normal 0 0 -1
outer loop
vertex 131.49377689999983 -128.3732346500002 0
vertex 113.60067662764094 -128.94478805912465 0
vertex 86.32011512239988 -128.94478805912465 0
endloop
endfacet
facet normal 0 0 -1
outer loop
vertex 131.49377689999983 -128.3732346500002 0
vertex 86.32011512239988 -128.94478805912465 0
vertex 83.0786705910417 -128.3732346500002 0
endloop
endfacet
facet normal 0 0 -1
outer loop
vertex 113.60067662764094 -128.94478805912465 0
vertex 113.28339162840673 -128.96517742740787 0
vertex 86.4357491213655 -128.96517742740787 0
endloop
endfacet
facet normal 0 0 -1
outer loop
vertex 113.60067662764094 -128.94478805912465 0
vertex 86.4357491213655 -128.96517742740787 0
vertex 86.32011512239988 -128.94478805912465 0
endloop
endfacet
facet normal 0 0 -1
outer loop
vertex 131.0758597730068 -128.94478805912465 0
vertex 131.05381947151088 -128.97493089999995 0
vertex 113.91718709999954 -128.97493089999995 0
endloop
endfacet
facet normal 0 0 -1
outer loop
vertex 131.0758597730068 -128.94478805912465 0
vertex 113.91718709999954 -128.97493089999995 0
vertex 113.60067662764094 -128.94478805912465 0
endloop
endfacet
facet normal 0 0 -1
outer loop
vertex 187.4698810964939 -128.8508047061354 0
vertex 187.44736781840876 -128.97848386306228 0
vertex 140.78503252137267 -128.97848386306228 0
endloop
endfacet
facet normal 0 0 -1
outer loop
vertex 187.4698810964939 -128.8508047061354 0
vertex 140.78503252137267 -128.97848386306228 0
vertex 140.4938542327981 -128.8508047061354 0
endloop
endfacet
facet normal 0 0 -1
outer loop
vertex 113.28339162840673 -128.96517742740787 0
vertex 112.973346780264 -129.03558828749252 0
vertex 86.83506945385943 -129.03558828749252 0
endloop
endfacet
facet normal 0 0 -1
outer loop
vertex 113.28339162840673 -128.96517742740787 0
vertex 86.83506945385943 -129.03558828749252 0
vertex 86.4357491213655 -128.96517742740787 0
endloop
endfacet
facet normal 0 0 -1
outer loop
vertex 187.44736781840876 -128.97848386306228 0
vertex 187.41700287119826 -129.15069205261634 0
vertex 141.05229849807236 -129.15069205261634 0
endloop
endfacet
facet normal 0 0 -1
outer loop
vertex 187.44736781840876 -128.97848386306228 0
vertex 141.05229849807236 -129.15069205261634 0
vertex 140.78503252137267 -128.97848386306228 0
endloop
endfacet
facet normal 0 0 -1
outer loop
vertex 112.973346780264 -129.03558828749252 0
vertex 112.67837734260978 -129.1542412601809 0
vertex 87.50798474630658 -129.1542412601809 0
endloop
endfacet
facet normal 0 0 -1
outer loop
vertex 112.973346780264 -129.03558828749252 0
vertex 87.50798474630658 -129.1542412601809 0
vertex 86.83506945385943 -129.03558828749252 0
endloop
endfacet
facet normal 0 0 -1
outer loop
vertex 112.67837734260978 -129.1542412601809 0
vertex 112.40593759850108 -129.31813782179208 0
vertex 88.43748950450023 -129.31813782179208 0
endloop
endfacet
facet normal 0 0 -1
outer loop
vertex 112.67837734260978 -129.1542412601809 0
vertex 88.43748950450023 -129.31813782179208 0
vertex 87.50798474630658 -129.1542412601809 0
endloop
endfacet
facet normal 0 0 -1
outer loop
vertex 187.41700287119826 -129.15069205261634 0
vertex 187.3795536284168 -129.36307728269296 0
vertex 141.28889789979607 -129.36307728269296 0
endloop
endfacet
facet normal 0 0 -1
outer loop
vertex 187.41700287119826 -129.15069205261634 0
vertex 141.28889789979607 -129.36307728269296 0
vertex 141.05229849807236 -129.15069205261634 0
endloop
endfacet
facet normal 0 0 -1
outer loop
vertex 112.40593759850108 -129.31813782179208 0
vertex 112.16291247467763 -129.5231360809758 0
vertex 89.6000938658091 -129.5231360809758 0
endloop
endfacet
facet normal 0 0 -1
outer loop
vertex 112.40593759850108 -129.31813782179208 0
vertex 89.6000938658091 -129.5231360809758 0
vertex 88.43748950450023 -129.31813782179208 0
endloop
endfacet
facet normal 0 0 -1
outer loop
vertex 187.3795536284168 -129.36307728269296 0
vertex 187.33596649574534 -129.6102722194457 0
vertex 141.48885145964064 -129.6102722194457 0
endloop
endfacet
facet normal 0 0 -1
outer loop
vertex 187.3795536284168 -129.36307728269296 0
vertex 141.48885145964064 -129.6102722194457 0
vertex 141.28889789979607 -129.36307728269296 0
endloop
endfacet
facet normal 0 0 -1
outer loop
vertex 112.16291247467763 -129.5231360809758 0
vertex 111.95544355000017 -129.76405544999977 0
vertex 90.96641722029193 -129.76405544999977 0
endloop
endfacet
facet normal 0 0 -1
outer loop
vertex 112.16291247467763 -129.5231360809758 0
vertex 90.96641722029193 -129.76405544999977 0
vertex 89.6000938658091 -129.5231360809758 0
endloop
endfacet
facet normal 0 0 -1
outer loop
vertex 187.33596649574534 -129.6102722194457 0
vertex 187.28734299371988 -129.88602982888716 0
vertex 141.64710601308474 -129.88602982888716 0
endloop
endfacet
facet normal 0 0 -1
outer loop
vertex 187.33596649574534 -129.6102722194457 0
vertex 141.64710601308474 -129.88602982888716 0
vertex 141.48885145964064 -129.6102722194457 0
endloop
endfacet
facet normal 0 0 -1
outer loop
vertex 187.28734299371988 -129.88602982888716 0
vertex 187.23491173530164 -130.18338229999978 0
vertex 141.75966439999985 -130.18338229999978 0
endloop
endfacet
facet normal 0 0 -1
outer loop
vertex 187.28734299371988 -129.88602982888716 0
vertex 141.75966439999985 -130.18338229999978 0
vertex 141.64710601308474 -129.88602982888716 0
endloop
endfacet
facet normal 0 0 -1
outer loop
vertex 131.05381947151088 -128.97493089999995 0
vertex 129.83188299999995 -130.64608030000002 0
vertex 129.624415822153 -130.88700711725704 0
endloop
endfacet
facet normal 0 0 -1
outer loop
vertex 131.05381947151088 -128.97493089999995 0
vertex 129.624415822153 -130.88700711725704 0
vertex 129.38138823549997 -131.0920072845718 0
endloop
endfacet
facet normal 0 0 -1
outer loop
vertex 131.05381947151088 -128.97493089999995 0
vertex 129.38138823549997 -131.0920072845718 0
vertex 129.1089455014033 -131.25590491454625 0
endloop
endfacet
facet normal 0 0 -1
outer loop
vertex 131.05381947151088 -128.97493089999995 0
vertex 129.1089455014033 -131.25590491454625 0
vertex 128.81397275698149 -131.37455800772693 0
endloop
endfacet
facet normal 0 0 -1
outer loop
vertex 131.05381947151088 -128.97493089999995 0
vertex 128.81397275698149 -131.37455800772693 0
vertex 128.50392451482375 -131.4449679786729 0
endloop
endfacet
facet normal 0 0 -1
outer loop
vertex 131.05381947151088 -128.97493089999995 0
vertex 128.50392451482375 -131.4449679786729 0
vertex 128.18663627352794 -131.4653554358134 0
endloop
endfacet
facet normal 0 0 -1
outer loop
vertex 131.05381947151088 -128.97493089999995 0
vertex 128.18663627352794 -131.4653554358134 0
vertex 127.87012649999998 -131.43520515 0
endloop
endfacet
facet normal 0 0 -1
outer loop
vertex 131.05381947151088 -128.97493089999995 0
vertex 127.87012649999998 -131.43520515 0
vertex 113.91718709999954 -128.97493089999995 0
endloop
endfacet
facet normal 0 0 -1
outer loop
vertex 111.95544355000017 -129.76405544999977 0
vertex 110.29353620000012 -132.0369117999999 0
vertex 110.08606417532239 -132.27783526902422 0
endloop
endfacet
facet normal 0 0 -1
outer loop
vertex 111.95544355000017 -129.76405544999977 0
vertex 110.08606417532239 -132.27783526902422 0
vertex 109.84303905149898 -132.4828335282079 0
endloop
endfacet
facet normal 0 0 -1
outer loop
vertex 111.95544355000017 -129.76405544999977 0
vertex 109.84303905149898 -132.4828335282079 0
vertex 109.57059930739032 -132.64673008981904 0
endloop
endfacet
facet normal 0 0 -1
outer loop
vertex 111.95544355000017 -129.76405544999977 0
vertex 109.57059930739032 -132.64673008981904 0
vertex 109.27562986973615 -132.7653830625074 0
endloop
endfacet
facet normal 0 0 -1
outer loop
vertex 111.95544355000017 -129.76405544999977 0
vertex 109.27562986973615 -132.7653830625074 0
vertex 108.96558502159297 -132.83579392259216 0
endloop
endfacet
facet normal 0 0 -1
outer loop
vertex 111.95544355000017 -129.76405544999977 0
vertex 108.96558502159297 -132.83579392259216 0
vertex 108.64830002235918 -132.85618329087535 0
endloop
endfacet
facet normal 0 0 -1
outer loop
vertex 111.95544355000017 -129.76405544999977 0
vertex 108.64830002235918 -132.85618329087535 0
vertex 108.33179309999997 -132.82603590000002 0
endloop
endfacet
facet normal 0 0 -1
outer loop
vertex 111.95544355000017 -129.76405544999977 0
vertex 108.33179309999997 -132.82603590000002 0
vertex 90.96641722029193 -129.76405544999977 0
endloop
endfacet
facet normal 0 0 -1
outer loop
vertex 187.23491173530164 -130.18338229999978 0
vertex 186.2379131839054 -135.8376425999999 0
vertex 152.8375683499995 -135.8376425999999 0
endloop
endfacet
facet normal 0 0 -1
outer loop
vertex 187.23491173530164 -130.18338229999978 0
vertex 152.8375683499995 -135.8376425999999 0
vertex 144.1175231999997 -134.3000648999999 0
endloop
endfacet
facet normal 0 0 -1
outer loop
vertex 187.23491173530164 -130.18338229999978 0
vertex 144.1175231999997 -134.3000648999999 0
vertex 143.80978956720173 -134.2201439938646 0
endloop
endfacet
facet normal 0 0 -1
outer loop
vertex 187.23491173530164 -130.18338229999978 0
vertex 143.80978956720173 -134.2201439938646 0
vertex 143.51861127862725 -134.09246483693775 0
endloop
endfacet
facet normal 0 0 -1
outer loop
vertex 187.23491173530164 -130.18338229999978 0
vertex 143.51861127862725 -134.09246483693775 0
vertex 143.25134530192767 -133.92025664738375 0
endloop
endfacet
facet normal 0 0 -1
outer loop
vertex 187.23491173530164 -130.18338229999978 0
vertex 143.25134530192767 -133.92025664738375 0
vertex 143.0147459002039 -133.7078714173071 0
endloop
endfacet
facet normal 0 0 -1
outer loop
vertex 187.23491173530164 -130.18338229999978 0
vertex 143.0147459002039 -133.7078714173071 0
vertex 142.81479234035933 -133.46067648055435 0
endloop
endfacet
facet normal 0 0 -1
outer loop
vertex 187.23491173530164 -130.18338229999978 0
vertex 142.81479234035933 -133.46067648055435 0
vertex 142.65653778691524 -133.1849188711129 0
endloop
endfacet
facet normal 0 0 -1
outer loop
vertex 187.23491173530164 -130.18338229999978 0
vertex 142.65653778691524 -133.1849188711129 0
vertex 142.54398159999988 -132.88756744999978 0
endloop
endfacet
facet normal 0 0 -1
outer loop
vertex 187.23491173530164 -130.18338229999978 0
vertex 142.54398159999988 -132.88756744999978 0
vertex 141.75966439999985 -130.18338229999978 0
endloop
endfacet
facet normal 0 0 -1
outer loop
vertex 186.2379131839054 -135.8376425999999 0
vertex 186.22396771777522 -135.91673127610122 0
vertex 153.1428884775103 -135.91673127610122 0
endloop
endfacet
facet normal 0 0 -1
outer loop
vertex 186.2379131839054 -135.8376425999999 0
vertex 153.1428884775103 -135.91673127610122 0
vertex 152.8375683499995 -135.8376425999999 0
endloop
endfacet
facet normal 0 0 -1
outer loop
vertex 186.22396771777522 -135.91673127610122 0
vertex 186.2017321993367 -136.04283517964316 0
vertex 153.43197878253935 -136.04283517964316 0
endloop
endfacet
facet normal 0 0 -1
outer loop
vertex 186.22396771777522 -135.91673127610122 0
vertex 153.43197878253935 -136.04283517964316 0
vertex 153.1428884775103 -135.91673127610122 0
endloop
endfacet
facet normal 0 0 -1
outer loop
vertex 186.2017321993367 -136.04283517964316 0
vertex 186.17175960035675 -136.21281825159735 0
vertex 153.69764992173074 -136.21281825159735 0
endloop
endfacet
facet normal 0 0 -1
outer loop
vertex 186.2017321993367 -136.04283517964316 0
vertex 153.69764992173074 -136.21281825159735 0
vertex 153.43197878253935 -136.04283517964316 0
endloop
endfacet
facet normal 0 0 -1
outer loop
vertex 186.17175960035675 -136.21281825159735 0
vertex 186.13479530489556 -136.42245320848969 0
vertex 153.9332949594447 -136.42245320848969 0
endloop
endfacet
facet normal 0 0 -1
outer loop
vertex 186.17175960035675 -136.21281825159735 0
vertex 153.9332949594447 -136.42245320848969 0
vertex 153.69764992173074 -136.21281825159735 0
endloop
endfacet
facet normal 0 0 -1
outer loop
vertex 186.13479530489556 -136.42245320848969 0
vertex 186.0917585724627 -136.666526670077 0
vertex 154.13305367464633 -136.666526670077 0
endloop
endfacet
facet normal 0 0 -1
outer loop
vertex 186.13479530489556 -136.42245320848969 0
vertex 154.13305367464633 -136.666526670077 0
vertex 153.9332949594447 -136.42245320848969 0
endloop
endfacet
facet normal 0 0 -1
outer loop
vertex 186.0917585724627 -136.666526670077 0
vertex 186.04371967709014 -136.93896881011878 0
vertex 154.29195829786406 -136.93896881011878 0
endloop
endfacet
facet normal 0 0 -1
outer loop
vertex 186.0917585724627 -136.666526670077 0
vertex 154.29195829786406 -136.93896881011878 0
vertex 154.13305367464633 -136.666526670077 0
endloop
endfacet
facet normal 0 0 -1
outer loop
vertex 186.04371967709014 -136.93896881011878 0
vertex 185.99187329084856 -137.2330043059715 0
vertex 154.40605705390004 -137.2330043059715 0
endloop
endfacet
facet normal 0 0 -1
outer loop
vertex 186.04371967709014 -136.93896881011878 0
vertex 154.40605705390004 -137.2330043059715 0
vertex 154.29195829786406 -136.93896881011878 0
endloop
endfacet
facet normal 0 0 -1
outer loop
vertex 185.99187329084856 -137.2330043059715 0
vertex 185.93750877372688 -137.5413208330711 0
vertex 154.47251243793528 -137.5413208330711 0
endloop
endfacet
facet normal 0 0 -1
outer loop
vertex 185.99187329084856 -137.2330043059715 0
vertex 154.47251243793528 -137.5413208330711 0
vertex 154.40605705390004 -137.2330043059715 0
endloop
endfacet
facet normal 0 0 -1
outer loop
vertex 185.93750877372688 -137.5413208330711 0
vertex 185.88197810873226 -137.85625091403455 0
vertex 154.48967178101014 -137.85625091403455 0
endloop
endfacet
facet normal 0 0 -1
outer loop
vertex 185.93750877372688 -137.5413208330711 0
vertex 154.48967178101014 -137.85625091403455 0
vertex 154.47251243793528 -137.5413208330711 0
endloop
endfacet
facet normal 0 0 -1
outer loop
vertex 185.88197810873226 -137.85625091403455 0
vertex 185.82666182117813 -138.16996520000086 0
vertex 154.45710669999985 -138.16996520000086 0
endloop
endfacet
facet normal 0 0 -1
outer loop
vertex 185.88197810873226 -137.85625091403455 0
vertex 154.45710669999985 -138.16996520000086 0
vertex 154.48967178101014 -137.85625091403455 0
endloop
endfacet
facet normal 0 0 -1
outer loop
vertex 185.82666182117813 -138.16996520000086 0
vertex 185.22562280000002 -141.5786271999998 0
vertex 153.82851223514203 -141.5786271999998 0
endloop
endfacet
facet normal 0 0 -1
outer loop
vertex 185.82666182117813 -138.16996520000086 0
vertex 153.82851223514203 -141.5786271999998 0
vertex 154.45710669999985 -138.16996520000086 0
endloop
endfacet
facet normal 0 0 -1
outer loop
vertex 185.22562280000002 -141.5786271999998 0
vertex 185.1960852717018 -141.86782225734143 0
vertex 153.7751815111485 -141.86782225734143 0
endloop
endfacet
facet normal 0 0 -1
outer loop
vertex 185.22562280000002 -141.5786271999998 0
vertex 153.7751815111485 -141.86782225734143 0
vertex 153.82851223514203 -141.5786271999998 0
endloop
endfacet
facet normal 0 0 -1
outer loop
vertex 185.1960852717018 -141.86782225734143 0
vertex 185.20877913089763 -142.15824353005857 0
vertex 153.72162465966042 -142.15824353005857 0
endloop
endfacet
facet normal 0 0 -1
outer loop
vertex 185.1960852717018 -141.86782225734143 0
vertex 153.72162465966042 -142.15824353005857 0
vertex 153.7751815111485 -141.86782225734143 0
endloop
endfacet
facet normal 0 0 -1
outer loop
vertex 185.20877913089763 -142.15824353005857 0
vertex 185.26343980188278 -142.44375685856542 0
vertex 153.66897288663552 -142.44375685856542 0
endloop
endfacet
facet normal 0 0 -1
outer loop
vertex 185.20877913089763 -142.15824353005857 0
vertex 153.66897288663552 -142.44375685856542 0
vertex 153.72162465966042 -142.15824353005857 0
endloop
endfacet
facet normal 0 0 -1
outer loop
vertex 185.26343980188278 -142.44375685856542 0
vertex 185.35891250077856 -142.7183303705312 0
vertex 153.61833853514563 -142.7183303705312 0
endloop
endfacet
facet normal 0 0 -1
outer loop
vertex 185.26343980188278 -142.44375685856542 0
vertex 153.61833853514563 -142.7183303705312 0
vertex 153.66897288663552 -142.44375685856542 0
endloop
endfacet
facet normal 0 0 -1
outer loop
vertex 185.35891250077856 -142.7183303705312 0
vertex 185.49318023197267 -142.9761633127008 0
vertex 153.5707913273832 -142.9761633127008 0
endloop
endfacet
facet normal 0 0 -1
outer loop
vertex 185.35891250077856 -142.7183303705312 0
vertex 153.5707913273832 -142.9761633127008 0
vertex 153.61833853514563 -142.7183303705312 0
endloop
endfacet
facet normal 0 0 -1
outer loop
vertex 185.49318023197267 -142.9761633127008 0
vertex 185.6634063999998 -143.21180859999976 0
vertex 153.52733576526938 -143.21180859999976 0
endloop
endfacet
facet normal 0 0 -1
outer loop
vertex 185.49318023197267 -142.9761633127008 0
vertex 153.52733576526938 -143.21180859999976 0
vertex 153.5707913273832 -142.9761633127008 0
endloop
endfacet
facet normal 0 0 -1
outer loop
vertex 185.6634063999998 -143.21180859999976 0
vertex 189.27019274752166 -147.50843929999954 0
vertex 178.59250159998555 -147.50843929999954 0
endloop
endfacet
facet normal 0 0 -1
outer loop
vertex 185.6634063999998 -143.21180859999976 0
vertex 178.59250159998555 -147.50843929999954 0
vertex 152.73499018346664 -147.50843929999954 0
endloop
endfacet
facet normal 0 0 -1
outer loop
vertex 185.6634063999998 -143.21180859999976 0
vertex 152.73499018346664 -147.50843929999954 0
vertex 153.52733576526938 -143.21180859999976 0
endloop
endfacet
facet normal 0 0 -1
outer loop
vertex 178.59250159998555 -147.50843929999954 0
vertex 178.3974112779449 -147.5276540195987 0
vertex 152.7314467795199 -147.5276540195987 0
endloop
endfacet
facet normal 0 0 -1
outer loop
vertex 178.59250159998555 -147.50843929999954 0
vertex 152.7314467795199 -147.5276540195987 0
vertex 152.73499018346664 -147.50843929999954 0
endloop
endfacet
facet normal 0 0 -1
outer loop
vertex 189.27019274752166 -147.50843929999954 0
vertex 189.28632245313534 -147.5276540195987 0
vertex 178.78759192202622 -147.5276540195987 0
endloop
endfacet
facet normal 0 0 -1
outer loop
vertex 189.27019274752166 -147.50843929999954 0
vertex 178.78759192202622 -147.5276540195987 0
vertex 178.59250159998555 -147.50843929999954 0
endloop
endfacet
facet normal 0 0 -1
outer loop
vertex 178.3974112779449 -147.5276540195987 0
vertex 178.20981816765718 -147.5845597674861 0
vertex 152.7209527387084 -147.5845597674861 0
endloop
endfacet
facet normal 0 0 -1
outer loop
vertex 178.3974112779449 -147.5276540195987 0
vertex 152.7209527387084 -147.5845597674861 0
vertex 152.7314467795199 -147.5276540195987 0
endloop
endfacet
facet normal 0 0 -1
outer loop
vertex 189.28632245313534 -147.5276540195987 0
vertex 189.33409171442554 -147.5845597674861 0
vertex 178.97518503236012 -147.5845597674861 0
endloop
endfacet
facet normal 0 0 -1
outer loop
vertex 189.28632245313534 -147.5276540195987 0
vertex 178.97518503236012 -147.5845597674861 0
vertex 178.78759192202622 -147.5276540195987 0
endloop
endfacet
facet normal 0 0 -1
outer loop
vertex 178.20981816765718 -147.5845597674861 0
vertex 178.03693136697413 -147.67696968769798 0
vertex 152.7039113411327 -147.67696968769798 0
endloop
endfacet
facet normal 0 0 -1
outer loop
vertex 178.20981816765718 -147.5845597674861 0
vertex 152.7039113411327 -147.67696968769798 0
vertex 152.7209527387084 -147.5845597674861 0
endloop
endfacet
facet normal 0 0 -1
outer loop
vertex 189.33409171442554 -147.5845597674861 0
vertex 189.41166478548232 -147.67696968769798 0
vertex 179.1480718330205 -147.67696968769798 0
endloop
endfacet
facet normal 0 0 -1
outer loop
vertex 189.33409171442554 -147.5845597674861 0
vertex 179.1480718330205 -147.67696968769798 0
vertex 178.97518503236012 -147.5845597674861 0
endloop
endfacet
facet normal 0 0 -1
outer loop
vertex 178.03693136697413 -147.67696968769798 0
vertex 177.88539481883447 -147.801332518798 0
vertex 152.68097747814966 -147.801332518798 0
endloop
endfacet
facet normal 0 0 -1
outer loop
vertex 178.03693136697413 -147.67696968769798 0
vertex 152.68097747814966 -147.801332518798 0
vertex 152.7039113411327 -147.67696968769798 0
endloop
endfacet
facet normal 0 0 -1
outer loop
vertex 189.41166478548232 -147.67696968769798 0
vertex 189.51606057666604 -147.801332518798 0
vertex 179.29960838116799 -147.801332518798 0
endloop
endfacet
facet normal 0 0 -1
outer loop
vertex 189.41166478548232 -147.67696968769798 0
vertex 179.29960838116799 -147.801332518798 0
vertex 179.1480718330205 -147.67696968769798 0
endloop
endfacet
facet normal 0 0 -1
outer loop
vertex 177.88539481883447 -147.801332518798 0
vertex 177.76103198766344 -147.95286906700778 0
vertex 152.65303248523796 -147.95286906700778 0
endloop
endfacet
facet normal 0 0 -1
outer loop
vertex 177.88539481883447 -147.801332518798 0
vertex 152.65303248523796 -147.95286906700778 0
vertex 152.68097747814966 -147.801332518798 0
endloop
endfacet
facet normal 0 0 -1
outer loop
vertex 189.51606057666604 -147.801332518798 0
vertex 189.64326721633225 -147.95286906700778 0
vertex 179.42397121231915 -147.95286906700778 0
endloop
endfacet
facet normal 0 0 -1
outer loop
vertex 189.51606057666604 -147.801332518798 0
vertex 179.42397121231915 -147.95286906700778 0
vertex 179.29960838116799 -147.801332518798 0
endloop
endfacet
facet normal 0 0 -1
outer loop
vertex 177.76103198766344 -147.95286906700778 0
vertex 177.66862206750477 -148.12575586763012 0
vertex 152.62115027282786 -148.12575586763012 0
endloop
endfacet
facet normal 0 0 -1
outer loop
vertex 177.76103198766344 -147.95286906700778 0
vertex 152.62115027282786 -148.12575586763012 0
vertex 152.65303248523796 -147.95286906700778 0
endloop
endfacet
facet normal 0 0 -1
outer loop
vertex 189.64326721633225 -147.95286906700778 0
vertex 189.78839622454592 -148.12575586763012 0
vertex 179.51638113251067 -148.12575586763012 0
endloop
endfacet
facet normal 0 0 -1
outer loop
vertex 189.64326721633225 -147.95286906700778 0
vertex 179.51638113251067 -148.12575586763012 0
vertex 179.42397121231915 -147.95286906700778 0
endloop
endfacet
facet normal 0 0 -1
outer loop
vertex 177.66862206750477 -148.12575586763012 0
vertex 177.61171631959303 -148.31334897798018 0
vertex 152.5865560564428 -148.31334897798018 0
endloop
endfacet
facet normal 0 0 -1
outer loop
vertex 177.66862206750477 -148.12575586763012 0
vertex 152.5865560564428 -148.31334897798018 0
vertex 152.62115027282786 -148.12575586763012 0
endloop
endfacet
facet normal 0 0 -1
outer loop
vertex 189.78839622454592 -148.12575586763012 0
vertex 189.94587037500054 -148.31334897798018 0
vertex 179.57328688040297 -148.31334897798018 0
endloop
endfacet
facet normal 0 0 -1
outer loop
vertex 189.78839622454592 -148.12575586763012 0
vertex 179.57328688040297 -148.31334897798018 0
vertex 179.51638113251067 -148.12575586763012 0
endloop
endfacet
facet normal 0 0 -1
outer loop
vertex 177.61171631959303 -148.31334897798018 0
vertex 177.5925016000001 -148.5084392999987 0
vertex 152.55057927242368 -148.5084392999987 0
endloop
endfacet
facet normal 0 0 -1
outer loop
vertex 177.61171631959303 -148.31334897798018 0
vertex 152.55057927242368 -148.5084392999987 0
vertex 152.5865560564428 -148.31334897798018 0
endloop
endfacet
facet normal 0 0 -1
outer loop
vertex 189.94587037500054 -148.31334897798018 0
vertex 190.10963802437988 -148.5084392999987 0
vertex 179.59250159999996 -148.5084392999987 0
endloop
endfacet
facet normal 0 0 -1
outer loop
vertex 189.94587037500054 -148.31334897798018 0
vertex 179.59250159999996 -148.5084392999987 0
vertex 179.57328688040297 -148.31334897798018 0
endloop
endfacet
facet normal 0 0 -1
outer loop
vertex 177.5925016000001 -148.5084392999987 0
vertex 177.61171631959732 -148.7035296220143 0
vertex 152.51460248840507 -148.7035296220143 0
endloop
endfacet
facet normal 0 0 -1
outer loop
vertex 177.5925016000001 -148.5084392999987 0
vertex 152.51460248840507 -148.7035296220143 0
vertex 152.55057927242368 -148.5084392999987 0
endloop
endfacet
facet normal 0 0 -1
outer loop
vertex 190.10963802437988 -148.5084392999987 0
vertex 190.27340567375674 -148.7035296220143 0
vertex 179.57328688040326 -148.7035296220143 0
endloop
endfacet
facet normal 0 0 -1
outer loop
vertex 190.10963802437988 -148.5084392999987 0
vertex 179.57328688040326 -148.7035296220143 0
vertex 179.59250159999996 -148.5084392999987 0
endloop
endfacet
facet normal 0 0 -1
outer loop
vertex 177.61171631959732 -148.7035296220143 0
vertex 177.6686220674903 -148.89112273236424 0
vertex 152.48000827202003 -148.89112273236424 0
endloop
endfacet
facet normal 0 0 -1
outer loop
vertex 177.61171631959732 -148.7035296220143 0
vertex 152.48000827202003 -148.89112273236424 0
vertex 152.51460248840507 -148.7035296220143 0
endloop
endfacet
facet normal 0 0 -1
outer loop
vertex 190.27340567375674 -148.7035296220143 0
vertex 190.4308798242113 -148.89112273236424 0
vertex 179.51638113250885 -148.89112273236424 0
endloop
endfacet
facet normal 0 0 -1
outer loop
vertex 190.27340567375674 -148.7035296220143 0
vertex 179.51638113250885 -148.89112273236424 0
vertex 179.57328688040326 -148.7035296220143 0
endloop
endfacet
facet normal 0 0 -1
outer loop
vertex 177.6686220674903 -148.89112273236424 0
vertex 177.7610319877109 -149.06400953304095 0
vertex 152.4481260595999 -149.06400953304095 0
endloop
endfacet
facet normal 0 0 -1
outer loop
vertex 177.6686220674903 -148.89112273236424 0
vertex 152.4481260595999 -149.06400953304095 0
vertex 152.48000827202003 -148.89112273236424 0
endloop
endfacet
facet normal 0 0 -1
outer loop
vertex 190.4308798242113 -148.89112273236424 0
vertex 190.5760088324706 -149.06400953304095 0
vertex 179.423971212303 -149.06400953304095 0
endloop
endfacet
facet normal 0 0 -1
outer loop
vertex 190.4308798242113 -148.89112273236424 0
vertex 179.423971212303 -149.06400953304095 0
vertex 179.51638113250885 -148.89112273236424 0
endloop
endfacet
facet normal 0 0 -1
outer loop
vertex 177.7610319877109 -149.06400953304095 0
vertex 177.88539481879218 -149.21554608116557 0
vertex 152.42018106670392 -149.21554608116557 0
endloop
endfacet
facet normal 0 0 -1
outer loop
vertex 177.7610319877109 -149.06400953304095 0
vertex 152.42018106670392 -149.21554608116557 0
vertex 152.4481260595999 -149.06400953304095 0
endloop
endfacet
facet normal 0 0 -1
outer loop
vertex 190.5760088324706 -149.06400953304095 0
vertex 190.70321547206532 -149.21554608116557 0
vertex 179.29960838118527 -149.21554608116557 0
endloop
endfacet
facet normal 0 0 -1
outer loop
vertex 190.5760088324706 -149.06400953304095 0
vertex 179.29960838118527 -149.21554608116557 0
vertex 179.423971212303 -149.06400953304095 0
endloop
endfacet
facet normal 0 0 -1
outer loop
vertex 177.88539481879218 -149.21554608116557 0
vertex 178.03693136699277 -149.3399089123092 0
vertex 152.39724720371282 -149.3399089123092 0
endloop
endfacet
facet normal 0 0 -1
outer loop
vertex 177.88539481879218 -149.21554608116557 0
vertex 152.39724720371282 -149.3399089123092 0
vertex 152.42018106670392 -149.21554608116557 0
endloop
endfacet
facet normal 0 0 -1
outer loop
vertex 190.70321547206532 -149.21554608116557 0
vertex 190.80761126328565 -149.3399089123092 0
vertex 179.14807183302705 -149.3399089123092 0
endloop
endfacet
facet normal 0 0 -1
outer loop
vertex 190.70321547206532 -149.21554608116557 0
vertex 179.14807183302705 -149.3399089123092 0
vertex 179.29960838118527 -149.21554608116557 0
endloop
endfacet
facet normal 0 0 -1
outer loop
vertex 178.03693136699277 -149.3399089123092 0
vertex 178.2098181676301 -149.4323188325087 0
vertex 152.3802058061394 -149.4323188325087 0
endloop
endfacet
facet normal 0 0 -1
outer loop
vertex 178.03693136699277 -149.3399089123092 0
vertex 152.3802058061394 -149.4323188325087 0
vertex 152.39724720371282 -149.3399089123092 0
endloop
endfacet
facet normal 0 0 -1
outer loop
vertex 190.80761126328565 -149.3399089123092 0
vertex 190.88518433433205 -149.4323188325087 0
vertex 178.97518503236262 -149.4323188325087 0
endloop
endfacet
facet normal 0 0 -1
outer loop
vertex 190.80761126328565 -149.3399089123092 0
vertex 178.97518503236262 -149.4323188325087 0
vertex 179.14807183302705 -149.3399089123092 0
endloop
endfacet
facet normal 0 0 -1
outer loop
vertex 178.2098181676301 -149.4323188325087 0
vertex 178.3974112779977 -149.48922458040633 0
vertex 152.36971176532603 -149.48922458040633 0
endloop
endfacet
facet normal 0 0 -1
outer loop
vertex 178.2098181676301 -149.4323188325087 0
vertex 152.36971176532603 -149.48922458040633 0
vertex 152.3802058061394 -149.4323188325087 0
endloop
endfacet
facet normal 0 0 -1
outer loop
vertex 190.88518433433205 -149.4323188325087 0
vertex 190.9329535956308 -149.48922458040633 0
vertex 178.7875919220255 -149.48922458040633 0
endloop
endfacet
facet normal 0 0 -1
outer loop
vertex 190.88518433433205 -149.4323188325087 0
vertex 178.7875919220255 -149.48922458040633 0
vertex 178.97518503236262 -149.4323188325087 0
endloop
endfacet
facet normal 0 0 -1
outer loop
vertex 178.3974112779977 -149.48922458040633 0
vertex 178.5925015999778 -149.50843929999954 0
vertex 152.3661683613804 -149.50843929999954 0
endloop
endfacet
facet normal 0 0 -1
outer loop
vertex 178.3974112779977 -149.48922458040633 0
vertex 152.3661683613804 -149.50843929999954 0
vertex 152.36971176532603 -149.48922458040633 0
endloop
endfacet
facet normal 0 0 -1
outer loop
vertex 190.9329535956308 -149.48922458040633 0
vertex 190.9490833012395 -149.50843929999954 0
vertex 178.5925015999778 -149.50843929999954 0
endloop
endfacet
facet normal 0 0 -1
outer loop
vertex 190.9329535956308 -149.48922458040633 0
vertex 178.5925015999778 -149.50843929999954 0
vertex 178.7875919220255 -149.48922458040633 0
endloop
endfacet
facet normal 0 0 -1
outer loop
vertex 178.5925015999778 -149.50843929999954 0
vertex 190.9490833012395 -149.50843929999954 0
vertex 198.36915709999994 -158.34769779999993 0
endloop
endfacet
facet normal 0 0 -1
outer loop
vertex 178.5925015999778 -149.50843929999954 0
vertex 198.36915709999994 -158.34769779999993 0
vertex 198.5591468663979 -158.61605740112282 0
endloop
endfacet
facet normal 0 0 -1
outer loop
vertex 178.5925015999778 -149.50843929999954 0
vertex 198.5591468663979 -158.61605740112282 0
vertex 198.70259693819878 -158.91192325924644 0
endloop
endfacet
facet normal 0 0 -1
outer loop
vertex 178.5925015999778 -149.50843929999954 0
vertex 198.70259693819878 -158.91192325924644 0
vertex 198.7956315061615 -159.22729462488758 0
endloop
endfacet
facet normal 0 0 -1
outer loop
vertex 178.5925015999778 -149.50843929999954 0
vertex 198.7956315061615 -159.22729462488758 0
vertex 198.83573597316004 -159.55364744137526 0
endloop
endfacet
facet normal 0 0 -1
outer loop
vertex 178.5925015999778 -149.50843929999954 0
vertex 198.83573597316004 -159.55364744137526 0
vertex 198.82182637030323 -159.8821608384404 0
endloop
endfacet
facet normal 0 0 -1
outer loop
vertex 178.5925015999778 -149.50843929999954 0
vertex 198.82182637030323 -159.8821608384404 0
vertex 198.7542786551318 -160.2039555482749 0
endloop
endfacet
facet normal 0 0 -1
outer loop
vertex 178.5925015999778 -149.50843929999954 0
vertex 198.7542786551318 -160.2039555482749 0
vertex 198.63491854999984 -160.51033390000038 0
endloop
endfacet
facet normal 0 0 -1
outer loop
vertex 178.5925015999778 -149.50843929999954 0
vertex 198.63491854999984 -160.51033390000038 0
vertex 195.87705066165958 -166.16479759999987 0
endloop
endfacet
facet normal 0 0 -1
outer loop
vertex 178.5925015999778 -149.50843929999954 0
vertex 195.87705066165958 -166.16479759999987 0
vertex 165.19722679999947 -166.16479759999987 0
endloop
endfacet
facet normal 0 0 -1
outer loop
vertex 178.5925015999778 -149.50843929999954 0
vertex 165.19722679999947 -166.16479759999987 0
vertex 151.82752869999985 -162.58239899999995 0
endloop
endfacet
facet normal 0 0 -1
outer loop
vertex 178.5925015999778 -149.50843929999954 0
vertex 151.82752869999985 -162.58239899999995 0
vertex 151.5159618923965 -162.47055326443368 0
endloop
endfacet
facet normal 0 0 -1
outer loop
vertex 178.5925015999778 -149.50843929999954 0
vertex 151.5159618923965 -162.47055326443368 0
vertex 151.2271112586701 -162.30884620693794 0
endloop
endfacet
facet normal 0 0 -1
outer loop
vertex 178.5925015999778 -149.50843929999954 0
vertex 151.2271112586701 -162.30884620693794 0
vertex 150.96889079074907 -162.10170844844305 0
endloop
endfacet
facet normal 0 0 -1
outer loop
vertex 178.5925015999778 -149.50843929999954 0
vertex 150.96889079074907 -162.10170844844305 0
vertex 150.74837468760157 -161.85481472778437 0
endloop
endfacet
facet normal 0 0 -1
outer loop
vertex 178.5925015999778 -149.50843929999954 0
vertex 150.74837468760157 -161.85481472778437 0
vertex 150.57160420072967 -161.5749289367571 0
endloop
endfacet
facet normal 0 0 -1
outer loop
vertex 178.5925015999778 -149.50843929999954 0
vertex 150.57160420072967 -161.5749289367571 0
vertex 150.44342212825097 -161.2697188167694 0
endloop
endfacet
facet normal 0 0 -1
outer loop
vertex 178.5925015999778 -149.50843929999954 0
vertex 150.44342212825097 -161.2697188167694 0
vertex 150.36734014177026 -160.9475458936659 0
endloop
endfacet
facet normal 0 0 -1
outer loop
vertex 178.5925015999778 -149.50843929999954 0
vertex 150.36734014177026 -160.9475458936659 0
vertex 150.3454425807462 -160.6172364056561 0
endloop
endfacet
facet normal 0 0 -1
outer loop
vertex 178.5925015999778 -149.50843929999954 0
vertex 150.3454425807462 -160.6172364056561 0
vertex 150.37832934999994 -160.28783950000036 0
endloop
endfacet
facet normal 0 0 -1
outer loop
vertex 178.5925015999778 -149.50843929999954 0
vertex 150.37832934999994 -160.28783950000036 0
vertex 152.3661683613804 -149.50843929999954 0
endloop
endfacet
facet normal 0 0 -1
outer loop
vertex 195.87705066165958 -166.16479759999987 0
vertex 195.82849575397114 -166.26434985344258 0
vertex 165.48126229289815 -166.26434985344258 0
endloop
endfacet
facet normal 0 0 -1
outer loop
vertex 195.87705066165958 -166.16479759999987 0
vertex 165.48126229289815 -166.26434985344258 0
vertex 165.19722679999947 -166.16479759999987 0
endloop
endfacet
facet normal 0 0 -1
outer loop
vertex 195.82849575397114 -166.26434985344258 0
vertex 195.75970209892404 -166.40539766320146 0
vertex 165.7471425812863 -166.40539766320146 0
endloop
endfacet
facet normal 0 0 -1
outer loop
vertex 195.82849575397114 -166.26434985344258 0
vertex 165.7471425812863 -166.40539766320146 0
vertex 165.48126229289815 -166.26434985344258 0
endloop
endfacet
facet normal 0 0 -1
outer loop
vertex 195.75970209892404 -166.40539766320146 0
vertex 195.67222764599893 -166.58474676140676 0
vertex 165.98884635321434 -166.58474676140676 0
endloop
endfacet
facet normal 0 0 -1
outer loop
vertex 195.75970209892404 -166.40539766320146 0
vertex 165.98884635321434 -166.58474676140676 0
vertex 165.7471425812863 -166.40539766320146 0
endloop
endfacet
facet normal 0 0 -1
outer loop
vertex 195.67222764599893 -166.58474676140676 0
vertex 195.56805340315987 -166.79833548228052 0
vertex 166.20089981512163 -166.79833548228052 0
endloop
endfacet
facet normal 0 0 -1
outer loop
vertex 195.67222764599893 -166.58474676140676 0
vertex 166.20089981512163 -166.79833548228052 0
vertex 165.98884635321434 -166.58474676140676 0
endloop
endfacet
facet normal 0 0 -1
outer loop
vertex 195.56805340315987 -166.79833548228052 0
vertex 195.44953857355495 -167.04132674547586 0
vertex 166.3785006552153 -167.04132674547586 0
endloop
endfacet
facet normal 0 0 -1
outer loop
vertex 195.56805340315987 -166.79833548228052 0
vertex 166.3785006552153 -167.04132674547586 0
vertex 166.20089981512163 -166.79833548228052 0
endloop
endfacet
facet normal 0 0 -1
outer loop
vertex 195.44953857355495 -167.04132674547586 0
vertex 195.31936829790186 -167.30821519999986 0
vertex 166.51762359999995 -167.30821519999986 0
endloop
endfacet
facet normal 0 0 -1
outer loop
vertex 195.44953857355495 -167.04132674547586 0
vertex 166.51762359999995 -167.30821519999986 0
vertex 166.3785006552153 -167.04132674547586 0
endloop
endfacet
facet normal 0 0 -1
outer loop
vertex 195.31936829790186 -167.30821519999986 0
vertex 189.5633098000001 -179.1098768999999 0
vertex 189.3837504185089 -179.40870429591345 0
endloop
endfacet
facet normal 0 0 -1
outer loop
vertex 195.31936829790186 -167.30821519999986 0
vertex 189.3837504185089 -179.40870429591345 0
vertex 189.15503345149472 -179.67181120766082 0
endloop
endfacet
facet normal 0 0 -1
outer loop
vertex 195.31936829790186 -167.30821519999986 0
vertex 189.15503345149472 -179.67181120766082 0
vertex 188.8841033751949 -179.89120489892292 0
endloop
endfacet
facet normal 0 0 -1
outer loop
vertex 195.31936829790186 -167.30821519999986 0
vertex 188.8841033751949 -179.89120489892292 0
vertex 188.57919217632565 -180.0602192734997 0
endloop
endfacet
facet normal 0 0 -1
outer loop
vertex 195.31936829790186 -167.30821519999986 0
vertex 188.57919217632565 -180.0602192734997 0
vertex 188.2495643299611 -180.1737189691406 0
endloop
endfacet
facet normal 0 0 -1
outer loop
vertex 195.31936829790186 -167.30821519999986 0
vertex 188.2495643299611 -180.1737189691406 0
vertex 187.90523530610614 -180.22825539128723 0
endloop
endfacet
facet normal 0 0 -1
outer loop
vertex 195.31936829790186 -167.30821519999986 0
vertex 187.90523530610614 -180.22825539128723 0
vertex 187.55666725790792 -180.22217149577241 0
endloop
endfacet
facet normal 0 0 -1
outer loop
vertex 195.31936829790186 -167.30821519999986 0
vertex 187.55666725790792 -180.22217149577241 0
vertex 187.2144511377686 -180.15565213673915 0
endloop
endfacet
facet normal 0 0 -1
outer loop
vertex 195.31936829790186 -167.30821519999986 0
vertex 187.2144511377686 -180.15565213673915 0
vertex 186.8889849000001 -180.03071845000005 0
endloop
endfacet
facet normal 0 0 -1
outer loop
vertex 195.31936829790186 -167.30821519999986 0
vertex 186.8889849000001 -180.03071845000005 0
vertex 168.69747939999962 -171.1581352999998 0
endloop
endfacet
facet normal 0 0 -1
outer loop
vertex 195.31936829790186 -167.30821519999986 0
vertex 168.69747939999962 -171.1581352999998 0
vertex 168.45130667545024 -171.01556026114497 0
endloop
endfacet
facet normal 0 0 -1
outer loop
vertex 195.31936829790186 -167.30821519999986 0
vertex 168.45130667545024 -171.01556026114497 0
vertex 168.22785747812472 -170.8394992934712 0
endloop
endfacet
facet normal 0 0 -1
outer loop
vertex 195.31936829790186 -167.30821519999986 0
vertex 168.22785747812472 -170.8394992934712 0
vertex 168.0316478767759 -170.63351676881948 0
endloop
endfacet
facet normal 0 0 -1
outer loop
vertex 195.31936829790186 -167.30821519999986 0
vertex 168.0316478767759 -170.63351676881948 0
vertex 167.86664753540356 -170.4017800745505 0
endloop
endfacet
facet normal 0 0 -1
outer loop
vertex 195.31936829790186 -167.30821519999986 0
vertex 167.86664753540356 -170.4017800745505 0
vertex 167.73619469999983 -170.14897764999964 0
endloop
endfacet
facet normal 0 0 -1
outer loop
vertex 195.31936829790186 -167.30821519999986 0
vertex 167.73619469999983 -170.14897764999964 0
vertex 166.51762359999995 -167.30821519999986 0
endloop
endfacet
facet normal 0 0 1
outer loop
vertex 187.3763382992323 -178.06328985017242 1
vertex 187.6801794951516 -177.98471224372588 1
vertex 187.9679875921955 -177.85957067649503 1
endloop
endfacet
facet normal 0 0 1
outer loop
vertex 187.3763382992323 -178.06328985017242 1
vertex 187.9679875921955 -177.85957067649503 1
vertex 188.2326757539757 -177.69094656912594 1
endloop
endfacet
facet normal 0 0 1
outer loop
vertex 187.3763382992323 -178.06328985017242 1
vertex 188.2326757539757 -177.69094656912594 1
vertex 188.46772643732623 -177.48299203364073 1
endloop
endfacet
facet normal 0 0 1
outer loop
vertex 187.3763382992323 -178.06328985017242 1
vertex 188.46772643732623 -177.48299203364073 1
vertex 188.66735187688408 -177.24082763399758 1
endloop
endfacet
facet normal 0 0 1
outer loop
vertex 187.3763382992323 -178.06328985017242 1
vertex 188.66735187688408 -177.24082763399758 1
vertex 188.82663319999986 -176.9704126000003 1
endloop
endfacet
facet normal 0 0 1
outer loop
vertex 187.3763382992323 -178.06328985017242 1
vertex 188.82663319999986 -176.9704126000003 1
vertex 194.0923802267722 -166.17403140000013 1
endloop
endfacet
facet normal 0 0 1
outer loop
vertex 187.3763382992323 -178.06328985017242 1
vertex 194.0923802267722 -166.17403140000013 1
vertex 168.4779621000001 -166.17403140000013 1
endloop
endfacet
facet normal 0 0 1
outer loop
vertex 187.3763382992323 -178.06328985017242 1
vertex 168.4779621000001 -166.17403140000013 1
vertex 169.8752240999999 -169.41479209999983 1
endloop
endfacet
facet normal 0 0 1
outer loop
vertex 187.3763382992323 -178.06328985017242 1
vertex 169.8752240999999 -169.41479209999983 1
vertex 170.00576032511043 -169.66671708084357 1
endloop
endfacet
facet normal 0 0 1
outer loop
vertex 187.3763382992323 -178.06328985017242 1
vertex 170.00576032511043 -169.66671708084357 1
vertex 170.1706329499307 -169.8976346410758 1
endloop
endfacet
facet normal 0 0 1
outer loop
vertex 187.3763382992323 -178.06328985017242 1
vertex 170.1706329499307 -169.8976346410758 1
vertex 170.3665236696158 -170.10289722407688 1
endloop
endfacet
facet normal 0 0 1
outer loop
vertex 187.3763382992323 -178.06328985017242 1
vertex 170.3665236696158 -170.10289722407688 1
vertex 170.58948989439307 -170.27837361749653 1
endloop
endfacet
facet normal 0 0 1
outer loop
vertex 187.3763382992323 -178.06328985017242 1
vertex 170.58948989439307 -170.27837361749653 1
vertex 170.8350482000001 -170.42053420000008 1
endloop
endfacet
facet normal 0 0 1
outer loop
vertex 187.3763382992323 -178.06328985017242 1
vertex 170.8350482000001 -170.42053420000008 1
vertex 186.15229660000006 -177.8912563 1
endloop
endfacet
facet normal 0 0 1
outer loop
vertex 187.3763382992323 -178.06328985017242 1
vertex 186.15229660000006 -177.8912563 1
vertex 186.4442958150109 -178.0062796498279 1
endloop
endfacet
facet normal 0 0 1
outer loop
vertex 187.3763382992323 -178.06328985017242 1
vertex 186.4442958150109 -178.0062796498279 1
vertex 186.75069368593176 -178.07420797431917 1
endloop
endfacet
facet normal 0 0 1
outer loop
vertex 187.3763382992323 -178.06328985017242 1
vertex 186.75069368593176 -178.07420797431917 1
vertex 187.06394563148348 -178.09336864186008 1
endloop
endfacet
facet normal 0 0 1
outer loop
vertex 194.0923802267722 -166.17403140000013 1
vertex 194.22216851316892 -165.90792598169776 1
vertex 168.33867237051857 -165.90792598169776 1
endloop
endfacet
facet normal 0 0 1
outer loop
vertex 194.0923802267722 -166.17403140000013 1
vertex 168.33867237051857 -165.90792598169776 1
vertex 168.4779621000001 -166.17403140000013 1
endloop
endfacet
facet normal 0 0 1
outer loop
vertex 194.22216851316892 -165.90792598169776 1
vertex 194.34032104389567 -165.66567739759657 1
vertex 168.16109778106485 -165.66567739759657 1
endloop
endfacet
facet normal 0 0 1
outer loop
vertex 194.22216851316892 -165.90792598169776 1
vertex 168.16109778106485 -165.66567739759657 1
vertex 168.33867237051857 -165.90792598169776 1
endloop
endfacet
facet normal 0 0 1
outer loop
vertex 194.34032104389567 -165.66567739759657 1
vertex 194.44417087669777 -165.45275368956666 1
vertex 167.9492473482653 -165.45275368956666 1
endloop
endfacet
facet normal 0 0 1
outer loop
vertex 194.34032104389567 -165.66567739759657 1
vertex 167.9492473482653 -165.45275368956666 1
vertex 168.16109778106485 -165.66567739759657 1
endloop
endfacet
facet normal 0 0 1
outer loop
vertex 194.44417087669777 -165.45275368956666 1
vertex 194.53137575359364 -165.2739571980755 1
vertex 167.70789920563962 -165.2739571980755 1
endloop
endfacet
facet normal 0 0 1
outer loop
vertex 194.44417087669777 -165.45275368956666 1
vertex 167.70789920563962 -165.2739571980755 1
vertex 167.9492473482653 -165.45275368956666 1
endloop
endfacet
facet normal 0 0 1
outer loop
vertex 194.53137575359364 -165.2739571980755 1
vertex 194.59996883156185 -165.13332054886675 1
vertex 167.44249678624988 -165.13332054886675 1
endloop
endfacet
facet normal 0 0 1
outer loop
vertex 194.53137575359364 -165.2739571980755 1
vertex 167.44249678624988 -165.13332054886675 1
vertex 167.70789920563962 -165.2739571980755 1
endloop
endfacet
facet normal 0 0 1
outer loop
vertex 194.59996883156185 -165.13332054886675 1
vertex 194.64840304326455 -165.03401570000008 1
vertex 167.15902605000028 -165.03401570000008 1
endloop
endfacet
facet normal 0 0 1
outer loop
vertex 194.59996883156185 -165.13332054886675 1
vertex 167.15902605000028 -165.03401570000008 1
vertex 167.44249678624988 -165.13332054886675 1
endloop
endfacet
facet normal 0 0 1
outer loop
vertex 194.64840304326455 -165.03401570000008 1
vertex 196.49130884999988 -161.25549890000022 1
vertex 196.61120699976343 -160.94730552515622 1
endloop
endfacet
facet normal 0 0 1
outer loop
vertex 194.64840304326455 -165.03401570000008 1
vertex 196.61120699976343 -160.94730552515622 1
vertex 196.67868171278008 -160.62356815363836 1
endloop
endfacet
facet normal 0 0 1
outer loop
vertex 194.64840304326455 -165.03401570000008 1
vertex 196.67868171278008 -160.62356815363836 1
vertex 196.69188825194405 -160.29313766179854 1
endloop
endfacet
facet normal 0 0 1
outer loop
vertex 194.64840304326455 -165.03401570000008 1
vertex 196.69188825194405 -160.29313766179854 1
vertex 196.65046555469203 -159.96504791376222 1
endloop
endfacet
facet normal 0 0 1
outer loop
vertex 194.64840304326455 -165.03401570000008 1
vertex 196.65046555469203 -159.96504791376222 1
vertex 196.5555461043387 -159.64826877846653 1
endloop
endfacet
facet normal 0 0 1
outer loop
vertex 194.64840304326455 -165.03401570000008 1
vertex 196.5555461043387 -159.64826877846653 1
vertex 196.40972496834448 -159.35146089630788 1
endloop
endfacet
facet normal 0 0 1
outer loop
vertex 194.64840304326455 -165.03401570000008 1
vertex 196.40972496834448 -159.35146089630788 1
vertex 196.2169877 -159.08273780000002 1
endloop
endfacet
facet normal 0 0 1
outer loop
vertex 194.64840304326455 -165.03401570000008 1
vertex 196.2169877 -159.08273780000002 1
vertex 188.07103741324616 -149.50843929999954 1
endloop
endfacet
facet normal 0 0 1
outer loop
vertex 194.64840304326455 -165.03401570000008 1
vertex 188.07103741324616 -149.50843929999954 1
vertex 178.592501599978 -149.50843929999954 1
endloop
endfacet
facet normal 0 0 1
outer loop
vertex 194.64840304326455 -165.03401570000008 1
vertex 178.592501599978 -149.50843929999954 1
vertex 154.05700883183414 -149.50843929999954 1
endloop
endfacet
facet normal 0 0 1
outer loop
vertex 194.64840304326455 -165.03401570000008 1
vertex 154.05700883183414 -149.50843929999954 1
vertex 152.32703860000007 -159.16403484999975 1
endloop
endfacet
facet normal 0 0 1
outer loop
vertex 194.64840304326455 -165.03401570000008 1
vertex 152.32703860000007 -159.16403484999975 1
vertex 152.29583970539505 -159.49246556977184 1
endloop
endfacet
facet normal 0 0 1
outer loop
vertex 194.64840304326455 -165.03401570000008 1
vertex 152.29583970539505 -159.49246556977184 1
vertex 152.31905685596314 -159.82155685290365 1
endloop
endfacet
facet normal 0 0 1
outer loop
vertex 194.64840304326455 -165.03401570000008 1
vertex 152.31905685596314 -159.82155685290365 1
vertex 152.39605831240647 -160.14235411663913 1
endloop
endfacet
facet normal 0 0 1
outer loop
vertex 194.64840304326455 -165.03401570000008 1
vertex 152.39605831240647 -160.14235411663913 1
vertex 152.52474886300206 -160.44612845871137 1
endloop
endfacet
facet normal 0 0 1
outer loop
vertex 194.64840304326455 -165.03401570000008 1
vertex 152.52474886300206 -160.44612845871137 1
vertex 152.70162683437093 -160.72461417101752 1
endloop
endfacet
facet normal 0 0 1
outer loop
vertex 194.64840304326455 -165.03401570000008 1
vertex 152.70162683437093 -160.72461417101752 1
vertex 152.92187937210477 -160.97023364975666 1
endloop
endfacet
facet normal 0 0 1
outer loop
vertex 194.64840304326455 -165.03401570000008 1
vertex 152.92187937210477 -160.97023364975666 1
vertex 153.1795133986655 -161.17630358223647 1
endloop
endfacet
facet normal 0 0 1
outer loop
vertex 194.64840304326455 -165.03401570000008 1
vertex 153.1795133986655 -161.17630358223647 1
vertex 153.4675186851887 -161.33721679999385 1
endloop
endfacet
facet normal 0 0 1
outer loop
vertex 194.64840304326455 -165.03401570000008 1
vertex 153.4675186851887 -161.33721679999385 1
vertex 153.77805720000032 -161.44859970000007 1
endloop
endfacet
facet normal 0 0 1
outer loop
vertex 194.64840304326455 -165.03401570000008 1
vertex 153.77805720000032 -161.44859970000007 1
vertex 167.15902605000028 -165.03401570000008 1
endloop
endfacet
facet normal 0 0 1
outer loop
vertex 178.592501599978 -149.50843929999954 1
vertex 178.39741127799763 -149.4892245804063 1
vertex 154.06045148772597 -149.4892245804063 1
endloop
endfacet
facet normal 0 0 1
outer loop
vertex 178.592501599978 -149.50843929999954 1
vertex 154.06045148772597 -149.4892245804063 1
vertex 154.05700883183414 -149.50843929999954 1
endloop
endfacet
facet normal 0 0 1
outer loop
vertex 188.07103741324616 -149.50843929999954 1
vertex 188.05468925462333 -149.4892245804063 1
vertex 178.78759192195818 -149.4892245804063 1
endloop
endfacet
facet normal 0 0 1
outer loop
vertex 188.07103741324616 -149.50843929999954 1
vertex 178.78759192195818 -149.4892245804063 1
vertex 178.592501599978 -149.50843929999954 1
endloop
endfacet
facet normal 0 0 1
outer loop
vertex 178.39741127799763 -149.4892245804063 1
vertex 178.20981816763 -149.43231883250868 1
vertex 154.0706471560691 -149.43231883250868 1
endloop
endfacet
facet normal 0 0 1
outer loop
vertex 178.39741127799763 -149.4892245804063 1
vertex 154.0706471560691 -149.43231883250868 1
vertex 154.06045148772597 -149.4892245804063 1
endloop
endfacet
facet normal 0 0 1
outer loop
vertex 188.05468925462333 -149.4892245804063 1
vertex 188.0062730293088 -149.43231883250868 1
vertex 178.9751850323874 -149.43231883250868 1
endloop
endfacet
facet normal 0 0 1
outer loop
vertex 188.05468925462333 -149.4892245804063 1
vertex 178.9751850323874 -149.43231883250868 1
vertex 178.78759192195818 -149.4892245804063 1
endloop
endfacet
facet normal 0 0 1
outer loop
vertex 178.20981816763 -149.43231883250868 1
vertex 178.03693136699283 -149.33990891230923 1
vertex 154.0872040230426 -149.33990891230923 1
endloop
endfacet
facet normal 0 0 1
outer loop
vertex 178.20981816763 -149.43231883250868 1
vertex 154.0872040230426 -149.33990891230923 1
vertex 154.0706471560691 -149.43231883250868 1
endloop
endfacet
facet normal 0 0 1
outer loop
vertex 188.0062730293088 -149.43231883250868 1
vertex 187.92764934570968 -149.33990891230923 1
vertex 179.14807183300144 -149.33990891230923 1
endloop
endfacet
facet normal 0 0 1
outer loop
vertex 188.0062730293088 -149.43231883250868 1
vertex 179.14807183300144 -149.33990891230923 1
vertex 178.9751850323874 -149.43231883250868 1
endloop
endfacet
facet normal 0 0 1
outer loop
vertex 178.03693136699283 -149.33990891230923 1
vertex 177.88539481879207 -149.21554608116548 1
vertex 154.10948581754312 -149.21554608116548 1
endloop
endfacet
facet normal 0 0 1
outer loop
vertex 178.03693136699283 -149.33990891230923 1
vertex 154.10948581754312 -149.21554608116548 1
vertex 154.0872040230426 -149.33990891230923 1
endloop
endfacet
facet normal 0 0 1
outer loop
vertex 187.92764934570968 -149.33990891230923 1
vertex 187.82183966785007 -149.21554608116548 1
vertex 179.2996083812221 -149.21554608116548 1
endloop
endfacet
facet normal 0 0 1
outer loop
vertex 187.92764934570968 -149.33990891230923 1
vertex 179.2996083812221 -149.21554608116548 1
vertex 179.14807183300144 -149.33990891230923 1
endloop
endfacet
facet normal 0 0 1
outer loop
vertex 177.88539481879207 -149.21554608116548 1
vertex 177.76103198771102 -149.06400953304114 1
vertex 154.13663626268473 -149.06400953304114 1
endloop
endfacet
facet normal 0 0 1
outer loop
vertex 177.88539481879207 -149.21554608116548 1
vertex 154.13663626268473 -149.06400953304114 1
vertex 154.10948581754312 -149.21554608116548 1
endloop
endfacet
facet normal 0 0 1
outer loop
vertex 187.82183966785007 -149.21554608116548 1
vertex 187.6929102024018 -149.06400953304114 1
vertex 179.42397121227555 -149.06400953304114 1
endloop
endfacet
facet normal 0 0 1
outer loop
vertex 187.82183966785007 -149.21554608116548 1
vertex 179.42397121227555 -149.06400953304114 1
vertex 179.2996083812221 -149.21554608116548 1
endloop
endfacet
facet normal 0 0 1
outer loop
vertex 177.76103198771102 -149.06400953304114 1
vertex 177.66862206749033 -148.89112273236427 1
vertex 154.16761198211077 -148.89112273236427 1
endloop
endfacet
facet normal 0 0 1
outer loop
vertex 177.76103198771102 -149.06400953304114 1
vertex 154.16761198211077 -148.89112273236427 1
vertex 154.13663626268473 -149.06400953304114 1
endloop
endfacet
facet normal 0 0 1
outer loop
vertex 187.6929102024018 -149.06400953304114 1
vertex 187.54581563630384 -148.89112273236427 1
vertex 179.51638113251602 -148.89112273236427 1
endloop
endfacet
facet normal 0 0 1
outer loop
vertex 187.6929102024018 -149.06400953304114 1
vertex 179.51638113251602 -148.89112273236427 1
vertex 179.42397121227555 -149.06400953304114 1
endloop
endfacet
facet normal 0 0 1
outer loop
vertex 177.66862206749033 -148.89112273236427 1
vertex 177.611716319598 -148.70352962201412 1
vertex 154.20122259627976 -148.70352962201412 1
endloop
endfacet
facet normal 0 0 1
outer loop
vertex 177.66862206749033 -148.89112273236427 1
vertex 154.20122259627976 -148.70352962201412 1
vertex 154.16761198211077 -148.89112273236427 1
endloop
endfacet
facet normal 0 0 1
outer loop
vertex 187.54581563630384 -148.89112273236427 1
vertex 187.38620873131237 -148.70352962201412 1
vertex 179.57328688040346 -148.70352962201412 1
endloop
endfacet
facet normal 0 0 1
outer loop
vertex 187.54581563630384 -148.89112273236427 1
vertex 179.57328688040346 -148.70352962201412 1
vertex 179.51638113251602 -148.89112273236427 1
endloop
endfacet
facet normal 0 0 1
outer loop
vertex 177.611716319598 -148.70352962201412 1
vertex 177.59250160000056 -148.50843929999877 1
vertex 154.2361764681417 -148.50843929999877 1
endloop
endfacet
facet normal 0 0 1
outer loop
vertex 177.611716319598 -148.70352962201412 1
vertex 154.2361764681417 -148.50843929999877 1
vertex 154.20122259627976 -148.70352962201412 1
endloop
endfacet
facet normal 0 0 1
outer loop
vertex 187.38620873131237 -148.70352962201412 1
vertex 187.22022309126115 -148.50843929999877 1
vertex 179.59250159999996 -148.50843929999877 1
endloop
endfacet
facet normal 0 0 1
outer loop
vertex 187.38620873131237 -148.70352962201412 1
vertex 179.59250159999996 -148.50843929999877 1
vertex 179.57328688040346 -148.70352962201412 1
endloop
endfacet
facet normal 0 0 1
outer loop
vertex 177.59250160000056 -148.50843929999877 1
vertex 177.61171631959706 -148.31334897798013 1
vertex 154.27113034000425 -148.31334897798013 1
endloop
endfacet
facet normal 0 0 1
outer loop
vertex 177.59250160000056 -148.50843929999877 1
vertex 154.27113034000425 -148.31334897798013 1
vertex 154.2361764681417 -148.50843929999877 1
endloop
endfacet
facet normal 0 0 1
outer loop
vertex 187.22022309126115 -148.50843929999877 1
vertex 187.05423745120714 -148.31334897798013 1
vertex 179.57328688040297 -148.31334897798013 1
endloop
endfacet
facet normal 0 0 1
outer loop
vertex 187.22022309126115 -148.50843929999877 1
vertex 179.57328688040297 -148.31334897798013 1
vertex 179.59250159999996 -148.50843929999877 1
endloop
endfacet
facet normal 0 0 1
outer loop
vertex 177.61171631959706 -148.31334897798013 1
vertex 177.66862206748536 -148.12575586763018 1
vertex 154.3047409541732 -148.12575586763018 1
endloop
endfacet
facet normal 0 0 1
outer loop
vertex 177.61171631959706 -148.31334897798013 1
vertex 154.3047409541732 -148.12575586763018 1
vertex 154.27113034000425 -148.31334897798013 1
endloop
endfacet
facet normal 0 0 1
outer loop
vertex 187.05423745120714 -148.31334897798013 1
vertex 186.8946305462158 -148.12575586763018 1
vertex 179.5163811325107 -148.12575586763018 1
endloop
endfacet
facet normal 0 0 1
outer loop
vertex 187.05423745120714 -148.31334897798013 1
vertex 179.5163811325107 -148.12575586763018 1
vertex 179.57328688040297 -148.31334897798013 1
endloop
endfacet
facet normal 0 0 1
outer loop
vertex 177.66862206748536 -148.12575586763018 1
vertex 177.76103198769638 -147.95286906700787 1
vertex 154.33571667358945 -147.95286906700787 1
endloop
endfacet
facet normal 0 0 1
outer loop
vertex 177.66862206748536 -148.12575586763018 1
vertex 154.33571667358945 -147.95286906700787 1
vertex 154.3047409541732 -148.12575586763018 1
endloop
endfacet
facet normal 0 0 1
outer loop
vertex 186.8946305462158 -148.12575586763018 1
vertex 186.74753598016432 -147.95286906700787 1
vertex 179.4239712123192 -147.95286906700787 1
endloop
endfacet
facet normal 0 0 1
outer loop
vertex 186.8946305462158 -148.12575586763018 1
vertex 179.4239712123192 -147.95286906700787 1
vertex 179.5163811325107 -148.12575586763018 1
endloop
endfacet
facet normal 0 0 1
outer loop
vertex 177.76103198769638 -147.95286906700787 1
vertex 177.88539481881446 -147.80133251879795 1
vertex 154.3628671187464 -147.80133251879795 1
endloop
endfacet
facet normal 0 0 1
outer loop
vertex 177.76103198769638 -147.95286906700787 1
vertex 154.3628671187464 -147.80133251879795 1
vertex 154.33571667358945 -147.95286906700787 1
endloop
endfacet
facet normal 0 0 1
outer loop
vertex 186.74753598016432 -147.95286906700787 1
vertex 186.61860651464323 -147.80133251879795 1
vertex 179.2996083811679 -147.80133251879795 1
endloop
endfacet
facet normal 0 0 1
outer loop
vertex 186.74753598016432 -147.95286906700787 1
vertex 179.2996083811679 -147.80133251879795 1
vertex 179.4239712123192 -147.95286906700787 1
endloop
endfacet
facet normal 0 0 1
outer loop
vertex 177.88539481881446 -147.80133251879795 1
vertex 178.03693136698197 -147.67696968769795 1
vertex 154.3851489132391 -147.67696968769795 1
endloop
endfacet
facet normal 0 0 1
outer loop
vertex 177.88539481881446 -147.80133251879795 1
vertex 154.3851489132391 -147.67696968769795 1
vertex 154.3628671187464 -147.80133251879795 1
endloop
endfacet
facet normal 0 0 1
outer loop
vertex 186.61860651464323 -147.80133251879795 1
vertex 186.51279683682083 -147.67696968769795 1
vertex 179.14807183302048 -147.67696968769795 1
endloop
endfacet
facet normal 0 0 1
outer loop
vertex 186.61860651464323 -147.80133251879795 1
vertex 179.14807183302048 -147.67696968769795 1
vertex 179.2996083811679 -147.80133251879795 1
endloop
endfacet
facet normal 0 0 1
outer loop
vertex 178.03693136698197 -147.67696968769795 1
vertex 178.20981816763432 -147.58455976748613 1
vertex 154.40170578021483 -147.58455976748613 1
endloop
endfacet
facet normal 0 0 1
outer loop
vertex 178.03693136698197 -147.67696968769795 1
vertex 154.40170578021483 -147.58455976748613 1
vertex 154.3851489132391 -147.67696968769795 1
endloop
endfacet
facet normal 0 0 1
outer loop
vertex 186.51279683682083 -147.67696968769795 1
vertex 186.4341731532112 -147.58455976748613 1
vertex 178.9751850323602 -147.58455976748613 1
endloop
endfacet
facet normal 0 0 1
outer loop
vertex 186.51279683682083 -147.67696968769795 1
vertex 178.9751850323602 -147.58455976748613 1
vertex 179.14807183302048 -147.67696968769795 1
endloop
endfacet
facet normal 0 0 1
outer loop
vertex 178.20981816763432 -147.58455976748613 1
vertex 178.39741127799152 -147.5276540195987 1
vertex 154.4119014485561 -147.5276540195987 1
endloop
endfacet
facet normal 0 0 1
outer loop
vertex 178.20981816763432 -147.58455976748613 1
vertex 154.4119014485561 -147.5276540195987 1
vertex 154.40170578021483 -147.58455976748613 1
endloop
endfacet
facet normal 0 0 1
outer loop
vertex 186.4341731532112 -147.58455976748613 1
vertex 186.38575692790533 -147.5276540195987 1
vertex 178.78759192202625 -147.5276540195987 1
endloop
endfacet
facet normal 0 0 1
outer loop
vertex 186.4341731532112 -147.58455976748613 1
vertex 178.78759192202625 -147.5276540195987 1
vertex 178.9751850323602 -147.58455976748613 1
endloop
endfacet
facet normal 0 0 1
outer loop
vertex 178.39741127799152 -147.5276540195987 1
vertex 178.5925015999855 -147.50843929999954 1
vertex 154.415344104449 -147.50843929999954 1
endloop
endfacet
facet normal 0 0 1
outer loop
vertex 178.39741127799152 -147.5276540195987 1
vertex 154.415344104449 -147.50843929999954 1
vertex 154.4119014485561 -147.5276540195987 1
endloop
endfacet
facet normal 0 0 1
outer loop
vertex 186.38575692790533 -147.5276540195987 1
vertex 186.36940876927744 -147.50843929999954 1
vertex 178.5925015999855 -147.50843929999954 1
endloop
endfacet
facet normal 0 0 1
outer loop
vertex 186.38575692790533 -147.5276540195987 1
vertex 178.5925015999855 -147.50843929999954 1
vertex 178.78759192202625 -147.5276540195987 1
endloop
endfacet
facet normal 0 0 1
outer loop
vertex 178.5925015999855 -147.50843929999954 1
vertex 186.36940876927744 -147.50843929999954 1
vertex 183.81985384999987 -144.51183374999985 1
endloop
endfacet
facet normal 0 0 1
outer loop
vertex 178.5925015999855 -147.50843929999954 1
vertex 183.81985384999987 -144.51183374999985 1
vertex 154.95223883778817 -144.51183374999985 1
endloop
endfacet
facet normal 0 0 1
outer loop
vertex 178.5925015999855 -147.50843929999954 1
vertex 154.95223883778817 -144.51183374999985 1
vertex 154.415344104449 -147.50843929999954 1
endloop
endfacet
facet normal 0 0 1
outer loop
vertex 183.81985384999987 -144.51183374999985 1
vertex 183.64689199356738 -144.27544839587108 1
vertex 154.9945914429451 -144.27544839587108 1
endloop
endfacet
facet normal 0 0 1
outer loop
vertex 183.81985384999987 -144.51183374999985 1
vertex 154.9945914429451 -144.27544839587108 1
vertex 154.95223883778817 -144.51183374999985 1
endloop
endfacet
facet normal 0 0 1
outer loop
vertex 183.64689199356738 -144.27544839587108 1
vertex 183.51031140572476 -144.0163353270154 1
vertex 155.04101611902834 -144.0163353270154 1
endloop
endfacet
facet normal 0 0 1
outer loop
vertex 183.64689199356738 -144.27544839587108 1
vertex 155.04101611902834 -144.0163353270154 1
vertex 154.9945914429451 -144.27544839587108 1
endloop
endfacet
facet normal 0 0 1
outer loop
vertex 183.51031140572476 -144.0163353270154 1
vertex 183.4130415297276 -143.74005211968858 1
vertex 155.09051712823654 -143.74005211968858 1
endloop
endfacet
facet normal 0 0 1
outer loop
vertex 183.51031140572476 -144.0163353270154 1
vertex 155.09051712823654 -143.74005211968858 1
vertex 155.04101611902834 -144.0163353270154 1
endloop
endfacet
facet normal 0 0 1
outer loop
vertex 183.4130415297276 -143.74005211968858 1
vertex 183.35716865460662 -143.45252462317228 1
vertex 155.14203275016075 -143.45252462317228 1
endloop
endfacet
facet normal 0 0 1
outer loop
vertex 183.4130415297276 -143.74005211968858 1
vertex 155.14203275016075 -143.45252462317228 1
vertex 155.09051712823654 -143.74005211968858 1
endloop
endfacet
facet normal 0 0 1
outer loop
vertex 183.35716865460662 -143.45252462317228 1
vertex 183.34389116748088 -143.15991985943324 1
vertex 155.19445805405218 -143.15991985943324 1
endloop
endfacet
facet normal 0 0 1
outer loop
vertex 183.35716865460662 -143.45252462317228 1
vertex 155.19445805405218 -143.15991985943324 1
vertex 155.14203275016075 -143.45252462317228 1
endloop
endfacet
facet normal 0 0 1
outer loop
vertex 183.34389116748088 -143.15991985943324 1
vertex 183.37349770000006 -142.86851749999965 1
vertex 155.2466679260063 -142.86851749999965 1
endloop
endfacet
facet normal 0 0 1
outer loop
vertex 183.34389116748088 -143.15991985943324 1
vertex 155.2466679260063 -142.86851749999965 1
vertex 155.19445805405218 -143.15991985943324 1
endloop
endfacet
facet normal 0 0 1
outer loop
vertex 183.37349770000006 -142.86851749999965 1
vertex 184.43227482447398 -136.86389469999966 1
vertex 156.32250200000001 -136.86389469999966 1
endloop
endfacet
facet normal 0 0 1
outer loop
vertex 183.37349770000006 -142.86851749999965 1
vertex 156.32250200000001 -136.86389469999966 1
vertex 155.2466679260063 -142.86851749999965 1
endloop
endfacet
facet normal 0 0 1
outer loop
vertex 184.43227482447398 -136.86389469999966 1
vertex 184.48743986815387 -136.55103822493388 1
vertex 156.35345783107968 -136.55103822493388 1
endloop
endfacet
facet normal 0 0 1
outer loop
vertex 184.43227482447398 -136.86389469999966 1
vertex 156.35345783107968 -136.55103822493388 1
vertex 156.32250200000001 -136.86389469999966 1
endloop
endfacet
facet normal 0 0 1
outer loop
vertex 184.48743986815387 -136.55103822493388 1
vertex 184.54277906785026 -136.23719406212595 1
vertex 156.33500005612595 -136.23719406212595 1
endloop
endfacet
facet normal 0 0 1
outer loop
vertex 184.48743986815387 -136.55103822493388 1
vertex 156.33500005612595 -136.23719406212595 1
vertex 156.35345783107968 -136.55103822493388 1
endloop
endfacet
facet normal 0 0 1
outer loop
vertex 184.54277906785026 -136.23719406212595 1
vertex 184.59692454060965 -135.93011986045263 1
vertex 156.26758876144217 -135.93011986045263 1
endloop
endfacet
facet normal 0 0 1
outer loop
vertex 184.54277906785026 -136.23719406212595 1
vertex 156.26758876144217 -135.93011986045263 1
vertex 156.33500005612595 -136.23719406212595 1
endloop
endfacet
facet normal 0 0 1
outer loop
vertex 184.59692454060965 -135.93011986045263 1
vertex 184.64853836739448 -135.6374033349974 1
vertex 156.15288966070509 -135.6374033349974 1
endloop
endfacet
facet normal 0 0 1
outer loop
vertex 184.59692454060965 -135.93011986045263 1
vertex 156.15288966070509 -135.6374033349974 1
vertex 156.26758876144217 -135.93011986045263 1
endloop
endfacet
facet normal 0 0 1
outer loop
vertex 184.64853836739448 -135.6374033349974 1
vertex 184.69634518540983 -135.3662774268012 1
vertex 155.99373693566014 -135.3662774268012 1
endloop
endfacet
facet normal 0 0 1
outer loop
vertex 184.64853836739448 -135.6374033349974 1
vertex 155.99373693566014 -135.3662774268012 1
vertex 156.15288966070509 -135.6374033349974 1
endloop
endfacet
facet normal 0 0 1
outer loop
vertex 184.69634518540983 -135.3662774268012 1
vertex 184.73916370195113 -135.1234415789699 1
vertex 155.79406320430647 -135.1234415789699 1
endloop
endfacet
facet normal 0 0 1
outer loop
vertex 184.69634518540983 -135.3662774268012 1
vertex 155.79406320430647 -135.1234415789699 1
vertex 155.99373693566014 -135.3662774268012 1
endloop
endfacet
facet normal 0 0 1
outer loop
vertex 184.73916370195113 -135.1234415789699 1
vertex 184.77593588380643 -134.91489619536634 1
vertex 155.55880234703935 -134.91489619536634 1
endloop
endfacet
facet normal 0 0 1
outer loop
vertex 184.73916370195113 -135.1234415789699 1
vertex 155.55880234703935 -134.91489619536634 1
vertex 155.79406320430647 -135.1234415789699 1
endloop
endfacet
facet normal 0 0 1
outer loop
vertex 184.77593588380643 -134.91489619536634 1
vertex 184.8057531009527 -134.74579437235707 1
vertex 155.29376759188557 -134.74579437235707 1
endloop
endfacet
facet normal 0 0 1
outer loop
vertex 184.77593588380643 -134.91489619536634 1
vertex 155.29376759188557 -134.74579437235707 1
vertex 155.55880234703935 -134.91489619536634 1
endloop
endfacet
facet normal 0 0 1
outer loop
vertex 184.8057531009527 -134.74579437235707 1
vertex 184.8278785785417 -134.6203145672867 1
vertex 155.00550787131388 -134.6203145672867 1
endloop
endfacet
facet normal 0 0 1
outer loop
vertex 184.8057531009527 -134.74579437235707 1
vertex 155.00550787131388 -134.6203145672867 1
vertex 155.29376759188557 -134.74579437235707 1
endloop
endfacet
facet normal 0 0 1
outer loop
vertex 184.8278785785417 -134.6203145672867 1
vertex 184.84176560239447 -134.54155735000003 1
vertex 154.70114600000014 -134.54155735000003 1
endloop
endfacet
facet normal 0 0 1
outer loop
vertex 184.8278785785417 -134.6203145672867 1
vertex 154.70114600000014 -134.54155735000003 1
vertex 155.00550787131388 -134.6203145672867 1
endloop
endfacet
facet normal 0 0 1
outer loop
vertex 184.84176560239447 -134.54155735000003 1
vertex 185.8390764306708 -128.88552720000007 1
vertex 143.61319390000003 -128.88552720000007 1
endloop
endfacet
facet normal 0 0 1
outer loop
vertex 184.84176560239447 -134.54155735000003 1
vertex 143.61319390000003 -128.88552720000007 1
vertex 144.39751135000003 -131.58970980000007 1
endloop
endfacet
facet normal 0 0 1
outer loop
vertex 184.84176560239447 -134.54155735000003 1
vertex 144.39751135000003 -131.58970980000007 1
vertex 144.51006753691533 -131.88706122111304 1
endloop
endfacet
facet normal 0 0 1
outer loop
vertex 184.84176560239447 -134.54155735000003 1
vertex 144.51006753691533 -131.88706122111304 1
vertex 144.6683220903593 -132.16281883055427 1
endloop
endfacet
facet normal 0 0 1
outer loop
vertex 184.84176560239447 -134.54155735000003 1
vertex 144.6683220903593 -132.16281883055427 1
vertex 144.868275650204 -132.41001376730716 1
endloop
endfacet
facet normal 0 0 1
outer loop
vertex 184.84176560239447 -134.54155735000003 1
vertex 144.868275650204 -132.41001376730716 1
vertex 145.10487505192762 -132.62239899738367 1
endloop
endfacet
facet normal 0 0 1
outer loop
vertex 184.84176560239447 -134.54155735000003 1
vertex 145.10487505192762 -132.62239899738367 1
vertex 145.37214102862745 -132.7946071869378 1
endloop
endfacet
facet normal 0 0 1
outer loop
vertex 184.84176560239447 -134.54155735000003 1
vertex 145.37214102862745 -132.7946071869378 1
vertex 145.66331931720165 -132.92228634386456 1
endloop
endfacet
facet normal 0 0 1
outer loop
vertex 184.84176560239447 -134.54155735000003 1
vertex 145.66331931720165 -132.92228634386456 1
vertex 145.9710527000002 -133.00220960000001 1
endloop
endfacet
facet normal 0 0 1
outer loop
vertex 184.84176560239447 -134.54155735000003 1
vertex 145.9710527000002 -133.00220960000001 1
vertex 154.70114600000014 -134.54155735000003 1
endloop
endfacet
facet normal 0 0 1
outer loop
vertex 185.8390764306708 -128.88552720000007 1
vertex 185.89150726784445 -128.5881771788873 1
vertex 143.50063576308483 -128.5881771788873 1
endloop
endfacet
facet normal 0 0 1
outer loop
vertex 185.8390764306708 -128.88552720000007 1
vertex 143.50063576308483 -128.5881771788873 1
vertex 143.61319390000003 -128.88552720000007 1
endloop
endfacet
facet normal 0 0 1
outer loop
vertex 185.89150726784445 -128.5881771788873 1
vertex 185.9401307798453 -128.31241956944558 1
vertex 143.3423812096406 -128.31241956944558 1
endloop
endfacet
facet normal 0 0 1
outer loop
vertex 185.89150726784445 -128.5881771788873 1
vertex 143.3423812096406 -128.31241956944558 1
vertex 143.50063576308483 -128.5881771788873 1
endloop
endfacet
facet normal 0 0 1
outer loop
vertex 185.9401307798453 -128.31241956944558 1
vertex 185.98371792145883 -128.06522463269295 1
vertex 143.1424276497961 -128.06522463269295 1
endloop
endfacet
facet normal 0 0 1
outer loop
vertex 185.9401307798453 -128.31241956944558 1
vertex 143.1424276497961 -128.06522463269295 1
vertex 143.3423812096406 -128.31241956944558 1
endloop
endfacet
facet normal 0 0 1
outer loop
vertex 107.6677234648239 -130.98226897867292 1
vertex 107.97777170698112 -130.91185900772706 1
vertex 108.27274445140327 -130.79320591454623 1
endloop
endfacet
facet normal 0 0 1
outer loop
vertex 107.6677234648239 -130.98226897867292 1
vertex 108.27274445140327 -130.79320591454623 1
vertex 108.54518718549996 -130.62930828457178 1
endloop
endfacet
facet normal 0 0 1
outer loop
vertex 107.6677234648239 -130.98226897867292 1
vertex 108.54518718549996 -130.62930828457178 1
vertex 108.7882147721529 -130.4243081172571 1
endloop
endfacet
facet normal 0 0 1
outer loop
vertex 107.6677234648239 -130.98226897867292 1
vertex 108.7882147721529 -130.4243081172571 1
vertex 108.99568090000031 -130.1833822999996 1
endloop
endfacet
facet normal 0 0 1
outer loop
vertex 107.6677234648239 -130.98226897867292 1
vertex 108.99568090000031 -130.1833822999996 1
vertex 110.65757590000003 -127.9105257 1
endloop
endfacet
facet normal 0 0 1
outer loop
vertex 107.6677234648239 -130.98226897867292 1
vertex 110.65757590000003 -127.9105257 1
vertex 89.66855311702952 -127.9105257 1
endloop
endfacet
facet normal 0 0 1
outer loop
vertex 107.6677234648239 -130.98226897867292 1
vertex 89.66855311702952 -127.9105257 1
vertex 107.03392544999981 -130.97250615 1
endloop
endfacet
facet normal 0 0 1
outer loop
vertex 107.6677234648239 -130.98226897867292 1
vertex 107.03392544999981 -130.97250615 1
vertex 107.35043522352805 -131.0026564358134 1
endloop
endfacet
facet normal 0 0 1
outer loop
vertex 185.98371792145883 -128.06522463269295 1
vertex 186.02116717192322 -127.85283940261621 1
vertex 142.90582824807225 -127.85283940261621 1
endloop
endfacet
facet normal 0 0 1
outer loop
vertex 185.98371792145883 -128.06522463269295 1
vertex 142.90582824807225 -127.85283940261621 1
vertex 143.1424276497961 -128.06522463269295 1
endloop
endfacet
facet normal 0 0 1
outer loop
vertex 186.02116717192322 -127.85283940261621 1
vertex 186.05153212536322 -127.68063121306228 1
vertex 142.6385622713727 -127.68063121306228 1
endloop
endfacet
facet normal 0 0 1
outer loop
vertex 186.02116717192322 -127.85283940261621 1
vertex 142.6385622713727 -127.68063121306228 1
vertex 142.90582824807225 -127.85283940261621 1
endloop
endfacet
facet normal 0 0 1
outer loop
vertex 110.65757590000003 -127.9105257 1
vertex 110.86504657784704 -127.66960373274293 1
vertex 88.30221530628006 -127.66960373274293 1
endloop
endfacet
facet normal 0 0 1
outer loop
vertex 110.65757590000003 -127.9105257 1
vertex 88.30221530628006 -127.66960373274293 1
vertex 89.66855311702952 -127.9105257 1
endloop
endfacet
facet normal 0 0 1
outer loop
vertex 186.05153212536322 -127.68063121306228 1
vertex 186.07404540806706 -127.55295205613537 1
vertex 142.3473839827981 -127.55295205613537 1
endloop
endfacet
facet normal 0 0 1
outer loop
vertex 186.05153212536322 -127.68063121306228 1
vertex 142.3473839827981 -127.55295205613537 1
vertex 142.6385622713727 -127.68063121306228 1
endloop
endfacet
facet normal 0 0 1
outer loop
vertex 186.07404540806706 -127.55295205613537 1
vertex 186.0881380713173 -127.47302860000002 1
vertex 142.03965195000006 -127.47302860000002 1
endloop
endfacet
facet normal 0 0 1
outer loop
vertex 186.07404540806706 -127.55295205613537 1
vertex 142.03965195000006 -127.47302860000002 1
vertex 142.3473839827981 -127.55295205613537 1
endloop
endfacet
facet normal 0 0 1
outer loop
vertex 110.86504657784704 -127.66960373274293 1
vertex 111.10807416450004 -127.46460356542823 1
vertex 87.1396003608643 -127.46460356542823 1
endloop
endfacet
facet normal 0 0 1
outer loop
vertex 110.86504657784704 -127.66960373274293 1
vertex 87.1396003608643 -127.46460356542823 1
vertex 88.30221530628006 -127.66960373274293 1
endloop
endfacet
facet normal 0 0 1
outer loop
vertex 111.10807416450004 -127.46460356542823 1
vertex 111.38051689859658 -127.30070593545385 1
vertex 86.21008973351964 -127.30070593545385 1
endloop
endfacet
facet normal 0 0 1
outer loop
vertex 111.10807416450004 -127.46460356542823 1
vertex 86.21008973351964 -127.30070593545385 1
vertex 87.1396003608643 -127.46460356542823 1
endloop
endfacet
facet normal 0 0 1
outer loop
vertex 111.38051689859658 -127.30070593545385 1
vertex 111.67548964301889 -127.18205284227295 1
vertex 85.53717389516251 -127.18205284227295 1
endloop
endfacet
facet normal 0 0 1
outer loop
vertex 111.38051689859658 -127.30070593545385 1
vertex 85.53717389516251 -127.18205284227295 1
vertex 86.21008973351964 -127.30070593545385 1
endloop
endfacet
facet normal 0 0 1
outer loop
vertex 127.20607577159296 -129.59143342259213 1
vertex 127.51612061973634 -129.52102256250734 1
vertex 127.81109005739013 -129.4023695898191 1
endloop
endfacet
facet normal 0 0 1
outer loop
vertex 127.20607577159296 -129.59143342259213 1
vertex 127.81109005739013 -129.4023695898191 1
vertex 128.08352980149877 -129.23847302820798 1
endloop
endfacet
facet normal 0 0 1
outer loop
vertex 127.20607577159296 -129.59143342259213 1
vertex 128.08352980149877 -129.23847302820798 1
vertex 128.32655492532265 -129.03347476902385 1
endloop
endfacet
facet normal 0 0 1
outer loop
vertex 127.20607577159296 -129.59143342259213 1
vertex 128.32655492532265 -129.03347476902385 1
vertex 128.53402769999988 -128.79255080000013 1
endloop
endfacet
facet normal 0 0 1
outer loop
vertex 127.20607577159296 -129.59143342259213 1
vertex 128.53402769999988 -128.79255080000013 1
vertex 129.75597333823646 -127.1214014 1
endloop
endfacet
facet normal 0 0 1
outer loop
vertex 127.20607577159296 -129.59143342259213 1
vertex 129.75597333823646 -127.1214014 1
vertex 112.61933180000001 -127.1214014 1
endloop
endfacet
facet normal 0 0 1
outer loop
vertex 127.20607577159296 -129.59143342259213 1
vertex 112.61933180000001 -127.1214014 1
vertex 126.57228384999996 -129.5816754 1
endloop
endfacet
facet normal 0 0 1
outer loop
vertex 127.20607577159296 -129.59143342259213 1
vertex 126.57228384999996 -129.5816754 1
vertex 126.8887907723591 -129.61182279087532 1
endloop
endfacet
facet normal 0 0 1
outer loop
vertex 111.67548964301889 -127.18205284227295 1
vertex 111.98553788517611 -127.11164287132709 1
vertex 85.13785868678865 -127.11164287132709 1
endloop
endfacet
facet normal 0 0 1
outer loop
vertex 111.67548964301889 -127.18205284227295 1
vertex 85.13785868678865 -127.11164287132709 1
vertex 85.53717389516251 -127.18205284227295 1
endloop
endfacet
facet normal 0 0 1
outer loop
vertex 111.98553788517611 -127.11164287132709 1
vertex 112.30282612647186 -127.09125541418662 1
vertex 85.02223555008091 -127.09125541418662 1
endloop
endfacet
facet normal 0 0 1
outer loop
vertex 111.98553788517611 -127.11164287132709 1
vertex 85.02223555008091 -127.09125541418662 1
vertex 85.13785868678865 -127.11164287132709 1
endloop
endfacet
facet normal 0 0 1
outer loop
vertex 129.75597333823646 -127.1214014 1
vertex 129.77801610465517 -127.09125541418662 1
vertex 112.30282612647186 -127.09125541418662 1
endloop
endfacet
facet normal 0 0 1
outer loop
vertex 129.75597333823646 -127.1214014 1
vertex 112.30282612647186 -127.09125541418662 1
vertex 112.61933180000001 -127.1214014 1
endloop
endfacet
facet normal 0 0 1
outer loop
vertex 112.30282612647186 -127.09125541418662 1
vertex 129.77801610465517 -127.09125541418662 1
vertex 130.19593425000008 -126.51970489999994 1
endloop
endfacet
facet normal 0 0 1
outer loop
vertex 112.30282612647186 -127.09125541418662 1
vertex 130.19593425000008 -126.51970489999994 1
vertex 81.78080809878793 -126.51970489999994 1
endloop
endfacet
facet normal 0 0 1
outer loop
vertex 112.30282612647186 -127.09125541418662 1
vertex 81.78080809878793 -126.51970489999994 1
vertex 85.02223555008091 -127.09125541418662 1
endloop
endfacet
facet normal 0 0 1
outer loop
vertex 130.19593425000008 -126.51970489999994 1
vertex 130.40340142371167 -126.27878237067374 1
vertex 80.41446710038267 -126.27878237067374 1
endloop
endfacet
facet normal 0 0 1
outer loop
vertex 130.19593425000008 -126.51970489999994 1
vertex 80.41446710038267 -126.27878237067374 1
vertex 81.78080809878793 -126.51970489999994 1
endloop
endfacet
facet normal 0 0 1
outer loop
vertex 130.40340142371167 -126.27878237067374 1
vertex 130.6464254482522 -126.07378086628641 1
vertex 79.25184457204321 -126.07378086628641 1
endloop
endfacet
facet normal 0 0 1
outer loop
vertex 130.40340142371167 -126.27878237067374 1
vertex 79.25184457204321 -126.07378086628641 1
vertex 80.41446710038267 -126.27878237067374 1
endloop
endfacet
facet normal 0 0 1
outer loop
vertex 130.6464254482522 -126.07378086628641 1
vertex 130.9188647241649 -125.90988109738844 1
vertex 78.3223218142473 -125.90988109738844 1
endloop
endfacet
facet normal 0 0 1
outer loop
vertex 130.6464254482522 -126.07378086628641 1
vertex 78.3223218142473 -125.90988109738844 1
vertex 79.25184457204321 -126.07378086628641 1
endloop
endfacet
facet normal 0 0 1
outer loop
vertex 130.9188647241649 -125.90988109738844 1
vertex 131.21383428231246 -125.79122506900721 1
vertex 77.6493893295244 -125.79122506900721 1
endloop
endfacet
facet normal 0 0 1
outer loop
vertex 130.9188647241649 -125.90988109738844 1
vertex 77.6493893295244 -125.79122506900721 1
vertex 78.3223218142473 -125.90988109738844 1
endloop
endfacet
facet normal 0 0 1
outer loop
vertex 186.0881380713173 -127.47302860000002 1
vertex 186.3953806041502 -125.73056980000001 1
vertex 132.1576785000001 -125.73056980000001 1
endloop
endfacet
facet normal 0 0 1
outer loop
vertex 186.0881380713173 -127.47302860000002 1
vertex 132.1576785000001 -125.73056980000001 1
vertex 142.03965195000006 -127.47302860000002 1
endloop
endfacet
facet normal 0 0 1
outer loop
vertex 131.21383428231246 -125.79122506900721 1
vertex 131.5238797778765 -125.72081140566488 1
vertex 77.25005318050748 -125.72081140566488 1
endloop
endfacet
facet normal 0 0 1
outer loop
vertex 131.21383428231246 -125.79122506900721 1
vertex 77.25005318050748 -125.72081140566488 1
vertex 77.6493893295244 -125.79122506900721 1
endloop
endfacet
facet normal 0 0 1
outer loop
vertex 131.5238797778765 -125.72081140566488 1
vertex 131.84116587338164 -125.70041957141767 1
vertex 77.13440521996776 -125.70041957141767 1
endloop
endfacet
facet normal 0 0 1
outer loop
vertex 131.5238797778765 -125.72081140566488 1
vertex 77.13440521996776 -125.70041957141767 1
vertex 77.25005318050748 -125.72081140566488 1
endloop
endfacet
facet normal 0 0 1
outer loop
vertex 186.3953806041502 -125.73056980000001 1
vertex 186.40069690350555 -125.70041957141767 1
vertex 131.84116587338164 -125.70041957141767 1
endloop
endfacet
facet normal 0 0 1
outer loop
vertex 186.3953806041502 -125.73056980000001 1
vertex 131.84116587338164 -125.70041957141767 1
vertex 132.1576785000001 -125.73056980000001 1
endloop
endfacet
facet normal 0 0 1
outer loop
vertex 131.84116587338164 -125.70041957141767 1
vertex 186.40069690350555 -125.70041957141767 1
vertex 187.0103285634564 -122.24302700000042 1
endloop
endfacet
facet normal 0 0 1
outer loop
vertex 131.84116587338164 -125.70041957141767 1
vertex 187.0103285634564 -122.24302700000042 1
vertex 89.78541140000324 -122.24302700000042 1
endloop
endfacet
facet normal 0 0 1
outer loop
vertex 131.84116587338164 -125.70041957141767 1
vertex 89.78541140000324 -122.24302700000042 1
vertex 69.43103690534538 -122.24302700000042 1
endloop
endfacet
facet normal 0 0 1
outer loop
vertex 131.84116587338164 -125.70041957141767 1
vertex 69.43103690534538 -122.24302700000042 1
vertex 69.41936795 -122.30920494999998 1
endloop
endfacet
facet normal 0 0 1
outer loop
vertex 131.84116587338164 -125.70041957141767 1
vertex 69.41936795 -122.30920494999998 1
vertex 69.38898551003838 -122.65650003482014 1
endloop
endfacet
facet normal 0 0 1
outer loop
vertex 131.84116587338164 -125.70041957141767 1
vertex 69.38898551003838 -122.65650003482014 1
vertex 69.41937155437512 -123.00379480429999 1
endloop
endfacet
facet normal 0 0 1
outer loop
vertex 131.84116587338164 -125.70041957141767 1
vertex 69.41937155437512 -123.00379480429999 1
vertex 69.50960282608105 -123.34053697006564 1
endloop
endfacet
facet normal 0 0 1
outer loop
vertex 131.84116587338164 -125.70041957141767 1
vertex 69.50960282608105 -123.34053697006564 1
vertex 69.65693771634731 -123.65649487661109 1
endloop
endfacet
facet normal 0 0 1
outer loop
vertex 131.84116587338164 -125.70041957141767 1
vertex 69.65693771634731 -123.65649487661109 1
vertex 69.85689956619096 -123.94206838239462 1
endloop
endfacet
facet normal 0 0 1
outer loop
vertex 131.84116587338164 -125.70041957141767 1
vertex 69.85689956619096 -123.94206838239462 1
vertex 70.10341268634565 -124.18858055286496 1
endloop
endfacet
facet normal 0 0 1
outer loop
vertex 131.84116587338164 -125.70041957141767 1
vertex 70.10341268634565 -124.18858055286496 1
vertex 70.38898696247544 -124.38854130254167 1
endloop
endfacet
facet normal 0 0 1
outer loop
vertex 131.84116587338164 -125.70041957141767 1
vertex 70.38898696247544 -124.38854130254167 1
vertex 70.70494543662271 -124.53587497558617 1
endloop
endfacet
facet normal 0 0 1
outer loop
vertex 131.84116587338164 -125.70041957141767 1
vertex 70.70494543662271 -124.53587497558617 1
vertex 71.04168590000016 -124.62610990000005 1
endloop
endfacet
facet normal 0 0 1
outer loop
vertex 131.84116587338164 -125.70041957141767 1
vertex 71.04168590000016 -124.62610990000005 1
vertex 77.13440521996776 -125.70041957141767 1
endloop
endfacet
facet normal 0 0 1
outer loop
vertex 89.78541140000324 -122.24302700000042 1
vertex 89.5903210779877 -122.2238122804037 1
vertex 69.43442497803349 -122.2238122804037 1
endloop
endfacet
facet normal 0 0 1
outer loop
vertex 89.78541140000324 -122.24302700000042 1
vertex 69.43442497803349 -122.2238122804037 1
vertex 69.43103690534538 -122.24302700000042 1
endloop
endfacet
facet normal 0 0 1
outer loop
vertex 187.0103285634564 -122.24302700000042 1
vertex 187.0137166373188 -122.2238122804037 1
vertex 89.98050172201877 -122.2238122804037 1
endloop
endfacet
facet normal 0 0 1
outer loop
vertex 187.0103285634564 -122.24302700000042 1
vertex 89.98050172201877 -122.2238122804037 1
vertex 89.78541140000324 -122.24302700000042 1
endloop
endfacet
facet normal 0 0 1
outer loop
vertex 89.5903210779877 -122.2238122804037 1
vertex 89.40272796762369 -122.1669065325072 1
vertex 69.44445899436529 -122.1669065325072 1
endloop
endfacet
facet normal 0 0 1
outer loop
vertex 89.5903210779877 -122.2238122804037 1
vertex 69.44445899436529 -122.1669065325072 1
vertex 69.43442497803349 -122.2238122804037 1
endloop
endfacet
facet normal 0 0 1
outer loop
vertex 187.0137166373188 -122.2238122804037 1
vertex 187.0237506571283 -122.1669065325072 1
vertex 90.16809483237242 -122.1669065325072 1
endloop
endfacet
facet normal 0 0 1
outer loop
vertex 187.0137166373188 -122.2238122804037 1
vertex 90.16809483237242 -122.1669065325072 1
vertex 89.98050172201877 -122.2238122804037 1
endloop
endfacet
facet normal 0 0 1
outer loop
vertex 89.40272796762369 -122.1669065325072 1
vertex 89.2298411669841 -122.07449661230643 1
vertex 69.4607533527173 -122.07449661230643 1
endloop
endfacet
facet normal 0 0 1
outer loop
vertex 89.40272796762369 -122.1669065325072 1
vertex 69.4607533527173 -122.07449661230643 1
vertex 69.44445899436529 -122.1669065325072 1
endloop
endfacet
facet normal 0 0 1
outer loop
vertex 187.0237506571283 -122.1669065325072 1
vertex 187.04004502112784 -122.07449661230643 1
vertex 90.34098163300943 -122.07449661230643 1
endloop
endfacet
facet normal 0 0 1
outer loop
vertex 187.0237506571283 -122.1669065325072 1
vertex 90.34098163300943 -122.07449661230643 1
vertex 90.16809483237242 -122.1669065325072 1
endloop
endfacet
facet normal 0 0 1
outer loop
vertex 89.2298411669841 -122.07449661230643 1
vertex 89.07830461881156 -121.95013378118584 1
vertex 69.48268187004041 -121.95013378118584 1
endloop
endfacet
facet normal 0 0 1
outer loop
vertex 89.2298411669841 -122.07449661230643 1
vertex 69.48268187004041 -121.95013378118584 1
vertex 69.4607533527173 -122.07449661230643 1
endloop
endfacet
facet normal 0 0 1
outer loop
vertex 187.04004502112784 -122.07449661230643 1
vertex 187.0619735460512 -121.95013378118584 1
vertex 90.4925181811909 -121.95013378118584 1
endloop
endfacet
facet normal 0 0 1
outer loop
vertex 187.04004502112784 -122.07449661230643 1
vertex 90.4925181811909 -121.95013378118584 1
vertex 90.34098163300943 -122.07449661230643 1
endloop
endfacet
facet normal 0 0 1
outer loop
vertex 89.07830461881156 -121.95013378118584 1
vertex 88.95394178769997 -121.79859723302427 1
vertex 69.5094018457076 -121.79859723302427 1
endloop
endfacet
facet normal 0 0 1
outer loop
vertex 89.07830461881156 -121.95013378118584 1
vertex 69.5094018457076 -121.79859723302427 1
vertex 69.48268187004041 -121.95013378118584 1
endloop
endfacet
facet normal 0 0 1
outer loop
vertex 187.0619735460512 -121.95013378118584 1
vertex 187.08869353097936 -121.79859723302427 1
vertex 90.61688101229791 -121.79859723302427 1
endloop
endfacet
facet normal 0 0 1
outer loop
vertex 187.0619735460512 -121.95013378118584 1
vertex 90.61688101229791 -121.79859723302427 1
vertex 90.4925181811909 -121.95013378118584 1
endloop
endfacet
facet normal 0 0 1
outer loop
vertex 88.95394178769997 -121.79859723302427 1
vertex 88.86153186749027 -121.62571043236794 1
vertex 69.53988644604169 -121.62571043236794 1
endloop
endfacet
facet normal 0 0 1
outer loop
vertex 88.95394178769997 -121.79859723302427 1
vertex 69.53988644604169 -121.62571043236794 1
vertex 69.5094018457076 -121.79859723302427 1
endloop
endfacet
facet normal 0 0 1
outer loop
vertex 187.08869353097936 -121.79859723302427 1
vertex 187.11917814187922 -121.62571043236794 1
vertex 90.70929093251102 -121.62571043236794 1
endloop
endfacet
facet normal 0 0 1
outer loop
vertex 187.08869353097936 -121.79859723302427 1
vertex 90.70929093251102 -121.62571043236794 1
vertex 90.61688101229791 -121.79859723302427 1
endloop
endfacet
facet normal 0 0 1
outer loop
vertex 88.86153186749027 -121.62571043236794 1
vertex 88.80462611959628 -121.43811732201218 1
vertex 69.57296416494745 -121.43811732201218 1
endloop
endfacet
facet normal 0 0 1
outer loop
vertex 88.86153186749027 -121.62571043236794 1
vertex 69.57296416494745 -121.43811732201218 1
vertex 69.53988644604169 -121.62571043236794 1
endloop
endfacet
facet normal 0 0 1
outer loop
vertex 187.11917814187922 -121.62571043236794 1
vertex 187.1522558722495 -121.43811732201218 1
vertex 90.76619668040377 -121.43811732201218 1
endloop
endfacet
facet normal 0 0 1
outer loop
vertex 187.11917814187922 -121.62571043236794 1
vertex 90.76619668040377 -121.43811732201218 1
vertex 90.70929093251102 -121.62571043236794 1
endloop
endfacet
facet normal 0 0 1
outer loop
vertex 88.80462611959628 -121.43811732201218 1
vertex 88.78541139999997 -121.24302700000021 1
vertex 69.60736384423477 -121.24302700000021 1
endloop
endfacet
facet normal 0 0 1
outer loop
vertex 88.80462611959628 -121.43811732201218 1
vertex 69.60736384423477 -121.24302700000021 1
vertex 69.57296416494745 -121.43811732201218 1
endloop
endfacet
facet normal 0 0 1
outer loop
vertex 187.1522558722495 -121.43811732201218 1
vertex 187.18665556345948 -121.24302700000021 1
vertex 90.78541140000007 -121.24302700000021 1
endloop
endfacet
facet normal 0 0 1
outer loop
vertex 187.1522558722495 -121.43811732201218 1
vertex 90.78541140000007 -121.24302700000021 1
vertex 90.76619668040377 -121.43811732201218 1
endloop
endfacet
facet normal 0 0 1
outer loop
vertex 88.78541139999997 -121.24302700000021 1
vertex 88.8046261195971 -121.04793667799652 1
vertex 69.64176352352061 -121.04793667799652 1
endloop
endfacet
facet normal 0 0 1
outer loop
vertex 88.78541139999997 -121.24302700000021 1
vertex 69.64176352352061 -121.04793667799652 1
vertex 69.60736384423477 -121.24302700000021 1
endloop
endfacet
facet normal 0 0 1
outer loop
vertex 187.18665556345948 -121.24302700000021 1
vertex 187.22105525466802 -121.04793667799652 1
vertex 90.76619668040452 -121.04793667799652 1
endloop
endfacet
facet normal 0 0 1
outer loop
vertex 187.18665556345948 -121.24302700000021 1
vertex 90.76619668040452 -121.04793667799652 1
vertex 90.78541140000007 -121.24302700000021 1
endloop
endfacet
facet normal 0 0 1
outer loop
vertex 88.8046261195971 -121.04793667799652 1
vertex 88.8615318674859 -120.86034356762237 1
vertex 69.67484124242961 -120.86034356762237 1
endloop
endfacet
facet normal 0 0 1
outer loop
vertex 88.8046261195971 -121.04793667799652 1
vertex 69.67484124242961 -120.86034356762237 1
vertex 69.64176352352061 -121.04793667799652 1
endloop
endfacet
facet normal 0 0 1
outer loop
vertex 187.22105525466802 -121.04793667799652 1
vertex 187.25413298504154 -120.86034356762237 1
vertex 90.70929093250494 -120.86034356762237 1
endloop
endfacet
facet normal 0 0 1
outer loop
vertex 187.22105525466802 -121.04793667799652 1
vertex 90.70929093250494 -120.86034356762237 1
vertex 90.76619668040452 -121.04793667799652 1
endloop
endfacet
facet normal 0 0 1
outer loop
vertex 88.8615318674859 -120.86034356762237 1
vertex 88.95394178770138 -120.6874567669786 1
vertex 69.7053258427615 -120.6874567669786 1
endloop
endfacet
facet normal 0 0 1
outer loop
vertex 88.8615318674859 -120.86034356762237 1
vertex 69.7053258427615 -120.6874567669786 1
vertex 69.67484124242961 -120.86034356762237 1
endloop
endfacet
facet normal 0 0 1
outer loop
vertex 187.25413298504154 -120.86034356762237 1
vertex 187.28461759593918 -120.6874567669786 1
vertex 90.61688101230195 -120.6874567669786 1
endloop
endfacet
facet normal 0 0 1
outer loop
vertex 187.25413298504154 -120.86034356762237 1
vertex 90.61688101230195 -120.6874567669786 1
vertex 90.70929093250494 -120.86034356762237 1
endloop
endfacet
facet normal 0 0 1
outer loop
vertex 88.95394178770138 -120.6874567669786 1
vertex 89.0783046188126 -120.53592021881812 1
vertex 69.73204581842849 -120.53592021881812 1
endloop
endfacet
facet normal 0 0 1
outer loop
vertex 88.95394178770138 -120.6874567669786 1
vertex 69.73204581842849 -120.53592021881812 1
vertex 69.7053258427615 -120.6874567669786 1
endloop
endfacet
facet normal 0 0 1
outer loop
vertex 187.28461759593918 -120.6874567669786 1
vertex 187.31133758086713 -120.53592021881812 1
vertex 90.49251818119126 -120.53592021881812 1
endloop
endfacet
facet normal 0 0 1
outer loop
vertex 187.28461759593918 -120.6874567669786 1
vertex 90.49251818119126 -120.53592021881812 1
vertex 90.61688101230195 -120.6874567669786 1
endloop
endfacet
facet normal 0 0 1
outer loop
vertex 89.0783046188126 -120.53592021881812 1
vertex 89.22984116698211 -120.4115573876899 1
vertex 69.75397433575294 -120.4115573876899 1
endloop
endfacet
facet normal 0 0 1
outer loop
vertex 89.0783046188126 -120.53592021881812 1
vertex 69.75397433575294 -120.4115573876899 1
vertex 69.73204581842849 -120.53592021881812 1
endloop
endfacet
facet normal 0 0 1
outer loop
vertex 187.31133758086713 -120.53592021881812 1
vertex 187.33326610579186 -120.4115573876899 1
vertex 90.3409816330094 -120.4115573876899 1
endloop
endfacet
facet normal 0 0 1
outer loop
vertex 187.31133758086713 -120.53592021881812 1
vertex 90.3409816330094 -120.4115573876899 1
vertex 90.49251818119126 -120.53592021881812 1
endloop
endfacet
facet normal 0 0 1
outer loop
vertex 89.22984116698211 -120.4115573876899 1
vertex 89.4027279676339 -120.31914746749614 1
vertex 69.77026869410372 -120.31914746749614 1
endloop
endfacet
facet normal 0 0 1
outer loop
vertex 89.22984116698211 -120.4115573876899 1
vertex 69.77026869410372 -120.31914746749614 1
vertex 69.75397433575294 -120.4115573876899 1
endloop
endfacet
facet normal 0 0 1
outer loop
vertex 187.33326610579186 -120.4115573876899 1
vertex 187.34956046979016 -120.31914746749614 1
vertex 90.16809483238295 -120.31914746749614 1
endloop
endfacet
facet normal 0 0 1
outer loop
vertex 187.33326610579186 -120.4115573876899 1
vertex 90.16809483238295 -120.31914746749614 1
vertex 90.3409816330094 -120.4115573876899 1
endloop
endfacet
facet normal 0 0 1
outer loop
vertex 89.4027279676339 -120.31914746749614 1
vertex 89.59032107798262 -120.26224171959655 1
vertex 69.78030271043606 -120.26224171959655 1
endloop
endfacet
facet normal 0 0 1
outer loop
vertex 89.4027279676339 -120.31914746749614 1
vertex 69.78030271043606 -120.26224171959655 1
vertex 69.77026869410372 -120.31914746749614 1
endloop
endfacet
facet normal 0 0 1
outer loop
vertex 187.34956046979016 -120.31914746749614 1
vertex 187.35959448960023 -120.26224171959655 1
vertex 89.98050172200873 -120.26224171959655 1
endloop
endfacet
facet normal 0 0 1
outer loop
vertex 187.34956046979016 -120.31914746749614 1
vertex 89.98050172200873 -120.26224171959655 1
vertex 90.16809483238295 -120.31914746749614 1
endloop
endfacet
facet normal 0 0 1
outer loop
vertex 89.59032107798262 -120.26224171959655 1
vertex 89.78541139999754 -120.24302700000025 1
vertex 69.7836907831241 -120.24302700000025 1
endloop
endfacet
facet normal 0 0 1
outer loop
vertex 89.59032107798262 -120.26224171959655 1
vertex 69.7836907831241 -120.24302700000025 1
vertex 69.78030271043606 -120.26224171959655 1
endloop
endfacet
facet normal 0 0 1
outer loop
vertex 187.35959448960023 -120.26224171959655 1
vertex 187.36298256346254 -120.24302700000025 1
vertex 89.78541139999754 -120.24302700000025 1
endloop
endfacet
facet normal 0 0 1
outer loop
vertex 187.35959448960023 -120.26224171959655 1
vertex 89.78541139999754 -120.24302700000025 1
vertex 89.98050172200873 -120.26224171959655 1
endloop
endfacet
facet normal 0 0 1
outer loop
vertex 89.78541139999754 -120.24302700000025 1
vertex 187.36298256346254 -120.24302700000025 1
vertex 189.45838647360856 -108.35940219999942 1
endloop
endfacet
facet normal 0 0 1
outer loop
vertex 89.78541139999754 -120.24302700000025 1
vertex 189.45838647360856 -108.35940219999942 1
vertex 73.5002207999995 -108.35940219999942 1
endloop
endfacet
facet normal 0 0 1
outer loop
vertex 89.78541139999754 -120.24302700000025 1
vertex 73.5002207999995 -108.35940219999942 1
vertex 71.87909396701764 -108.35940219999942 1
endloop
endfacet
facet normal 0 0 1
outer loop
vertex 89.78541139999754 -120.24302700000025 1
vertex 71.87909396701764 -108.35940219999942 1
vertex 69.7836907831241 -120.24302700000025 1
endloop
endfacet
facet normal 0 0 1
outer loop
vertex 73.5002207999995 -108.35940219999942 1
vertex 71.92797691052603 -108.08217318544104 1
vertex 71.87909396701764 -108.35940219999942 1
endloop
endfacet
facet normal 0 0 1
outer loop
vertex 189.45838647360856 -108.35940219999942 1
vertex 190.31260927265114 -103.51486449999997 1
vertex 131.67390300000912 -103.51486449999997 1
endloop
endfacet
facet normal 0 0 1
outer loop
vertex 189.45838647360856 -108.35940219999942 1
vertex 131.67390300000912 -103.51486449999997 1
vertex 74.35444345406825 -103.51486449999997 1
endloop
endfacet
facet normal 0 0 1
outer loop
vertex 189.45838647360856 -108.35940219999942 1
vertex 74.35444345406825 -103.51486449999997 1
vertex 73.5002207999995 -108.35940219999942 1
endloop
endfacet
facet normal 0 0 1
outer loop
vertex 131.67390300000912 -103.51486449999997 1
vertex 131.4788126779813 -103.49564978040205 1
vertex 74.35783152735584 -103.49564978040205 1
endloop
endfacet
facet normal 0 0 1
outer loop
vertex 131.67390300000912 -103.51486449999997 1
vertex 74.35783152735584 -103.49564978040205 1
vertex 74.35444345406825 -103.51486449999997 1
endloop
endfacet
facet normal 0 0 1
outer loop
vertex 190.31260927265114 -103.51486449999997 1
vertex 190.31599734651377 -103.49564978040205 1
vertex 131.86899332203694 -103.49564978040205 1
endloop
endfacet
facet normal 0 0 1
outer loop
vertex 190.31260927265114 -103.51486449999997 1
vertex 131.86899332203694 -103.49564978040205 1
vertex 131.67390300000912 -103.51486449999997 1
endloop
endfacet
facet normal 0 0 1
outer loop
vertex 131.4788126779813 -103.49564978040205 1
vertex 131.2912195676393 -103.43874403251223 1
vertex 74.36786554546127 -103.43874403251223 1
endloop
endfacet
facet normal 0 0 1
outer loop
vertex 131.4788126779813 -103.49564978040205 1
vertex 74.36786554546127 -103.43874403251223 1
vertex 74.35783152735584 -103.49564978040205 1
endloop
endfacet
facet normal 0 0 1
outer loop
vertex 190.31599734651377 -103.49564978040205 1
vertex 190.3260313663221 -103.43874403251223 1
vertex 132.05658643236018 -103.43874403251223 1
endloop
endfacet
facet normal 0 0 1
outer loop
vertex 190.31599734651377 -103.49564978040205 1
vertex 132.05658643236018 -103.43874403251223 1
vertex 131.86899332203694 -103.49564978040205 1
endloop
endfacet
facet normal 0 0 1
outer loop
vertex 131.2912195676393 -103.43874403251223 1
vertex 131.11833276697223 -103.34633411229677 1
vertex 74.38415990669799 -103.34633411229677 1
endloop
endfacet
facet normal 0 0 1
outer loop
vertex 131.2912195676393 -103.43874403251223 1
vertex 74.38415990669799 -103.34633411229677 1
vertex 74.36786554546127 -103.43874403251223 1
endloop
endfacet
facet normal 0 0 1
outer loop
vertex 190.3260313663221 -103.43874403251223 1
vertex 190.3423257303242 -103.34633411229677 1
vertex 132.22947323303143 -103.34633411229677 1
endloop
endfacet
facet normal 0 0 1
outer loop
vertex 190.3260313663221 -103.43874403251223 1
vertex 132.22947323303143 -103.34633411229677 1
vertex 132.05658643236018 -103.43874403251223 1
endloop
endfacet
facet normal 0 0 1
outer loop
vertex 131.11833276697223 -103.34633411229677 1
vertex 130.9667962188188 -103.22197128119188 1
vertex 74.40608842789702 -103.22197128119188 1
endloop
endfacet
facet normal 0 0 1
outer loop
vertex 131.11833276697223 -103.34633411229677 1
vertex 74.40608842789702 -103.22197128119188 1
vertex 74.38415990669799 -103.34633411229677 1
endloop
endfacet
facet normal 0 0 1
outer loop
vertex 190.3423257303242 -103.34633411229677 1
vertex 190.36425425524482 -103.22197128119188 1
vertex 132.3810097811736 -103.22197128119188 1
endloop
endfacet
facet normal 0 0 1
outer loop
vertex 190.3423257303242 -103.34633411229677 1
vertex 132.3810097811736 -103.22197128119188 1
vertex 132.22947323303143 -103.34633411229677 1
endloop
endfacet
facet normal 0 0 1
outer loop
vertex 130.9667962188188 -103.22197128119188 1
vertex 130.84243338768943 -103.07043473300863 1
vertex 74.43280840829424 -103.07043473300863 1
endloop
endfacet
facet normal 0 0 1
outer loop
vertex 130.9667962188188 -103.22197128119188 1
vertex 74.43280840829424 -103.07043473300863 1
vertex 74.40608842789702 -103.22197128119188 1
endloop
endfacet
facet normal 0 0 1
outer loop
vertex 190.36425425524482 -103.22197128119188 1
vertex 190.3909742401768 -103.07043473300863 1
vertex 132.5053726123141 -103.07043473300863 1
endloop
endfacet
facet normal 0 0 1
outer loop
vertex 190.36425425524482 -103.22197128119188 1
vertex 132.5053726123141 -103.07043473300863 1
vertex 132.3810097811736 -103.22197128119188 1
endloop
endfacet
facet normal 0 0 1
outer loop
vertex 130.84243338768943 -103.07043473300863 1
vertex 130.75002346749145 -102.89754793237418 1
vertex 74.46329301401654 -102.89754793237418 1
endloop
endfacet
facet normal 0 0 1
outer loop
vertex 130.84243338768943 -103.07043473300863 1
vertex 74.46329301401654 -102.89754793237418 1
vertex 74.43280840829424 -103.07043473300863 1
endloop
endfacet
facet normal 0 0 1
outer loop
vertex 190.3909742401768 -103.07043473300863 1
vertex 190.4214588510728 -102.89754793237418 1
vertex 132.59778253250465 -102.89754793237418 1
endloop
endfacet
facet normal 0 0 1
outer loop
vertex 190.3909742401768 -103.07043473300863 1
vertex 132.59778253250465 -102.89754793237418 1
vertex 132.5053726123141 -103.07043473300863 1
endloop
endfacet
facet normal 0 0 1
outer loop
vertex 130.75002346749145 -102.89754793237418 1
vertex 130.69311771959755 -102.70995482201882 1
vertex 74.496370738773 -102.70995482201882 1
endloop
endfacet
facet normal 0 0 1
outer loop
vertex 130.75002346749145 -102.89754793237418 1
vertex 74.496370738773 -102.70995482201882 1
vertex 74.46329301401654 -102.89754793237418 1
endloop
endfacet
facet normal 0 0 1
outer loop
vertex 190.4214588510728 -102.89754793237418 1
vertex 190.454536581443 -102.70995482201882 1
vertex 132.65468828040295 -102.70995482201882 1
endloop
endfacet
facet normal 0 0 1
outer loop
vertex 190.4214588510728 -102.89754793237418 1
vertex 132.65468828040295 -102.70995482201882 1
vertex 132.59778253250465 -102.89754793237418 1
endloop
endfacet
facet normal 0 0 1
outer loop
vertex 130.69311771959755 -102.70995482201882 1
vertex 130.67390300000005 -102.51486450000087 1
vertex 74.53077042414593 -102.51486450000087 1
endloop
endfacet
facet normal 0 0 1
outer loop
vertex 130.69311771959755 -102.70995482201882 1
vertex 74.53077042414593 -102.51486450000087 1
vertex 74.496370738773 -102.70995482201882 1
endloop
endfacet
facet normal 0 0 1
outer loop
vertex 190.454536581443 -102.70995482201882 1
vertex 190.48893627265406 -102.51486450000087 1
vertex 132.67390300000002 -102.51486450000087 1
endloop
endfacet
facet normal 0 0 1
outer loop
vertex 190.454536581443 -102.70995482201882 1
vertex 132.67390300000002 -102.51486450000087 1
vertex 132.65468828040295 -102.70995482201882 1
endloop
endfacet
facet normal 0 0 1
outer loop
vertex 130.67390300000005 -102.51486450000087 1
vertex 130.68023686396018 -102.4505556999995 1
vertex 74.5421097999995 -102.4505556999995 1
endloop
endfacet
facet normal 0 0 1
outer loop
vertex 130.67390300000005 -102.51486450000087 1
vertex 74.5421097999995 -102.4505556999995 1
vertex 74.53077042414593 -102.51486450000087 1
endloop
endfacet
facet normal 0 0 1
outer loop
vertex 130.68023686396018 -102.4505556999995 1
vertex 130.69311771959624 -102.31977417798377 1
vertex 73.80041092272721 -102.31977417798377 1
endloop
endfacet
facet normal 0 0 1
outer loop
vertex 130.68023686396018 -102.4505556999995 1
vertex 73.80041092272721 -102.31977417798377 1
vertex 74.5421097999995 -102.4505556999995 1
endloop
endfacet
facet normal 0 0 1
outer loop
vertex 190.48893627265406 -102.51486450000087 1
vertex 190.52333596386495 -102.31977417798377 1
vertex 132.65468828040318 -102.31977417798377 1
endloop
endfacet
facet normal 0 0 1
outer loop
vertex 190.48893627265406 -102.51486450000087 1
vertex 132.65468828040318 -102.31977417798377 1
vertex 132.67390300000002 -102.51486450000087 1
endloop
endfacet
facet normal 0 0 1
outer loop
vertex 130.69311771959624 -102.31977417798377 1
vertex 130.75002346748857 -102.13218106762811 1
vertex 72.97712080707565 -102.13218106762811 1
endloop
endfacet
facet normal 0 0 1
outer loop
vertex 130.69311771959624 -102.31977417798377 1
vertex 72.97712080707565 -102.13218106762811 1
vertex 72.96986573179494 -102.173326653926 1
endloop
endfacet
facet normal 0 0 1
outer loop
vertex 130.69311771959624 -102.31977417798377 1
vertex 72.96986573179494 -102.173326653926 1
vertex 73.80041092272721 -102.31977417798377 1
endloop
endfacet
facet normal 0 0 1
outer loop
vertex 190.52333596386495 -102.31977417798377 1
vertex 190.5564136942352 -102.13218106762811 1
vertex 132.5977825325092 -102.13218106762811 1
endloop
endfacet
facet normal 0 0 1
outer loop
vertex 190.52333596386495 -102.31977417798377 1
vertex 132.5977825325092 -102.13218106762811 1
vertex 132.65468828040318 -102.31977417798377 1
endloop
endfacet
facet normal 0 0 1
outer loop
vertex 130.75002346748857 -102.13218106762811 1
vertex 130.84243338769673 -101.95929426696608 1
vertex 73.00760540741076 -101.95929426696608 1
endloop
endfacet
facet normal 0 0 1
outer loop
vertex 130.75002346748857 -102.13218106762811 1
vertex 73.00760540741076 -101.95929426696608 1
vertex 72.97712080707565 -102.13218106762811 1
endloop
endfacet
facet normal 0 0 1
outer loop
vertex 190.5564136942352 -102.13218106762811 1
vertex 190.58689830513606 -101.95929426696608 1
vertex 132.50537261229647 -101.95929426696608 1
endloop
endfacet
facet normal 0 0 1
outer loop
vertex 190.5564136942352 -102.13218106762811 1
vertex 132.50537261229647 -101.95929426696608 1
vertex 132.5977825325092 -102.13218106762811 1
endloop
endfacet
facet normal 0 0 1
outer loop
vertex 130.84243338769673 -101.95929426696608 1
vertex 130.96679621881424 -101.80775771881778 1
vertex 73.03432538307561 -101.80775771881778 1
endloop
endfacet
facet normal 0 0 1
outer loop
vertex 130.84243338769673 -101.95929426696608 1
vertex 73.03432538307561 -101.80775771881778 1
vertex 73.00760540741076 -101.95929426696608 1
endloop
endfacet
facet normal 0 0 1
outer loop
vertex 190.58689830513606 -101.95929426696608 1
vertex 190.61361829006188 -101.80775771881778 1
vertex 132.38100978119576 -101.80775771881778 1
endloop
endfacet
facet normal 0 0 1
outer loop
vertex 190.58689830513606 -101.95929426696608 1
vertex 132.38100978119576 -101.80775771881778 1
vertex 132.50537261229647 -101.95929426696608 1
endloop
endfacet
facet normal 0 0 1
outer loop
vertex 130.96679621881424 -101.80775771881778 1
vertex 131.11833276698084 -101.68339488770448 1
vertex 73.05625390039742 -101.68339488770448 1
endloop
endfacet
facet normal 0 0 1
outer loop
vertex 130.96679621881424 -101.80775771881778 1
vertex 73.05625390039742 -101.68339488770448 1
vertex 73.03432538307561 -101.80775771881778 1
endloop
endfacet
facet normal 0 0 1
outer loop
vertex 190.61361829006188 -101.80775771881778 1
vertex 190.63554681498397 -101.68339488770448 1
vertex 132.22947323303208 -101.68339488770448 1
endloop
endfacet
facet normal 0 0 1
outer loop
vertex 190.61361829006188 -101.80775771881778 1
vertex 132.22947323303208 -101.68339488770448 1
vertex 132.38100978119576 -101.80775771881778 1
endloop
endfacet
facet normal 0 0 1
outer loop
vertex 131.11833276698084 -101.68339488770448 1
vertex 131.29121956764084 -101.59098496748439 1
vertex 73.07254825875285 -101.59098496748439 1
endloop
endfacet
facet normal 0 0 1
outer loop
vertex 131.11833276698084 -101.68339488770448 1
vertex 73.07254825875285 -101.59098496748439 1
vertex 73.05625390039742 -101.68339488770448 1
endloop
endfacet
facet normal 0 0 1
outer loop
vertex 190.63554681498397 -101.68339488770448 1
vertex 190.6518411789869 -101.59098496748439 1
vertex 132.05658643235637 -101.59098496748439 1
endloop
endfacet
facet normal 0 0 1
outer loop
vertex 190.63554681498397 -101.68339488770448 1
vertex 132.05658643235637 -101.59098496748439 1
vertex 132.22947323303208 -101.68339488770448 1
endloop
endfacet
facet normal 0 0 1
outer loop
vertex 131.29121956764084 -101.59098496748439 1
vertex 131.47881267797288 -101.53407921959628 1
vertex 73.08258227508315 -101.53407921959628 1
endloop
endfacet
facet normal 0 0 1
outer loop
vertex 131.29121956764084 -101.59098496748439 1
vertex 73.08258227508315 -101.53407921959628 1
vertex 73.07254825875285 -101.59098496748439 1
endloop
endfacet
facet normal 0 0 1
outer loop
vertex 190.6518411789869 -101.59098496748439 1
vertex 190.66187519879495 -101.53407921959628 1
vertex 131.86899332202 -101.53407921959628 1
endloop
endfacet
facet normal 0 0 1
outer loop
vertex 190.6518411789869 -101.59098496748439 1
vertex 131.86899332202 -101.53407921959628 1
vertex 132.05658643235637 -101.59098496748439 1
endloop
endfacet
facet normal 0 0 1
outer loop
vertex 131.47881267797288 -101.53407921959628 1
vertex 131.67390300000704 -101.51486449999982 1
vertex 73.08597034777122 -101.51486449999982 1
endloop
endfacet
facet normal 0 0 1
outer loop
vertex 131.47881267797288 -101.53407921959628 1
vertex 73.08597034777122 -101.51486449999982 1
vertex 73.08258227508315 -101.53407921959628 1
endloop
endfacet
facet normal 0 0 1
outer loop
vertex 190.66187519879495 -101.53407921959628 1
vertex 190.66526327265728 -101.51486449999982 1
vertex 131.67390300000704 -101.51486449999982 1
endloop
endfacet
facet normal 0 0 1
outer loop
vertex 190.66187519879495 -101.53407921959628 1
vertex 131.67390300000704 -101.51486449999982 1
vertex 131.86899332202 -101.53407921959628 1
endloop
endfacet
facet normal 0 0 1
outer loop
vertex 131.67390300000704 -101.51486449999982 1
vertex 190.66526327265728 -101.51486449999982 1
vertex 190.8475720427066 -100.48094019999952 1
endloop
endfacet
facet normal 0 0 1
outer loop
vertex 131.67390300000704 -101.51486449999982 1
vertex 190.8475720427066 -100.48094019999952 1
vertex 74.88940619999974 -100.48094019999952 1
endloop
endfacet
facet normal 0 0 1
outer loop
vertex 131.67390300000704 -101.51486449999982 1
vertex 74.88940619999974 -100.48094019999952 1
vertex 73.26827905463357 -100.48094019999952 1
endloop
endfacet
facet normal 0 0 1
outer loop
vertex 131.67390300000704 -101.51486449999982 1
vertex 73.26827905463357 -100.48094019999952 1
vertex 73.08597034777122 -101.51486449999982 1
endloop
endfacet
facet normal 0 0 1
outer loop
vertex 74.88940619999974 -100.48094019999952 1
vertex 73.31716200756149 -100.20371113202027 1
vertex 73.26827905463357 -100.48094019999952 1
endloop
endfacet
facet normal 0 0 1
outer loop
vertex 190.8475720427066 -100.48094019999952 1
vertex 191.64152595575953 -95.97820430000012 1
vertex 94.41660830000015 -95.97820430000012 1
endloop
endfacet
facet normal 0 0 1
outer loop
vertex 190.8475720427066 -100.48094019999952 1
vertex 94.41660830000015 -95.97820430000012 1
vertex 75.68336003926996 -95.97820430000012 1
endloop
endfacet
facet normal 0 0 1
outer loop
vertex 190.8475720427066 -100.48094019999952 1
vertex 75.68336003926996 -95.97820430000012 1
vertex 74.88940619999974 -100.48094019999952 1
endloop
endfacet
facet normal 0 0 1
outer loop
vertex 94.41660830000015 -95.97820430000012 1
vertex 94.22151797798651 -95.95898958040358 1
vertex 75.68674811281745 -95.95898958040358 1
endloop
endfacet
facet normal 0 0 1
outer loop
vertex 94.41660830000015 -95.97820430000012 1
vertex 75.68674811281745 -95.95898958040358 1
vertex 75.68336003926996 -95.97820430000012 1
endloop
endfacet
facet normal 0 0 1
outer loop
vertex 191.64152595575953 -95.97820430000012 1
vertex 191.6449140296219 -95.95898958040358 1
vertex 94.61169862201388 -95.95898958040358 1
endloop
endfacet
facet normal 0 0 1
outer loop
vertex 191.64152595575953 -95.97820430000012 1
vertex 94.61169862201388 -95.95898958040358 1
vertex 94.41660830000015 -95.97820430000012 1
endloop
endfacet
facet normal 0 0 1
outer loop
vertex 94.22151797798651 -95.95898958040358 1
vertex 94.03392486764162 -95.90208383251289 1
vertex 75.6967821316935 -95.90208383251289 1
endloop
endfacet
facet normal 0 0 1
outer loop
vertex 94.22151797798651 -95.95898958040358 1
vertex 75.6967821316935 -95.90208383251289 1
vertex 75.68674811281745 -95.95898958040358 1
endloop
endfacet
facet normal 0 0 1
outer loop
vertex 191.6449140296219 -95.95898958040358 1
vertex 191.6549480494304 -95.90208383251289 1
vertex 94.79929173235882 -95.90208383251289 1
endloop
endfacet
facet normal 0 0 1
outer loop
vertex 191.6449140296219 -95.95898958040358 1
vertex 94.79929173235882 -95.90208383251289 1
vertex 94.61169862201388 -95.95898958040358 1
endloop
endfacet
facet normal 0 0 1
outer loop
vertex 94.03392486764162 -95.90208383251289 1
vertex 93.86103806696998 -95.80967391229498 1
vertex 75.71307649418179 -95.80967391229498 1
endloop
endfacet
facet normal 0 0 1
outer loop
vertex 94.03392486764162 -95.90208383251289 1
vertex 75.71307649418179 -95.80967391229498 1
vertex 75.6967821316935 -95.90208383251289 1
endloop
endfacet
facet normal 0 0 1
outer loop
vertex 191.6549480494304 -95.90208383251289 1
vertex 191.67124241343294 -95.80967391229498 1
vertex 94.97217853303529 -95.80967391229498 1
endloop
endfacet
facet normal 0 0 1
outer loop
vertex 191.6549480494304 -95.90208383251289 1
vertex 94.97217853303529 -95.80967391229498 1
vertex 94.79929173235882 -95.90208383251289 1
endloop
endfacet
facet normal 0 0 1
outer loop
vertex 93.86103806696998 -95.80967391229498 1
vertex 93.70950151881789 -95.68531108119119 1
vertex 75.73500501706437 -95.68531108119119 1
endloop
endfacet
facet normal 0 0 1
outer loop
vertex 93.86103806696998 -95.80967391229498 1
vertex 75.73500501706437 -95.68531108119119 1
vertex 75.71307649418179 -95.80967391229498 1
endloop
endfacet
facet normal 0 0 1
outer loop
vertex 191.67124241343294 -95.80967391229498 1
vertex 191.69317093835335 -95.68531108119119 1
vertex 95.12371508117589 -95.68531108119119 1
endloop
endfacet
facet normal 0 0 1
outer loop
vertex 191.67124241343294 -95.80967391229498 1
vertex 95.12371508117589 -95.68531108119119 1
vertex 94.97217853303529 -95.80967391229498 1
endloop
endfacet
facet normal 0 0 1
outer loop
vertex 93.70950151881789 -95.68531108119119 1
vertex 93.58513868769774 -95.53377453301918 1
vertex 75.76172499951126 -95.53377453301918 1
endloop
endfacet
facet normal 0 0 1
outer loop
vertex 93.70950151881789 -95.68531108119119 1
vertex 75.76172499951126 -95.53377453301918 1
vertex 75.73500501706437 -95.68531108119119 1
endloop
endfacet
facet normal 0 0 1
outer loop
vertex 191.69317093835335 -95.68531108119119 1
vertex 191.71989092328334 -95.53377453301918 1
vertex 95.24807791230475 -95.53377453301918 1
endloop
endfacet
facet normal 0 0 1
outer loop
vertex 191.69317093835335 -95.68531108119119 1
vertex 95.24807791230475 -95.53377453301918 1
vertex 95.12371508117589 -95.68531108119119 1
endloop
endfacet
facet normal 0 0 1
outer loop
vertex 93.58513868769774 -95.53377453301918 1
vertex 93.4927287674881 -95.36088773236301 1
vertex 75.79220960757812 -95.36088773236301 1
endloop
endfacet
facet normal 0 0 1
outer loop
vertex 93.58513868769774 -95.53377453301918 1
vertex 75.79220960757812 -95.36088773236301 1
vertex 75.76172499951126 -95.53377453301918 1
endloop
endfacet
facet normal 0 0 1
outer loop
vertex 191.71989092328334 -95.53377453301918 1
vertex 191.75037553418318 -95.36088773236301 1
vertex 95.34048783251382 -95.36088773236301 1
endloop
endfacet
facet normal 0 0 1
outer loop
vertex 191.71989092328334 -95.53377453301918 1
vertex 95.34048783251382 -95.36088773236301 1
vertex 95.24807791230475 -95.53377453301918 1
endloop
endfacet
facet normal 0 0 1
outer loop
vertex 93.4927287674881 -95.36088773236301 1
vertex 93.43582301959746 -95.17329462201833 1
vertex 75.8252873348725 -95.17329462201833 1
endloop
endfacet
facet normal 0 0 1
outer loop
vertex 93.4927287674881 -95.36088773236301 1
vertex 75.8252873348725 -95.17329462201833 1
vertex 75.79220960757812 -95.36088773236301 1
endloop
endfacet
facet normal 0 0 1
outer loop
vertex 191.75037553418318 -95.36088773236301 1
vertex 191.7834532645515 -95.17329462201833 1
vertex 95.3973935804032 -95.17329462201833 1
endloop
endfacet
facet normal 0 0 1
outer loop
vertex 191.75037553418318 -95.36088773236301 1
vertex 95.3973935804032 -95.17329462201833 1
vertex 95.34048783251382 -95.36088773236301 1
endloop
endfacet
facet normal 0 0 1
outer loop
vertex 93.43582301959746 -95.17329462201833 1
vertex 93.41660830000009 -94.97820429999928 1
vertex 75.85968702288697 -94.97820429999928 1
endloop
endfacet
facet normal 0 0 1
outer loop
vertex 93.43582301959746 -95.17329462201833 1
vertex 75.85968702288697 -94.97820429999928 1
vertex 75.8252873348725 -95.17329462201833 1
endloop
endfacet
facet normal 0 0 1
outer loop
vertex 191.7834532645515 -95.17329462201833 1
vertex 191.81785295576276 -94.97820429999928 1
vertex 95.41660829999981 -94.97820429999928 1
endloop
endfacet
facet normal 0 0 1
outer loop
vertex 191.7834532645515 -95.17329462201833 1
vertex 95.41660829999981 -94.97820429999928 1
vertex 95.3973935804032 -95.17329462201833 1
endloop
endfacet
facet normal 0 0 1
outer loop
vertex 93.41660830000009 -94.97820429999928 1
vertex 93.43582301959665 -94.78311397797671 1
vertex 75.89408671090204 -94.78311397797671 1
endloop
endfacet
facet normal 0 0 1
outer loop
vertex 93.41660830000009 -94.97820429999928 1
vertex 75.89408671090204 -94.78311397797671 1
vertex 75.85968702288697 -94.97820429999928 1
endloop
endfacet
facet normal 0 0 1
outer loop
vertex 191.81785295576276 -94.97820429999928 1
vertex 191.85225264697462 -94.78311397797671 1
vertex 95.3973935804024 -94.78311397797671 1
endloop
endfacet
facet normal 0 0 1
outer loop
vertex 191.81785295576276 -94.97820429999928 1
vertex 95.3973935804024 -94.78311397797671 1
vertex 95.41660829999981 -94.97820429999928 1
endloop
endfacet
facet normal 0 0 1
outer loop
vertex 93.43582301959665 -94.78311397797671 1
vertex 93.49272876748752 -94.59552086763848 1
vertex 75.92716443819529 -94.59552086763848 1
endloop
endfacet
facet normal 0 0 1
outer loop
vertex 93.43582301959665 -94.78311397797671 1
vertex 75.92716443819529 -94.59552086763848 1
vertex 75.89408671090204 -94.78311397797671 1
endloop
endfacet
facet normal 0 0 1
outer loop
vertex 191.85225264697462 -94.78311397797671 1
vertex 191.8853303773418 -94.59552086763848 1
vertex 95.34048783251372 -94.59552086763848 1
endloop
endfacet
facet normal 0 0 1
outer loop
vertex 191.85225264697462 -94.78311397797671 1
vertex 95.34048783251372 -94.59552086763848 1
vertex 95.3973935804024 -94.78311397797671 1
endloop
endfacet
facet normal 0 0 1
outer loop
vertex 93.49272876748752 -94.59552086763848 1
vertex 93.58513868769663 -94.42263406698004 1
vertex 75.95764904626256 -94.42263406698004 1
endloop
endfacet
facet normal 0 0 1
outer loop
vertex 93.49272876748752 -94.59552086763848 1
vertex 75.95764904626256 -94.42263406698004 1
vertex 75.92716443819529 -94.59552086763848 1
endloop
endfacet
facet normal 0 0 1
outer loop
vertex 191.8853303773418 -94.59552086763848 1
vertex 191.91581498824203 -94.42263406698004 1
vertex 95.24807791230288 -94.42263406698004 1
endloop
endfacet
facet normal 0 0 1
outer loop
vertex 191.8853303773418 -94.59552086763848 1
vertex 95.24807791230288 -94.42263406698004 1
vertex 95.34048783251372 -94.59552086763848 1
endloop
endfacet
facet normal 0 0 1
outer loop
vertex 93.58513868769663 -94.42263406698004 1
vertex 93.70950151881352 -94.27109751881945 1
vertex 75.98436902870743 -94.27109751881945 1
endloop
endfacet
facet normal 0 0 1
outer loop
vertex 93.58513868769663 -94.42263406698004 1
vertex 75.98436902870743 -94.27109751881945 1
vertex 75.95764904626256 -94.42263406698004 1
endloop
endfacet
facet normal 0 0 1
outer loop
vertex 191.91581498824203 -94.42263406698004 1
vertex 191.94253497317 -94.27109751881945 1
vertex 95.1237150811921 -94.27109751881945 1
endloop
endfacet
facet normal 0 0 1
outer loop
vertex 191.91581498824203 -94.42263406698004 1
vertex 95.1237150811921 -94.27109751881945 1
vertex 95.24807791230288 -94.42263406698004 1
endloop
endfacet
facet normal 0 0 1
outer loop
vertex 93.70950151881352 -94.27109751881945 1
vertex 93.8610380669802 -94.14673468769547 1
vertex 76.00629755159359 -94.14673468769547 1
endloop
endfacet
facet normal 0 0 1
outer loop
vertex 93.70950151881352 -94.27109751881945 1
vertex 76.00629755159359 -94.14673468769547 1
vertex 75.98436902870743 -94.27109751881945 1
endloop
endfacet
facet normal 0 0 1
outer loop
vertex 191.94253497317 -94.27109751881945 1
vertex 191.96446349809398 -94.14673468769547 1
vertex 94.97217853301542 -94.14673468769547 1
endloop
endfacet
facet normal 0 0 1
outer loop
vertex 191.94253497317 -94.27109751881945 1
vertex 94.97217853301542 -94.14673468769547 1
vertex 95.1237150811921 -94.27109751881945 1
endloop
endfacet
facet normal 0 0 1
outer loop
vertex 93.8610380669802 -94.14673468769547 1
vertex 94.03392486763488 -94.05432476749004 1
vertex 76.02259191407965 -94.05432476749004 1
endloop
endfacet
facet normal 0 0 1
outer loop
vertex 93.8610380669802 -94.14673468769547 1
vertex 76.02259191407965 -94.05432476749004 1
vertex 76.00629755159359 -94.14673468769547 1
endloop
endfacet
facet normal 0 0 1
outer loop
vertex 191.96446349809398 -94.14673468769547 1
vertex 191.98075786209432 -94.05432476749004 1
vertex 94.79929173236714 -94.05432476749004 1
endloop
endfacet
facet normal 0 0 1
outer loop
vertex 191.96446349809398 -94.14673468769547 1
vertex 94.79929173236714 -94.05432476749004 1
vertex 94.97217853301542 -94.14673468769547 1
endloop
endfacet
facet normal 0 0 1
outer loop
vertex 94.03392486763488 -94.05432476749004 1
vertex 94.22151797798408 -93.99741901959658 1
vertex 76.0326259329562 -93.99741901959658 1
endloop
endfacet
facet normal 0 0 1
outer loop
vertex 94.03392486763488 -94.05432476749004 1
vertex 76.0326259329562 -93.99741901959658 1
vertex 76.02259191407965 -94.05432476749004 1
endloop
endfacet
facet normal 0 0 1
outer loop
vertex 191.98075786209432 -94.05432476749004 1
vertex 191.9907918819033 -93.99741901959658 1
vertex 94.6116986220131 -93.99741901959658 1
endloop
endfacet
facet normal 0 0 1
outer loop
vertex 191.98075786209432 -94.05432476749004 1
vertex 94.6116986220131 -93.99741901959658 1
vertex 94.79929173236714 -94.05432476749004 1
endloop
endfacet
facet normal 0 0 1
outer loop
vertex 94.22151797798408 -93.99741901959658 1
vertex 94.41660829999931 -93.97820430000003 1
vertex 76.03601400650369 -93.97820430000003 1
endloop
endfacet
facet normal 0 0 1
outer loop
vertex 94.22151797798408 -93.99741901959658 1
vertex 76.03601400650369 -93.97820430000003 1
vertex 76.0326259329562 -93.99741901959658 1
endloop
endfacet
facet normal 0 0 1
outer loop
vertex 191.9907918819033 -93.99741901959658 1
vertex 191.99417995576567 -93.97820430000003 1
vertex 94.41660829999931 -93.97820430000003 1
endloop
endfacet
facet normal 0 0 1
outer loop
vertex 191.9907918819033 -93.99741901959658 1
vertex 94.41660829999931 -93.97820430000003 1
vertex 94.6116986220131 -93.99741901959658 1
endloop
endfacet
facet normal 0 0 1
outer loop
vertex 94.41660829999931 -93.97820430000003 1
vertex 191.99417995576567 -93.97820430000003 1
vertex 192.5840540040792 -90.63286269999934 1
endloop
endfacet
facet normal 0 0 1
outer loop
vertex 94.41660829999931 -93.97820430000003 1
vertex 192.5840540040792 -90.63286269999934 1
vertex 76.6258879999998 -90.63286269999934 1
endloop
endfacet
facet normal 0 0 1
outer loop
vertex 94.41660829999931 -93.97820430000003 1
vertex 76.6258879999998 -90.63286269999934 1
vertex 76.03601400650369 -93.97820430000003 1
endloop
endfacet
facet normal 0 0 1
outer loop
vertex 192.5840540040792 -90.63286269999934 1
vertex 192.62249055701125 -90.41487819999999 1
vertex 172.56999530001144 -90.41487819999999 1
endloop
endfacet
facet normal 0 0 1
outer loop
vertex 192.5840540040792 -90.63286269999934 1
vertex 172.56999530001144 -90.41487819999999 1
vertex 75.3896364529897 -90.41487819999999 1
endloop
endfacet
facet normal 0 0 1
outer loop
vertex 192.5840540040792 -90.63286269999934 1
vertex 75.3896364529897 -90.41487819999999 1
vertex 76.6258879999998 -90.63286269999934 1
endloop
endfacet
facet normal 0 0 1
outer loop
vertex 172.56999530001144 -90.41487819999999 1
vertex 172.37490497799112 -90.3956634804028 1
vertex 75.28066436172884 -90.3956634804028 1
endloop
endfacet
facet normal 0 0 1
outer loop
vertex 172.56999530001144 -90.41487819999999 1
vertex 75.28066436172884 -90.3956634804028 1
vertex 75.3896364529897 -90.41487819999999 1
endloop
endfacet
facet normal 0 0 1
outer loop
vertex 192.62249055701125 -90.41487819999999 1
vertex 192.62587863087373 -90.3956634804028 1
vertex 172.76508562203185 -90.3956634804028 1
endloop
endfacet
facet normal 0 0 1
outer loop
vertex 192.62249055701125 -90.41487819999999 1
vertex 172.76508562203185 -90.3956634804028 1
vertex 172.56999530001144 -90.41487819999999 1
endloop
endfacet
facet normal 0 0 1
outer loop
vertex 172.37490497799112 -90.3956634804028 1
vertex 172.18731186762133 -90.33875773250456 1
vertex 75.05661904278405 -90.33875773250456 1
endloop
endfacet
facet normal 0 0 1
outer loop
vertex 172.37490497799112 -90.3956634804028 1
vertex 75.05661904278405 -90.33875773250456 1
vertex 75.05364338036357 -90.35563355669355 1
endloop
endfacet
facet normal 0 0 1
outer loop
vertex 172.37490497799112 -90.3956634804028 1
vertex 75.05364338036357 -90.35563355669355 1
vertex 75.28066436172884 -90.3956634804028 1
endloop
endfacet
facet normal 0 0 1
outer loop
vertex 192.62587863087373 -90.3956634804028 1
vertex 192.63591265068357 -90.33875773250456 1
vertex 172.95267873237867 -90.33875773250456 1
endloop
endfacet
facet normal 0 0 1
outer loop
vertex 192.62587863087373 -90.3956634804028 1
vertex 172.95267873237867 -90.33875773250456 1
vertex 172.76508562203185 -90.3956634804028 1
endloop
endfacet
facet normal 0 0 1
outer loop
vertex 172.18731186762133 -90.33875773250456 1
vertex 172.01442506697836 -90.24634781230198 1
vertex 75.07291340113638 -90.24634781230198 1
endloop
endfacet
facet normal 0 0 1
outer loop
vertex 172.18731186762133 -90.33875773250456 1
vertex 75.07291340113638 -90.24634781230198 1
vertex 75.05661904278405 -90.33875773250456 1
endloop
endfacet
facet normal 0 0 1
outer loop
vertex 192.63591265068357 -90.33875773250456 1
vertex 192.6522070146834 -90.24634781230198 1
vertex 173.12556553301323 -90.24634781230198 1
endloop
endfacet
facet normal 0 0 1
outer loop
vertex 192.63591265068357 -90.33875773250456 1
vertex 173.12556553301323 -90.24634781230198 1
vertex 172.95267873237867 -90.33875773250456 1
endloop
endfacet
facet normal 0 0 1
outer loop
vertex 172.01442506697836 -90.24634781230198 1
vertex 171.86288851880775 -90.12198498118299 1
vertex 75.09484191845921 -90.12198498118299 1
endloop
endfacet
facet normal 0 0 1
outer loop
vertex 172.01442506697836 -90.24634781230198 1
vertex 75.09484191845921 -90.12198498118299 1
vertex 75.07291340113638 -90.24634781230198 1
endloop
endfacet
facet normal 0 0 1
outer loop
vertex 192.6522070146834 -90.24634781230198 1
vertex 192.67413553960648 -90.12198498118299 1
vertex 173.27710208119004 -90.12198498118299 1
endloop
endfacet
facet normal 0 0 1
outer loop
vertex 192.6522070146834 -90.24634781230198 1
vertex 173.27710208119004 -90.12198498118299 1
vertex 173.12556553301323 -90.24634781230198 1
endloop
endfacet
facet normal 0 0 1
outer loop
vertex 171.86288851880775 -90.12198498118299 1
vertex 171.73852568769456 -89.97044843301947 1
vertex 75.12156189412673 -89.97044843301947 1
endloop
endfacet
facet normal 0 0 1
outer loop
vertex 171.86288851880775 -90.12198498118299 1
vertex 75.12156189412673 -89.97044843301947 1
vertex 75.09484191845921 -90.12198498118299 1
endloop
endfacet
facet normal 0 0 1
outer loop
vertex 192.67413553960648 -90.12198498118299 1
vertex 192.70085552453497 -89.97044843301947 1
vertex 173.40146491229953 -89.97044843301947 1
endloop
endfacet
facet normal 0 0 1
outer loop
vertex 192.67413553960648 -90.12198498118299 1
vertex 173.40146491229953 -89.97044843301947 1
vertex 173.27710208119004 -90.12198498118299 1
endloop
endfacet
facet normal 0 0 1
outer loop
vertex 171.73852568769456 -89.97044843301947 1
vertex 171.64611576749547 -89.79756163238298 1
vertex 75.15204649445734 -89.79756163238298 1
endloop
endfacet
facet normal 0 0 1
outer loop
vertex 171.73852568769456 -89.97044843301947 1
vertex 75.15204649445734 -89.79756163238298 1
vertex 75.12156189412673 -89.97044843301947 1
endloop
endfacet
facet normal 0 0 1
outer loop
vertex 192.70085552453497 -89.97044843301947 1
vertex 192.73134013543134 -89.79756163238298 1
vertex 173.49387483250246 -89.79756163238298 1
endloop
endfacet
facet normal 0 0 1
outer loop
vertex 192.70085552453497 -89.97044843301947 1
vertex 173.49387483250246 -89.79756163238298 1
vertex 173.40146491229953 -89.97044843301947 1
endloop
endfacet
facet normal 0 0 1
outer loop
vertex 171.64611576749547 -89.79756163238298 1
vertex 171.58921001959803 -89.60996852201598 1
vertex 75.18512421336509 -89.60996852201598 1
endloop
endfacet
facet normal 0 0 1
outer loop
vertex 171.64611576749547 -89.79756163238298 1
vertex 75.18512421336509 -89.60996852201598 1
vertex 75.15204649445734 -89.79756163238298 1
endloop
endfacet
facet normal 0 0 1
outer loop
vertex 192.73134013543134 -89.79756163238298 1
vertex 192.7644178658036 -89.60996852201598 1
vertex 173.55078058040465 -89.60996852201598 1
endloop
endfacet
facet normal 0 0 1
outer loop
vertex 192.73134013543134 -89.79756163238298 1
vertex 173.55078058040465 -89.60996852201598 1
vertex 173.49387483250246 -89.79756163238298 1
endloop
endfacet
facet normal 0 0 1
outer loop
vertex 171.58921001959803 -89.60996852201598 1
vertex 171.5699953000005 -89.4148782000104 1
vertex 75.21952389265125 -89.4148782000104 1
endloop
endfacet
facet normal 0 0 1
outer loop
vertex 171.58921001959803 -89.60996852201598 1
vertex 75.21952389265125 -89.4148782000104 1
vertex 75.18512421336509 -89.60996852201598 1
endloop
endfacet
facet normal 0 0 1
outer loop
vertex 192.7644178658036 -89.60996852201598 1
vertex 192.79881755701248 -89.4148782000104 1
vertex 173.5699952999998 -89.4148782000104 1
endloop
endfacet
facet normal 0 0 1
outer loop
vertex 192.7644178658036 -89.60996852201598 1
vertex 173.5699952999998 -89.4148782000104 1
vertex 173.55078058040465 -89.60996852201598 1
endloop
endfacet
facet normal 0 0 1
outer loop
vertex 171.5699953000005 -89.4148782000104 1
vertex 171.58921001959678 -89.21978787796834 1
vertex 75.25392357194387 -89.21978787796834 1
endloop
endfacet
facet normal 0 0 1
outer loop
vertex 171.5699953000005 -89.4148782000104 1
vertex 75.25392357194387 -89.21978787796834 1
vertex 75.21952389265125 -89.4148782000104 1
endloop
endfacet
facet normal 0 0 1
outer loop
vertex 192.79881755701248 -89.4148782000104 1
vertex 192.83321724822778 -89.21978787796834 1
vertex 173.55078058040047 -89.21978787796834 1
endloop
endfacet
facet normal 0 0 1
outer loop
vertex 192.79881755701248 -89.4148782000104 1
vertex 173.55078058040047 -89.21978787796834 1
vertex 173.5699952999998 -89.4148782000104 1
endloop
endfacet
facet normal 0 0 1
outer loop
vertex 171.58921001959678 -89.21978787796834 1
vertex 171.64611576748635 -89.03219476763664 1
vertex 75.28700129084538 -89.03219476763664 1
endloop
endfacet
facet normal 0 0 1
outer loop
vertex 171.58921001959678 -89.21978787796834 1
vertex 75.28700129084538 -89.03219476763664 1
vertex 75.25392357194387 -89.21978787796834 1
endloop
endfacet
facet normal 0 0 1
outer loop
vertex 192.83321724822778 -89.21978787796834 1
vertex 192.8662949785938 -89.03219476763664 1
vertex 173.49387483251374 -89.03219476763664 1
endloop
endfacet
facet normal 0 0 1
outer loop
vertex 192.83321724822778 -89.21978787796834 1
vertex 173.49387483251374 -89.03219476763664 1
vertex 173.55078058040047 -89.21978787796834 1
endloop
endfacet
facet normal 0 0 1
outer loop
vertex 171.64611576748635 -89.03219476763664 1
vertex 171.7385256876986 -88.8593079669861 1
vertex 75.31748589117846 -88.8593079669861 1
endloop
endfacet
facet normal 0 0 1
outer loop
vertex 171.64611576748635 -89.03219476763664 1
vertex 75.31748589117846 -88.8593079669861 1
vertex 75.28700129084538 -89.03219476763664 1
endloop
endfacet
facet normal 0 0 1
outer loop
vertex 192.8662949785938 -89.03219476763664 1
vertex 192.89677958949264 -88.8593079669861 1
vertex 173.40146491230715 -88.8593079669861 1
endloop
endfacet
facet normal 0 0 1
outer loop
vertex 192.8662949785938 -89.03219476763664 1
vertex 173.40146491230715 -88.8593079669861 1
vertex 173.49387483251374 -89.03219476763664 1
endloop
endfacet
facet normal 0 0 1
outer loop
vertex 171.7385256876986 -88.8593079669861 1
vertex 171.86288851881318 -88.70777141881672 1
vertex 75.34420586684703 -88.70777141881672 1
endloop
endfacet
facet normal 0 0 1
outer loop
vertex 171.7385256876986 -88.8593079669861 1
vertex 75.34420586684703 -88.70777141881672 1
vertex 75.31748589117846 -88.8593079669861 1
endloop
endfacet
facet normal 0 0 1
outer loop
vertex 192.89677958949264 -88.8593079669861 1
vertex 192.92349957442218 -88.70777141881672 1
vertex 173.27710208118916 -88.70777141881672 1
endloop
endfacet
facet normal 0 0 1
outer loop
vertex 192.89677958949264 -88.8593079669861 1
vertex 173.27710208118916 -88.70777141881672 1
vertex 173.40146491230715 -88.8593079669861 1
endloop
endfacet
facet normal 0 0 1
outer loop
vertex 171.86288851881318 -88.70777141881672 1
vertex 172.0144250669696 -88.58340858770607 1
vertex 75.36613438416838 -88.58340858770607 1
endloop
endfacet
facet normal 0 0 1
outer loop
vertex 171.86288851881318 -88.70777141881672 1
vertex 75.36613438416838 -88.58340858770607 1
vertex 75.34420586684703 -88.70777141881672 1
endloop
endfacet
facet normal 0 0 1
outer loop
vertex 192.92349957442218 -88.70777141881672 1
vertex 192.9454280993438 -88.58340858770607 1
vertex 173.12556553302872 -88.58340858770607 1
endloop
endfacet
facet normal 0 0 1
outer loop
vertex 192.92349957442218 -88.70777141881672 1
vertex 173.12556553302872 -88.58340858770607 1
vertex 173.27710208118916 -88.70777141881672 1
endloop
endfacet
facet normal 0 0 1
outer loop
vertex 172.0144250669696 -88.58340858770607 1
vertex 172.18731186765928 -88.49099866747596 1
vertex 75.38242874252556 -88.49099866747596 1
endloop
endfacet
facet normal 0 0 1
outer loop
vertex 172.0144250669696 -88.58340858770607 1
vertex 75.38242874252556 -88.49099866747596 1
vertex 75.36613438416838 -88.58340858770607 1
endloop
endfacet
facet normal 0 0 1
outer loop
vertex 192.9454280993438 -88.58340858770607 1
vertex 192.96172246334848 -88.49099866747596 1
vertex 172.95267873233425 -88.49099866747596 1
endloop
endfacet
facet normal 0 0 1
outer loop
vertex 192.9454280993438 -88.58340858770607 1
vertex 172.95267873233425 -88.49099866747596 1
vertex 173.12556553302872 -88.58340858770607 1
endloop
endfacet
facet normal 0 0 1
outer loop
vertex 172.18731186765928 -88.49099866747596 1
vertex 172.37490497796728 -88.43409291959661 1
vertex 75.39246275885434 -88.43409291959661 1
endloop
endfacet
facet normal 0 0 1
outer loop
vertex 172.18731186765928 -88.49099866747596 1
vertex 75.39246275885434 -88.43409291959661 1
vertex 75.38242874252556 -88.49099866747596 1
endloop
endfacet
facet normal 0 0 1
outer loop
vertex 192.96172246334848 -88.49099866747596 1
vertex 192.971756483155 -88.43409291959661 1
vertex 172.76508562202673 -88.43409291959661 1
endloop
endfacet
facet normal 0 0 1
outer loop
vertex 192.96172246334848 -88.49099866747596 1
vertex 172.76508562202673 -88.43409291959661 1
vertex 172.95267873233425 -88.49099866747596 1
endloop
endfacet
facet normal 0 0 1
outer loop
vertex 172.37490497796728 -88.43409291959661 1
vertex 172.56999530000832 -88.4148781999996 1
vertex 75.39585083154249 -88.4148781999996 1
endloop
endfacet
facet normal 0 0 1
outer loop
vertex 172.37490497796728 -88.43409291959661 1
vertex 75.39585083154249 -88.4148781999996 1
vertex 75.39246275885434 -88.43409291959661 1
endloop
endfacet
facet normal 0 0 1
outer loop
vertex 192.971756483155 -88.43409291959661 1
vertex 192.97514455701742 -88.4148781999996 1
vertex 172.56999530000832 -88.4148781999996 1
endloop
endfacet
facet normal 0 0 1
outer loop
vertex 192.971756483155 -88.43409291959661 1
vertex 172.56999530000832 -88.4148781999996 1
vertex 172.76508562202673 -88.43409291959661 1
endloop
endfacet
facet normal 0 0 1
outer loop
vertex 172.56999530000832 -88.4148781999996 1
vertex 192.97514455701742 -88.4148781999996 1
vertex 192.98528059999995 -88.35739385000018 1
endloop
endfacet
facet normal 0 0 1
outer loop
vertex 172.56999530000832 -88.4148781999996 1
vertex 192.98528059999995 -88.35739385000018 1
vertex 193.01536173082178 -88.04500141430421 1
endloop
endfacet
facet normal 0 0 1
outer loop
vertex 172.56999530000832 -88.4148781999996 1
vertex 193.01536173082178 -88.04500141430421 1
vertex 192.996203410984 -87.73174933196097 1
endloop
endfacet
facet normal 0 0 1
outer loop
vertex 172.56999530000832 -88.4148781999996 1
vertex 192.996203410984 -87.73174933196097 1
vertex 192.92827738493608 -87.42535095843935 1
endloop
endfacet
facet normal 0 0 1
outer loop
vertex 172.56999530000832 -88.4148781999996 1
vertex 192.92827738493608 -87.42535095843935 1
vertex 192.81325622762324 -87.13335088706611 1
endloop
endfacet
facet normal 0 0 1
outer loop
vertex 172.56999530000832 -88.4148781999996 1
vertex 192.81325622762324 -87.13335088706611 1
vertex 192.65397215987642 -86.86293917490634 1
endloop
endfacet
facet normal 0 0 1
outer loop
vertex 172.56999530000832 -88.4148781999996 1
vertex 192.65397215987642 -86.86293917490634 1
vertex 192.4543473092859 -86.6207742985547 1
endloop
endfacet
facet normal 0 0 1
outer loop
vertex 172.56999530000832 -88.4148781999996 1
vertex 192.4543473092859 -86.6207742985547 1
vertex 192.21929713378515 -86.4128191992941 1
endloop
endfacet
facet normal 0 0 1
outer loop
vertex 172.56999530000832 -88.4148781999996 1
vertex 192.21929713378515 -86.4128191992941 1
vertex 191.95460938598268 -86.24419445474427 1
endloop
endfacet
facet normal 0 0 1
outer loop
vertex 172.56999530000832 -88.4148781999996 1
vertex 191.95460938598268 -86.24419445474427 1
vertex 191.6668015985687 -86.11905219243701 1
endloop
endfacet
facet normal 0 0 1
outer loop
vertex 172.56999530000832 -88.4148781999996 1
vertex 191.6668015985687 -86.11905219243701 1
vertex 191.3629611999999 -86.04047769999997 1
endloop
endfacet
facet normal 0 0 1
outer loop
vertex 172.56999530000832 -88.4148781999996 1
vertex 191.3629611999999 -86.04047769999997 1
vertex 178.15303699999978 -83.71121134999996 1
endloop
endfacet
facet normal 0 0 1
outer loop
vertex 172.56999530000832 -88.4148781999996 1
vertex 178.15303699999978 -83.71121134999996 1
vertex 76.22523400875818 -83.71121134999996 1
endloop
endfacet
facet normal 0 0 1
outer loop
vertex 172.56999530000832 -88.4148781999996 1
vertex 76.22523400875818 -83.71121134999996 1
vertex 75.39585083154249 -88.4148781999996 1
endloop
endfacet
facet normal 0 0 1
outer loop
vertex 178.15303699999978 -83.71121134999996 1
vertex 177.8453049672018 -83.63128789386462 1
vertex 76.23932666712398 -83.63128789386462 1
endloop
endfacet
facet normal 0 0 1
outer loop
vertex 178.15303699999978 -83.71121134999996 1
vertex 76.23932666712398 -83.63128789386462 1
vertex 76.22523400875818 -83.71121134999996 1
endloop
endfacet
facet normal 0 0 1
outer loop
vertex 177.8453049672018 -83.63128789386462 1
vertex 177.5541266786274 -83.50360873693778 1
vertex 76.26183994202485 -83.50360873693778 1
endloop
endfacet
facet normal 0 0 1
outer loop
vertex 177.8453049672018 -83.63128789386462 1
vertex 76.26183994202485 -83.50360873693778 1
vertex 76.23932666712398 -83.63128789386462 1
endloop
endfacet
facet normal 0 0 1
outer loop
vertex 177.5541266786274 -83.50360873693778 1
vertex 177.28686070192765 -83.33140054738371 1
vertex 76.2922048849406 -83.33140054738371 1
endloop
endfacet
facet normal 0 0 1
outer loop
vertex 177.5541266786274 -83.50360873693778 1
vertex 76.2922048849406 -83.33140054738371 1
vertex 76.26183994202485 -83.50360873693778 1
endloop
endfacet
facet normal 0 0 1
outer loop
vertex 177.28686070192765 -83.33140054738371 1
vertex 177.05026130020397 -83.11901531730715 1
vertex 76.32965412242531 -83.11901531730715 1
endloop
endfacet
facet normal 0 0 1
outer loop
vertex 177.28686070192765 -83.33140054738371 1
vertex 76.32965412242531 -83.11901531730715 1
vertex 76.2922048849406 -83.33140054738371 1
endloop
endfacet
facet normal 0 0 1
outer loop
vertex 177.05026130020397 -83.11901531730715 1
vertex 176.85030774035948 -82.87182038055451 1
vertex 76.37324124893183 -82.87182038055451 1
endloop
endfacet
facet normal 0 0 1
outer loop
vertex 177.05026130020397 -83.11901531730715 1
vertex 76.37324124893183 -82.87182038055451 1
vertex 76.32965412242531 -83.11901531730715 1
endloop
endfacet
facet normal 0 0 1
outer loop
vertex 176.85030774035948 -82.87182038055451 1
vertex 176.69205318691516 -82.59606277111268 1
vertex 76.42186474408015 -82.59606277111268 1
endloop
endfacet
facet normal 0 0 1
outer loop
vertex 176.85030774035948 -82.87182038055451 1
vertex 76.42186474408015 -82.59606277111268 1
vertex 76.37324124893183 -82.87182038055451 1
endloop
endfacet
facet normal 0 0 1
outer loop
vertex 176.69205318691516 -82.59606277111268 1
vertex 176.57949399999998 -82.29871269999995 1
vertex 76.474295571898 -82.29871269999995 1
endloop
endfacet
facet normal 0 0 1
outer loop
vertex 176.69205318691516 -82.59606277111268 1
vertex 76.474295571898 -82.29871269999995 1
vertex 76.42186474408015 -82.59606277111268 1
endloop
endfacet
facet normal 0 0 1
outer loop
vertex 176.57949399999998 -82.29871269999995 1
vertex 175.79517764999994 -79.59453014999981 1
vertex 175.6826214630848 -79.29717872888727 1
endloop
endfacet
facet normal 0 0 1
outer loop
vertex 176.57949399999998 -82.29871269999995 1
vertex 175.6826214630848 -79.29717872888727 1
vertex 175.5243669096406 -79.02142111944565 1
endloop
endfacet
facet normal 0 0 1
outer loop
vertex 176.57949399999998 -82.29871269999995 1
vertex 175.5243669096406 -79.02142111944565 1
vertex 175.32441334979606 -78.77422618269291 1
endloop
endfacet
facet normal 0 0 1
outer loop
vertex 176.57949399999998 -82.29871269999995 1
vertex 175.32441334979606 -78.77422618269291 1
vertex 175.08781394807224 -78.56184095261622 1
endloop
endfacet
facet normal 0 0 1
outer loop
vertex 176.57949399999998 -82.29871269999995 1
vertex 175.08781394807224 -78.56184095261622 1
vertex 174.8205479713726 -78.38963276306222 1
endloop
endfacet
facet normal 0 0 1
outer loop
vertex 176.57949399999998 -82.29871269999995 1
vertex 174.8205479713726 -78.38963276306222 1
vertex 174.52936968279823 -78.2619536061354 1
endloop
endfacet
facet normal 0 0 1
outer loop
vertex 176.57949399999998 -82.29871269999995 1
vertex 174.52936968279823 -78.2619536061354 1
vertex 174.22163530000003 -78.18203030000001 1
endloop
endfacet
facet normal 0 0 1
outer loop
vertex 176.57949399999998 -82.29871269999995 1
vertex 174.22163530000003 -78.18203030000001 1
vertex 160.2686881 -75.72175019999999 1
endloop
endfacet
facet normal 0 0 1
outer loop
vertex 176.57949399999998 -82.29871269999995 1
vertex 160.2686881 -75.72175019999999 1
vertex 77.63399123671296 -75.72175019999999 1
endloop
endfacet
facet normal 0 0 1
outer loop
vertex 176.57949399999998 -82.29871269999995 1
vertex 77.63399123671296 -75.72175019999999 1
vertex 76.474295571898 -82.29871269999995 1
endloop
endfacet
facet normal 0 0 1
outer loop
vertex 160.2686881 -75.72175019999999 1
vertex 159.96095606720178 -75.6418267438646 1
vertex 77.64808389507877 -75.6418267438646 1
endloop
endfacet
facet normal 0 0 1
outer loop
vertex 160.2686881 -75.72175019999999 1
vertex 77.64808389507877 -75.6418267438646 1
vertex 77.63399123671296 -75.72175019999999 1
endloop
endfacet
facet normal 0 0 1
outer loop
vertex 159.96095606720178 -75.6418267438646 1
vertex 159.6697777786275 -75.51414758693782 1
vertex 77.67059716997963 -75.51414758693782 1
endloop
endfacet
facet normal 0 0 1
outer loop
vertex 159.96095606720178 -75.6418267438646 1
vertex 77.67059716997963 -75.51414758693782 1
vertex 77.64808389507877 -75.6418267438646 1
endloop
endfacet
facet normal 0 0 1
outer loop
vertex 159.6697777786275 -75.51414758693782 1
vertex 159.40251180192766 -75.3419393973837 1
vertex 77.70096211289538 -75.3419393973837 1
endloop
endfacet
facet normal 0 0 1
outer loop
vertex 159.6697777786275 -75.51414758693782 1
vertex 77.70096211289538 -75.3419393973837 1
vertex 77.67059716997963 -75.51414758693782 1
endloop
endfacet
facet normal 0 0 1
outer loop
vertex 159.40251180192766 -75.3419393973837 1
vertex 159.1659124002039 -75.12955416730702 1
vertex 77.73841135038012 -75.12955416730702 1
endloop
endfacet
facet normal 0 0 1
outer loop
vertex 159.40251180192766 -75.3419393973837 1
vertex 77.73841135038012 -75.12955416730702 1
vertex 77.70096211289538 -75.3419393973837 1
endloop
endfacet
facet normal 0 0 1
outer loop
vertex 159.1659124002039 -75.12955416730702 1
vertex 158.9659588403594 -74.88235923055439 1
vertex 77.78199847688666 -74.88235923055439 1
endloop
endfacet
facet normal 0 0 1
outer loop
vertex 159.1659124002039 -75.12955416730702 1
vertex 77.78199847688666 -74.88235923055439 1
vertex 77.73841135038012 -75.12955416730702 1
endloop
endfacet
facet normal 0 0 1
outer loop
vertex 158.9659588403594 -74.88235923055439 1
vertex 158.80770428691525 -74.60660162111283 1
vertex 77.83062197203492 -74.60660162111283 1
endloop
endfacet
facet normal 0 0 1
outer loop
vertex 158.9659588403594 -74.88235923055439 1
vertex 77.83062197203492 -74.60660162111283 1
vertex 77.78199847688666 -74.88235923055439 1
endloop
endfacet
facet normal 0 0 1
outer loop
vertex 158.80770428691525 -74.60660162111283 1
vertex 158.69514619999998 -74.30925039999991 1
vertex 77.88305300262877 -74.30925039999991 1
endloop
endfacet
facet normal 0 0 1
outer loop
vertex 158.80770428691525 -74.60660162111283 1
vertex 77.88305300262877 -74.30925039999991 1
vertex 77.83062197203492 -74.60660162111283 1
endloop
endfacet
facet normal 0 0 1
outer loop
vertex 158.69514619999998 -74.30925039999991 1
vertex 157.91082870000005 -71.60506900000016 1
vertex 157.79827251308467 -71.30771757888698 1
endloop
endfacet
facet normal 0 0 1
outer loop
vertex 158.69514619999998 -74.30925039999991 1
vertex 157.79827251308467 -71.30771757888698 1
vertex 157.64001795964063 -71.03195996944564 1
endloop
endfacet
facet normal 0 0 1
outer loop
vertex 158.69514619999998 -74.30925039999991 1
vertex 157.64001795964063 -71.03195996944564 1
vertex 157.5298178469087 -70.89572378581337 1
endloop
endfacet
facet normal 0 0 1
outer loop
vertex 158.69514619999998 -74.30925039999991 1
vertex 157.5298178469087 -70.89572378581337 1
vertex 133.04447327352813 -70.89572378581337 1
endloop
endfacet
facet normal 0 0 1
outer loop
vertex 158.69514619999998 -74.30925039999991 1
vertex 133.04447327352813 -70.89572378581337 1
vertex 78.48494970132556 -70.89572378581337 1
endloop
endfacet
facet normal 0 0 1
outer loop
vertex 158.69514619999998 -74.30925039999991 1
vertex 78.48494970132556 -70.89572378581337 1
vertex 77.88305300262877 -74.30925039999991 1
endloop
endfacet
facet normal 0 0 1
outer loop
vertex 157.5298178469087 -70.89572378581337 1
vertex 157.51332663278853 -70.8753363286729 1
vertex 133.3617615148239 -70.8753363286729 1
endloop
endfacet
facet normal 0 0 1
outer loop
vertex 157.5298178469087 -70.89572378581337 1
vertex 133.3617615148239 -70.8753363286729 1
vertex 133.04447327352813 -70.89572378581337 1
endloop
endfacet
facet normal 0 0 1
outer loop
vertex 133.04447327352813 -70.89572378581337 1
vertex 132.72796699999995 -70.865577 1
vertex 78.49026539178539 -70.865577 1
endloop
endfacet
facet normal 0 0 1
outer loop
vertex 133.04447327352813 -70.89572378581337 1
vertex 78.49026539178539 -70.865577 1
vertex 78.48494970132556 -70.89572378581337 1
endloop
endfacet
facet normal 0 0 1
outer loop
vertex 157.51332663278853 -70.8753363286729 1
vertex 157.45637269787335 -70.80492635772706 1
vertex 133.6718097569811 -70.80492635772706 1
endloop
endfacet
facet normal 0 0 1
outer loop
vertex 157.51332663278853 -70.8753363286729 1
vertex 133.6718097569811 -70.80492635772706 1
vertex 133.3617615148239 -70.8753363286729 1
endloop
endfacet
facet normal 0 0 1
outer loop
vertex 157.45637269787335 -70.80492635772706 1
vertex 157.44006439979609 -70.78476503269293 1
vertex 157.3303435241503 -70.68627326454613 1
endloop
endfacet
facet normal 0 0 1
outer loop
vertex 157.45637269787335 -70.80492635772706 1
vertex 157.3303435241503 -70.68627326454613 1
vertex 133.96678250140346 -70.68627326454613 1
endloop
endfacet
facet normal 0 0 1
outer loop
vertex 157.45637269787335 -70.80492635772706 1
vertex 133.96678250140346 -70.68627326454613 1
vertex 133.6718097569811 -70.80492635772706 1
endloop
endfacet
facet normal 0 0 1
outer loop
vertex 157.3303435241503 -70.68627326454613 1
vertex 157.20346499807238 -70.5723798026163 1
vertex 157.12585885839854 -70.52237563457166 1
endloop
endfacet
facet normal 0 0 1
outer loop
vertex 157.3303435241503 -70.68627326454613 1
vertex 157.12585885839854 -70.52237563457166 1
vertex 134.23922523550016 -70.52237563457166 1
endloop
endfacet
facet normal 0 0 1
outer loop
vertex 157.3303435241503 -70.68627326454613 1
vertex 134.23922523550016 -70.52237563457166 1
vertex 133.96678250140346 -70.68627326454613 1
endloop
endfacet
facet normal 0 0 1
outer loop
vertex 157.12585885839854 -70.52237563457166 1
vertex 156.9361990213727 -70.40017161306227 1
vertex 156.74737853871613 -70.3173754672571 1
endloop
endfacet
facet normal 0 0 1
outer loop
vertex 157.12585885839854 -70.52237563457166 1
vertex 156.74737853871613 -70.3173754672571 1
vertex 134.482252822153 -70.3173754672571 1
endloop
endfacet
facet normal 0 0 1
outer loop
vertex 157.12585885839854 -70.52237563457166 1
vertex 134.482252822153 -70.3173754672571 1
vertex 134.23922523550016 -70.52237563457166 1
endloop
endfacet
facet normal 0 0 1
outer loop
vertex 156.74737853871613 -70.3173754672571 1
vertex 156.64502073279814 -70.27249245613537 1
vertex 156.33728740000012 -70.19256800000002 1
endloop
endfacet
facet normal 0 0 1
outer loop
vertex 156.74737853871613 -70.3173754672571 1
vertex 156.33728740000012 -70.19256800000002 1
vertex 155.67877094304302 -70.07645350000011 1
endloop
endfacet
facet normal 0 0 1
outer loop
vertex 156.74737853871613 -70.3173754672571 1
vertex 155.67877094304302 -70.07645350000011 1
vertex 134.68972349999993 -70.07645350000011 1
endloop
endfacet
facet normal 0 0 1
outer loop
vertex 156.74737853871613 -70.3173754672571 1
vertex 134.68972349999993 -70.07645350000011 1
vertex 134.482252822153 -70.3173754672571 1
endloop
endfacet
facet normal 0 0 1
outer loop
vertex 132.72796699999995 -70.865577 1
vertex 126.00695434115994 -69.68048109999998 1
vertex 117.28544090000003 -69.68048109999998 1
endloop
endfacet
facet normal 0 0 1
outer loop
vertex 132.72796699999995 -70.865577 1
vertex 117.28544090000003 -69.68048109999998 1
vertex 78.69922972412269 -69.68048109999998 1
endloop
endfacet
facet normal 0 0 1
outer loop
vertex 132.72796699999995 -70.865577 1
vertex 78.69922972412269 -69.68048109999998 1
vertex 78.49026539178539 -70.865577 1
endloop
endfacet
facet normal 0 0 1
outer loop
vertex 126.00695434115994 -69.68048109999998 1
vertex 118.5427378 -68.36433830000001 1
vertex 117.28544090000003 -69.68048109999998 1
endloop
endfacet
facet normal 0 0 1
outer loop
vertex 155.67877094304302 -70.07645350000011 1
vertex 138.31337390000007 -67.01445804999999 1
vertex 137.9968626722025 -66.98430982647241 1
endloop
endfacet
facet normal 0 0 1
outer loop
vertex 155.67877094304302 -70.07645350000011 1
vertex 137.9968626722025 -66.98430982647241 1
vertex 137.6795733346258 -67.00469974957423 1
endloop
endfacet
facet normal 0 0 1
outer loop
vertex 155.67877094304302 -70.07645350000011 1
vertex 137.6795733346258 -67.00469974957423 1
vertex 137.3695244450413 -67.07511252377864 1
endloop
endfacet
facet normal 0 0 1
outer loop
vertex 155.67877094304302 -70.07645350000011 1
vertex 137.3695244450413 -67.07511252377864 1
vertex 137.07455158012408 -67.19376867265555 1
endloop
endfacet
facet normal 0 0 1
outer loop
vertex 155.67877094304302 -70.07645350000011 1
vertex 137.07455158012408 -67.19376867265555 1
vertex 136.80210931422607 -67.35766950992127 1
endloop
endfacet
facet normal 0 0 1
outer loop
vertex 155.67877094304302 -70.07645350000011 1
vertex 136.80210931422607 -67.35766950992127 1
vertex 136.55908282686607 -67.5626729224416 1
endloop
endfacet
facet normal 0 0 1
outer loop
vertex 155.67877094304302 -70.07645350000011 1
vertex 136.55908282686607 -67.5626729224416 1
vertex 136.35161779999976 -67.80359610000035 1
endloop
endfacet
facet normal 0 0 1
outer loop
vertex 155.67877094304302 -70.07645350000011 1
vertex 136.35161779999976 -67.80359610000035 1
vertex 134.68972349999993 -70.07645350000011 1
endloop
endfacet
facet normal 0 0 1
outer loop
vertex 117.28544090000003 -69.68048109999998 1
vertex 81.81380820000014 -63.50835015000001 1
vertex 81.46694615175079 -63.47874952058173 1
endloop
endfacet
facet normal 0 0 1
outer loop
vertex 117.28544090000003 -69.68048109999998 1
vertex 81.46694615175079 -63.47874952058173 1
vertex 81.12020583027834 -63.50974350778568 1
endloop
endfacet
facet normal 0 0 1
outer loop
vertex 117.28544090000003 -69.68048109999998 1
vertex 81.12020583027834 -63.50974350778568 1
vertex 80.78409255520364 -63.60039307533096 1
endloop
endfacet
facet normal 0 0 1
outer loop
vertex 117.28544090000003 -69.68048109999998 1
vertex 80.78409255520364 -63.60039307533096 1
vertex 80.4687896745968 -63.747951779779676 1
endloop
endfacet
facet normal 0 0 1
outer loop
vertex 117.28544090000003 -69.68048109999998 1
vertex 80.4687896745968 -63.747951779779676 1
vertex 80.18385003631839 -63.947948980548425 1
endloop
endfacet
facet normal 0 0 1
outer loop
vertex 117.28544090000003 -69.68048109999998 1
vertex 80.18385003631839 -63.947948980548425 1
vertex 79.9379065618586 -64.19432528855775 1
endloop
endfacet
facet normal 0 0 1
outer loop
vertex 117.28544090000003 -69.68048109999998 1
vertex 79.9379065618586 -64.19432528855775 1
vertex 79.73841069152564 -64.47961614978152 1
endloop
endfacet
facet normal 0 0 1
outer loop
vertex 117.28544090000003 -69.68048109999998 1
vertex 79.73841069152564 -64.47961614978152 1
vertex 79.59140662540591 -64.79517800159765 1
endloop
endfacet
facet normal 0 0 1
outer loop
vertex 117.28544090000003 -69.68048109999998 1
vertex 79.59140662540591 -64.79517800159765 1
vertex 79.50134639999995 -65.13145030000024 1
endloop
endfacet
facet normal 0 0 1
outer loop
vertex 117.28544090000003 -69.68048109999998 1
vertex 79.50134639999995 -65.13145030000024 1
vertex 78.69922972412269 -69.68048109999998 1
endloop
endfacet
facet normal 0 0 1
outer loop
vertex 188.249564329961 -180.1737189691406 8.5
vertex 188.57919217632585 -180.0602192734996 8.5
vertex 188.8841033751947 -179.89120489892304 8.5
endloop
endfacet
facet normal 0 0 1
outer loop
vertex 188.249564329961 -180.1737189691406 8.5
vertex 188.8841033751947 -179.89120489892304 8.5
vertex 189.15503345149483 -179.67181120766068 8.5
endloop
endfacet
facet normal 0 0 1
outer loop
vertex 188.249564329961 -180.1737189691406 8.5
vertex 189.15503345149483 -179.67181120766068 8.5
vertex 189.3837504185088 -179.40870429591354 8.5
endloop
endfacet
facet normal 0 0 1
outer loop
vertex 188.249564329961 -180.1737189691406 8.5
vertex 189.3837504185088 -179.40870429591354 8.5
vertex 189.56330980000016 -179.10987689999973 8.5
endloop
endfacet
facet normal 0 0 1
outer loop
vertex 188.249564329961 -180.1737189691406 8.5
vertex 189.56330980000016 -179.10987689999973 8.5
vertex 190.05909430443583 -178.09336864186037 8.5
endloop
endfacet
facet normal 0 0 1
outer loop
vertex 188.249564329961 -180.1737189691406 8.5
vertex 190.05909430443583 -178.09336864186037 8.5
vertex 187.06394563149735 -178.09336864186037 8.5
endloop
endfacet
facet normal 0 0 1
outer loop
vertex 188.249564329961 -180.1737189691406 8.5
vertex 187.06394563149735 -178.09336864186037 8.5
vertex 182.9168260490349 -178.09336864186037 8.5
endloop
endfacet
facet normal 0 0 1
outer loop
vertex 188.249564329961 -180.1737189691406 8.5
vertex 182.9168260490349 -178.09336864186037 8.5
vertex 186.88898490000034 -180.03071845000017 8.5
endloop
endfacet
facet normal 0 0 1
outer loop
vertex 188.249564329961 -180.1737189691406 8.5
vertex 186.88898490000034 -180.03071845000017 8.5
vertex 187.2144511377683 -180.15565213673904 8.5
endloop
endfacet
facet normal 0 0 1
outer loop
vertex 188.249564329961 -180.1737189691406 8.5
vertex 187.2144511377683 -180.15565213673904 8.5
vertex 187.55666725790817 -180.2221714957724 8.5
endloop
endfacet
facet normal 0 0 1
outer loop
vertex 188.249564329961 -180.1737189691406 8.5
vertex 187.55666725790817 -180.2221714957724 8.5
vertex 187.90523530610625 -180.2282553912872 8.5
endloop
endfacet
facet normal 0 0 1
outer loop
vertex 187.06394563149735 -178.09336864186037 8.5
vertex 186.75069368594907 -178.07420797431965 8.5
vertex 182.87754082814064 -178.07420797431965 8.5
endloop
endfacet
facet normal 0 0 1
outer loop
vertex 187.06394563149735 -178.09336864186037 8.5
vertex 182.87754082814064 -178.07420797431965 8.5
vertex 182.9168260490349 -178.09336864186037 8.5
endloop
endfacet
facet normal 0 0 1
outer loop
vertex 190.05909430443583 -178.09336864186037 8.5
vertex 190.0737647202546 -178.06328985017427 8.5
vertex 187.37633829923007 -178.06328985017427 8.5
endloop
endfacet
facet normal 0 0 1
outer loop
vertex 190.05909430443583 -178.09336864186037 8.5
vertex 187.37633829923007 -178.06328985017427 8.5
vertex 187.06394563149735 -178.09336864186037 8.5
endloop
endfacet
facet normal 0 0 1
outer loop
vertex 186.75069368594907 -178.07420797431965 8.5
vertex 186.44429581499386 -178.00627964982075 8.5
vertex 182.73826701488508 -178.00627964982075 8.5
endloop
endfacet
facet normal 0 0 1
outer loop
vertex 186.75069368594907 -178.07420797431965 8.5
vertex 182.73826701488508 -178.00627964982075 8.5
vertex 182.87754082814064 -178.07420797431965 8.5
endloop
endfacet
facet normal 0 0 1
outer loop
vertex 190.0737647202546 -178.06328985017427 8.5
vertex 190.11208960287024 -177.98471224372938 8.5
vertex 187.68017949514316 -177.98471224372938 8.5
endloop
endfacet
facet normal 0 0 1
outer loop
vertex 190.0737647202546 -178.06328985017427 8.5
vertex 187.68017949514316 -177.98471224372938 8.5
vertex 187.37633829923007 -178.06328985017427 8.5
endloop
endfacet
facet normal 0 0 1
outer loop
vertex 186.44429581499386 -178.00627964982075 8.5
vertex 186.15229660007188 -177.89125630002786 8.5
vertex 182.5024340150686 -177.89125630002786 8.5
endloop
endfacet
facet normal 0 0 1
outer loop
vertex 186.44429581499386 -178.00627964982075 8.5
vertex 182.5024340150686 -177.89125630002786 8.5
vertex 182.73826701488508 -178.00627964982075 8.5
endloop
endfacet
facet normal 0 0 1
outer loop
vertex 190.11208960287024 -177.98471224372938 8.5
vertex 190.1731252603748 -177.8595706764975 8.5
vertex 187.96798759218936 -177.8595706764975 8.5
endloop
endfacet
facet normal 0 0 1
outer loop
vertex 190.11208960287024 -177.98471224372938 8.5
vertex 187.96798759218936 -177.8595706764975 8.5
vertex 187.68017949514316 -177.98471224372938 8.5
endloop
endfacet
facet normal 0 0 1
outer loop
vertex 190.1731252603748 -177.8595706764975 8.5
vertex 190.25536878259183 -177.69094656911994 8.5
vertex 188.23267575398285 -177.69094656911994 8.5
endloop
endfacet
facet normal 0 0 1
outer loop
vertex 190.1731252603748 -177.8595706764975 8.5
vertex 188.23267575398285 -177.69094656911994 8.5
vertex 187.96798759218936 -177.8595706764975 8.5
endloop
endfacet
facet normal 0 0 1
outer loop
vertex 190.25536878259183 -177.69094656911994 8.5
vertex 190.35679504793868 -177.48299203364155 8.5
vertex 188.4677264373256 -177.48299203364155 8.5
endloop
endfacet
facet normal 0 0 1
outer loop
vertex 190.25536878259183 -177.69094656911994 8.5
vertex 188.4677264373256 -177.48299203364155 8.5
vertex 188.23267575398285 -177.69094656911994 8.5
endloop
endfacet
facet normal 0 0 1
outer loop
vertex 190.35679504793868 -177.48299203364155 8.5
vertex 190.47490658899838 -177.24082763399892 8.5
vertex 188.66735187688306 -177.24082763399892 8.5
endloop
endfacet
facet normal 0 0 1
outer loop
vertex 190.35679504793868 -177.48299203364155 8.5
vertex 188.66735187688306 -177.24082763399892 8.5
vertex 188.4677264373256 -177.48299203364155 8.5
endloop
endfacet
facet normal 0 0 1
outer loop
vertex 190.47490658899838 -177.24082763399892 8.5
vertex 190.6067968934332 -176.97041259999313 8.5
vertex 188.82663320000384 -176.97041259999313 8.5
endloop
endfacet
facet normal 0 0 1
outer loop
vertex 190.47490658899838 -177.24082763399892 8.5
vertex 188.82663320000384 -176.97041259999313 8.5
vertex 188.66735187688306 -177.24082763399892 8.5
endloop
endfacet
facet normal 0 0 1
outer loop
vertex 186.15229660007188 -177.89125630002786 8.5
vertex 170.83504819994016 -170.42053419996432 8.5
vertex 167.88000078144506 -170.42053419996432 8.5
endloop
endfacet
facet normal 0 0 1
outer loop
vertex 186.15229660007188 -177.89125630002786 8.5
vertex 167.88000078144506 -170.42053419996432 8.5
vertex 168.03164787677576 -170.6335167688193 8.5
endloop
endfacet
facet normal 0 0 1
outer loop
vertex 186.15229660007188 -177.89125630002786 8.5
vertex 168.03164787677576 -170.6335167688193 8.5
vertex 168.22785747812483 -170.83949929347128 8.5
endloop
endfacet
facet normal 0 0 1
outer loop
vertex 186.15229660007188 -177.89125630002786 8.5
vertex 168.22785747812483 -170.83949929347128 8.5
vertex 168.45130667545033 -171.01556026114503 8.5
endloop
endfacet
facet normal 0 0 1
outer loop
vertex 186.15229660007188 -177.89125630002786 8.5
vertex 168.45130667545033 -171.01556026114503 8.5
vertex 168.6974793999996 -171.1581352999998 8.5
endloop
endfacet
facet normal 0 0 1
outer loop
vertex 186.15229660007188 -177.89125630002786 8.5
vertex 168.6974793999996 -171.1581352999998 8.5
vertex 182.5024340150686 -177.89125630002786 8.5
endloop
endfacet
facet normal 0 0 1
outer loop
vertex 170.83504819994016 -170.42053419996432 8.5
vertex 170.58948989438423 -170.27837361749036 8.5
vertex 167.80296649176157 -170.27837361749036 8.5
endloop
endfacet
facet normal 0 0 1
outer loop
vertex 170.83504819994016 -170.42053419996432 8.5
vertex 167.80296649176157 -170.27837361749036 8.5
vertex 167.86664753540362 -170.4017800745506 8.5
endloop
endfacet
facet normal 0 0 1
outer loop
vertex 170.83504819994016 -170.42053419996432 8.5
vertex 167.86664753540362 -170.4017800745506 8.5
vertex 167.88000078144506 -170.42053419996432 8.5
endloop
endfacet
facet normal 0 0 1
outer loop
vertex 170.58948989438423 -170.27837361749036 8.5
vertex 170.36652366960607 -170.10289722407 8.5
vertex 167.7164280787839 -170.10289722407 8.5
endloop
endfacet
facet normal 0 0 1
outer loop
vertex 170.58948989438423 -170.27837361749036 8.5
vertex 167.7164280787839 -170.10289722407 8.5
vertex 167.73619469999986 -170.1489776499997 8.5
endloop
endfacet
facet normal 0 0 1
outer loop
vertex 170.58948989438423 -170.27837361749036 8.5
vertex 167.73619469999986 -170.1489776499997 8.5
vertex 167.80296649176157 -170.27837361749036 8.5
endloop
endfacet
facet normal 0 0 1
outer loop
vertex 170.36652366960607 -170.10289722407 8.5
vertex 170.17063294997214 -169.89763464112255 8.5
vertex 167.6283788117672 -169.89763464112255 8.5
endloop
endfacet
facet normal 0 0 1
outer loop
vertex 170.36652366960607 -170.10289722407 8.5
vertex 167.6283788117672 -169.89763464112255 8.5
vertex 167.7164280787839 -170.10289722407 8.5
endloop
endfacet
facet normal 0 0 1
outer loop
vertex 170.17063294997214 -169.89763464112255 8.5
vertex 170.0057603250855 -169.66671708079738 8.5
vertex 167.52932460697272 -169.66671708079738 8.5
endloop
endfacet
facet normal 0 0 1
outer loop
vertex 170.17063294997214 -169.89763464112255 8.5
vertex 167.52932460697272 -169.66671708079738 8.5
vertex 167.6283788117672 -169.89763464112255 8.5
endloop
endfacet
facet normal 0 0 1
outer loop
vertex 170.0057603250855 -169.66671708079738 8.5
vertex 169.87522409999966 -169.4147921000012 8.5
vertex 167.42125907654926 -169.4147921000012 8.5
endloop
endfacet
facet normal 0 0 1
outer loop
vertex 170.0057603250855 -169.66671708079738 8.5
vertex 167.42125907654926 -169.4147921000012 8.5
vertex 167.52932460697272 -169.66671708079738 8.5
endloop
endfacet
facet normal 0 0 1
outer loop
vertex 169.87522409999966 -169.4147921000012 8.5
vertex 168.96696825363313 -167.30821519999964 8.5
vertex 166.51762359999984 -167.30821519999964 8.5
endloop
endfacet
facet normal 0 0 1
outer loop
vertex 169.87522409999966 -169.4147921000012 8.5
vertex 166.51762359999984 -167.30821519999964 8.5
vertex 167.42125907654926 -169.4147921000012 8.5
endloop
endfacet
facet normal 0 0 1
outer loop
vertex 168.96696825363313 -167.30821519999964 8.5
vertex 168.85189863564352 -167.04132674547586 8.5
vertex 166.37850065521533 -167.04132674547586 8.5
endloop
endfacet
facet normal 0 0 1
outer loop
vertex 168.96696825363313 -167.30821519999964 8.5
vertex 166.37850065521533 -167.04132674547586 8.5
vertex 166.51762359999984 -167.30821519999964 8.5
endloop
endfacet
facet normal 0 0 1
outer loop
vertex 168.85189863564352 -167.04132674547586 8.5
vertex 168.7471323508651 -166.7983354822805 8.5
vertex 166.2008998151216 -166.7983354822805 8.5
endloop
endfacet
facet normal 0 0 1
outer loop
vertex 168.85189863564352 -167.04132674547586 8.5
vertex 166.2008998151216 -166.7983354822805 8.5
vertex 166.37850065521533 -167.04132674547586 8.5
endloop
endfacet
facet normal 0 0 1
outer loop
vertex 168.7471323508651 -166.7983354822805 8.5
vertex 168.65504304500996 -166.58474676140668 8.5
vertex 165.98884635321426 -166.58474676140668 8.5
endloop
endfacet
facet normal 0 0 1
outer loop
vertex 168.7471323508651 -166.7983354822805 8.5
vertex 165.98884635321426 -166.58474676140668 8.5
vertex 166.2008998151216 -166.7983354822805 8.5
endloop
endfacet
facet normal 0 0 1
outer loop
vertex 168.65504304500996 -166.58474676140668 8.5
vertex 168.57771623724653 -166.40539766320163 8.5
vertex 165.74714258128657 -166.40539766320163 8.5
endloop
endfacet
facet normal 0 0 1
outer loop
vertex 168.65504304500996 -166.58474676140668 8.5
vertex 165.74714258128657 -166.40539766320163 8.5
vertex 165.98884635321426 -166.58474676140668 8.5
endloop
endfacet
facet normal 0 0 1
outer loop
vertex 168.57771623724653 -166.40539766320163 8.5
vertex 168.5169031248314 -166.26434985344247 8.5
vertex 165.4812622928979 -166.26434985344247 8.5
endloop
endfacet
facet normal 0 0 1
outer loop
vertex 168.57771623724653 -166.40539766320163 8.5
vertex 165.4812622928979 -166.26434985344247 8.5
vertex 165.74714258128657 -166.40539766320163 8.5
endloop
endfacet
facet normal 0 0 1
outer loop
vertex 168.5169031248314 -166.26434985344247 8.5
vertex 168.47796209999933 -166.17403140000033 8.5
vertex 168.4731287767534 -166.1647975999999 8.5
endloop
endfacet
facet normal 0 0 1
outer loop
vertex 168.5169031248314 -166.26434985344247 8.5
vertex 168.4731287767534 -166.1647975999999 8.5
vertex 165.19722679999967 -166.1647975999999 8.5
endloop
endfacet
facet normal 0 0 1
outer loop
vertex 168.5169031248314 -166.26434985344247 8.5
vertex 165.19722679999967 -166.1647975999999 8.5
vertex 165.4812622928979 -166.26434985344247 8.5
endloop
endfacet
facet normal 0 0 1
outer loop
vertex 168.4731287767534 -166.1647975999999 8.5
vertex 168.3386723705169 -165.9079259816962 8.5
vertex 168.1610977810677 -165.66567739760117 8.5
endloop
endfacet
facet normal 0 0 1
outer loop
vertex 168.4731287767534 -166.1647975999999 8.5
vertex 168.1610977810677 -165.66567739760117 8.5
vertex 167.94924734824392 -165.45275368954697 8.5
endloop
endfacet
facet normal 0 0 1
outer loop
vertex 168.4731287767534 -166.1647975999999 8.5
vertex 167.94924734824392 -165.45275368954697 8.5
vertex 167.70789920567427 -165.2739571980973 8.5
endloop
endfacet
facet normal 0 0 1
outer loop
vertex 168.4731287767534 -166.1647975999999 8.5
vertex 167.70789920567427 -165.2739571980973 8.5
vertex 167.44249678624394 -165.13332054886703 8.5
endloop
endfacet
facet normal 0 0 1
outer loop
vertex 168.4731287767534 -166.1647975999999 8.5
vertex 167.44249678624394 -165.13332054886703 8.5
vertex 167.15902604998166 -165.0340156999959 8.5
endloop
endfacet
facet normal 0 0 1
outer loop
vertex 168.4731287767534 -166.1647975999999 8.5
vertex 167.15902604998166 -165.0340156999959 8.5
vertex 153.77805720001325 -161.4485997000043 8.5
endloop
endfacet
facet normal 0 0 1
outer loop
vertex 168.4731287767534 -166.1647975999999 8.5
vertex 153.77805720001325 -161.4485997000043 8.5
vertex 150.518548478389 -161.4485997000043 8.5
endloop
endfacet
facet normal 0 0 1
outer loop
vertex 168.4731287767534 -166.1647975999999 8.5
vertex 150.518548478389 -161.4485997000043 8.5
vertex 150.5716042007296 -161.57492893675703 8.5
endloop
endfacet
facet normal 0 0 1
outer loop
vertex 168.4731287767534 -166.1647975999999 8.5
vertex 150.5716042007296 -161.57492893675703 8.5
vertex 150.7483746876015 -161.85481472778434 8.5
endloop
endfacet
facet normal 0 0 1
outer loop
vertex 168.4731287767534 -166.1647975999999 8.5
vertex 150.7483746876015 -161.85481472778434 8.5
vertex 150.9688907907489 -162.10170844844288 8.5
endloop
endfacet
facet normal 0 0 1
outer loop
vertex 168.4731287767534 -166.1647975999999 8.5
vertex 150.9688907907489 -162.10170844844288 8.5
vertex 151.2271112586703 -162.30884620693809 8.5
endloop
endfacet
facet normal 0 0 1
outer loop
vertex 168.4731287767534 -166.1647975999999 8.5
vertex 151.2271112586703 -162.30884620693809 8.5
vertex 151.5159618923964 -162.47055326443365 8.5
endloop
endfacet
facet normal 0 0 1
outer loop
vertex 168.4731287767534 -166.1647975999999 8.5
vertex 151.5159618923964 -162.47055326443365 8.5
vertex 151.82752869999996 -162.58239899999998 8.5
endloop
endfacet
facet normal 0 0 1
outer loop
vertex 168.4731287767534 -166.1647975999999 8.5
vertex 151.82752869999996 -162.58239899999998 8.5
vertex 165.19722679999967 -166.1647975999999 8.5
endloop
endfacet
facet normal 0 0 1
outer loop
vertex 153.77805720001325 -161.4485997000043 8.5
vertex 153.46751868518922 -161.33721679999363 8.5
vertex 150.47176991494348 -161.33721679999363 8.5
endloop
endfacet
facet normal 0 0 1
outer loop
vertex 153.77805720001325 -161.4485997000043 8.5
vertex 150.47176991494348 -161.33721679999363 8.5
vertex 150.518548478389 -161.4485997000043 8.5
endloop
endfacet
facet normal 0 0 1
outer loop
vertex 190.6067968934332 -176.97041259999313 8.5
vertex 198.27147707542875 -161.25549890000863 8.5
vertex 196.49130884999622 -161.25549890000863 8.5
endloop
endfacet
facet normal 0 0 1
outer loop
vertex 190.6067968934332 -176.97041259999313 8.5
vertex 196.49130884999622 -161.25549890000863 8.5
vertex 188.82663320000384 -176.97041259999313 8.5
endloop
endfacet
facet normal 0 0 1
outer loop
vertex 153.46751868518922 -161.33721679999363 8.5
vertex 153.1795133986751 -161.1763035822413 8.5
vertex 150.42136187395647 -161.1763035822413 8.5
endloop
endfacet
facet normal 0 0 1
outer loop
vertex 153.46751868518922 -161.33721679999363 8.5
vertex 150.42136187395647 -161.1763035822413 8.5
vertex 150.44342212825094 -161.2697188167693 8.5
endloop
endfacet
facet normal 0 0 1
outer loop
vertex 153.46751868518922 -161.33721679999363 8.5
vertex 150.44342212825094 -161.2697188167693 8.5
vertex 150.47176991494348 -161.33721679999363 8.5
endloop
endfacet
facet normal 0 0 1
outer loop
vertex 153.1795133986751 -161.1763035822413 8.5
vertex 152.92187937207743 -160.97023364973194 8.5
vertex 150.37269791527171 -160.97023364973194 8.5
endloop
endfacet
facet normal 0 0 1
outer loop
vertex 153.1795133986751 -161.1763035822413 8.5
vertex 150.37269791527171 -160.97023364973194 8.5
vertex 150.42136187395647 -161.1763035822413 8.5
endloop
endfacet
facet normal 0 0 1
outer loop
vertex 198.27147707542875 -161.25549890000863 8.5
vertex 198.42179311900472 -160.94730552514767 8.5
vertex 196.61120699976635 -160.94730552514767 8.5
endloop
endfacet
facet normal 0 0 1
outer loop
vertex 198.27147707542875 -161.25549890000863 8.5
vertex 196.61120699976635 -160.94730552514767 8.5
vertex 196.49130884999622 -161.25549890000863 8.5
endloop
endfacet
facet normal 0 0 1
outer loop
vertex 152.92187937207743 -160.97023364973194 8.5
vertex 152.70162683436814 -160.7246141710202 8.5
vertex 150.35256109006863 -160.7246141710202 8.5
endloop
endfacet
facet normal 0 0 1
outer loop
vertex 152.92187937207743 -160.97023364973194 8.5
vertex 150.35256109006863 -160.7246141710202 8.5
vertex 150.36734014177026 -160.94754589366593 8.5
endloop
endfacet
facet normal 0 0 1
outer loop
vertex 152.92187937207743 -160.97023364973194 8.5
vertex 150.36734014177026 -160.94754589366593 8.5
vertex 150.37269791527171 -160.97023364973194 8.5
endloop
endfacet
facet normal 0 0 1
outer loop
vertex 198.42179311900472 -160.94730552514767 8.5
vertex 198.57969048089637 -160.62356815363782 8.5
vertex 196.67868171278133 -160.62356815363782 8.5
endloop
endfacet
facet normal 0 0 1
outer loop
vertex 198.42179311900472 -160.94730552514767 8.5
vertex 196.67868171278133 -160.62356815363782 8.5
vertex 196.61120699976635 -160.94730552514767 8.5
endloop
endfacet
facet normal 0 0 1
outer loop
vertex 152.70162683436814 -160.7246141710202 8.5
vertex 152.52474886300683 -160.44612845872592 8.5
vertex 150.36252588502612 -160.44612845872592 8.5
endloop
endfacet
facet normal 0 0 1
outer loop
vertex 152.70162683436814 -160.7246141710202 8.5
vertex 150.36252588502612 -160.44612845872592 8.5
vertex 150.3454425807462 -160.6172364056561 8.5
endloop
endfacet
facet normal 0 0 1
outer loop
vertex 152.70162683436814 -160.7246141710202 8.5
vertex 150.3454425807462 -160.6172364056561 8.5
vertex 150.35256109006863 -160.7246141710202 8.5
endloop
endfacet
facet normal 0 0 1
outer loop
vertex 198.57969048089637 -160.62356815363782 8.5
vertex 198.63491854999972 -160.51033390000066 8.5
vertex 198.7195347302211 -160.29313766180312 8.5
endloop
endfacet
facet normal 0 0 1
outer loop
vertex 198.57969048089637 -160.62356815363782 8.5
vertex 198.7195347302211 -160.29313766180312 8.5
vertex 196.6918882519451 -160.29313766180312 8.5
endloop
endfacet
facet normal 0 0 1
outer loop
vertex 198.57969048089637 -160.62356815363782 8.5
vertex 196.6918882519451 -160.29313766180312 8.5
vertex 196.67868171278133 -160.62356815363782 8.5
endloop
endfacet
facet normal 0 0 1
outer loop
vertex 152.52474886300683 -160.44612845872592 8.5
vertex 152.3960583124003 -160.14235411662784 8.5
vertex 150.4051584420911 -160.14235411662784 8.5
endloop
endfacet
facet normal 0 0 1
outer loop
vertex 152.52474886300683 -160.44612845872592 8.5
vertex 150.4051584420911 -160.14235411662784 8.5
vertex 150.37832935 -160.2878394999999 8.5
endloop
endfacet
facet normal 0 0 1
outer loop
vertex 152.52474886300683 -160.44612845872592 8.5
vertex 150.37832935 -160.2878394999999 8.5
vertex 150.36252588502612 -160.44612845872592 8.5
endloop
endfacet
facet normal 0 0 1
outer loop
vertex 198.7195347302211 -160.29313766180312 8.5
vertex 198.75427865513174 -160.2039555482751 8.5
vertex 198.80442759902155 -159.96504791377444 8.5
endloop
endfacet
facet normal 0 0 1
outer loop
vertex 198.7195347302211 -160.29313766180312 8.5
vertex 198.80442759902155 -159.96504791377444 8.5
vertex 196.65046555469405 -159.96504791377444 8.5
endloop
endfacet
facet normal 0 0 1
outer loop
vertex 198.7195347302211 -160.29313766180312 8.5
vertex 196.65046555469405 -159.96504791377444 8.5
vertex 196.6918882519451 -160.29313766180312 8.5
endloop
endfacet
facet normal 0 0 1
outer loop
vertex 152.3960583124003 -160.14235411662784 8.5
vertex 152.31905685596232 -159.82155685291463 8.5
vertex 150.4643169577526 -159.82155685291463 8.5
endloop
endfacet
facet normal 0 0 1
outer loop
vertex 152.3960583124003 -160.14235411662784 8.5
vertex 150.4643169577526 -159.82155685291463 8.5
vertex 150.4051584420911 -160.14235411662784 8.5
endloop
endfacet
facet normal 0 0 1
outer loop
vertex 198.80442759902155 -159.96504791377444 8.5
vertex 198.82182637030323 -159.88216083844034 8.5
vertex 198.83172960619797 -159.6482687784583 8.5
endloop
endfacet
facet normal 0 0 1
outer loop
vertex 198.80442759902155 -159.96504791377444 8.5
vertex 198.83172960619797 -159.6482687784583 8.5
vertex 196.55554610433458 -159.6482687784583 8.5
endloop
endfacet
facet normal 0 0 1
outer loop
vertex 198.80442759902155 -159.96504791377444 8.5
vertex 196.55554610433458 -159.6482687784583 8.5
vertex 196.65046555469405 -159.96504791377444 8.5
endloop
endfacet
facet normal 0 0 1
outer loop
vertex 152.31905685596232 -159.82155685291463 8.5
vertex 152.29583970539431 -159.4924655697837 8.5
vertex 150.52500498109112 -159.4924655697837 8.5
endloop
endfacet
facet normal 0 0 1
outer loop
vertex 152.31905685596232 -159.82155685291463 8.5
vertex 150.52500498109112 -159.4924655697837 8.5
vertex 150.4643169577526 -159.82155685291463 8.5
endloop
endfacet
facet normal 0 0 1
outer loop
vertex 198.83172960619797 -159.6482687784583 8.5
vertex 198.83573597316007 -159.55364744137555 8.5
vertex 198.8108899071399 -159.35146089630538 8.5
endloop
endfacet
facet normal 0 0 1
outer loop
vertex 198.83172960619797 -159.6482687784583 8.5
vertex 198.8108899071399 -159.35146089630538 8.5
vertex 196.4097249683432 -159.35146089630538 8.5
endloop
endfacet
facet normal 0 0 1
outer loop
vertex 198.83172960619797 -159.6482687784583 8.5
vertex 196.4097249683432 -159.35146089630538 8.5
vertex 196.55554610433458 -159.6482687784583 8.5
endloop
endfacet
facet normal 0 0 1
outer loop
vertex 152.29583970539431 -159.4924655697837 8.5
vertex 152.32703860000046 -159.16403484999958 8.5
vertex 150.58557118934104 -159.16403484999958 8.5
endloop
endfacet
facet normal 0 0 1
outer loop
vertex 152.29583970539431 -159.4924655697837 8.5
vertex 150.58557118934104 -159.16403484999958 8.5
vertex 150.52500498109112 -159.4924655697837 8.5
endloop
endfacet
facet normal 0 0 1
outer loop
vertex 198.8108899071399 -159.35146089630538 8.5
vertex 198.7956315061615 -159.22729462488763 8.5
vertex 198.75298723590387 -159.0827378000168 8.5
endloop
endfacet
facet normal 0 0 1
outer loop
vertex 198.8108899071399 -159.35146089630538 8.5
vertex 198.75298723590387 -159.0827378000168 8.5
vertex 196.21698770001254 -159.0827378000168 8.5
endloop
endfacet
facet normal 0 0 1
outer loop
vertex 198.8108899071399 -159.35146089630538 8.5
vertex 196.21698770001254 -159.0827378000168 8.5
vertex 196.4097249683432 -159.35146089630538 8.5
endloop
endfacet
facet normal 0 0 1
outer loop
vertex 198.75298723590387 -159.0827378000168 8.5
vertex 198.70259693819872 -158.9119232592463 8.5
vertex 198.5591468663979 -158.61605740112276 8.5
endloop
endfacet
facet normal 0 0 1
outer loop
vertex 198.75298723590387 -159.0827378000168 8.5
vertex 198.5591468663979 -158.61605740112276 8.5
vertex 198.36915710000002 -158.3476978 8.5
endloop
endfacet
facet normal 0 0 1
outer loop
vertex 198.75298723590387 -159.0827378000168 8.5
vertex 198.36915710000002 -158.3476978 8.5
vertex 185.66340639999987 -143.21180859999984 8.5
endloop
endfacet
facet normal 0 0 1
outer loop
vertex 198.75298723590387 -159.0827378000168 8.5
vertex 185.66340639999987 -143.21180859999984 8.5
vertex 183.3462457159034 -143.21180859999984 8.5
endloop
endfacet
facet normal 0 0 1
outer loop
vertex 198.75298723590387 -159.0827378000168 8.5
vertex 183.3462457159034 -143.21180859999984 8.5
vertex 183.35716865460674 -143.45252462317106 8.5
endloop
endfacet
facet normal 0 0 1
outer loop
vertex 198.75298723590387 -159.0827378000168 8.5
vertex 183.35716865460674 -143.45252462317106 8.5
vertex 183.41304152972702 -143.74005211968384 8.5
endloop
endfacet
facet normal 0 0 1
outer loop
vertex 198.75298723590387 -159.0827378000168 8.5
vertex 183.41304152972702 -143.74005211968384 8.5
vertex 183.5103114057289 -144.01633532702408 8.5
endloop
endfacet
facet normal 0 0 1
outer loop
vertex 198.75298723590387 -159.0827378000168 8.5
vertex 183.5103114057289 -144.01633532702408 8.5
vertex 183.64689199357824 -144.27544839589248 8.5
endloop
endfacet
facet normal 0 0 1
outer loop
vertex 198.75298723590387 -159.0827378000168 8.5
vertex 183.64689199357824 -144.27544839589248 8.5
vertex 183.81985384997554 -144.51183374997314 8.5
endloop
endfacet
facet normal 0 0 1
outer loop
vertex 198.75298723590387 -159.0827378000168 8.5
vertex 183.81985384997554 -144.51183374997314 8.5
vertex 196.21698770001254 -159.0827378000168 8.5
endloop
endfacet
facet normal 0 0 1
outer loop
vertex 185.66340639999987 -143.21180859999984 8.5
vertex 185.49318023197264 -142.97616331270075 8.5
vertex 183.36256086592567 -142.97616331270075 8.5
endloop
endfacet
facet normal 0 0 1
outer loop
vertex 185.66340639999987 -143.21180859999984 8.5
vertex 183.36256086592567 -142.97616331270075 8.5
vertex 183.34389116748127 -143.15991985943901 8.5
endloop
endfacet
facet normal 0 0 1
outer loop
vertex 185.66340639999987 -143.21180859999984 8.5
vertex 183.34389116748127 -143.15991985943901 8.5
vertex 183.3462457159034 -143.21180859999984 8.5
endloop
endfacet
facet normal 0 0 1
outer loop
vertex 185.49318023197264 -142.97616331270075 8.5
vertex 185.35891250077856 -142.7183303705312 8.5
vertex 183.39997974597765 -142.7183303705312 8.5
endloop
endfacet
facet normal 0 0 1
outer loop
vertex 185.49318023197264 -142.97616331270075 8.5
vertex 183.39997974597765 -142.7183303705312 8.5
vertex 183.3734977000032 -142.86851749997808 8.5
endloop
endfacet
facet normal 0 0 1
outer loop
vertex 185.49318023197264 -142.97616331270075 8.5
vertex 183.3734977000032 -142.86851749997808 8.5
vertex 183.36256086592567 -142.97616331270075 8.5
endloop
endfacet
facet normal 0 0 1
outer loop
vertex 185.35891250077856 -142.7183303705312 8.5
vertex 185.2634398018828 -142.44375685856548 8.5
vertex 183.44839446962288 -142.44375685856548 8.5
endloop
endfacet
facet normal 0 0 1
outer loop
vertex 185.35891250077856 -142.7183303705312 8.5
vertex 183.44839446962288 -142.44375685856548 8.5
vertex 183.39997974597765 -142.7183303705312 8.5
endloop
endfacet
facet normal 0 0 1
outer loop
vertex 185.2634398018828 -142.44375685856548 8.5
vertex 185.2087791308976 -142.15824353005831 8.5
vertex 183.49873817829945 -142.15824353005831 8.5
endloop
endfacet
facet normal 0 0 1
outer loop
vertex 185.2634398018828 -142.44375685856548 8.5
vertex 183.49873817829945 -142.15824353005831 8.5
vertex 183.44839446962288 -142.44375685856548 8.5
endloop
endfacet
facet normal 0 0 1
outer loop
vertex 185.2087791308976 -142.15824353005831 8.5
vertex 185.19608527170178 -141.86782225734146 8.5
vertex 183.54994729005466 -141.86782225734146 8.5
endloop
endfacet
facet normal 0 0 1
outer loop
vertex 185.2087791308976 -142.15824353005831 8.5
vertex 183.54994729005466 -141.86782225734146 8.5
vertex 183.49873817829945 -142.15824353005831 8.5
endloop
endfacet
facet normal 0 0 1
outer loop
vertex 185.19608527170178 -141.86782225734146 8.5
vertex 185.22562279999997 -141.5786272000001 8.5
vertex 183.60094018693138 -141.5786272000001 8.5
endloop
endfacet
facet normal 0 0 1
outer loop
vertex 185.19608527170178 -141.86782225734146 8.5
vertex 183.60094018693138 -141.5786272000001 8.5
vertex 183.54994729005466 -141.86782225734146 8.5
endloop
endfacet
facet normal 0 0 1
outer loop
vertex 152.32703860000046 -159.16403484999958 8.5
vertex 156.08849643566435 -138.16996520000038 8.5
vertex 154.45710669999994 -138.16996520000038 8.5
endloop
endfacet
facet normal 0 0 1
outer loop
vertex 152.32703860000046 -159.16403484999958 8.5
vertex 154.45710669999994 -138.16996520000038 8.5
vertex 150.58557118934104 -159.16403484999958 8.5
endloop
endfacet
facet normal 0 0 1
outer loop
vertex 156.08849643566435 -138.16996520000038 8.5
vertex 156.14470388275666 -137.85625091403492 8.5
vertex 154.48967178101014 -137.85625091403492 8.5
endloop
endfacet
facet normal 0 0 1
outer loop
vertex 156.08849643566435 -138.16996520000038 8.5
vertex 154.48967178101014 -137.85625091403492 8.5
vertex 154.45710669999994 -138.16996520000038 8.5
endloop
endfacet
facet normal 0 0 1
outer loop
vertex 156.14470388275666 -137.85625091403492 8.5
vertex 156.20112916096505 -137.54132083307118 8.5
vertex 154.47251243793528 -137.54132083307118 8.5
endloop
endfacet
facet normal 0 0 1
outer loop
vertex 156.14470388275666 -137.85625091403492 8.5
vertex 154.47251243793528 -137.54132083307118 8.5
vertex 154.48967178101014 -137.85625091403492 8.5
endloop
endfacet
facet normal 0 0 1
outer loop
vertex 156.20112916096505 -137.54132083307118 8.5
vertex 156.25636950436 -137.23300430597135 8.5
vertex 154.40605705389999 -137.23300430597135 8.5
endloop
endfacet
facet normal 0 0 1
outer loop
vertex 156.20112916096505 -137.54132083307118 8.5
vertex 154.40605705389999 -137.23300430597135 8.5
vertex 154.47251243793528 -137.54132083307118 8.5
endloop
endfacet
facet normal 0 0 1
outer loop
vertex 156.25636950436 -137.23300430597135 8.5
vertex 156.30905114914242 -136.93896881011872 8.5
vertex 154.29195829786403 -136.93896881011872 8.5
endloop
endfacet
facet normal 0 0 1
outer loop
vertex 156.25636950436 -137.23300430597135 8.5
vertex 154.29195829786403 -136.93896881011872 8.5
vertex 154.40605705389999 -137.23300430597135 8.5
endloop
endfacet
facet normal 0 0 1
outer loop
vertex 156.30905114914242 -136.93896881011872 8.5
vertex 156.32250200000016 -136.86389470000066 8.5
vertex 156.3420307356402 -136.66652667007696 8.5
endloop
endfacet
facet normal 0 0 1
outer loop
vertex 156.30905114914242 -136.93896881011872 8.5
vertex 156.3420307356402 -136.66652667007696 8.5
vertex 154.1330536746463 -136.66652667007696 8.5
endloop
endfacet
facet normal 0 0 1
outer loop
vertex 156.30905114914242 -136.93896881011872 8.5
vertex 154.1330536746463 -136.66652667007696 8.5
vertex 154.29195829786403 -136.93896881011872 8.5
endloop
endfacet
facet normal 0 0 1
outer loop
vertex 156.3420307356402 -136.66652667007696 8.5
vertex 156.35345783108045 -136.55103822492836 8.5
vertex 156.34589550054477 -136.42245320848969 8.5
endloop
endfacet
facet normal 0 0 1
outer loop
vertex 156.3420307356402 -136.66652667007696 8.5
vertex 156.34589550054477 -136.42245320848969 8.5
vertex 153.9332949594447 -136.42245320848969 8.5
endloop
endfacet
facet normal 0 0 1
outer loop
vertex 156.3420307356402 -136.66652667007696 8.5
vertex 153.9332949594447 -136.42245320848969 8.5
vertex 154.1330536746463 -136.66652667007696 8.5
endloop
endfacet
facet normal 0 0 1
outer loop
vertex 156.34589550054477 -136.42245320848969 8.5
vertex 156.3350000561276 -136.23719406213547 8.5
vertex 156.32964889038857 -136.21281825159747 8.5
endloop
endfacet
facet normal 0 0 1
outer loop
vertex 156.34589550054477 -136.42245320848969 8.5
vertex 156.32964889038857 -136.21281825159747 8.5
vertex 153.69764992173089 -136.21281825159747 8.5
endloop
endfacet
facet normal 0 0 1
outer loop
vertex 156.34589550054477 -136.42245320848969 8.5
vertex 153.69764992173089 -136.21281825159747 8.5
vertex 153.9332949594447 -136.42245320848969 8.5
endloop
endfacet
facet normal 0 0 1
outer loop
vertex 156.32964889038857 -136.21281825159747 8.5
vertex 156.29233289675471 -136.0428351796432 8.5
vertex 153.43197878253937 -136.0428351796432 8.5
endloop
endfacet
facet normal 0 0 1
outer loop
vertex 156.32964889038857 -136.21281825159747 8.5
vertex 153.43197878253937 -136.0428351796432 8.5
vertex 153.69764992173089 -136.21281825159747 8.5
endloop
endfacet
facet normal 0 0 1
outer loop
vertex 156.29233289675471 -136.0428351796432 8.5
vertex 156.26758876144297 -135.93011986045823 8.5
vertex 156.26234253018387 -135.91673127610122 8.5
endloop
endfacet
facet normal 0 0 1
outer loop
vertex 156.29233289675471 -136.0428351796432 8.5
vertex 156.26234253018387 -135.91673127610122 8.5
vertex 153.14288847751033 -135.91673127610122 8.5
endloop
endfacet
facet normal 0 0 1
outer loop
vertex 156.29233289675471 -136.0428351796432 8.5
vertex 153.14288847751033 -135.91673127610122 8.5
vertex 153.43197878253937 -136.0428351796432 8.5
endloop
endfacet
facet normal 0 0 1
outer loop
vertex 156.26234253018387 -135.91673127610122 8.5
vertex 156.23135213764218 -135.83764259999995 8.5
vertex 152.83756834999977 -135.83764259999995 8.5
endloop
endfacet
facet normal 0 0 1
outer loop
vertex 156.26234253018387 -135.91673127610122 8.5
vertex 152.83756834999977 -135.83764259999995 8.5
vertex 153.14288847751033 -135.91673127610122 8.5
endloop
endfacet
facet normal 0 0 1
outer loop
vertex 156.23135213764218 -135.83764259999995 8.5
vertex 156.15288966069957 -135.6374033349869 8.5
vertex 155.9937369356544 -135.36627742679025 8.5
endloop
endfacet
facet normal 0 0 1
outer loop
vertex 156.23135213764218 -135.83764259999995 8.5
vertex 155.9937369356544 -135.36627742679025 8.5
vertex 155.79406320432753 -135.1234415789916 8.5
endloop
endfacet
facet normal 0 0 1
outer loop
vertex 156.23135213764218 -135.83764259999995 8.5
vertex 155.79406320432753 -135.1234415789916 8.5
vertex 155.55880234703028 -134.9148961953613 8.5
endloop
endfacet
facet normal 0 0 1
outer loop
vertex 156.23135213764218 -135.83764259999995 8.5
vertex 155.55880234703028 -134.9148961953613 8.5
vertex 155.29376759187997 -134.74579437235425 8.5
endloop
endfacet
facet normal 0 0 1
outer loop
vertex 156.23135213764218 -135.83764259999995 8.5
vertex 155.29376759187997 -134.74579437235425 8.5
vertex 155.00550787131255 -134.62031456728576 8.5
endloop
endfacet
facet normal 0 0 1
outer loop
vertex 156.23135213764218 -135.83764259999995 8.5
vertex 155.00550787131255 -134.62031456728576 8.5
vertex 154.70114599999715 -134.54155734999867 8.5
endloop
endfacet
facet normal 0 0 1
outer loop
vertex 156.23135213764218 -135.83764259999995 8.5
vertex 154.70114599999715 -134.54155734999867 8.5
vertex 145.9710526999745 -133.0022095999947 8.5
endloop
endfacet
facet normal 0 0 1
outer loop
vertex 156.23135213764218 -135.83764259999995 8.5
vertex 145.9710526999745 -133.0022095999947 8.5
vertex 142.58737699799363 -133.0022095999947 8.5
endloop
endfacet
facet normal 0 0 1
outer loop
vertex 156.23135213764218 -135.83764259999995 8.5
vertex 142.58737699799363 -133.0022095999947 8.5
vertex 142.65653778691527 -133.18491887111296 8.5
endloop
endfacet
facet normal 0 0 1
outer loop
vertex 156.23135213764218 -135.83764259999995 8.5
vertex 142.65653778691527 -133.18491887111296 8.5
vertex 142.81479234035936 -133.46067648055438 8.5
endloop
endfacet
facet normal 0 0 1
outer loop
vertex 156.23135213764218 -135.83764259999995 8.5
vertex 142.81479234035936 -133.46067648055438 8.5
vertex 143.0147459002039 -133.7078714173071 8.5
endloop
endfacet
facet normal 0 0 1
outer loop
vertex 156.23135213764218 -135.83764259999995 8.5
vertex 143.0147459002039 -133.7078714173071 8.5
vertex 143.2513453019277 -133.92025664738375 8.5
endloop
endfacet
facet normal 0 0 1
outer loop
vertex 156.23135213764218 -135.83764259999995 8.5
vertex 143.2513453019277 -133.92025664738375 8.5
vertex 143.51861127862736 -134.09246483693778 8.5
endloop
endfacet
facet normal 0 0 1
outer loop
vertex 156.23135213764218 -135.83764259999995 8.5
vertex 143.51861127862736 -134.09246483693778 8.5
vertex 143.80978956720196 -134.2201439938647 8.5
endloop
endfacet
facet normal 0 0 1
outer loop
vertex 156.23135213764218 -135.83764259999995 8.5
vertex 143.80978956720196 -134.2201439938647 8.5
vertex 144.11752319999968 -134.30006489999994 8.5
endloop
endfacet
facet normal 0 0 1
outer loop
vertex 156.23135213764218 -135.83764259999995 8.5
vertex 144.11752319999968 -134.30006489999994 8.5
vertex 152.83756834999977 -135.83764259999995 8.5
endloop
endfacet
facet normal 0 0 1
outer loop
vertex 145.9710526999745 -133.0022095999947 8.5
vertex 145.66331931720597 -132.92228634386703 8.5
vertex 142.55712371411184 -132.92228634386703 8.5
endloop
endfacet
facet normal 0 0 1
outer loop
vertex 145.9710526999745 -133.0022095999947 8.5
vertex 142.55712371411184 -132.92228634386703 8.5
vertex 142.58737699799363 -133.0022095999947 8.5
endloop
endfacet
facet normal 0 0 1
outer loop
vertex 145.66331931720597 -132.92228634386703 8.5
vertex 145.37214102866017 -132.79460718695276 8.5
vertex 142.517019563537 -132.79460718695276 8.5
endloop
endfacet
facet normal 0 0 1
outer loop
vertex 145.66331931720597 -132.92228634386703 8.5
vertex 142.517019563537 -132.79460718695276 8.5
vertex 142.54398159999982 -132.88756744999958 8.5
endloop
endfacet
facet normal 0 0 1
outer loop
vertex 145.66331931720597 -132.92228634386703 8.5
vertex 142.54398159999982 -132.88756744999958 8.5
vertex 142.55712371411184 -132.92228634386703 8.5
endloop
endfacet
facet normal 0 0 1
outer loop
vertex 145.37214102866017 -132.79460718695276 8.5
vertex 145.1048750518895 -132.62239899735297 8.5
vertex 142.4670725933477 -132.62239899735297 8.5
endloop
endfacet
facet normal 0 0 1
outer loop
vertex 145.37214102866017 -132.79460718695276 8.5
vertex 142.4670725933477 -132.62239899735297 8.5
vertex 142.517019563537 -132.79460718695276 8.5
endloop
endfacet
facet normal 0 0 1
outer loop
vertex 145.1048750518895 -132.62239899735297 8.5
vertex 144.86827565019442 -132.41001376730208 8.5
vertex 142.40547274273288 -132.41001376730208 8.5
endloop
endfacet
facet normal 0 0 1
outer loop
vertex 145.1048750518895 -132.62239899735297 8.5
vertex 142.40547274273288 -132.41001376730208 8.5
vertex 142.4670725933477 -132.62239899735297 8.5
endloop
endfacet
facet normal 0 0 1
outer loop
vertex 144.86827565019442 -132.41001376730208 8.5
vertex 144.66832209037884 -132.16281883058517 8.5
vertex 142.33377674404758 -132.16281883058517 8.5
endloop
endfacet
facet normal 0 0 1
outer loop
vertex 144.86827565019442 -132.41001376730208 8.5
vertex 142.33377674404758 -132.16281883058517 8.5
vertex 142.40547274273288 -132.41001376730208 8.5
endloop
endfacet
facet normal 0 0 1
outer loop
vertex 144.66832209037884 -132.16281883058517 8.5
vertex 144.51006753690677 -131.88706122109502 8.5
vertex 142.2537964763688 -131.88706122109502 8.5
endloop
endfacet
facet normal 0 0 1
outer loop
vertex 144.66832209037884 -132.16281883058517 8.5
vertex 142.2537964763688 -131.88706122109502 8.5
vertex 142.33377674404758 -132.16281883058517 8.5
endloop
endfacet
facet normal 0 0 1
outer loop
vertex 144.51006753690677 -131.88706122109502 8.5
vertex 144.3975113500063 -131.58970980002124 8.5
vertex 142.1675531763339 -131.58970980002124 8.5
endloop
endfacet
facet normal 0 0 1
outer loop
vertex 144.51006753690677 -131.88706122109502 8.5
vertex 142.1675531763339 -131.58970980002124 8.5
vertex 142.2537964763688 -131.88706122109502 8.5
endloop
endfacet
facet normal 0 0 1
outer loop
vertex 108.96558502159293 -132.83579392259216 8.5
vertex 109.2756298697364 -132.76538306250734 8.5
vertex 109.57059930739022 -132.64673008981913 8.5
endloop
endfacet
facet normal 0 0 1
outer loop
vertex 108.96558502159293 -132.83579392259216 8.5
vertex 109.57059930739022 -132.64673008981913 8.5
vertex 109.84303905149872 -132.48283352820806 8.5
endloop
endfacet
facet normal 0 0 1
outer loop
vertex 108.96558502159293 -132.83579392259216 8.5
vertex 109.84303905149872 -132.48283352820806 8.5
vertex 110.08606417532252 -132.27783526902408 8.5
endloop
endfacet
facet normal 0 0 1
outer loop
vertex 108.96558502159293 -132.83579392259216 8.5
vertex 110.08606417532252 -132.27783526902408 8.5
vertex 110.29353619999995 -132.0369118000001 8.5
endloop
endfacet
facet normal 0 0 1
outer loop
vertex 108.96558502159293 -132.83579392259216 8.5
vertex 110.29353619999995 -132.0369118000001 8.5
vertex 111.0497813500812 -131.00265643581332 8.5
endloop
endfacet
facet normal 0 0 1
outer loop
vertex 108.96558502159293 -132.83579392259216 8.5
vertex 111.0497813500812 -131.00265643581332 8.5
vertex 107.35043522352441 -131.00265643581332 8.5
endloop
endfacet
facet normal 0 0 1
outer loop
vertex 108.96558502159293 -132.83579392259216 8.5
vertex 107.35043522352441 -131.00265643581332 8.5
vertex 97.99088129994318 -131.00265643581332 8.5
endloop
endfacet
facet normal 0 0 1
outer loop
vertex 108.96558502159293 -132.83579392259216 8.5
vertex 97.99088129994318 -131.00265643581332 8.5
vertex 108.33179309999974 -132.8260359 8.5
endloop
endfacet
facet normal 0 0 1
outer loop
vertex 108.96558502159293 -132.83579392259216 8.5
vertex 108.33179309999974 -132.8260359 8.5
vertex 108.64830002235911 -132.85618329087535 8.5
endloop
endfacet
facet normal 0 0 1
outer loop
vertex 111.0497813500812 -131.00265643581332 8.5
vertex 111.06468861198132 -130.9822689786721 8.5
vertex 107.66772346483184 -130.9822689786721 8.5
endloop
endfacet
facet normal 0 0 1
outer loop
vertex 111.0497813500812 -131.00265643581332 8.5
vertex 107.66772346483184 -130.9822689786721 8.5
vertex 107.35043522352441 -131.00265643581332 8.5
endloop
endfacet
facet normal 0 0 1
outer loop
vertex 107.35043522352441 -131.00265643581332 8.5
vertex 107.03392545000794 -130.97250615000104 8.5
vertex 97.81989031728978 -130.97250615000104 8.5
endloop
endfacet
facet normal 0 0 1
outer loop
vertex 107.35043522352441 -131.00265643581332 8.5
vertex 97.81989031728978 -130.97250615000104 8.5
vertex 97.99088129994318 -131.00265643581332 8.5
endloop
endfacet
facet normal 0 0 1
outer loop
vertex 111.06468861198132 -130.9822689786721 8.5
vertex 111.11617222124077 -130.9118590077274 8.5
vertex 107.97777170698375 -130.9118590077274 8.5
endloop
endfacet
facet normal 0 0 1
outer loop
vertex 111.06468861198132 -130.9822689786721 8.5
vertex 107.97777170698375 -130.9118590077274 8.5
vertex 107.66772346483184 -130.9822689786721 8.5
endloop
endfacet
facet normal 0 0 1
outer loop
vertex 111.11617222124077 -130.9118590077274 8.5
vertex 111.20293109082397 -130.79320591455047 8.5
vertex 108.27274445139624 -130.79320591455047 8.5
endloop
endfacet
facet normal 0 0 1
outer loop
vertex 111.11617222124077 -130.9118590077274 8.5
vertex 108.27274445139624 -130.79320591455047 8.5
vertex 107.97777170698375 -130.9118590077274 8.5
endloop
endfacet
facet normal 0 0 1
outer loop
vertex 111.20293109082397 -130.79320591455047 8.5
vertex 111.32277266194286 -130.62930828457033 8.5
vertex 108.54518718550234 -130.62930828457033 8.5
endloop
endfacet
facet normal 0 0 1
outer loop
vertex 111.20293109082397 -130.79320591455047 8.5
vertex 108.54518718550234 -130.62930828457033 8.5
vertex 108.27274445139624 -130.79320591455047 8.5
endloop
endfacet
facet normal 0 0 1
outer loop
vertex 111.32277266194286 -130.62930828457033 8.5
vertex 111.47266831408349 -130.42430811725941 8.5
vertex 108.78821477215087 -130.42430811725941 8.5
endloop
endfacet
facet normal 0 0 1
outer loop
vertex 111.32277266194286 -130.62930828457033 8.5
vertex 108.78821477215087 -130.42430811725941 8.5
vertex 108.54518718550234 -130.62930828457033 8.5
endloop
endfacet
facet normal 0 0 1
outer loop
vertex 111.47266831408349 -130.42430811725941 8.5
vertex 111.64883257282646 -130.18338249999982 8.5
vertex 108.99568072777598 -130.18338249999982 8.5
endloop
endfacet
facet normal 0 0 1
outer loop
vertex 111.47266831408349 -130.42430811725941 8.5
vertex 108.99568072777598 -130.18338249999982 8.5
vertex 108.78821477215087 -130.42430811725941 8.5
endloop
endfacet
facet normal 0 0 1
outer loop
vertex 144.3975113500063 -131.58970980002124 8.5
vertex 143.98962208919303 -130.18338249999982 8.5
vertex 141.7596643999999 -130.18338249999982 8.5
endloop
endfacet
facet normal 0 0 1
outer loop
vertex 144.3975113500063 -131.58970980002124 8.5
vertex 141.7596643999999 -130.18338249999982 8.5
vertex 142.1675531763339 -131.58970980002124 8.5
endloop
endfacet
facet normal 0 0 1
outer loop
vertex 143.98962208919303 -130.18338249999982 8.5
vertex 143.9033783241611 -129.88602982888713 8.5
vertex 141.64710601308474 -129.88602982888713 8.5
endloop
endfacet
facet normal 0 0 1
outer loop
vertex 143.98962208919303 -130.18338249999982 8.5
vertex 141.64710601308474 -129.88602982888713 8.5
vertex 141.7596643999999 -130.18338249999982 8.5
endloop
endfacet
facet normal 0 0 1
outer loop
vertex 111.64883257282646 -130.18338249999982 8.5
vertex 111.95544355000003 -129.7640554499999 8.5
vertex 109.30228953797499 -129.7640554499999 8.5
endloop
endfacet
facet normal 0 0 1
outer loop
vertex 111.64883257282646 -130.18338249999982 8.5
vertex 109.30228953797499 -129.7640554499999 8.5
vertex 108.99568072777598 -130.18338249999982 8.5
endloop
endfacet
facet normal 0 0 1
outer loop
vertex 128.50392451482386 -131.4449679786729 8.5
vertex 128.81397275698117 -131.37455800772702 8.5
vertex 129.1089455014033 -131.2559049145462 8.5
endloop
endfacet
facet normal 0 0 1
outer loop
vertex 128.50392451482386 -131.4449679786729 8.5
vertex 129.1089455014033 -131.2559049145462 8.5
vertex 129.38138823550034 -131.09200728457154 8.5
endloop
endfacet
facet normal 0 0 1
outer loop
vertex 128.50392451482386 -131.4449679786729 8.5
vertex 129.38138823550034 -131.09200728457154 8.5
vertex 129.62441582215288 -130.8870071172572 8.5
endloop
endfacet
facet normal 0 0 1
outer loop
vertex 128.50392451482386 -131.4449679786729 8.5
vertex 129.62441582215288 -130.8870071172572 8.5
vertex 129.83188299999986 -130.64608030000016 8.5
endloop
endfacet
facet normal 0 0 1
outer loop
vertex 128.50392451482386 -131.4449679786729 8.5
vertex 129.83188299999986 -130.64608030000016 8.5
vertex 130.5881271582618 -129.61182279087544 8.5
endloop
endfacet
facet normal 0 0 1
outer loop
vertex 128.50392451482386 -131.4449679786729 8.5
vertex 130.5881271582618 -129.61182279087544 8.5
vertex 126.88879077236244 -129.61182279087544 8.5
endloop
endfacet
facet normal 0 0 1
outer loop
vertex 128.50392451482386 -131.4449679786729 8.5
vertex 126.88879077236244 -129.61182279087544 8.5
vertex 117.52918846843944 -129.61182279087544 8.5
endloop
endfacet
facet normal 0 0 1
outer loop
vertex 128.50392451482386 -131.4449679786729 8.5
vertex 117.52918846843944 -129.61182279087544 8.5
vertex 127.87012650000013 -131.43520515000003 8.5
endloop
endfacet
facet normal 0 0 1
outer loop
vertex 128.50392451482386 -131.4449679786729 8.5
vertex 127.87012650000013 -131.43520515000003 8.5
vertex 128.18663627352788 -131.4653554358134 8.5
endloop
endfacet
facet normal 0 0 1
outer loop
vertex 143.9033783241611 -129.88602982888713 8.5
vertex 143.823397961498 -129.61027221944565 8.5
vertex 141.4888514596406 -129.61027221944565 8.5
endloop
endfacet
facet normal 0 0 1
outer loop
vertex 143.9033783241611 -129.88602982888713 8.5
vertex 141.4888514596406 -129.61027221944565 8.5
vertex 141.64710601308474 -129.88602982888713 8.5
endloop
endfacet
facet normal 0 0 1
outer loop
vertex 130.5881271582618 -129.61182279087544 8.5
vertex 130.6030357671124 -129.5914334225929 8.5
vertex 127.20607577158621 -129.5914334225929 8.5
endloop
endfacet
facet normal 0 0 1
outer loop
vertex 130.5881271582618 -129.61182279087544 8.5
vertex 127.20607577158621 -129.5914334225929 8.5
vertex 126.88879077236244 -129.61182279087544 8.5
endloop
endfacet
facet normal 0 0 1
outer loop
vertex 126.88879077236244 -129.61182279087544 8.5
vertex 126.57228384997747 -129.58167539999764 8.5
vertex 117.35821374154222 -129.58167539999764 8.5
endloop
endfacet
facet normal 0 0 1
outer loop
vertex 126.88879077236244 -129.61182279087544 8.5
vertex 117.35821374154222 -129.58167539999764 8.5
vertex 117.52918846843944 -129.61182279087544 8.5
endloop
endfacet
facet normal 0 0 1
outer loop
vertex 111.95544355000003 -129.7640554499999 8.5
vertex 112.16291247467751 -129.52313608097592 8.5
vertex 109.47844788406351 -129.52313608097592 8.5
endloop
endfacet
facet normal 0 0 1
outer loop
vertex 111.95544355000003 -129.7640554499999 8.5
vertex 109.47844788406351 -129.52313608097592 8.5
vertex 109.30228953797499 -129.7640554499999 8.5
endloop
endfacet
facet normal 0 0 1
outer loop
vertex 130.6030357671124 -129.5914334225929 8.5
vertex 130.6545198522158 -129.5210225625064 8.5
vertex 127.5161206197372 -129.5210225625064 8.5
endloop
endfacet
facet normal 0 0 1
outer loop
vertex 130.6030357671124 -129.5914334225929 8.5
vertex 127.5161206197372 -129.5210225625064 8.5
vertex 127.20607577158621 -129.5914334225929 8.5
endloop
endfacet
facet normal 0 0 1
outer loop
vertex 130.6545198522158 -129.5210225625064 8.5
vertex 130.74127833998662 -129.40236958981632 8.5
vertex 127.81109005739555 -129.40236958981632 8.5
endloop
endfacet
facet normal 0 0 1
outer loop
vertex 130.6545198522158 -129.5210225625064 8.5
vertex 127.81109005739555 -129.40236958981632 8.5
vertex 127.5161206197372 -129.5210225625064 8.5
endloop
endfacet
facet normal 0 0 1
outer loop
vertex 143.823397961498 -129.61027221944565 8.5
vertex 143.75170187764374 -129.36307728269298 8.5
vertex 141.2888978997961 -129.36307728269298 8.5
endloop
endfacet
facet normal 0 0 1
outer loop
vertex 143.823397961498 -129.61027221944565 8.5
vertex 141.2888978997961 -129.36307728269298 8.5
vertex 141.4888514596406 -129.61027221944565 8.5
endloop
endfacet
facet normal 0 0 1
outer loop
vertex 112.16291247467751 -129.52313608097592 8.5
vertex 112.40593759850114 -129.31813782179205 8.5
vertex 109.62834099741158 -129.31813782179205 8.5
endloop
endfacet
facet normal 0 0 1
outer loop
vertex 112.16291247467751 -129.52313608097592 8.5
vertex 109.62834099741158 -129.31813782179205 8.5
vertex 109.47844788406351 -129.52313608097592 8.5
endloop
endfacet
facet normal 0 0 1
outer loop
vertex 130.74127833998662 -129.40236958981632 8.5
vertex 130.86111872420486 -129.23847302820988 8.5
vertex 128.08352980149638 -129.23847302820988 8.5
endloop
endfacet
facet normal 0 0 1
outer loop
vertex 130.74127833998662 -129.40236958981632 8.5
vertex 128.08352980149638 -129.23847302820988 8.5
vertex 127.81109005739555 -129.40236958981632 8.5
endloop
endfacet
facet normal 0 0 1
outer loop
vertex 112.40593759850114 -129.31813782179205 8.5
vertex 112.6783773426098 -129.15424126018087 8.5
vertex 109.74818087305125 -129.15424126018087 8.5
endloop
endfacet
facet normal 0 0 1
outer loop
vertex 112.40593759850114 -129.31813782179205 8.5
vertex 109.74818087305125 -129.15424126018087 8.5
vertex 109.62834099741158 -129.31813782179205 8.5
endloop
endfacet
facet normal 0 0 1
outer loop
vertex 143.75170187764374 -129.36307728269298 8.5
vertex 143.6901019538548 -129.1506920526163 8.5
vertex 141.0522984980723 -129.1506920526163 8.5
endloop
endfacet
facet normal 0 0 1
outer loop
vertex 143.75170187764374 -129.36307728269298 8.5
vertex 141.0522984980723 -129.1506920526163 8.5
vertex 141.2888978997961 -129.36307728269298 8.5
endloop
endfacet
facet normal 0 0 1
outer loop
vertex 112.6783773426098 -129.15424126018087 8.5
vertex 112.97334678026414 -129.0355882874925 8.5
vertex 109.8349389926327 -129.0355882874925 8.5
endloop
endfacet
facet normal 0 0 1
outer loop
vertex 112.6783773426098 -129.15424126018087 8.5
vertex 109.8349389926327 -129.0355882874925 8.5
vertex 109.74818087305125 -129.15424126018087 8.5
endloop
endfacet
facet normal 0 0 1
outer loop
vertex 130.86111872420486 -129.23847302820988 8.5
vertex 131.0110124736779 -129.0334747690238 8.5
vertex 128.32655492532265 -129.0334747690238 8.5
endloop
endfacet
facet normal 0 0 1
outer loop
vertex 130.86111872420486 -129.23847302820988 8.5
vertex 128.32655492532265 -129.0334747690238 8.5
vertex 128.08352980149638 -129.23847302820988 8.5
endloop
endfacet
facet normal 0 0 1
outer loop
vertex 143.6901019538548 -129.1506920526163 8.5
vertex 143.6401549243531 -128.97848386306222 8.5
vertex 140.78503252137259 -128.97848386306222 8.5
endloop
endfacet
facet normal 0 0 1
outer loop
vertex 143.6901019538548 -129.1506920526163 8.5
vertex 140.78503252137259 -128.97848386306222 8.5
vertex 141.0522984980723 -129.1506920526163 8.5
endloop
endfacet
facet normal 0 0 1
outer loop
vertex 126.57228384997747 -129.58167539999764 8.5
vertex 123.13125373907626 -128.97493089999998 8.5
vertex 113.91718709999988 -128.97493089999998 8.5
endloop
endfacet
facet normal 0 0 1
outer loop
vertex 126.57228384997747 -129.58167539999764 8.5
vertex 113.91718709999988 -128.97493089999998 8.5
vertex 117.35821374154222 -129.58167539999764 8.5
endloop
endfacet
facet normal 0 0 1
outer loop
vertex 112.97334678026414 -129.0355882874925 8.5
vertex 113.28339162840653 -128.9651774274079 8.5
vertex 109.8864228592451 -128.9651774274079 8.5
endloop
endfacet
facet normal 0 0 1
outer loop
vertex 112.97334678026414 -129.0355882874925 8.5
vertex 109.8864228592451 -128.9651774274079 8.5
vertex 109.8349389926327 -129.0355882874925 8.5
endloop
endfacet
facet normal 0 0 1
outer loop
vertex 113.28339162840653 -128.9651774274079 8.5
vertex 113.6006766276408 -128.94478805912468 8.5
vertex 109.9013314048266 -128.94478805912468 8.5
endloop
endfacet
facet normal 0 0 1
outer loop
vertex 113.28339162840653 -128.9651774274079 8.5
vertex 109.9013314048266 -128.94478805912468 8.5
vertex 109.8864228592451 -128.9651774274079 8.5
endloop
endfacet
facet normal 0 0 1
outer loop
vertex 123.13125373907626 -128.97493089999998 8.5
vertex 122.96030464422593 -128.94478805912468 8.5
vertex 113.6006766276408 -128.94478805912468 8.5
endloop
endfacet
facet normal 0 0 1
outer loop
vertex 123.13125373907626 -128.97493089999998 8.5
vertex 113.6006766276408 -128.94478805912468 8.5
vertex 113.91718709999988 -128.97493089999998 8.5
endloop
endfacet
facet normal 0 0 1
outer loop
vertex 143.6401549243531 -128.97848386306222 8.5
vertex 143.61319389999343 -128.8855271999769 8.5
vertex 143.60005013359577 -128.85080470613545 8.5
endloop
endfacet
facet normal 0 0 1
outer loop
vertex 143.6401549243531 -128.97848386306222 8.5
vertex 143.60005013359577 -128.85080470613545 8.5
vertex 140.4938542327983 -128.85080470613545 8.5
endloop
endfacet
facet normal 0 0 1
outer loop
vertex 143.6401549243531 -128.97848386306222 8.5
vertex 140.4938542327983 -128.85080470613545 8.5
vertex 140.78503252137259 -128.97848386306222 8.5
endloop
endfacet
facet normal 0 0 1
outer loop
vertex 131.0110124736779 -129.0334747690238 8.5
vertex 131.18717493085504 -128.79255079999766 8.5
vertex 128.53402770000196 -128.79255079999766 8.5
endloop
endfacet
facet normal 0 0 1
outer loop
vertex 131.0110124736779 -129.0334747690238 8.5
vertex 128.53402770000196 -128.79255079999766 8.5
vertex 128.32655492532265 -129.0334747690238 8.5
endloop
endfacet
facet normal 0 0 1
outer loop
vertex 143.60005013359577 -128.85080470613545 8.5
vertex 143.56979610743238 -128.77088124999997 8.5
vertex 140.18612219999977 -128.77088124999997 8.5
endloop
endfacet
facet normal 0 0 1
outer loop
vertex 143.60005013359577 -128.85080470613545 8.5
vertex 140.18612219999977 -128.77088124999997 8.5
vertex 140.4938542327983 -128.85080470613545 8.5
endloop
endfacet
facet normal 0 0 1
outer loop
vertex 131.18717493085504 -128.79255079999766 8.5
vertex 131.49377689999974 -128.37323465000034 8.5
vertex 128.8406319692141 -128.37323465000034 8.5
endloop
endfacet
facet normal 0 0 1
outer loop
vertex 131.18717493085504 -128.79255079999766 8.5
vertex 128.8406319692141 -128.37323465000034 8.5
vertex 128.53402770000196 -128.79255079999766 8.5
endloop
endfacet
facet normal 0 0 1
outer loop
vertex 131.49377689999974 -128.37323465000034 8.5
vertex 131.70124582686603 -128.13230952244163 8.5
vertex 129.016796595047 -128.13230952244163 8.5
endloop
endfacet
facet normal 0 0 1
outer loop
vertex 131.49377689999974 -128.37323465000034 8.5
vertex 129.016796595047 -128.13230952244163 8.5
vertex 128.8406319692141 -128.37323465000034 8.5
endloop
endfacet
facet normal 0 0 1
outer loop
vertex 131.70124582686603 -128.13230952244163 8.5
vertex 131.9442723142262 -127.92730610992118 8.5
vertex 129.16669523711514 -127.92730610992118 8.5
endloop
endfacet
facet normal 0 0 1
outer loop
vertex 131.70124582686603 -128.13230952244163 8.5
vertex 129.16669523711514 -127.92730610992118 8.5
vertex 129.016796595047 -128.13230952244163 8.5
endloop
endfacet
facet normal 0 0 1
outer loop
vertex 131.9442723142262 -127.92730610992118 8.5
vertex 132.21671458012386 -127.76340527265566 8.5
vertex 129.28653964671722 -127.76340527265566 8.5
endloop
endfacet
facet normal 0 0 1
outer loop
vertex 131.9442723142262 -127.92730610992118 8.5
vertex 129.28653964671722 -127.76340527265566 8.5
vertex 129.16669523711514 -127.92730610992118 8.5
endloop
endfacet
facet normal 0 0 1
outer loop
vertex 132.21671458012386 -127.76340527265566 8.5
vertex 132.51168744504133 -127.64474912377864 8.5
vertex 129.37330110776327 -127.64474912377864 8.5
endloop
endfacet
facet normal 0 0 1
outer loop
vertex 132.21671458012386 -127.76340527265566 8.5
vertex 129.37330110776327 -127.64474912377864 8.5
vertex 129.28653964671722 -127.76340527265566 8.5
endloop
endfacet
facet normal 0 0 1
outer loop
vertex 143.56979610743238 -128.77088124999997 8.5
vertex 143.5006357630825 -128.5881771788754 8.5
vertex 143.34238120966168 -128.31241956947454 8.5
endloop
endfacet
facet normal 0 0 1
outer loop
vertex 143.56979610743238 -128.77088124999997 8.5
vertex 143.34238120966168 -128.31241956947454 8.5
vertex 143.14242764978033 -128.0652246326763 8.5
endloop
endfacet
facet normal 0 0 1
outer loop
vertex 143.56979610743238 -128.77088124999997 8.5
vertex 143.14242764978033 -128.0652246326763 8.5
vertex 142.90582824809997 -127.8528394026386 8.5
endloop
endfacet
facet normal 0 0 1
outer loop
vertex 143.56979610743238 -128.77088124999997 8.5
vertex 142.90582824809997 -127.8528394026386 8.5
vertex 142.63856227134812 -127.68063121305096 8.5
endloop
endfacet
facet normal 0 0 1
outer loop
vertex 143.56979610743238 -128.77088124999997 8.5
vertex 142.63856227134812 -127.68063121305096 8.5
vertex 142.41841672910348 -127.58409929999998 8.5
endloop
endfacet
facet normal 0 0 1
outer loop
vertex 143.56979610743238 -128.77088124999997 8.5
vertex 142.41841672910348 -127.58409929999998 8.5
vertex 133.4555337999999 -127.58409929999998 8.5
endloop
endfacet
facet normal 0 0 1
outer loop
vertex 143.56979610743238 -128.77088124999997 8.5
vertex 133.4555337999999 -127.58409929999998 8.5
vertex 140.18612219999977 -128.77088124999997 8.5
endloop
endfacet
facet normal 0 0 1
outer loop
vertex 132.51168744504133 -127.64474912377864 8.5
vertex 132.8217363346256 -127.57433634957427 8.5
vertex 129.42478697869447 -127.57433634957427 8.5
endloop
endfacet
facet normal 0 0 1
outer loop
vertex 132.51168744504133 -127.64474912377864 8.5
vertex 129.42478697869447 -127.57433634957427 8.5
vertex 129.37330110776327 -127.64474912377864 8.5
endloop
endfacet
facet normal 0 0 1
outer loop
vertex 132.8217363346256 -127.57433634957427 8.5
vertex 133.13902567220254 -127.55394642647244 8.5
vertex 129.43969610507074 -127.55394642647244 8.5
endloop
endfacet
facet normal 0 0 1
outer loop
vertex 132.8217363346256 -127.57433634957427 8.5
vertex 129.43969610507074 -127.55394642647244 8.5
vertex 129.42478697869447 -127.57433634957427 8.5
endloop
endfacet
facet normal 0 0 1
outer loop
vertex 142.41841672910348 -127.58409929999998 8.5
vertex 142.34965169085703 -127.55394642647244 8.5
vertex 133.13902567220254 -127.55394642647244 8.5
endloop
endfacet
facet normal 0 0 1
outer loop
vertex 142.41841672910348 -127.58409929999998 8.5
vertex 133.13902567220254 -127.55394642647244 8.5
vertex 133.4555337999999 -127.58409929999998 8.5
endloop
endfacet
facet normal 0 0 1
outer loop
vertex 113.6006766276408 -128.94478805912468 8.5
vertex 122.96030464422593 -128.94478805912468 8.5
vertex 112.6193317999919 -127.12140139999988 8.5
endloop
endfacet
facet normal 0 0 1
outer loop
vertex 113.6006766276408 -128.94478805912468 8.5
vertex 112.6193317999919 -127.12140139999988 8.5
vertex 112.30282612646664 -127.09125541418676 8.5
endloop
endfacet
facet normal 0 0 1
outer loop
vertex 113.6006766276408 -128.94478805912468 8.5
vertex 112.30282612646664 -127.09125541418676 8.5
vertex 111.9855378851807 -127.1116428713266 8.5
endloop
endfacet
facet normal 0 0 1
outer loop
vertex 113.6006766276408 -128.94478805912468 8.5
vertex 111.9855378851807 -127.1116428713266 8.5
vertex 111.67548964301312 -127.1820528422748 8.5
endloop
endfacet
facet normal 0 0 1
outer loop
vertex 113.6006766276408 -128.94478805912468 8.5
vertex 111.67548964301312 -127.1820528422748 8.5
vertex 111.38051689860067 -127.3007059354517 8.5
endloop
endfacet
facet normal 0 0 1
outer loop
vertex 113.6006766276408 -128.94478805912468 8.5
vertex 111.38051689860067 -127.3007059354517 8.5
vertex 111.10807416450102 -127.46460356542796 8.5
endloop
endfacet
facet normal 0 0 1
outer loop
vertex 113.6006766276408 -128.94478805912468 8.5
vertex 111.10807416450102 -127.46460356542796 8.5
vertex 110.8650465778453 -127.66960373274496 8.5
endloop
endfacet
facet normal 0 0 1
outer loop
vertex 113.6006766276408 -128.94478805912468 8.5
vertex 110.8650465778453 -127.66960373274496 8.5
vertex 110.65757589999943 -127.9105257000007 8.5
endloop
endfacet
facet normal 0 0 1
outer loop
vertex 113.6006766276408 -128.94478805912468 8.5
vertex 110.65757589999943 -127.9105257000007 8.5
vertex 109.9013314048266 -128.94478805912468 8.5
endloop
endfacet
facet normal 0 0 1
outer loop
vertex 133.13902567220254 -127.55394642647244 8.5
vertex 142.34965169085703 -127.55394642647244 8.5
vertex 142.34738398280754 -127.55295205613895 8.5
endloop
endfacet
facet normal 0 0 1
outer loop
vertex 133.13902567220254 -127.55394642647244 8.5
vertex 142.34738398280754 -127.55295205613895 8.5
vertex 142.03965195000106 -127.47302860000141 8.5
endloop
endfacet
facet normal 0 0 1
outer loop
vertex 133.13902567220254 -127.55394642647244 8.5
vertex 142.03965195000106 -127.47302860000141 8.5
vertex 132.15767849998463 -125.73056979999843 8.5
endloop
endfacet
facet normal 0 0 1
outer loop
vertex 133.13902567220254 -127.55394642647244 8.5
vertex 132.15767849998463 -125.73056979999843 8.5
vertex 131.84116587337007 -125.70041957141643 8.5
endloop
endfacet
facet normal 0 0 1
outer loop
vertex 133.13902567220254 -127.55394642647244 8.5
vertex 131.84116587337007 -125.70041957141643 8.5
vertex 131.52387977788962 -125.72081140566206 8.5
endloop
endfacet
facet normal 0 0 1
outer loop
vertex 133.13902567220254 -127.55394642647244 8.5
vertex 131.52387977788962 -125.72081140566206 8.5
vertex 131.2138342823178 -125.79122506900615 8.5
endloop
endfacet
facet normal 0 0 1
outer loop
vertex 133.13902567220254 -127.55394642647244 8.5
vertex 131.2138342823178 -125.79122506900615 8.5
vertex 130.91886472416647 -125.90988109738888 8.5
endloop
endfacet
facet normal 0 0 1
outer loop
vertex 133.13902567220254 -127.55394642647244 8.5
vertex 130.91886472416647 -125.90988109738888 8.5
vertex 130.64642544824773 -126.07378086629048 8.5
endloop
endfacet
facet normal 0 0 1
outer loop
vertex 133.13902567220254 -127.55394642647244 8.5
vertex 130.64642544824773 -126.07378086629048 8.5
vertex 130.40340142371048 -126.27878237067505 8.5
endloop
endfacet
facet normal 0 0 1
outer loop
vertex 133.13902567220254 -127.55394642647244 8.5
vertex 130.40340142371048 -126.27878237067505 8.5
vertex 130.19593425000156 -126.51970489999815 8.5
endloop
endfacet
facet normal 0 0 1
outer loop
vertex 133.13902567220254 -127.55394642647244 8.5
vertex 130.19593425000156 -126.51970489999815 8.5
vertex 129.43969610507074 -127.55394642647244 8.5
endloop
endfacet
facet normal 0 0 1
outer loop
vertex 107.03392545000794 -130.97250615000104 8.5
vertex 71.04168589997195 -124.62610989999455 8.5
vertex 67.65711903447888 -124.62610989999455 8.5
endloop
endfacet
facet normal 0 0 1
outer loop
vertex 107.03392545000794 -130.97250615000104 8.5
vertex 67.65711903447888 -124.62610989999455 8.5
vertex 67.73786257237663 -124.83109061293365 8.5
endloop
endfacet
facet normal 0 0 1
outer loop
vertex 107.03392545000794 -130.97250615000104 8.5
vertex 67.73786257237663 -124.83109061293365 8.5
vertex 67.89714664012368 -125.10150232509388 8.5
endloop
endfacet
facet normal 0 0 1
outer loop
vertex 107.03392545000794 -130.97250615000104 8.5
vertex 67.89714664012368 -125.10150232509388 8.5
vertex 68.09677149071388 -125.34366720144516 8.5
endloop
endfacet
facet normal 0 0 1
outer loop
vertex 107.03392545000794 -130.97250615000104 8.5
vertex 68.09677149071388 -125.34366720144516 8.5
vertex 68.33182166621475 -125.55162230070584 8.5
endloop
endfacet
facet normal 0 0 1
outer loop
vertex 107.03392545000794 -130.97250615000104 8.5
vertex 68.33182166621475 -125.55162230070584 8.5
vertex 68.59650941401732 -125.72024704525575 8.5
endloop
endfacet
facet normal 0 0 1
outer loop
vertex 107.03392545000794 -130.97250615000104 8.5
vertex 68.59650941401732 -125.72024704525575 8.5
vertex 68.88431720143122 -125.84538930756298 8.5
endloop
endfacet
facet normal 0 0 1
outer loop
vertex 107.03392545000794 -130.97250615000104 8.5
vertex 68.88431720143122 -125.84538930756298 8.5
vertex 69.1881564 -125.92396530000002 8.5
endloop
endfacet
facet normal 0 0 1
outer loop
vertex 107.03392545000794 -130.97250615000104 8.5
vertex 69.1881564 -125.92396530000002 8.5
vertex 97.81989031728978 -130.97250615000104 8.5
endloop
endfacet
facet normal 0 0 1
outer loop
vertex 71.04168589997195 -124.62610989999455 8.5
vertex 70.70494543663803 -124.53587497559234 8.5
vertex 67.62212855025585 -124.53587497559234 8.5
endloop
endfacet
facet normal 0 0 1
outer loop
vertex 71.04168589997195 -124.62610989999455 8.5
vertex 67.62212855025585 -124.53587497559234 8.5
vertex 67.6228414150639 -124.53909054156074 8.5
endloop
endfacet
facet normal 0 0 1
outer loop
vertex 71.04168589997195 -124.62610989999455 8.5
vertex 67.6228414150639 -124.53909054156074 8.5
vertex 67.65711903447888 -124.62610989999455 8.5
endloop
endfacet
facet normal 0 0 1
outer loop
vertex 70.70494543663803 -124.53587497559234 8.5
vertex 70.38898696246274 -124.38854130253476 8.5
vertex 67.58946587388841 -124.38854130253476 8.5
endloop
endfacet
facet normal 0 0 1
outer loop
vertex 70.70494543663803 -124.53587497559234 8.5
vertex 67.58946587388841 -124.38854130253476 8.5
vertex 67.62212855025585 -124.53587497559234 8.5
endloop
endfacet
facet normal 0 0 1
outer loop
vertex 70.38898696246274 -124.38854130253476 8.5
vertex 70.10341268636023 -124.18858055287717 8.5
vertex 67.55221754763049 -124.18858055287717 8.5
endloop
endfacet
facet normal 0 0 1
outer loop
vertex 70.38898696246274 -124.38854130253476 8.5
vertex 67.55221754763049 -124.18858055287717 8.5
vertex 67.55491538901596 -124.23269216803907 8.5
endloop
endfacet
facet normal 0 0 1
outer loop
vertex 70.38898696246274 -124.38854130253476 8.5
vertex 67.55491538901596 -124.23269216803907 8.5
vertex 67.58946587388841 -124.38854130253476 8.5
endloop
endfacet
facet normal 0 0 1
outer loop
vertex 70.10341268636023 -124.18858055287717 8.5
vertex 69.85689956618128 -123.94206838238257 8.5
vertex 67.53714100298022 -123.94206838238257 8.5
endloop
endfacet
facet normal 0 0 1
outer loop
vertex 70.10341268636023 -124.18858055287717 8.5
vertex 67.53714100298022 -123.94206838238257 8.5
vertex 67.55221754763049 -124.18858055287717 8.5
endloop
endfacet
facet normal 0 0 1
outer loop
vertex 69.85689956618128 -123.94206838238257 8.5
vertex 69.65693771635267 -123.65649487662051 8.5
vertex 67.56107678991837 -123.65649487662051 8.5
endloop
endfacet
facet normal 0 0 1
outer loop
vertex 69.85689956618128 -123.94206838238257 8.5
vertex 67.56107678991837 -123.65649487662051 8.5
vertex 67.5357570691782 -123.91944008569578 8.5
endloop
endfacet
facet normal 0 0 1
outer loop
vertex 69.85689956618128 -123.94206838238257 8.5
vertex 67.5357570691782 -123.91944008569578 8.5
vertex 67.53714100298022 -123.94206838238257 8.5
endloop
endfacet
facet normal 0 0 1
outer loop
vertex 69.65693771635267 -123.65649487662051 8.5
vertex 69.50960282607772 -123.34053697005646 8.5
vertex 67.61283122402355 -123.34053697005646 8.5
endloop
endfacet
facet normal 0 0 1
outer loop
vertex 69.65693771635267 -123.65649487662051 8.5
vertex 67.61283122402355 -123.34053697005646 8.5
vertex 67.56583820000003 -123.60704764999974 8.5
endloop
endfacet
facet normal 0 0 1
outer loop
vertex 69.65693771635267 -123.65649487662051 8.5
vertex 67.56583820000003 -123.60704764999974 8.5
vertex 67.56107678991837 -123.65649487662051 8.5
endloop
endfacet
facet normal 0 0 1
outer loop
vertex 69.50960282607772 -123.34053697005646 8.5
vertex 69.41937155437738 -123.00379480431172 8.5
vertex 67.67220795402154 -123.00379480431172 8.5
endloop
endfacet
facet normal 0 0 1
outer loop
vertex 69.50960282607772 -123.34053697005646 8.5
vertex 67.67220795402154 -123.00379480431172 8.5
vertex 67.61283122402355 -123.34053697005646 8.5
endloop
endfacet
facet normal 0 0 1
outer loop
vertex 69.41937155437738 -123.00379480431172 8.5
vertex 69.38898551003922 -122.6565000348158 8.5
vertex 67.73344539279748 -122.6565000348158 8.5
endloop
endfacet
facet normal 0 0 1
outer loop
vertex 69.41937155437738 -123.00379480431172 8.5
vertex 67.73344539279748 -122.6565000348158 8.5
vertex 67.67220795402154 -123.00379480431172 8.5
endloop
endfacet
facet normal 0 0 1
outer loop
vertex 69.38898551003922 -122.6565000348158 8.5
vertex 69.41936795000059 -122.30920494999843 8.5
vertex 67.7946828871731 -122.30920494999843 8.5
endloop
endfacet
facet normal 0 0 1
outer loop
vertex 69.38898551003922 -122.6565000348158 8.5
vertex 67.7946828871731 -122.30920494999843 8.5
vertex 67.73344539279748 -122.6565000348158 8.5
endloop
endfacet
facet normal 0 0 1
outer loop
vertex 185.22562279999997 -141.5786272000001 8.5
vertex 194.60996128782486 -88.35739384999518 8.5
vertex 192.98528060000035 -88.35739384999518 8.5
endloop
endfacet
facet normal 0 0 1
outer loop
vertex 185.22562279999997 -141.5786272000001 8.5
vertex 192.98528060000035 -88.35739384999518 8.5
vertex 183.60094018693138 -141.5786272000001 8.5
endloop
endfacet
facet normal 0 0 1
outer loop
vertex 194.60996128782486 -88.35739384999518 8.5
vertex 194.6650444975333 -88.0450014143041 8.5
vertex 193.0153617308217 -88.0450014143041 8.5
endloop
endfacet
facet normal 0 0 1
outer loop
vertex 194.60996128782486 -88.35739384999518 8.5
vertex 193.0153617308217 -88.0450014143041 8.5
vertex 192.98528060000035 -88.35739384999518 8.5
endloop
endfacet
facet normal 0 0 1
outer loop
vertex 194.6650444975333 -88.0450014143041 8.5
vertex 194.72027928612437 -87.73174933196961 8.5
vertex 192.99620341098446 -87.73174933196961 8.5
endloop
endfacet
facet normal 0 0 1
outer loop
vertex 194.6650444975333 -88.0450014143041 8.5
vertex 192.99620341098446 -87.73174933196961 8.5
vertex 193.0153617308217 -88.0450014143041 8.5
endloop
endfacet
facet normal 0 0 1
outer loop
vertex 194.72027928612437 -87.73174933196961 8.5
vertex 194.7743055810521 -87.42535095843317 8.5
vertex 192.92827738493327 -87.42535095843317 8.5
endloop
endfacet
facet normal 0 0 1
outer loop
vertex 194.72027928612437 -87.73174933196961 8.5
vertex 192.92827738493327 -87.42535095843317 8.5
vertex 192.99620341098446 -87.73174933196961 8.5
endloop
endfacet
facet normal 0 0 1
outer loop
vertex 194.7743055810521 -87.42535095843317 8.5
vertex 194.82579306707774 -87.1333508870449 8.5
vertex 192.81325622761452 -87.1333508870449 8.5
endloop
endfacet
facet normal 0 0 1
outer loop
vertex 194.7743055810521 -87.42535095843317 8.5
vertex 192.81325622761452 -87.1333508870449 8.5
vertex 192.92827738493327 -87.42535095843317 8.5
endloop
endfacet
facet normal 0 0 1
outer loop
vertex 194.82579306707774 -87.1333508870449 8.5
vertex 194.83881034999996 -87.05952620000011 8.5
vertex 194.85600838633175 -86.86293917492468 8.5
endloop
endfacet
facet normal 0 0 1
outer loop
vertex 194.82579306707774 -87.1333508870449 8.5
vertex 194.85600838633175 -86.86293917492468 8.5
vertex 192.653972159891 -86.86293917492468 8.5
endloop
endfacet
facet normal 0 0 1
outer loop
vertex 194.82579306707774 -87.1333508870449 8.5
vertex 192.653972159891 -86.86293917492468 8.5
vertex 192.81325622761452 -87.1333508870449 8.5
endloop
endfacet
facet normal 0 0 1
outer loop
vertex 194.85600838633175 -86.86293917492468 8.5
vertex 194.8691927899616 -86.71223111517976 8.5
vertex 194.86119091049457 -86.62077429855357 8.5
endloop
endfacet
facet normal 0 0 1
outer loop
vertex 194.85600838633175 -86.86293917492468 8.5
vertex 194.86119091049457 -86.62077429855357 8.5
vertex 192.45434730928446 -86.62077429855357 8.5
endloop
endfacet
facet normal 0 0 1
outer loop
vertex 194.85600838633175 -86.86293917492468 8.5
vertex 192.45434730928446 -86.62077429855357 8.5
vertex 192.653972159891 -86.86293917492468 8.5
endloop
endfacet
facet normal 0 0 1
outer loop
vertex 194.86119091049457 -86.62077429855357 8.5
vertex 194.84299618537509 -86.41281919929513 8.5
vertex 192.2192971337861 -86.41281919929513 8.5
endloop
endfacet
facet normal 0 0 1
outer loop
vertex 194.86119091049457 -86.62077429855357 8.5
vertex 192.2192971337861 -86.41281919929513 8.5
vertex 192.45434730928446 -86.62077429855357 8.5
endloop
endfacet
facet normal 0 0 1
outer loop
vertex 194.84299618537509 -86.41281919929513 8.5
vertex 194.83880674562482 -86.3649363456998 8.5
vertex 194.80645352266654 -86.24419445475121 8.5
endloop
endfacet
facet normal 0 0 1
outer loop
vertex 194.84299618537509 -86.41281919929513 8.5
vertex 194.80645352266654 -86.24419445475121 8.5
vertex 191.95460938599294 -86.24419445475121 8.5
endloop
endfacet
facet normal 0 0 1
outer loop
vertex 194.84299618537509 -86.41281919929513 8.5
vertex 191.95460938599294 -86.24419445475121 8.5
vertex 192.2192971337861 -86.41281919929513 8.5
endloop
endfacet
facet normal 0 0 1
outer loop
vertex 194.80645352266654 -86.24419445475121 8.5
vertex 194.77292120440765 -86.11905219242723 8.5
vertex 191.66680159854053 -86.11905219242723 8.5
endloop
endfacet
facet normal 0 0 1
outer loop
vertex 194.80645352266654 -86.24419445475121 8.5
vertex 191.66680159854053 -86.11905219242723 8.5
vertex 191.95460938599294 -86.24419445475121 8.5
endloop
endfacet
facet normal 0 0 1
outer loop
vertex 194.77292120440765 -86.11905219242723 8.5
vertex 194.751866887198 -86.04047769999407 8.5
vertex 191.3629611999867 -86.04047769999407 8.5
endloop
endfacet
facet normal 0 0 1
outer loop
vertex 194.77292120440765 -86.11905219242723 8.5
vertex 191.3629611999867 -86.04047769999407 8.5
vertex 191.66680159854053 -86.11905219242723 8.5
endloop
endfacet
facet normal 0 0 1
outer loop
vertex 194.751866887198 -86.04047769999407 8.5
vertex 194.74857547391898 -86.02819417993439 8.5
vertex 194.60124058365264 -85.71223627338885 8.5
endloop
endfacet
facet normal 0 0 1
outer loop
vertex 194.751866887198 -86.04047769999407 8.5
vertex 194.60124058365264 -85.71223627338885 8.5
vertex 194.4012787338091 -85.42666276760545 8.5
endloop
endfacet
facet normal 0 0 1
outer loop
vertex 194.751866887198 -86.04047769999407 8.5
vertex 194.4012787338091 -85.42666276760545 8.5
vertex 194.1547656136544 -85.18015059713508 8.5
endloop
endfacet
facet normal 0 0 1
outer loop
vertex 194.751866887198 -86.04047769999407 8.5
vertex 194.1547656136544 -85.18015059713508 8.5
vertex 193.86919133752457 -84.98018984745835 8.5
endloop
endfacet
facet normal 0 0 1
outer loop
vertex 194.751866887198 -86.04047769999407 8.5
vertex 193.86919133752457 -84.98018984745835 8.5
vertex 193.55323286337725 -84.83285617441382 8.5
endloop
endfacet
facet normal 0 0 1
outer loop
vertex 194.751866887198 -86.04047769999407 8.5
vertex 193.55323286337725 -84.83285617441382 8.5
vertex 193.21649070000007 -84.74262240000002 8.5
endloop
endfacet
facet normal 0 0 1
outer loop
vertex 194.751866887198 -86.04047769999407 8.5
vertex 193.21649070000007 -84.74262240000002 8.5
vertex 180.00656674999996 -82.41335869999999 8.5
endloop
endfacet
facet normal 0 0 1
outer loop
vertex 194.751866887198 -86.04047769999407 8.5
vertex 180.00656674999996 -82.41335869999999 8.5
vertex 176.62289220903858 -82.41335869999999 8.5
endloop
endfacet
facet normal 0 0 1
outer loop
vertex 194.751866887198 -86.04047769999407 8.5
vertex 176.62289220903858 -82.41335869999999 8.5
vertex 176.6920531869188 -82.596062771116 8.5
endloop
endfacet
facet normal 0 0 1
outer loop
vertex 194.751866887198 -86.04047769999407 8.5
vertex 176.6920531869188 -82.596062771116 8.5
vertex 176.85030774036784 -82.87182038056606 8.5
endloop
endfacet
facet normal 0 0 1
outer loop
vertex 194.751866887198 -86.04047769999407 8.5
vertex 176.85030774036784 -82.87182038056606 8.5
vertex 177.0502613001902 -83.11901531729134 8.5
endloop
endfacet
facet normal 0 0 1
outer loop
vertex 194.751866887198 -86.04047769999407 8.5
vertex 177.0502613001902 -83.11901531729134 8.5
vertex 177.2868607019338 -83.33140054738583 8.5
endloop
endfacet
facet normal 0 0 1
outer loop
vertex 194.751866887198 -86.04047769999407 8.5
vertex 177.2868607019338 -83.33140054738583 8.5
vertex 177.554126678648 -83.5036087369492 8.5
endloop
endfacet
facet normal 0 0 1
outer loop
vertex 194.751866887198 -86.04047769999407 8.5
vertex 177.554126678648 -83.5036087369492 8.5
vertex 177.84530496716042 -83.63128789384886 8.5
endloop
endfacet
facet normal 0 0 1
outer loop
vertex 194.751866887198 -86.04047769999407 8.5
vertex 177.84530496716042 -83.63128789384886 8.5
vertex 178.15303700002224 -83.71121135000077 8.5
endloop
endfacet
facet normal 0 0 1
outer loop
vertex 194.751866887198 -86.04047769999407 8.5
vertex 178.15303700002224 -83.71121135000077 8.5
vertex 191.3629611999867 -86.04047769999407 8.5
endloop
endfacet
facet normal 0 0 1
outer loop
vertex 180.00656674999996 -82.41335869999999 8.5
vertex 179.69883471720183 -82.33343524386461 8.5
vertex 176.59263790573746 -82.33343524386461 8.5
endloop
endfacet
facet normal 0 0 1
outer loop
vertex 180.00656674999996 -82.41335869999999 8.5
vertex 176.59263790573746 -82.33343524386461 8.5
vertex 176.62289220903858 -82.41335869999999 8.5
endloop
endfacet
facet normal 0 0 1
outer loop
vertex 179.69883471720183 -82.33343524386461 8.5
vertex 179.40765642862735 -82.20575608693774 8.5
vertex 176.55253302746206 -82.20575608693774 8.5
endloop
endfacet
facet normal 0 0 1
outer loop
vertex 179.69883471720183 -82.33343524386461 8.5
vertex 176.55253302746206 -82.20575608693774 8.5
vertex 176.57949399998785 -82.2987126999616 8.5
endloop
endfacet
facet normal 0 0 1
outer loop
vertex 179.69883471720183 -82.33343524386461 8.5
vertex 176.57949399998785 -82.2987126999616 8.5
vertex 176.59263790573746 -82.33343524386461 8.5
endloop
endfacet
facet normal 0 0 1
outer loop
vertex 179.40765642862735 -82.20575608693774 8.5
vertex 179.14039045192774 -82.03354789738378 8.5
vertex 176.50258606708726 -82.03354789738378 8.5
endloop
endfacet
facet normal 0 0 1
outer loop
vertex 179.40765642862735 -82.20575608693774 8.5
vertex 176.50258606708726 -82.03354789738378 8.5
vertex 176.55253302746206 -82.20575608693774 8.5
endloop
endfacet
facet normal 0 0 1
outer loop
vertex 179.14039045192774 -82.03354789738378 8.5
vertex 178.903791050204 -81.82116266730715 8.5
vertex 176.44098622855284 -81.82116266730715 8.5
endloop
endfacet
facet normal 0 0 1
outer loop
vertex 179.14039045192774 -82.03354789738378 8.5
vertex 176.44098622855284 -81.82116266730715 8.5
vertex 176.50258606708726 -82.03354789738378 8.5
endloop
endfacet
facet normal 0 0 1
outer loop
vertex 178.903791050204 -81.82116266730715 8.5
vertex 178.70383749035938 -81.57396773055432 8.5
vertex 176.3692902439262 -81.57396773055432 8.5
endloop
endfacet
facet normal 0 0 1
outer loop
vertex 178.903791050204 -81.82116266730715 8.5
vertex 176.3692902439262 -81.57396773055432 8.5
vertex 176.44098622855284 -81.82116266730715 8.5
endloop
endfacet
facet normal 0 0 1
outer loop
vertex 178.70383749035938 -81.57396773055432 8.5
vertex 178.54558293691525 -81.2982101211128 8.5
vertex 176.2893099919562 -81.2982101211128 8.5
endloop
endfacet
facet normal 0 0 1
outer loop
vertex 178.70383749035938 -81.57396773055432 8.5
vertex 176.2893099919562 -81.2982101211128 8.5
vertex 176.3692902439262 -81.57396773055432 8.5
endloop
endfacet
facet normal 0 0 1
outer loop
vertex 178.54558293691525 -81.2982101211128 8.5
vertex 178.43302349999988 -81.00085739999963 8.5
vertex 176.2030663317839 -81.00085739999963 8.5
endloop
endfacet
facet normal 0 0 1
outer loop
vertex 178.54558293691525 -81.2982101211128 8.5
vertex 176.2030663317839 -81.00085739999963 8.5
vertex 176.2893099919562 -81.2982101211128 8.5
endloop
endfacet
facet normal 0 0 1
outer loop
vertex 178.43302349999988 -81.00085739999963 8.5
vertex 178.02513530269317 -79.59453014999792 8.5
vertex 175.7951776499984 -79.59453014999792 8.5
endloop
endfacet
facet normal 0 0 1
outer loop
vertex 178.43302349999988 -81.00085739999963 8.5
vertex 175.7951776499984 -79.59453014999792 8.5
vertex 176.2030663317839 -81.00085739999963 8.5
endloop
endfacet
facet normal 0 0 1
outer loop
vertex 178.02513530269317 -79.59453014999792 8.5
vertex 177.9388921220108 -79.29717872889454 8.5
vertex 175.68262146308675 -79.29717872889454 8.5
endloop
endfacet
facet normal 0 0 1
outer loop
vertex 178.02513530269317 -79.59453014999792 8.5
vertex 175.68262146308675 -79.29717872889454 8.5
vertex 175.7951776499984 -79.59453014999792 8.5
endloop
endfacet
facet normal 0 0 1
outer loop
vertex 177.9388921220108 -79.29717872889454 8.5
vertex 177.8589119650409 -79.02142111945926 8.5
vertex 175.52436690964618 -79.02142111945926 8.5
endloop
endfacet
facet normal 0 0 1
outer loop
vertex 177.9388921220108 -79.29717872889454 8.5
vertex 175.52436690964618 -79.02142111945926 8.5
vertex 175.68262146308675 -79.29717872889454 8.5
endloop
endfacet
facet normal 0 0 1
outer loop
vertex 177.8589119650409 -79.02142111945926 8.5
vertex 177.78721606556132 -78.77422618266708 8.5
vertex 175.3244133497697 -78.77422618266708 8.5
endloop
endfacet
facet normal 0 0 1
outer loop
vertex 177.8589119650409 -79.02142111945926 8.5
vertex 175.3244133497697 -78.77422618266708 8.5
vertex 175.52436690964618 -79.02142111945926 8.5
endloop
endfacet
facet normal 0 0 1
outer loop
vertex 177.78721606556132 -78.77422618266708 8.5
vertex 177.7256163001988 -78.56184095260882 8.5
vertex 175.08781394806647 -78.56184095260882 8.5
endloop
endfacet
facet normal 0 0 1
outer loop
vertex 177.78721606556132 -78.77422618266708 8.5
vertex 175.08781394806647 -78.56184095260882 8.5
vertex 175.3244133497697 -78.77422618266708 8.5
endloop
endfacet
facet normal 0 0 1
outer loop
vertex 177.7256163001988 -78.56184095260882 8.5
vertex 177.67566939915133 -78.38963276306082 8.5
vertex 174.82054797137613 -78.38963276306082 8.5
endloop
endfacet
facet normal 0 0 1
outer loop
vertex 177.7256163001988 -78.56184095260882 8.5
vertex 174.82054797137613 -78.38963276306082 8.5
vertex 175.08781394806647 -78.56184095260882 8.5
endloop
endfacet
facet normal 0 0 1
outer loop
vertex 177.67566939915133 -78.38963276306082 8.5
vertex 177.6487074 -78.29667249999997 8.5
vertex 177.63556528588936 -78.2619536061361 8.5
endloop
endfacet
facet normal 0 0 1
outer loop
vertex 177.67566939915133 -78.38963276306082 8.5
vertex 177.63556528588936 -78.2619536061361 8.5
vertex 174.52936968280653 -78.2619536061361 8.5
endloop
endfacet
facet normal 0 0 1
outer loop
vertex 177.67566939915133 -78.38963276306082 8.5
vertex 174.52936968280653 -78.2619536061361 8.5
vertex 174.82054797137613 -78.38963276306082 8.5
endloop
endfacet
facet normal 0 0 1
outer loop
vertex 177.63556528588936 -78.2619536061361 8.5
vertex 177.60531198307618 -78.1820302999954 8.5
vertex 174.22163529998787 -78.1820302999954 8.5
endloop
endfacet
facet normal 0 0 1
outer loop
vertex 177.63556528588936 -78.2619536061361 8.5
vertex 174.22163529998787 -78.1820302999954 8.5
vertex 174.52936968280653 -78.2619536061361 8.5
endloop
endfacet
facet normal 0 0 1
outer loop
vertex 177.60531198307618 -78.1820302999954 8.5
vertex 177.53615121308485 -77.99932107888736 8.5
vertex 177.3778966596405 -77.72356346944547 8.5
endloop
endfacet
facet normal 0 0 1
outer loop
vertex 177.60531198307618 -78.1820302999954 8.5
vertex 177.3778966596405 -77.72356346944547 8.5
vertex 177.17794309979612 -77.47636853269299 8.5
endloop
endfacet
facet normal 0 0 1
outer loop
vertex 177.60531198307618 -78.1820302999954 8.5
vertex 177.17794309979612 -77.47636853269299 8.5
vertex 176.94134369807233 -77.2639833026163 8.5
endloop
endfacet
facet normal 0 0 1
outer loop
vertex 177.60531198307618 -78.1820302999954 8.5
vertex 176.94134369807233 -77.2639833026163 8.5
vertex 176.6740777213726 -77.09177511306225 8.5
endloop
endfacet
facet normal 0 0 1
outer loop
vertex 177.60531198307618 -78.1820302999954 8.5
vertex 176.6740777213726 -77.09177511306225 8.5
vertex 176.38289943279807 -76.96409595613535 8.5
endloop
endfacet
facet normal 0 0 1
outer loop
vertex 177.60531198307618 -78.1820302999954 8.5
vertex 176.38289943279807 -76.96409595613535 8.5
vertex 176.07516480000012 -76.88417500000001 8.5
endloop
endfacet
facet normal 0 0 1
outer loop
vertex 177.60531198307618 -78.1820302999954 8.5
vertex 176.07516480000012 -76.88417500000001 8.5
vertex 162.12221784999986 -74.42389254999996 8.5
endloop
endfacet
facet normal 0 0 1
outer loop
vertex 177.60531198307618 -78.1820302999954 8.5
vertex 162.12221784999986 -74.42389254999996 8.5
vertex 158.73854235971922 -74.42389254999996 8.5
endloop
endfacet
facet normal 0 0 1
outer loop
vertex 177.60531198307618 -78.1820302999954 8.5
vertex 158.73854235971922 -74.42389254999996 8.5
vertex 158.80770428691818 -74.60660162111819 8.5
endloop
endfacet
facet normal 0 0 1
outer loop
vertex 177.60531198307618 -78.1820302999954 8.5
vertex 158.80770428691818 -74.60660162111819 8.5
vertex 158.96595884035344 -74.88235923054421 8.5
endloop
endfacet
facet normal 0 0 1
outer loop
vertex 177.60531198307618 -78.1820302999954 8.5
vertex 158.96595884035344 -74.88235923054421 8.5
vertex 159.16591240022552 -75.12955416733094 8.5
endloop
endfacet
facet normal 0 0 1
outer loop
vertex 177.60531198307618 -78.1820302999954 8.5
vertex 159.16591240022552 -75.12955416733094 8.5
vertex 159.4025118019254 -75.34193939738618 8.5
endloop
endfacet
facet normal 0 0 1
outer loop
vertex 177.60531198307618 -78.1820302999954 8.5
vertex 159.4025118019254 -75.34193939738618 8.5
vertex 159.6697777786074 -75.51414758692881 8.5
endloop
endfacet
facet normal 0 0 1
outer loop
vertex 177.60531198307618 -78.1820302999954 8.5
vertex 159.6697777786074 -75.51414758692881 8.5
vertex 159.96095606719086 -75.64182674385964 8.5
endloop
endfacet
facet normal 0 0 1
outer loop
vertex 177.60531198307618 -78.1820302999954 8.5
vertex 159.96095606719086 -75.64182674385964 8.5
vertex 160.26868809999755 -75.72175019999722 8.5
endloop
endfacet
facet normal 0 0 1
outer loop
vertex 177.60531198307618 -78.1820302999954 8.5
vertex 160.26868809999755 -75.72175019999722 8.5
vertex 174.22163529998787 -78.1820302999954 8.5
endloop
endfacet
facet normal 0 0 1
outer loop
vertex 162.12221784999986 -74.42389254999996 8.5
vertex 161.81448581720184 -74.34396909386462 8.5
vertex 158.7082884690892 -74.34396909386462 8.5
endloop
endfacet
facet normal 0 0 1
outer loop
vertex 162.12221784999986 -74.42389254999996 8.5
vertex 158.7082884690892 -74.34396909386462 8.5
vertex 158.73854235971922 -74.42389254999996 8.5
endloop
endfacet
facet normal 0 0 1
outer loop
vertex 161.81448581720184 -74.34396909386462 8.5
vertex 161.5233075286273 -74.21628993693771 8.5
vertex 158.66818405981454 -74.21628993693771 8.5
endloop
endfacet
facet normal 0 0 1
outer loop
vertex 161.81448581720184 -74.34396909386462 8.5
vertex 158.66818405981454 -74.21628993693771 8.5
vertex 158.69514619998773 -74.30925039996517 8.5
endloop
endfacet
facet normal 0 0 1
outer loop
vertex 161.81448581720184 -74.34396909386462 8.5
vertex 158.69514619998773 -74.30925039996517 8.5
vertex 158.7082884690892 -74.34396909386462 8.5
endloop
endfacet
facet normal 0 0 1
outer loop
vertex 161.5233075286273 -74.21628993693771 8.5
vertex 161.25604155192764 -74.04408174738373 8.5
vertex 158.6182370049644 -74.04408174738373 8.5
endloop
endfacet
facet normal 0 0 1
outer loop
vertex 161.5233075286273 -74.21628993693771 8.5
vertex 158.6182370049644 -74.04408174738373 8.5
vertex 158.66818405981454 -74.21628993693771 8.5
endloop
endfacet
facet normal 0 0 1
outer loop
vertex 161.25604155192764 -74.04408174738373 8.5
vertex 161.01944215020407 -73.83169651730722 8.5
vertex 158.55663704991312 -73.83169651730722 8.5
endloop
endfacet
facet normal 0 0 1
outer loop
vertex 161.25604155192764 -74.04408174738373 8.5
vertex 158.55663704991312 -73.83169651730722 8.5
vertex 158.6182370049644 -74.04408174738373 8.5
endloop
endfacet
facet normal 0 0 1
outer loop
vertex 161.01944215020407 -73.83169651730722 8.5
vertex 160.81948859035936 -73.58450158055433 8.5
vertex 158.48494092967258 -73.58450158055433 8.5
endloop
endfacet
facet normal 0 0 1
outer loop
vertex 161.01944215020407 -73.83169651730722 8.5
vertex 158.48494092967258 -73.58450158055433 8.5
vertex 158.55663704991312 -73.83169651730722 8.5
endloop
endfacet
facet normal 0 0 1
outer loop
vertex 160.81948859035936 -73.58450158055433 8.5
vertex 160.66123403691523 -73.30874397111286 8.5
vertex 158.40496052641888 -73.30874397111286 8.5
endloop
endfacet
facet normal 0 0 1
outer loop
vertex 160.81948859035936 -73.58450158055433 8.5
vertex 158.40496052641888 -73.30874397111286 8.5
vertex 158.48494092967258 -73.58450158055433 8.5
endloop
endfacet
facet normal 0 0 1
outer loop
vertex 160.66123403691523 -73.30874397111286 8.5
vertex 160.54867570000025 -73.0113951000007 8.5
vertex 158.31871781976523 -73.0113951000007 8.5
endloop
endfacet
facet normal 0 0 1
outer loop
vertex 160.66123403691523 -73.30874397111286 8.5
vertex 158.31871781976523 -73.0113951000007 8.5
vertex 158.40496052641888 -73.30874397111286 8.5
endloop
endfacet
facet normal 0 0 1
outer loop
vertex 160.54867570000025 -73.0113951000007 8.5
vertex 160.14078707224834 -71.60506899998072 8.5
vertex 157.91082869999224 -71.60506899998072 8.5
endloop
endfacet
facet normal 0 0 1
outer loop
vertex 160.54867570000025 -73.0113951000007 8.5
vertex 157.91082869999224 -71.60506899998072 8.5
vertex 158.31871781976523 -73.0113951000007 8.5
endloop
endfacet
facet normal 0 0 1
outer loop
vertex 160.14078707224834 -71.60506899998072 8.5
vertex 160.05454373003278 -71.30771757888519 8.5
vertex 157.79827251308356 -71.30771757888519 8.5
endloop
endfacet
facet normal 0 0 1
outer loop
vertex 160.14078707224834 -71.60506899998072 8.5
vertex 157.79827251308356 -71.30771757888519 8.5
vertex 157.91082869999224 -71.60506899998072 8.5
endloop
endfacet
facet normal 0 0 1
outer loop
vertex 160.05454373003278 -71.30771757888519 8.5
vertex 159.97456342325714 -71.03195996944628 8.5
vertex 157.64001795964091 -71.03195996944628 8.5
endloop
endfacet
facet normal 0 0 1
outer loop
vertex 160.05454373003278 -71.30771757888519 8.5
vertex 157.64001795964091 -71.03195996944628 8.5
vertex 157.79827251308356 -71.30771757888519 8.5
endloop
endfacet
facet normal 0 0 1
outer loop
vertex 159.97456342325714 -71.03195996944628 8.5
vertex 159.90286738950383 -70.78476503270359 8.5
vertex 157.44006439980447 -70.78476503270359 8.5
endloop
endfacet
facet normal 0 0 1
outer loop
vertex 159.97456342325714 -71.03195996944628 8.5
vertex 157.44006439980447 -70.78476503270359 8.5
vertex 157.64001795964091 -71.03195996944628 8.5
endloop
endfacet
facet normal 0 0 1
outer loop
vertex 159.90286738950383 -70.78476503270359 8.5
vertex 159.84126750875788 -70.57237980262596 8.5
vertex 157.20346499807962 -70.57237980262596 8.5
endloop
endfacet
facet normal 0 0 1
outer loop
vertex 159.90286738950383 -70.78476503270359 8.5
vertex 157.20346499807962 -70.57237980262596 8.5
vertex 157.44006439980447 -70.78476503270359 8.5
endloop
endfacet
facet normal 0 0 1
outer loop
vertex 159.84126750875788 -70.57237980262596 8.5
vertex 159.7913205141506 -70.40017161305005 8.5
vertex 156.93619902134603 -70.40017161305005 8.5
endloop
endfacet
facet normal 0 0 1
outer loop
vertex 159.84126750875788 -70.57237980262596 8.5
vertex 156.93619902134603 -70.40017161305005 8.5
vertex 157.20346499807962 -70.57237980262596 8.5
endloop
endfacet
facet normal 0 0 1
outer loop
vertex 159.7913205141506 -70.40017161305005 8.5
vertex 159.7643584500002 -70.30721130000056 8.5
vertex 159.75121635481514 -70.27249245613443 8.5
endloop
endfacet
facet normal 0 0 1
outer loop
vertex 159.7913205141506 -70.40017161305005 8.5
vertex 159.75121635481514 -70.27249245613443 8.5
vertex 156.64502073279718 -70.27249245613443 8.5
endloop
endfacet
facet normal 0 0 1
outer loop
vertex 159.7913205141506 -70.40017161305005 8.5
vertex 156.64502073279718 -70.27249245613443 8.5
vertex 156.93619902134603 -70.40017161305005 8.5
endloop
endfacet
facet normal 0 0 1
outer loop
vertex 159.75121635481514 -70.27249245613443 8.5
vertex 159.72096261669952 -70.19256800000986 8.5
vertex 156.33728740004062 -70.19256800000986 8.5
endloop
endfacet
facet normal 0 0 1
outer loop
vertex 159.75121635481514 -70.27249245613443 8.5
vertex 156.33728740004062 -70.19256800000986 8.5
vertex 156.64502073279718 -70.27249245613443 8.5
endloop
endfacet
facet normal 0 0 1
outer loop
vertex 133.36176151482564 -70.87533632867292 8.5
vertex 133.67180975697656 -70.8049263577285 8.5
vertex 133.96678250140482 -70.68627326454524 8.5
endloop
endfacet
facet normal 0 0 1
outer loop
vertex 133.36176151482564 -70.87533632867292 8.5
vertex 133.96678250140482 -70.68627326454524 8.5
vertex 134.23922523550212 -70.52237563457041 8.5
endloop
endfacet
facet normal 0 0 1
outer loop
vertex 133.36176151482564 -70.87533632867292 8.5
vertex 134.23922523550212 -70.52237563457041 8.5
vertex 134.48225282215128 -70.31737546725896 8.5
endloop
endfacet
facet normal 0 0 1
outer loop
vertex 133.36176151482564 -70.87533632867292 8.5
vertex 134.48225282215128 -70.31737546725896 8.5
vertex 134.68972349999893 -70.07645350000116 8.5
endloop
endfacet
facet normal 0 0 1
outer loop
vertex 133.36176151482564 -70.87533632867292 8.5
vertex 134.68972349999893 -70.07645350000116 8.5
vertex 135.44596747700152 -69.04219114087532 8.5
endloop
endfacet
facet normal 0 0 1
outer loop
vertex 133.36176151482564 -70.87533632867292 8.5
vertex 135.44596747700152 -69.04219114087532 8.5
vertex 131.746622772359 -69.04219114087532 8.5
endloop
endfacet
facet normal 0 0 1
outer loop
vertex 133.36176151482564 -70.87533632867292 8.5
vertex 131.746622772359 -69.04219114087532 8.5
vertex 122.38703219369037 -69.04219114087532 8.5
endloop
endfacet
facet normal 0 0 1
outer loop
vertex 133.36176151482564 -70.87533632867292 8.5
vertex 122.38703219369037 -69.04219114087532 8.5
vertex 132.7279669999966 -70.86557699999892 8.5
endloop
endfacet
facet normal 0 0 1
outer loop
vertex 133.36176151482564 -70.87533632867292 8.5
vertex 132.7279669999966 -70.86557699999892 8.5
vertex 133.0444732735335 -70.89572378581316 8.5
endloop
endfacet
facet normal 0 0 1
outer loop
vertex 135.44596747700152 -69.04219114087532 8.5
vertex 135.46087601236783 -69.02180177259211 8.5
vertex 132.06390777159325 -69.02180177259211 8.5
endloop
endfacet
facet normal 0 0 1
outer loop
vertex 135.44596747700152 -69.04219114087532 8.5
vertex 132.06390777159325 -69.02180177259211 8.5
vertex 131.746622772359 -69.04219114087532 8.5
endloop
endfacet
facet normal 0 0 1
outer loop
vertex 131.746622772359 -69.04219114087532 8.5
vertex 131.43011169999974 -69.01204749999997 8.5
vertex 122.21607911562573 -69.01204749999997 8.5
endloop
endfacet
facet normal 0 0 1
outer loop
vertex 131.746622772359 -69.04219114087532 8.5
vertex 122.21607911562573 -69.01204749999997 8.5
vertex 122.38703219369037 -69.04219114087532 8.5
endloop
endfacet
facet normal 0 0 1
outer loop
vertex 135.46087601236783 -69.02180177259211 8.5
vertex 135.512359843704 -68.95139091250746 8.5
vertex 132.37395261973597 -68.95139091250746 8.5
endloop
endfacet
facet normal 0 0 1
outer loop
vertex 135.46087601236783 -69.02180177259211 8.5
vertex 132.37395261973597 -68.95139091250746 8.5
vertex 132.06390777159325 -69.02180177259211 8.5
endloop
endfacet
facet normal 0 0 1
outer loop
vertex 135.512359843704 -68.95139091250746 8.5
vertex 135.59911790383967 -68.83273793981901 8.5
vertex 132.66892205739038 -68.83273793981901 8.5
endloop
endfacet
facet normal 0 0 1
outer loop
vertex 135.512359843704 -68.95139091250746 8.5
vertex 132.66892205739038 -68.83273793981901 8.5
vertex 132.37395261973597 -68.95139091250746 8.5
endloop
endfacet
facet normal 0 0 1
outer loop
vertex 135.59911790383967 -68.83273793981901 8.5
vertex 135.71895769736605 -68.66884137820799 8.5
vertex 132.94136180149886 -68.66884137820799 8.5
endloop
endfacet
facet normal 0 0 1
outer loop
vertex 135.59911790383967 -68.83273793981901 8.5
vertex 132.94136180149886 -68.66884137820799 8.5
vertex 132.66892205739038 -68.83273793981901 8.5
endloop
endfacet
facet normal 0 0 1
outer loop
vertex 135.71895769736605 -68.66884137820799 8.5
vertex 135.86885070800872 -68.46384311902422 8.5
vertex 133.18438692532234 -68.46384311902422 8.5
endloop
endfacet
facet normal 0 0 1
outer loop
vertex 135.71895769736605 -68.66884137820799 8.5
vertex 133.18438692532234 -68.46384311902422 8.5
vertex 132.94136180149886 -68.66884137820799 8.5
endloop
endfacet
facet normal 0 0 1
outer loop
vertex 118.54273780000011 -68.36433829999983 8.5
vertex 109.72148375772666 -68.36433829999983 8.5
vertex 117.28544090000136 -69.68048109999853 8.5
endloop
endfacet
facet normal 0 0 1
outer loop
vertex 131.43011169999974 -69.01204749999997 8.5
vertex 127.75677038437459 -68.36433829999983 8.5
vertex 118.54273780000011 -68.36433829999983 8.5
endloop
endfacet
facet normal 0 0 1
outer loop
vertex 131.43011169999974 -69.01204749999997 8.5
vertex 118.54273780000011 -68.36433829999983 8.5
vertex 122.21607911562573 -69.01204749999997 8.5
endloop
endfacet
facet normal 0 0 1
outer loop
vertex 135.86885070800872 -68.46384311902422 8.5
vertex 136.04500893339554 -68.22292374999978 8.5
vertex 133.39185585000018 -68.22292374999978 8.5
endloop
endfacet
facet normal 0 0 1
outer loop
vertex 135.86885070800872 -68.46384311902422 8.5
vertex 133.39185585000018 -68.22292374999978 8.5
vertex 133.18438692532234 -68.46384311902422 8.5
endloop
endfacet
facet normal 0 0 1
outer loop
vertex 118.54273780000011 -68.36433829999983 8.5
vertex 127.75677038437459 -68.36433829999983 8.5
vertex 124.70909904116016 -67.82695160000002 8.5
endloop
endfacet
facet normal 0 0 1
outer loop
vertex 118.54273780000011 -68.36433829999983 8.5
vertex 124.70909904116016 -67.82695160000002 8.5
vertex 115.98758549999997 -67.82695160000002 8.5
endloop
endfacet
facet normal 0 0 1
outer loop
vertex 118.54273780000011 -68.36433829999983 8.5
vertex 115.98758549999997 -67.82695160000002 8.5
vertex 106.6330879030891 -67.82695160000002 8.5
endloop
endfacet
facet normal 0 0 1
outer loop
vertex 118.54273780000011 -68.36433829999983 8.5
vertex 106.6330879030891 -67.82695160000002 8.5
vertex 109.72148375772666 -68.36433829999983 8.5
endloop
endfacet
facet normal 0 0 1
outer loop
vertex 136.04500893339554 -68.22292374999978 8.5
vertex 136.3516177999959 -67.80359610000528 8.5
vertex 133.69846702882185 -67.80359610000528 8.5
endloop
endfacet
facet normal 0 0 1
outer loop
vertex 136.04500893339554 -68.22292374999978 8.5
vertex 133.69846702882185 -67.80359610000528 8.5
vertex 133.39185585000018 -68.22292374999978 8.5
endloop
endfacet
facet normal 0 0 1
outer loop
vertex 136.3516177999959 -67.80359610000528 8.5
vertex 136.55908282686764 -67.56267292244026 8.5
vertex 133.87462936746 -67.56267292244026 8.5
endloop
endfacet
facet normal 0 0 1
outer loop
vertex 136.3516177999959 -67.80359610000528 8.5
vertex 133.87462936746 -67.56267292244026 8.5
vertex 133.69846702882185 -67.80359610000528 8.5
endloop
endfacet
facet normal 0 0 1
outer loop
vertex 136.55908282686764 -67.56267292244026 8.5
vertex 136.80210931422351 -67.35766950992341 8.5
vertex 134.02452727658923 -67.35766950992341 8.5
endloop
endfacet
facet normal 0 0 1
outer loop
vertex 136.55908282686764 -67.56267292244026 8.5
vertex 134.02452727658923 -67.35766950992341 8.5
vertex 133.87462936746 -67.56267292244026 8.5
endloop
endfacet
facet normal 0 0 1
outer loop
vertex 136.80210931422351 -67.35766950992341 8.5
vertex 137.0745515801253 -67.19376867265544 8.5
vertex 134.14437110020842 -67.19376867265544 8.5
endloop
endfacet
facet normal 0 0 1
outer loop
vertex 136.80210931422351 -67.35766950992341 8.5
vertex 134.14437110020842 -67.19376867265544 8.5
vertex 134.02452727658923 -67.35766950992341 8.5
endloop
endfacet
facet normal 0 0 1
outer loop
vertex 137.0745515801253 -67.19376867265544 8.5
vertex 137.36952444504246 -67.07511252377854 8.5
vertex 134.23113213703024 -67.07511252377854 8.5
endloop
endfacet
facet normal 0 0 1
outer loop
vertex 137.0745515801253 -67.19376867265544 8.5
vertex 134.23113213703024 -67.07511252377854 8.5
vertex 134.14437110020842 -67.19376867265544 8.5
endloop
endfacet
facet normal 0 0 1
outer loop
vertex 159.72096261669952 -70.19256800000986 8.5
vertex 159.65180226308473 -70.00985987888716 8.5
vertex 159.4935477096405 -69.73410226944544 8.5
endloop
endfacet
facet normal 0 0 1
outer loop
vertex 159.72096261669952 -70.19256800000986 8.5
vertex 159.4935477096405 -69.73410226944544 8.5
vertex 159.29359414979618 -69.48690733269304 8.5
endloop
endfacet
facet normal 0 0 1
outer loop
vertex 159.72096261669952 -70.19256800000986 8.5
vertex 159.29359414979618 -69.48690733269304 8.5
vertex 159.0569947480723 -69.27452210261626 8.5
endloop
endfacet
facet normal 0 0 1
outer loop
vertex 159.72096261669952 -70.19256800000986 8.5
vertex 159.0569947480723 -69.27452210261626 8.5
vertex 158.78972877137267 -69.10231391306226 8.5
endloop
endfacet
facet normal 0 0 1
outer loop
vertex 159.72096261669952 -70.19256800000986 8.5
vertex 158.78972877137267 -69.10231391306226 8.5
vertex 158.49855048279818 -68.97463475613539 8.5
endloop
endfacet
facet normal 0 0 1
outer loop
vertex 159.72096261669952 -70.19256800000986 8.5
vertex 158.49855048279818 -68.97463475613539 8.5
vertex 158.19081690000002 -68.89471260000002 8.5
endloop
endfacet
facet normal 0 0 1
outer loop
vertex 159.72096261669952 -70.19256800000986 8.5
vertex 158.19081690000002 -68.89471260000002 8.5
vertex 147.52737975462298 -67.01445804999436 8.5
endloop
endfacet
facet normal 0 0 1
outer loop
vertex 159.72096261669952 -70.19256800000986 8.5
vertex 147.52737975462298 -67.01445804999436 8.5
vertex 138.31337389995392 -67.01445804999436 8.5
endloop
endfacet
facet normal 0 0 1
outer loop
vertex 159.72096261669952 -70.19256800000986 8.5
vertex 138.31337389995392 -67.01445804999436 8.5
vertex 156.33728740004062 -70.19256800000986 8.5
endloop
endfacet
facet normal 0 0 1
outer loop
vertex 137.36952444504246 -67.07511252377854 8.5
vertex 137.67957333463164 -67.00469974957305 8.5
vertex 134.28261775621976 -67.00469974957305 8.5
endloop
endfacet
facet normal 0 0 1
outer loop
vertex 137.36952444504246 -67.07511252377854 8.5
vertex 134.28261775621976 -67.00469974957305 8.5
vertex 134.23113213703024 -67.07511252377854 8.5
endloop
endfacet
facet normal 0 0 1
outer loop
vertex 137.67957333463164 -67.00469974957305 8.5
vertex 137.99686267220517 -66.98430982647145 8.5
vertex 134.29752680969702 -66.98430982647145 8.5
endloop
endfacet
facet normal 0 0 1
outer loop
vertex 137.67957333463164 -67.00469974957305 8.5
vertex 134.29752680969702 -66.98430982647145 8.5
vertex 134.28261775621976 -67.00469974957305 8.5
endloop
endfacet
facet normal 0 0 1
outer loop
vertex 147.52737975462298 -67.01445804999436 8.5
vertex 147.356400944025 -66.98430982647145 8.5
vertex 137.99686267220517 -66.98430982647145 8.5
endloop
endfacet
facet normal 0 0 1
outer loop
vertex 147.52737975462298 -67.01445804999436 8.5
vertex 137.99686267220517 -66.98430982647145 8.5
vertex 138.31337389995392 -67.01445804999436 8.5
endloop
endfacet
facet normal 0 0 1
outer loop
vertex 124.70909904116016 -67.82695160000002 8.5
vertex 117.24488249999997 -66.5108088 8.5
vertex 115.98758549999997 -67.82695160000002 8.5
endloop
endfacet
facet normal -0.004226419810243043 0.0007452316676016869 -0.9999907909602714
outer loop
vertex 69.41936795000059 -122.30920494999843 8.5
vertex 71.92797691052603 -108.08217318544106 8.500000000000005
vertex 72.96986573179493 -102.17332665392598 8.500000000000007
endloop
endfacet
facet normal -0.004226419810243043 0.0007452316676016869 -0.9999907909602714
outer loop
vertex 69.41936795000059 -122.30920494999843 8.5
vertex 72.96986573179493 -102.17332665392598 8.500000000000007
vertex 73.31716200756148 -100.20371113202029 8.500000000000007
endloop
endfacet
facet normal -0.004226419810243043 0.0007452316676016869 -0.9999907909602714
outer loop
vertex 69.41936795000059 -122.30920494999843 8.5
vertex 73.31716200756148 -100.20371113202029 8.500000000000007
vertex 75.05364338036352 -90.35563355669355 8.500000000000007
endloop
endfacet
facet normal -0.004226419810243043 0.0007452316676016869 -0.9999907909602714
outer loop
vertex 69.41936795000059 -122.30920494999843 8.5
vertex 75.05364338036352 -90.35563355669355 8.500000000000007
vertex 79.50134639999959 -65.1314503000028 8.5
endloop
endfacet
facet normal -0.004226419810243043 0.0007452316676016869 -0.9999907909602714
outer loop
vertex 69.41936795000059 -122.30920494999843 8.5
vertex 79.50134639999959 -65.1314503000028 8.5
vertex 77.87666383611527 -65.1314503000028 8.5
endloop
endfacet
facet normal -0.004226419810243043 0.0007452316676016869 -0.9999907909602714
outer loop
vertex 69.41936795000059 -122.30920494999843 8.5
vertex 77.87666383611527 -65.1314503000028 8.5
vertex 73.47794992096877 -90.0777962898937 8.5
endloop
endfacet
facet normal -0.004226419810243043 0.0007452316676016869 -0.9999907909602714
outer loop
vertex 69.41936795000059 -122.30920494999843 8.5
vertex 73.47794992096877 -90.0777962898937 8.5
vertex 71.74146813073679 -99.9258737916163 8.5
endloop
endfacet
facet normal -0.004226419810243043 0.0007452316676016869 -0.9999907909602714
outer loop
vertex 69.41936795000059 -122.30920494999843 8.5
vertex 71.74146813073679 -99.9258737916163 8.5
vertex 71.39417177148427 -101.89548929880115 8.5
endloop
endfacet
facet normal -0.004226419810243043 0.0007452316676016869 -0.9999907909602714
outer loop
vertex 69.41936795000059 -122.30920494999843 8.5
vertex 71.39417177148427 -101.89548929880115 8.5
vertex 70.35228269975741 -107.80433578615371 8.5
endloop
endfacet
facet normal -0.004226419810243043 0.0007452316676016869 -0.9999907909602714
outer loop
vertex 69.41936795000059 -122.30920494999843 8.5
vertex 70.35228269975741 -107.80433578615371 8.5
vertex 67.7946828871731 -122.30920494999843 8.5
endloop
endfacet
facet normal 0 0 1
outer loop
vertex 137.99686267220517 -66.98430982647145 8.5
vertex 147.356400944025 -66.98430982647145 8.5
vertex 137.01550624999993 -65.1609283 8.5
endloop
endfacet
facet normal 0 0 1
outer loop
vertex 137.99686267220517 -66.98430982647145 8.5
vertex 137.01550624999993 -65.1609283 8.5
vertex 136.69899787338164 -65.13078297141764 8.5
endloop
endfacet
facet normal 0 0 1
outer loop
vertex 137.99686267220517 -66.98430982647145 8.5
vertex 136.69899787338164 -65.13078297141764 8.5
vertex 136.38171177787666 -65.15117480566484 8.5
endloop
endfacet
facet normal 0 0 1
outer loop
vertex 137.99686267220517 -66.98430982647145 8.5
vertex 136.38171177787666 -65.15117480566484 8.5
vertex 136.0716662823125 -65.2215884690072 8.5
endloop
endfacet
facet normal 0 0 1
outer loop
vertex 137.99686267220517 -66.98430982647145 8.5
vertex 136.0716662823125 -65.2215884690072 8.5
vertex 135.77669672416494 -65.34024449738843 8.5
endloop
endfacet
facet normal 0 0 1
outer loop
vertex 137.99686267220517 -66.98430982647145 8.5
vertex 135.77669672416494 -65.34024449738843 8.5
vertex 135.50425744825213 -65.50414426628645 8.5
endloop
endfacet
facet normal 0 0 1
outer loop
vertex 137.99686267220517 -66.98430982647145 8.5
vertex 135.50425744825213 -65.50414426628645 8.5
vertex 135.26123342371162 -65.70914577067379 8.5
endloop
endfacet
facet normal 0 0 1
outer loop
vertex 137.99686267220517 -66.98430982647145 8.5
vertex 135.26123342371162 -65.70914577067379 8.5
vertex 135.05376249999998 -65.95006660000007 8.5
endloop
endfacet
facet normal 0 0 1
outer loop
vertex 137.99686267220517 -66.98430982647145 8.5
vertex 135.05376249999998 -65.95006660000007 8.5
vertex 134.29752680969702 -66.98430982647145 8.5
endloop
endfacet
facet normal 0 0 1
outer loop
vertex 79.50134639999959 -65.1314503000028 8.5
vertex 79.59140662540656 -64.79517800159647 8.5
vertex 77.93595771582325 -64.79517800159647 8.5
endloop
endfacet
facet normal 0 0 1
outer loop
vertex 79.50134639999959 -65.1314503000028 8.5
vertex 77.93595771582325 -64.79517800159647 8.5
vertex 77.87666383611527 -65.1314503000028 8.5
endloop
endfacet
facet normal 0 0 1
outer loop
vertex 79.59140662540656 -64.79517800159647 8.5
vertex 79.73841069152617 -64.47961614978063 8.5
vertex 77.99159978497576 -64.47961614978063 8.5
endloop
endfacet
facet normal 0 0 1
outer loop
vertex 79.59140662540656 -64.79517800159647 8.5
vertex 77.99159978497576 -64.47961614978063 8.5
vertex 77.93595771582325 -64.79517800159647 8.5
endloop
endfacet
facet normal 0 0 1
outer loop
vertex 79.73841069152617 -64.47961614978063 8.5
vertex 79.93790656185817 -64.19432528855819 8.5
vertex 78.04190426169679 -64.19432528855819 8.5
endloop
endfacet
facet normal 0 0 1
outer loop
vertex 79.73841069152617 -64.47961614978063 8.5
vertex 78.04190426169679 -64.19432528855819 8.5
vertex 77.99159978497576 -64.47961614978063 8.5
endloop
endfacet
facet normal 0 0 1
outer loop
vertex 79.93790656185817 -64.19432528855819 8.5
vertex 80.18385003631604 -63.9479489805508 8.5
vertex 78.08534705267043 -63.9479489805508 8.5
endloop
endfacet
facet normal 0 0 1
outer loop
vertex 79.93790656185817 -64.19432528855819 8.5
vertex 78.08534705267043 -63.9479489805508 8.5
vertex 78.04190426169679 -64.19432528855819 8.5
endloop
endfacet
facet normal 0 0 1
outer loop
vertex 80.18385003631604 -63.9479489805508 8.5
vertex 80.46878967460114 -63.74795177977737 8.5
vertex 78.12061195561007 -63.74795177977737 8.5
endloop
endfacet
facet normal 0 0 1
outer loop
vertex 80.18385003631604 -63.9479489805508 8.5
vertex 78.12061195561007 -63.74795177977737 8.5
vertex 78.08534705267043 -63.9479489805508 8.5
endloop
endfacet
facet normal 0 0 1
outer loop
vertex 80.46878967460114 -63.74795177977737 8.5
vertex 80.78409255519993 -63.60039307533241 8.5
vertex 78.14663053672035 -63.60039307533241 8.5
endloop
endfacet
facet normal 0 0 1
outer loop
vertex 80.46878967460114 -63.74795177977737 8.5
vertex 78.14663053672035 -63.60039307533241 8.5
vertex 78.12061195561007 -63.74795177977737 8.5
endloop
endfacet
facet normal 0 0 1
outer loop
vertex 80.78409255519993 -63.60039307533241 8.5
vertex 81.12020583027703 -63.50974350778648 8.5
vertex 78.1626145014392 -63.50974350778648 8.5
endloop
endfacet
facet normal 0 0 1
outer loop
vertex 80.78409255519993 -63.60039307533241 8.5
vertex 78.1626145014392 -63.50974350778648 8.5
vertex 78.14663053672035 -63.60039307533241 8.5
endloop
endfacet
facet normal 0 0 1
outer loop
vertex 115.98758549999997 -67.82695160000002 8.5
vertex 91.16830872635954 -63.50835014999752 8.5
vertex 81.81380819999274 -63.50835014999752 8.5
endloop
endfacet
facet normal 0 0 1
outer loop
vertex 115.98758549999997 -67.82695160000002 8.5
vertex 81.81380819999274 -63.50835014999752 8.5
vertex 106.6330879030891 -67.82695160000002 8.5
endloop
endfacet
facet normal 0 0 1
outer loop
vertex 81.12020583027703 -63.50974350778648 8.5
vertex 81.46694615176541 -63.47874952058111 8.5
vertex 78.16807957768168 -63.47874952058111 8.5
endloop
endfacet
facet normal 0 0 1
outer loop
vertex 81.12020583027703 -63.50974350778648 8.5
vertex 78.16807957768168 -63.47874952058111 8.5
vertex 78.1626145014392 -63.50974350778648 8.5
endloop
endfacet
facet normal 0 0 1
outer loop
vertex 91.16830872635954 -63.50835014999752 8.5
vertex 90.99819202939985 -63.47874952058111 8.5
vertex 81.46694615176541 -63.47874952058111 8.5
endloop
endfacet
facet normal 0 0 1
outer loop
vertex 91.16830872635954 -63.50835014999752 8.5
vertex 81.46694615176541 -63.47874952058111 8.5
vertex 81.81380819999274 -63.50835014999752 8.5
endloop
endfacet
facet normal 0 0 1
outer loop
vertex 81.46694615176541 -63.47874952058111 8.5
vertex 90.99819202939985 -63.47874952058111 8.5
vertex 80.5159555499999 -61.65482039999999 8.5
endloop
endfacet
facet normal 0 0 1
outer loop
vertex 81.46694615176541 -63.47874952058111 8.5
vertex 80.5159555499999 -61.65482039999999 8.5
vertex 80.16909350175085 -61.62521977058174 8.5
endloop
endfacet
facet normal 0 0 1
outer loop
vertex 81.46694615176541 -63.47874952058111 8.5
vertex 80.16909350175085 -61.62521977058174 8.5
vertex 79.8223531802783 -61.6562137577857 8.5
endloop
endfacet
facet normal 0 0 1
outer loop
vertex 81.46694615176541 -63.47874952058111 8.5
vertex 79.8223531802783 -61.6562137577857 8.5
vertex 79.48623990520373 -61.746863325330956 8.5
endloop
endfacet
facet normal 0 0 1
outer loop
vertex 81.46694615176541 -63.47874952058111 8.5
vertex 79.48623990520373 -61.746863325330956 8.5
vertex 79.17093702459667 -61.89442202977978 8.5
endloop
endfacet
facet normal 0 0 1
outer loop
vertex 81.46694615176541 -63.47874952058111 8.5
vertex 79.17093702459667 -61.89442202977978 8.5
vertex 78.8859973863183 -62.09441923054851 8.5
endloop
endfacet
facet normal 0 0 1
outer loop
vertex 81.46694615176541 -63.47874952058111 8.5
vertex 78.8859973863183 -62.09441923054851 8.5
vertex 78.64005391185862 -62.340795538557735 8.5
endloop
endfacet
facet normal 0 0 1
outer loop
vertex 81.46694615176541 -63.47874952058111 8.5
vertex 78.64005391185862 -62.340795538557735 8.5
vertex 78.44055804152575 -62.626086399781386 8.5
endloop
endfacet
facet normal 0 0 1
outer loop
vertex 81.46694615176541 -63.47874952058111 8.5
vertex 78.44055804152575 -62.626086399781386 8.5
vertex 78.29355397540583 -62.94164825159791 8.5
endloop
endfacet
facet normal 0 0 1
outer loop
vertex 81.46694615176541 -63.47874952058111 8.5
vertex 78.29355397540583 -62.94164825159791 8.5
vertex 78.20349109999998 -63.277920800000025 8.5
endloop
endfacet
facet normal 0 0 1
outer loop
vertex 81.46694615176541 -63.47874952058111 8.5
vertex 78.20349109999998 -63.277920800000025 8.5
vertex 78.16807957768168 -63.47874952058111 8.5
endloop
endfacet
facet normal 0 0 -1
outer loop
vertex 67.5357570691782 -123.91944008569578 8.5
vertex 67.56107678991837 -123.65649487662051 8.5
vertex 67.56583820000003 -123.60704764999974 8.5
endloop
endfacet
facet normal 0 0 -1
outer loop
vertex 67.5357570691782 -123.91944008569578 8.5
vertex 67.56583820000003 -123.60704764999974 8.5
vertex 67.56583820000002 -123.60704764999987 0
endloop
endfacet
facet normal 0 0 -1
outer loop
vertex 67.5357570691782 -123.91944008569578 8.5
vertex 67.56583820000002 -123.60704764999987 0
vertex 67.5357570691782 -123.9194400856957 0
endloop
endfacet
facet normal 0 0 1
outer loop
vertex 67.55491538901596 -124.23269216803907 8.5
vertex 67.55221754763049 -124.18858055287717 8.5
vertex 67.53714100298022 -123.94206838238257 8.5
endloop
endfacet
facet normal 0 0 1
outer loop
vertex 67.55491538901596 -124.23269216803907 8.5
vertex 67.53714100298022 -123.94206838238257 8.5
vertex 67.5357570691782 -123.91944008569578 8.5
endloop
endfacet
facet normal 0 0 1
outer loop
vertex 67.55491538901596 -124.23269216803907 8.5
vertex 67.5357570691782 -123.91944008569578 8.5
vertex 67.5357570691782 -123.9194400856957 0
endloop
endfacet
facet normal 0 0 1
outer loop
vertex 67.55491538901596 -124.23269216803907 8.5
vertex 67.5357570691782 -123.9194400856957 0
vertex 67.55491538901597 -124.23269216803912 0
endloop
endfacet
facet normal 0 0 1
outer loop
vertex 67.6228414150639 -124.53909054156074 8.5
vertex 67.62212855025585 -124.53587497559234 8.5
vertex 67.58946587388841 -124.38854130253476 8.5
endloop
endfacet
facet normal 0 0 1
outer loop
vertex 67.6228414150639 -124.53909054156074 8.5
vertex 67.58946587388841 -124.38854130253476 8.5
vertex 67.55491538901596 -124.23269216803907 8.5
endloop
endfacet
facet normal 0 0 1
outer loop
vertex 67.6228414150639 -124.53909054156074 8.5
vertex 67.55491538901596 -124.23269216803907 8.5
vertex 67.55491538901597 -124.23269216803912 0
endloop
endfacet
facet normal 0 0 1
outer loop
vertex 67.6228414150639 -124.53909054156074 8.5
vertex 67.55491538901597 -124.23269216803912 0
vertex 67.6228414150639 -124.53909054156068 0
endloop
endfacet
facet normal 0 0 1
outer loop
vertex 67.73786257237663 -124.83109061293365 8.5
vertex 67.65711903447888 -124.62610989999455 8.5
vertex 67.6228414150639 -124.53909054156074 8.5
endloop
endfacet
facet normal 0 0 1
outer loop
vertex 67.73786257237663 -124.83109061293365 8.5
vertex 67.6228414150639 -124.53909054156074 8.5
vertex 67.6228414150639 -124.53909054156068 0
endloop
endfacet
facet normal 0 0 1
outer loop
vertex 67.73786257237663 -124.83109061293365 8.5
vertex 67.6228414150639 -124.53909054156068 0
vertex 67.7378625723767 -124.83109061293378 0
endloop
endfacet
facet normal -0.8616300016287561 -0.5075369349054607 0
outer loop
vertex 67.89714664012368 -125.10150232509388 8.5
vertex 67.73786257237663 -124.83109061293365 8.5
vertex 67.7378625723767 -124.83109061293378 0
endloop
endfacet
facet normal -0.8616300016287561 -0.5075369349054607 0
outer loop
vertex 67.89714664012368 -125.10150232509388 8.5
vertex 67.7378625723767 -124.83109061293378 0
vertex 67.89714664012368 -125.10150232509386 0
endloop
endfacet
facet normal -0.7716253158496257 -0.6360773317293783 0
outer loop
vertex 68.09677149071388 -125.34366720144516 8.5
vertex 67.89714664012368 -125.10150232509388 8.5
vertex 67.89714664012368 -125.10150232509386 0
endloop
endfacet
facet normal -0.7716253158496257 -0.6360773317293783 0
outer loop
vertex 68.09677149071388 -125.34366720144516 8.5
vertex 67.89714664012368 -125.10150232509386 0
vertex 68.09677149071395 -125.34366720144523 0
endloop
endfacet
facet normal -0.6626205317929617 -0.7489552929557363 0
outer loop
vertex 68.33182166621475 -125.55162230070584 8.5
vertex 68.09677149071388 -125.34366720144516 8.5
vertex 68.09677149071395 -125.34366720144523 0
endloop
endfacet
facet normal -0.6626205317929617 -0.7489552929557363 0
outer loop
vertex 68.33182166621475 -125.55162230070584 8.5
vertex 68.09677149071395 -125.34366720144523 0
vertex 68.3318216662147 -125.55162230070579 0
endloop
endfacet
facet normal -0.5372997262604201 -0.8433913706936287 0
outer loop
vertex 68.59650941401732 -125.72024704525575 8.5
vertex 68.33182166621475 -125.55162230070584 8.5
vertex 68.3318216662147 -125.55162230070579 0
endloop
endfacet
facet normal -0.5372997262604201 -0.8433913706936287 0
outer loop
vertex 68.59650941401732 -125.72024704525575 8.5
vertex 68.3318216662147 -125.55162230070579 0
vertex 68.59650941401745 -125.7202470452558 0
endloop
endfacet
facet normal -0.3987487332342992 -0.9170602203476288 0
outer loop
vertex 68.88431720143122 -125.84538930756298 8.5
vertex 68.59650941401732 -125.72024704525575 8.5
vertex 68.59650941401745 -125.7202470452558 0
endloop
endfacet
facet normal -0.3987487332342992 -0.9170602203476288 0
outer loop
vertex 68.88431720143122 -125.84538930756298 8.5
vertex 68.59650941401745 -125.7202470452558 0
vertex 68.8843172014312 -125.84538930756298 0
endloop
endfacet
facet normal -0.25037353163051507 -0.9681493142376663 0
outer loop
vertex 69.1881564 -125.92396530000002 8.5
vertex 68.88431720143122 -125.84538930756298 8.5
vertex 68.8843172014312 -125.84538930756298 0
endloop
endfacet
facet normal -0.25037353163051507 -0.9681493142376663 0
outer loop
vertex 69.1881564 -125.92396530000002 8.5
vertex 68.8843172014312 -125.84538930756298 0
vertex 69.18815639999983 -125.92396529999996 0
endloop
endfacet
facet normal 0 0 1
outer loop
vertex 108.33179309999974 -132.8260359 8.5
vertex 97.99088129994318 -131.00265643581332 8.5
vertex 97.81989031728978 -130.97250615000104 8.5
endloop
endfacet
facet normal 0 0 1
outer loop
vertex 108.33179309999974 -132.8260359 8.5
vertex 97.81989031728978 -130.97250615000104 8.5
vertex 69.1881564 -125.92396530000002 8.5
endloop
endfacet
facet normal 0 0 1
outer loop
vertex 108.33179309999974 -132.8260359 8.5
vertex 69.1881564 -125.92396530000002 8.5
vertex 69.18815639999983 -125.92396529999996 0
endloop
endfacet
facet normal 0 0 1
outer loop
vertex 108.33179309999974 -132.8260359 8.5
vertex 69.18815639999983 -125.92396529999996 0
vertex 78.43225034515694 -127.55394642647242 0
endloop
endfacet
facet normal 0 0 1
outer loop
vertex 108.33179309999974 -132.8260359 8.5
vertex 78.43225034515694 -127.55394642647242 0
vertex 78.54788749065914 -127.57433634957424 0
endloop
endfacet
facet normal 0 0 1
outer loop
vertex 108.33179309999974 -132.8260359 8.5
vertex 78.54788749065914 -127.57433634957424 0
vertex 78.9472186786794 -127.64474912377867 0
endloop
endfacet
facet normal 0 0 1
outer loop
vertex 108.33179309999974 -132.8260359 8.5
vertex 78.9472186786794 -127.64474912377867 0
vertex 79.62015198420946 -127.76340527265558 0
endloop
endfacet
facet normal 0 0 1
outer loop
vertex 108.33179309999974 -132.8260359 8.5
vertex 79.62015198420946 -127.76340527265558 0
vertex 80.54968099087402 -127.92730610992105 0
endloop
endfacet
facet normal 0 0 1
outer loop
vertex 108.33179309999974 -132.8260359 8.5
vertex 80.54968099087402 -127.92730610992105 0
vertex 81.71231457824638 -128.13230952244183 0
endloop
endfacet
facet normal 0 0 1
outer loop
vertex 108.33179309999974 -132.8260359 8.5
vertex 81.71231457824638 -128.13230952244183 0
vertex 83.0786705910417 -128.3732346500002 0
endloop
endfacet
facet normal 0 0 1
outer loop
vertex 108.33179309999974 -132.8260359 8.5
vertex 83.0786705910417 -128.3732346500002 0
vertex 86.32011512239988 -128.94478805912465 0
endloop
endfacet
facet normal 0 0 1
outer loop
vertex 108.33179309999974 -132.8260359 8.5
vertex 86.32011512239988 -128.94478805912465 0
vertex 86.4357491213655 -128.96517742740787 0
endloop
endfacet
facet normal 0 0 1
outer loop
vertex 108.33179309999974 -132.8260359 8.5
vertex 86.4357491213655 -128.96517742740787 0
vertex 86.83506945385943 -129.03558828749252 0
endloop
endfacet
facet normal 0 0 1
outer loop
vertex 108.33179309999974 -132.8260359 8.5
vertex 86.83506945385943 -129.03558828749252 0
vertex 87.50798474630658 -129.1542412601809 0
endloop
endfacet
facet normal 0 0 1
outer loop
vertex 108.33179309999974 -132.8260359 8.5
vertex 87.50798474630658 -129.1542412601809 0
vertex 88.43748950450023 -129.31813782179208 0
endloop
endfacet
facet normal 0 0 1
outer loop
vertex 108.33179309999974 -132.8260359 8.5
vertex 88.43748950450023 -129.31813782179208 0
vertex 89.6000938658091 -129.5231360809758 0
endloop
endfacet
facet normal 0 0 1
outer loop
vertex 108.33179309999974 -132.8260359 8.5
vertex 89.6000938658091 -129.5231360809758 0
vertex 90.96641722029193 -129.76405544999977 0
endloop
endfacet
facet normal 0 0 1
outer loop
vertex 108.33179309999974 -132.8260359 8.5
vertex 90.96641722029193 -129.76405544999977 0
vertex 108.33179309999997 -132.82603590000002 0
endloop
endfacet
facet normal -0.09482116923970803 -0.9954943223665391 0
outer loop
vertex 108.64830002235911 -132.85618329087535 8.5
vertex 108.33179309999974 -132.8260359 8.5
vertex 108.33179309999997 -132.82603590000002 0
endloop
endfacet
facet normal -0.09482116923970803 -0.9954943223665391 0
outer loop
vertex 108.64830002235911 -132.85618329087535 8.5
vertex 108.33179309999997 -132.82603590000002 0
vertex 108.64830002235918 -132.85618329087535 0
endloop
endfacet
facet normal 0.0641297201693192 -0.997941570930385 0
outer loop
vertex 108.96558502159293 -132.83579392259216 8.5
vertex 108.64830002235911 -132.85618329087535 8.5
vertex 108.64830002235918 -132.85618329087535 0
endloop
endfacet
facet normal 0.0641297201693192 -0.997941570930385 0
outer loop
vertex 108.96558502159293 -132.83579392259216 8.5
vertex 108.64830002235918 -132.85618329087535 0
vertex 108.96558502159297 -132.83579392259216 0
endloop
endfacet
facet normal 0.22145996341819876 -0.9751694645561919 0
outer loop
vertex 109.2756298697364 -132.76538306250734 8.5
vertex 108.96558502159293 -132.83579392259216 8.5
vertex 108.96558502159297 -132.83579392259216 0
endloop
endfacet
facet normal 0.22145996341819876 -0.9751694645561919 0
outer loop
vertex 109.2756298697364 -132.76538306250734 8.5
vertex 108.96558502159297 -132.83579392259216 0
vertex 109.27562986973615 -132.7653830625074 0
endloop
endfacet
facet normal 0.3731936090458413 -0.9277534856670385 0
outer loop
vertex 109.57059930739022 -132.64673008981913 8.5
vertex 109.2756298697364 -132.76538306250734 8.5
vertex 109.27562986973615 -132.7653830625074 0
endloop
endfacet
facet normal 0.3731936090458413 -0.9277534856670385 0
outer loop
vertex 109.57059930739022 -132.64673008981913 8.5
vertex 109.27562986973615 -132.7653830625074 0
vertex 109.57059930739032 -132.64673008981904 0
endloop
endfacet
facet normal 0.5154961393043288 -0.856891901211776 0
outer loop
vertex 109.84303905149872 -132.48283352820806 8.5
vertex 109.57059930739022 -132.64673008981913 8.5
vertex 109.57059930739032 -132.64673008981904 0
endloop
endfacet
facet normal 0.5154961393043288 -0.856891901211776 0
outer loop
vertex 109.84303905149872 -132.48283352820806 8.5
vertex 109.57059930739032 -132.64673008981904 0
vertex 109.84303905149898 -132.4828335282079 0
endloop
endfacet
facet normal 0.6447713736918922 -0.7643754808125851 0
outer loop
vertex 110.08606417532252 -132.27783526902408 8.5
vertex 109.84303905149872 -132.48283352820806 8.5
vertex 109.84303905149898 -132.4828335282079 0
endloop
endfacet
facet normal 0.6447713736918922 -0.7643754808125851 0
outer loop
vertex 110.08606417532252 -132.27783526902408 8.5
vertex 109.84303905149898 -132.4828335282079 0
vertex 110.08606417532239 -132.27783526902422 0
endloop
endfacet
facet normal 0.757753019253643 -0.6525414636726068 0
outer loop
vertex 110.29353619999995 -132.0369118000001 8.5
vertex 110.08606417532252 -132.27783526902408 8.5
vertex 110.08606417532239 -132.27783526902422 0
endloop
endfacet
facet normal 0.757753019253643 -0.6525414636726068 0
outer loop
vertex 110.29353619999995 -132.0369118000001 8.5
vertex 110.08606417532239 -132.27783526902422 0
vertex 110.29353620000012 -132.0369117999999 0
endloop
endfacet
facet normal 0 0 -1
outer loop
vertex 111.95544355000003 -129.7640554499999 8.5
vertex 111.64883257282646 -130.18338249999982 8.5
vertex 111.47266831408349 -130.42430811725941 8.5
endloop
endfacet
facet normal 0 0 -1
outer loop
vertex 111.95544355000003 -129.7640554499999 8.5
vertex 111.47266831408349 -130.42430811725941 8.5
vertex 111.32277266194286 -130.62930828457033 8.5
endloop
endfacet
facet normal 0 0 -1
outer loop
vertex 111.95544355000003 -129.7640554499999 8.5
vertex 111.32277266194286 -130.62930828457033 8.5
vertex 111.20293109082397 -130.79320591455047 8.5
endloop
endfacet
facet normal 0 0 -1
outer loop
vertex 111.95544355000003 -129.7640554499999 8.5
vertex 111.20293109082397 -130.79320591455047 8.5
vertex 111.11617222124077 -130.9118590077274 8.5
endloop
endfacet
facet normal 0 0 -1
outer loop
vertex 111.95544355000003 -129.7640554499999 8.5
vertex 111.11617222124077 -130.9118590077274 8.5
vertex 111.06468861198132 -130.9822689786721 8.5
endloop
endfacet
facet normal 0 0 -1
outer loop
vertex 111.95544355000003 -129.7640554499999 8.5
vertex 111.06468861198132 -130.9822689786721 8.5
vertex 111.0497813500812 -131.00265643581332 8.5
endloop
endfacet
facet normal 0 0 -1
outer loop
vertex 111.95544355000003 -129.7640554499999 8.5
vertex 111.0497813500812 -131.00265643581332 8.5
vertex 110.29353619999995 -132.0369118000001 8.5
endloop
endfacet
facet normal 0 0 -1
outer loop
vertex 111.95544355000003 -129.7640554499999 8.5
vertex 110.29353619999995 -132.0369118000001 8.5
vertex 110.29353620000012 -132.0369117999999 0
endloop
endfacet
facet normal 0 0 -1
outer loop
vertex 111.95544355000003 -129.7640554499999 8.5
vertex 110.29353620000012 -132.0369117999999 0
vertex 111.95544355000017 -129.76405544999977 0
endloop
endfacet
facet normal 0.7577523493767431 -0.6525422415553083 0
outer loop
vertex 112.16291247467751 -129.52313608097592 8.5
vertex 111.95544355000003 -129.7640554499999 8.5
vertex 111.95544355000017 -129.76405544999977 0
endloop
endfacet
facet normal 0.7577523493767431 -0.6525422415553083 0
outer loop
vertex 112.16291247467751 -129.52313608097592 8.5
vertex 111.95544355000017 -129.76405544999977 0
vertex 112.16291247467763 -129.5231360809758 0
endloop
endfacet
facet normal 0.6447713736919297 -0.7643754808125531 0
outer loop
vertex 112.40593759850114 -129.31813782179205 8.5
vertex 112.16291247467751 -129.52313608097592 8.5
vertex 112.16291247467763 -129.5231360809758 0
endloop
endfacet
facet normal 0.6447713736919297 -0.7643754808125531 0
outer loop
vertex 112.40593759850114 -129.31813782179205 8.5
vertex 112.16291247467763 -129.5231360809758 0
vertex 112.40593759850108 -129.31813782179208 0
endloop
endfacet
facet normal 0.5154961393043288 -0.856891901211776 0
outer loop
vertex 112.6783773426098 -129.15424126018087 8.5
vertex 112.40593759850114 -129.31813782179205 8.5
vertex 112.40593759850108 -129.31813782179208 0
endloop
endfacet
facet normal 0.5154961393043288 -0.856891901211776 0
outer loop
vertex 112.6783773426098 -129.15424126018087 8.5
vertex 112.40593759850108 -129.31813782179208 0
vertex 112.67837734260978 -129.1542412601809 0
endloop
endfacet
facet normal 0.37319360904581433 -0.9277534856670493 0
outer loop
vertex 112.97334678026414 -129.0355882874925 8.5
vertex 112.6783773426098 -129.15424126018087 8.5
vertex 112.67837734260978 -129.1542412601809 0
endloop
endfacet
facet normal 0.37319360904581433 -0.9277534856670493 0
outer loop
vertex 112.97334678026414 -129.0355882874925 8.5
vertex 112.67837734260978 -129.1542412601809 0
vertex 112.973346780264 -129.03558828749252 0
endloop
endfacet
facet normal 0.22145996341819876 -0.9751694645561919 0
outer loop
vertex 113.28339162840653 -128.9651774274079 8.5
vertex 112.97334678026414 -129.0355882874925 8.5
vertex 112.973346780264 -129.03558828749252 0
endloop
endfacet
facet normal 0.22145996341819876 -0.9751694645561919 0
outer loop
vertex 113.28339162840653 -128.9651774274079 8.5
vertex 112.973346780264 -129.03558828749252 0
vertex 113.28339162840673 -128.96517742740787 0
endloop
endfacet
facet normal 0.06412972016934762 -0.9979415709303833 0
outer loop
vertex 113.6006766276408 -128.94478805912468 8.5
vertex 113.28339162840653 -128.9651774274079 8.5
vertex 113.28339162840673 -128.96517742740787 0
endloop
endfacet
facet normal 0.06412972016934762 -0.9979415709303833 0
outer loop
vertex 113.6006766276408 -128.94478805912468 8.5
vertex 113.28339162840673 -128.96517742740787 0
vertex 113.60067662764094 -128.94478805912465 0
endloop
endfacet
facet normal -0.0948059331771844 -0.9954957734889702 0
outer loop
vertex 113.91718709999988 -128.97493089999998 8.5
vertex 113.6006766276408 -128.94478805912468 8.5
vertex 113.60067662764094 -128.94478805912465 0
endloop
endfacet
facet normal -0.0948059331771844 -0.9954957734889702 0
outer loop
vertex 113.91718709999988 -128.97493089999998 8.5
vertex 113.60067662764094 -128.94478805912465 0
vertex 113.91718709999954 -128.97493089999995 0
endloop
endfacet
facet normal 0 0 -1
outer loop
vertex 127.87012650000013 -131.43520515000003 8.5
vertex 117.52918846843944 -129.61182279087544 8.5
vertex 117.35821374154222 -129.58167539999764 8.5
endloop
endfacet
facet normal 0 0 -1
outer loop
vertex 127.87012650000013 -131.43520515000003 8.5
vertex 117.35821374154222 -129.58167539999764 8.5
vertex 113.91718709999988 -128.97493089999998 8.5
endloop
endfacet
facet normal 0 0 -1
outer loop
vertex 127.87012650000013 -131.43520515000003 8.5
vertex 113.91718709999988 -128.97493089999998 8.5
vertex 113.91718709999954 -128.97493089999995 0
endloop
endfacet
facet normal 0 0 -1
outer loop
vertex 127.87012650000013 -131.43520515000003 8.5
vertex 113.91718709999954 -128.97493089999995 0
vertex 127.87012649999998 -131.43520515 0
endloop
endfacet
facet normal -0.09482934611099837 -0.9954935434829101 0
outer loop
vertex 128.18663627352788 -131.4653554358134 8.5
vertex 127.87012650000013 -131.43520515000003 8.5
vertex 127.87012649999998 -131.43520515 0
endloop
endfacet
facet normal -0.09482934611099837 -0.9954935434829101 0
outer loop
vertex 128.18663627352788 -131.4653554358134 8.5
vertex 127.87012649999998 -131.43520515 0
vertex 128.18663627352794 -131.4653554358134 0
endloop
endfacet
facet normal 0.06412308133542413 -0.9979419975329481 0
outer loop
vertex 128.50392451482386 -131.4449679786729 8.5
vertex 128.18663627352788 -131.4653554358134 8.5
vertex 128.18663627352794 -131.4653554358134 0
endloop
endfacet
facet normal 0.06412308133542413 -0.9979419975329481 0
outer loop
vertex 128.50392451482386 -131.4449679786729 8.5
vertex 128.18663627352794 -131.4653554358134 0
vertex 128.50392451482375 -131.4449679786729 0
endloop
endfacet
facet normal 0.22145499866286408 -0.9751705920336353 0
outer loop
vertex 128.81397275698117 -131.37455800772702 8.5
vertex 128.50392451482386 -131.4449679786729 8.5
vertex 128.50392451482375 -131.4449679786729 0
endloop
endfacet
facet normal 0.22145499866286408 -0.9751705920336353 0
outer loop
vertex 128.81397275698117 -131.37455800772702 8.5
vertex 128.50392451482375 -131.4449679786729 0
vertex 128.81397275698149 -131.37455800772693 0
endloop
endfacet
facet normal 0.37319033424847864 -0.9277548029643978 0
outer loop
vertex 129.1089455014033 -131.2559049145462 8.5
vertex 128.81397275698117 -131.37455800772702 8.5
vertex 128.81397275698149 -131.37455800772693 0
endloop
endfacet
facet normal 0.37319033424847864 -0.9277548029643978 0
outer loop
vertex 129.1089455014033 -131.2559049145462 8.5
vertex 128.81397275698149 -131.37455800772693 0
vertex 129.1089455014033 -131.25590491454625 0
endloop
endfacet
facet normal 0.5154944525507131 -0.8568929159407496 0
outer loop
vertex 129.38138823550034 -131.09200728457154 8.5
vertex 129.1089455014033 -131.2559049145462 8.5
vertex 129.1089455014033 -131.25590491454625 0
endloop
endfacet
facet normal 0.5154944525507131 -0.8568929159407496 0
outer loop
vertex 129.38138823550034 -131.09200728457154 8.5
vertex 129.1089455014033 -131.25590491454625 0
vertex 129.38138823549997 -131.0920072845718 0
endloop
endfacet
facet normal 0.6447710625169261 -0.7643757432969693 0
outer loop
vertex 129.62441582215288 -130.8870071172572 8.5
vertex 129.38138823550034 -131.09200728457154 8.5
vertex 129.38138823549997 -131.0920072845718 0
endloop
endfacet
facet normal 0.6447710625169261 -0.7643757432969693 0
outer loop
vertex 129.62441582215288 -130.8870071172572 8.5
vertex 129.38138823549997 -131.0920072845718 0
vertex 129.624415822153 -130.88700711725704 0
endloop
endfacet
facet normal 0.7577650410601077 -0.6525275032879252 0
outer loop
vertex 129.83188299999986 -130.64608030000016 8.5
vertex 129.62441582215288 -130.8870071172572 8.5
vertex 129.624415822153 -130.88700711725704 0
endloop
endfacet
facet normal 0.7577650410601077 -0.6525275032879252 0
outer loop
vertex 129.83188299999986 -130.64608030000016 8.5
vertex 129.624415822153 -130.88700711725704 0
vertex 129.83188299999995 -130.64608030000002 0
endloop
endfacet
facet normal 0 0 -1
outer loop
vertex 131.49377689999974 -128.37323465000034 8.5
vertex 131.18717493085504 -128.79255079999766 8.5
vertex 131.0110124736779 -129.0334747690238 8.5
endloop
endfacet
facet normal 0 0 -1
outer loop
vertex 131.49377689999974 -128.37323465000034 8.5
vertex 131.0110124736779 -129.0334747690238 8.5
vertex 130.86111872420486 -129.23847302820988 8.5
endloop
endfacet
facet normal 0 0 -1
outer loop
vertex 131.49377689999974 -128.37323465000034 8.5
vertex 130.86111872420486 -129.23847302820988 8.5
vertex 130.74127833998662 -129.40236958981632 8.5
endloop
endfacet
facet normal 0 0 -1
outer loop
vertex 131.49377689999974 -128.37323465000034 8.5
vertex 130.74127833998662 -129.40236958981632 8.5
vertex 130.6545198522158 -129.5210225625064 8.5
endloop
endfacet
facet normal 0 0 -1
outer loop
vertex 131.49377689999974 -128.37323465000034 8.5
vertex 130.6545198522158 -129.5210225625064 8.5
vertex 130.6030357671124 -129.5914334225929 8.5
endloop
endfacet
facet normal 0 0 -1
outer loop
vertex 131.49377689999974 -128.37323465000034 8.5
vertex 130.6030357671124 -129.5914334225929 8.5
vertex 130.5881271582618 -129.61182279087544 8.5
endloop
endfacet
facet normal 0 0 -1
outer loop
vertex 131.49377689999974 -128.37323465000034 8.5
vertex 130.5881271582618 -129.61182279087544 8.5
vertex 129.83188299999986 -130.64608030000016 8.5
endloop
endfacet
facet normal 0 0 -1
outer loop
vertex 131.49377689999974 -128.37323465000034 8.5
vertex 129.83188299999986 -130.64608030000016 8.5
vertex 129.83188299999995 -130.64608030000002 0
endloop
endfacet
facet normal 0 0 -1
outer loop
vertex 131.49377689999974 -128.37323465000034 8.5
vertex 129.83188299999995 -130.64608030000002 0
vertex 131.05381947151088 -128.97493089999995 0
endloop
endfacet
facet normal 0 0 -1
outer loop
vertex 131.49377689999974 -128.37323465000034 8.5
vertex 131.05381947151088 -128.97493089999995 0
vertex 131.0758597730068 -128.94478805912465 0
endloop
endfacet
facet normal 0 0 -1
outer loop
vertex 131.49377689999974 -128.37323465000034 8.5
vertex 131.0758597730068 -128.94478805912465 0
vertex 131.49377689999983 -128.3732346500002 0
endloop
endfacet
facet normal 0.7577600581300744 -0.6525332898042109 0
outer loop
vertex 131.70124582686603 -128.13230952244163 8.5
vertex 131.49377689999974 -128.37323465000034 8.5
vertex 131.49377689999983 -128.3732346500002 0
endloop
endfacet
facet normal 0.7577600581300744 -0.6525332898042109 0
outer loop
vertex 131.70124582686603 -128.13230952244163 8.5
vertex 131.49377689999983 -128.3732346500002 0
vertex 131.70124582686586 -128.13230952244183 0
endloop
endfacet
facet normal 0.6447787300681116 -0.7643692754498661 0
outer loop
vertex 131.9442723142262 -127.92730610992118 8.5
vertex 131.70124582686603 -128.13230952244163 8.5
vertex 131.70124582686586 -128.13230952244183 0
endloop
endfacet
facet normal 0.6447787300681116 -0.7643692754498661 0
outer loop
vertex 131.9442723142262 -127.92730610992118 8.5
vertex 131.70124582686586 -128.13230952244183 0
vertex 131.9442723142264 -127.92730610992105 0
endloop
endfacet
facet normal 0.5155025099815548 -0.8568880686546623 0
outer loop
vertex 132.21671458012386 -127.76340527265566 8.5
vertex 131.9442723142262 -127.92730610992118 8.5
vertex 131.9442723142264 -127.92730610992105 0
endloop
endfacet
facet normal 0.5155025099815548 -0.8568880686546623 0
outer loop
vertex 132.21671458012386 -127.76340527265566 8.5
vertex 131.9442723142264 -127.92730610992105 0
vertex 132.21671458012406 -127.76340527265558 0
endloop
endfacet
facet normal 0.37319847531782163 -0.9277515281692902 0
outer loop
vertex 132.51168744504133 -127.64474912377864 8.5
vertex 132.21671458012386 -127.76340527265566 8.5
vertex 132.21671458012406 -127.76340527265558 0
endloop
endfacet
facet normal 0.37319847531782163 -0.9277515281692902 0
outer loop
vertex 132.51168744504133 -127.64474912377864 8.5
vertex 132.21671458012406 -127.76340527265558 0
vertex 132.51168744504122 -127.64474912377867 0
endloop
endfacet
facet normal 0.22146294334268726 -0.9751687878136757 0
outer loop
vertex 132.8217363346256 -127.57433634957427 8.5
vertex 132.51168744504133 -127.64474912377864 8.5
vertex 132.51168744504122 -127.64474912377867 0
endloop
endfacet
facet normal 0.22146294334268726 -0.9751687878136757 0
outer loop
vertex 132.8217363346256 -127.57433634957427 8.5
vertex 132.51168744504122 -127.64474912377867 0
vertex 132.82173633462577 -127.57433634957424 0
endloop
endfacet
facet normal 0.06413058476499603 -0.9979415153693626 0
outer loop
vertex 133.13902567220254 -127.55394642647244 8.5
vertex 132.8217363346256 -127.57433634957427 8.5
vertex 132.82173633462577 -127.57433634957424 0
endloop
endfacet
facet normal 0.06413058476499603 -0.9979415153693626 0
outer loop
vertex 133.13902567220254 -127.55394642647244 8.5
vertex 132.82173633462577 -127.57433634957424 0
vertex 133.1390256722025 -127.55394642647242 0
endloop
endfacet
facet normal -0.0948379005331645 -0.9954927285633288 0
outer loop
vertex 133.4555337999999 -127.58409929999998 8.5
vertex 133.13902567220254 -127.55394642647244 8.5
vertex 133.1390256722025 -127.55394642647242 0
endloop
endfacet
facet normal -0.0948379005331645 -0.9954927285633288 0
outer loop
vertex 133.4555337999999 -127.58409929999998 8.5
vertex 133.1390256722025 -127.55394642647242 0
vertex 133.4555338 -127.5840993 0
endloop
endfacet
facet normal -0.17364783979344658 -0.9848078125883596 0
outer loop
vertex 140.18612219999977 -128.77088124999997 8.5
vertex 133.4555337999999 -127.58409929999998 8.5
vertex 133.4555338 -127.5840993 0
endloop
endfacet
facet normal -0.17364783979344658 -0.9848078125883596 0
outer loop
vertex 140.18612219999977 -128.77088124999997 8.5
vertex 133.4555338 -127.5840993 0
vertex 140.18612219999986 -128.77088125 0
endloop
endfacet
facet normal -0.2513779100942198 -0.967889015495404 0
outer loop
vertex 140.4938542327983 -128.85080470613545 8.5
vertex 140.18612219999977 -128.77088124999997 8.5
vertex 140.18612219999986 -128.77088125 0
endloop
endfacet
facet normal -0.2513779100942198 -0.967889015495404 0
outer loop
vertex 140.4938542327983 -128.85080470613545 8.5
vertex 140.18612219999986 -128.77088125 0
vertex 140.4938542327981 -128.8508047061354 0
endloop
endfacet
facet normal -0.40158072714601867 -0.9158236290819729 0
outer loop
vertex 140.78503252137259 -128.97848386306222 8.5
vertex 140.4938542327983 -128.85080470613545 8.5
vertex 140.4938542327981 -128.8508047061354 0
endloop
endfacet
facet normal -0.40158072714601867 -0.9158236290819729 0
outer loop
vertex 140.78503252137259 -128.97848386306222 8.5
vertex 140.4938542327981 -128.8508047061354 0
vertex 140.78503252137267 -128.97848386306228 0
endloop
endfacet
facet normal -0.5416349202652638 -0.840613831166988 0
outer loop
vertex 141.0522984980723 -129.1506920526163 8.5
vertex 140.78503252137259 -128.97848386306222 8.5
vertex 140.78503252137267 -128.97848386306228 0
endloop
endfacet
facet normal -0.5416349202652638 -0.840613831166988 0
outer loop
vertex 141.0522984980723 -129.1506920526163 8.5
vertex 140.78503252137267 -128.97848386306228 0
vertex 141.05229849807236 -129.15069205261634 0
endloop
endfacet
facet normal -0.6680010832003104 -0.7441603005019901 0
outer loop
vertex 141.2888978997961 -129.36307728269298 8.5
vertex 141.0522984980723 -129.1506920526163 8.5
vertex 141.05229849807236 -129.15069205261634 0
endloop
endfacet
facet normal -0.6680010832003104 -0.7441603005019901 0
outer loop
vertex 141.2888978997961 -129.36307728269298 8.5
vertex 141.05229849807236 -129.15069205261634 0
vertex 141.28889789979607 -129.36307728269296 0
endloop
endfacet
facet normal -0.7774857293650428 -0.6289005808819924 0
outer loop
vertex 141.4888514596406 -129.61027221944565 8.5
vertex 141.2888978997961 -129.36307728269298 8.5
vertex 141.28889789979607 -129.36307728269296 0
endloop
endfacet
facet normal -0.7774857293650428 -0.6289005808819924 0
outer loop
vertex 141.4888514596406 -129.61027221944565 8.5
vertex 141.28889789979607 -129.36307728269296 0
vertex 141.48885145964064 -129.6102722194457 0
endloop
endfacet
facet normal -0.8673219966436978 -0.49774748029295884 0
outer loop
vertex 141.64710601308474 -129.88602982888713 8.5
vertex 141.4888514596406 -129.61027221944565 8.5
vertex 141.48885145964064 -129.6102722194457 0
endloop
endfacet
facet normal -0.8673219966436978 -0.49774748029295884 0
outer loop
vertex 141.64710601308474 -129.88602982888713 8.5
vertex 141.48885145964064 -129.6102722194457 0
vertex 141.64710601308474 -129.88602982888716 0
endloop
endfacet
facet normal -0.9352377724253609 -0.354020209915831 0
outer loop
vertex 141.7596643999999 -130.18338249999982 8.5
vertex 141.64710601308474 -129.88602982888713 8.5
vertex 141.64710601308474 -129.88602982888716 0
endloop
endfacet
facet normal -0.9352377724253609 -0.354020209915831 0
outer loop
vertex 141.7596643999999 -130.18338249999982 8.5
vertex 141.64710601308474 -129.88602982888716 0
vertex 141.75966439999985 -130.18338229999978 0
endloop
endfacet
facet normal 0 0 1
outer loop
vertex 142.54398159999982 -132.88756744999958 8.5
vertex 142.517019563537 -132.79460718695276 8.5
vertex 142.4670725933477 -132.62239899735297 8.5
endloop
endfacet
facet normal 0 0 1
outer loop
vertex 142.54398159999982 -132.88756744999958 8.5
vertex 142.4670725933477 -132.62239899735297 8.5
vertex 142.40547274273288 -132.41001376730208 8.5
endloop
endfacet
facet normal 0 0 1
outer loop
vertex 142.54398159999982 -132.88756744999958 8.5
vertex 142.40547274273288 -132.41001376730208 8.5
vertex 142.33377674404758 -132.16281883058517 8.5
endloop
endfacet
facet normal 0 0 1
outer loop
vertex 142.54398159999982 -132.88756744999958 8.5
vertex 142.33377674404758 -132.16281883058517 8.5
vertex 142.2537964763688 -131.88706122109502 8.5
endloop
endfacet
facet normal 0 0 1
outer loop
vertex 142.54398159999982 -132.88756744999958 8.5
vertex 142.2537964763688 -131.88706122109502 8.5
vertex 142.1675531763339 -131.58970980002124 8.5
endloop
endfacet
facet normal 0 0 1
outer loop
vertex 142.54398159999982 -132.88756744999958 8.5
vertex 142.1675531763339 -131.58970980002124 8.5
vertex 141.7596643999999 -130.18338249999982 8.5
endloop
endfacet
facet normal 0 0 1
outer loop
vertex 142.54398159999982 -132.88756744999958 8.5
vertex 141.7596643999999 -130.18338249999982 8.5
vertex 141.75966439999985 -130.18338229999978 0
endloop
endfacet
facet normal 0 0 1
outer loop
vertex 142.54398159999982 -132.88756744999958 8.5
vertex 141.75966439999985 -130.18338229999978 0
vertex 142.54398159999988 -132.88756744999978 0
endloop
endfacet
facet normal 0 0 1
outer loop
vertex 142.65653778691527 -133.18491887111296 8.5
vertex 142.58737699799363 -133.0022095999947 8.5
vertex 142.55712371411184 -132.92228634386703 8.5
endloop
endfacet
facet normal 0 0 1
outer loop
vertex 142.65653778691527 -133.18491887111296 8.5
vertex 142.55712371411184 -132.92228634386703 8.5
vertex 142.54398159999982 -132.88756744999958 8.5
endloop
endfacet
facet normal 0 0 1
outer loop
vertex 142.65653778691527 -133.18491887111296 8.5
vertex 142.54398159999982 -132.88756744999958 8.5
vertex 142.54398159999988 -132.88756744999978 0
endloop
endfacet
facet normal 0 0 1
outer loop
vertex 142.65653778691527 -133.18491887111296 8.5
vertex 142.54398159999988 -132.88756744999978 0
vertex 142.65653778691524 -133.1849188711129 0
endloop
endfacet
facet normal -0.8673219966436821 -0.4977474802929864 0
outer loop
vertex 142.81479234035936 -133.46067648055438 8.5
vertex 142.65653778691527 -133.18491887111296 8.5
vertex 142.65653778691524 -133.1849188711129 0
endloop
endfacet
facet normal -0.8673219966436821 -0.4977474802929864 0
outer loop
vertex 142.81479234035936 -133.46067648055438 8.5
vertex 142.65653778691524 -133.1849188711129 0
vertex 142.81479234035933 -133.46067648055435 0
endloop
endfacet
facet normal -0.7774857293650254 -0.628900580882014 0
outer loop
vertex 143.0147459002039 -133.7078714173071 8.5
vertex 142.81479234035936 -133.46067648055438 8.5
vertex 142.81479234035933 -133.46067648055435 0
endloop
endfacet
facet normal -0.7774857293650254 -0.628900580882014 0
outer loop
vertex 143.0147459002039 -133.7078714173071 8.5
vertex 142.81479234035933 -133.46067648055435 0
vertex 143.0147459002039 -133.7078714173071 0
endloop
endfacet
facet normal -0.6680010832003105 -0.7441603005019899 0
outer loop
vertex 143.2513453019277 -133.92025664738375 8.5
vertex 143.0147459002039 -133.7078714173071 8.5
vertex 143.0147459002039 -133.7078714173071 0
endloop
endfacet
facet normal -0.6680010832003105 -0.7441603005019899 0
outer loop
vertex 143.2513453019277 -133.92025664738375 8.5
vertex 143.0147459002039 -133.7078714173071 0
vertex 143.25134530192767 -133.92025664738375 0
endloop
endfacet
facet normal -0.5416349202652638 -0.840613831166988 0
outer loop
vertex 143.51861127862736 -134.09246483693778 8.5
vertex 143.2513453019277 -133.92025664738375 8.5
vertex 143.25134530192767 -133.92025664738375 0
endloop
endfacet
facet normal -0.5416349202652638 -0.840613831166988 0
outer loop
vertex 143.51861127862736 -134.09246483693778 8.5
vertex 143.25134530192767 -133.92025664738375 0
vertex 143.51861127862725 -134.09246483693775 0
endloop
endfacet
facet normal -0.40158072714601867 -0.9158236290819729 0
outer loop
vertex 143.80978956720196 -134.2201439938647 8.5
vertex 143.51861127862736 -134.09246483693778 8.5
vertex 143.51861127862725 -134.09246483693775 0
endloop
endfacet
facet normal -0.40158072714601867 -0.9158236290819729 0
outer loop
vertex 143.80978956720196 -134.2201439938647 8.5
vertex 143.51861127862725 -134.09246483693775 0
vertex 143.80978956720173 -134.2201439938646 0
endloop
endfacet
facet normal -0.2513691721703991 -0.9678912848467891 0
outer loop
vertex 144.11752319999968 -134.30006489999994 8.5
vertex 143.80978956720196 -134.2201439938647 8.5
vertex 143.80978956720173 -134.2201439938646 0
endloop
endfacet
facet normal -0.2513691721703991 -0.9678912848467891 0
outer loop
vertex 144.11752319999968 -134.30006489999994 8.5
vertex 143.80978956720173 -134.2201439938646 0
vertex 144.1175231999997 -134.3000648999999 0
endloop
endfacet
facet normal -0.17364800976289968 -0.984807782618204 0
outer loop
vertex 152.83756834999977 -135.83764259999995 8.5
vertex 144.11752319999968 -134.30006489999994 8.5
vertex 144.1175231999997 -134.3000648999999 0
endloop
endfacet
facet normal -0.17364800976289968 -0.984807782618204 0
outer loop
vertex 152.83756834999977 -135.83764259999995 8.5
vertex 144.1175231999997 -134.3000648999999 0
vertex 152.8375683499995 -135.8376425999999 0
endloop
endfacet
facet normal -0.2507589605772866 -0.9680495564227065 0
outer loop
vertex 153.14288847751033 -135.91673127610122 8.5
vertex 152.83756834999977 -135.83764259999995 8.5
vertex 152.8375683499995 -135.8376425999999 0
endloop
endfacet
facet normal -0.2507589605772866 -0.9680495564227065 0
outer loop
vertex 153.14288847751033 -135.91673127610122 8.5
vertex 152.8375683499995 -135.8376425999999 0
vertex 153.1428884775103 -135.91673127610122 0
endloop
endfacet
facet normal -0.39982568094163157 -0.9165911983319285 0
outer loop
vertex 153.43197878253937 -136.0428351796432 8.5
vertex 153.14288847751033 -135.91673127610122 8.5
vertex 153.1428884775103 -135.91673127610122 0
endloop
endfacet
facet normal -0.39982568094163157 -0.9165911983319285 0
outer loop
vertex 153.43197878253937 -136.0428351796432 8.5
vertex 153.1428884775103 -135.91673127610122 0
vertex 153.43197878253935 -136.04283517964316 0
endloop
endfacet
facet normal -0.5389491965254376 -0.8423382714590293 0
outer loop
vertex 153.69764992173089 -136.21281825159747 8.5
vertex 153.43197878253937 -136.0428351796432 8.5
vertex 153.43197878253935 -136.04283517964316 0
endloop
endfacet
facet normal -0.5389491965254376 -0.8423382714590293 0
outer loop
vertex 153.69764992173089 -136.21281825159747 8.5
vertex 153.43197878253935 -136.04283517964316 0
vertex 153.69764992173074 -136.21281825159735 0
endloop
endfacet
facet normal -0.664669665524555 -0.7471373606850861 0
outer loop
vertex 153.9332949594447 -136.42245320848969 8.5
vertex 153.69764992173089 -136.21281825159747 8.5
vertex 153.69764992173074 -136.21281825159735 0
endloop
endfacet
facet normal -0.664669665524555 -0.7471373606850861 0
outer loop
vertex 153.9332949594447 -136.42245320848969 8.5
vertex 153.69764992173074 -136.21281825159735 0
vertex 153.9332949594447 -136.42245320848969 0
endloop
endfacet
facet normal -0.7738605644867662 -0.6333560031548007 0
outer loop
vertex 154.1330536746463 -136.66652667007696 8.5
vertex 153.9332949594447 -136.42245320848969 8.5
vertex 153.9332949594447 -136.42245320848969 0
endloop
endfacet
facet normal -0.7738605644867662 -0.6333560031548007 0
outer loop
vertex 154.1330536746463 -136.66652667007696 8.5
vertex 153.9332949594447 -136.42245320848969 0
vertex 154.13305367464633 -136.666526670077 0
endloop
endfacet
facet normal -0.8638064413528631 -0.503823810351697 0
outer loop
vertex 154.29195829786403 -136.93896881011872 8.5
vertex 154.1330536746463 -136.66652667007696 8.5
vertex 154.13305367464633 -136.666526670077 0
endloop
endfacet
facet normal -0.8638064413528631 -0.503823810351697 0
outer loop
vertex 154.29195829786403 -136.93896881011872 8.5
vertex 154.13305367464633 -136.666526670077 0
vertex 154.29195829786406 -136.93896881011878 0
endloop
endfacet
facet normal -0.93227044562658 -0.3617620989147674 0
outer loop
vertex 154.40605705389999 -137.23300430597135 8.5
vertex 154.29195829786403 -136.93896881011872 8.5
vertex 154.29195829786406 -136.93896881011878 0
endloop
endfacet
facet normal -0.93227044562658 -0.3617620989147674 0
outer loop
vertex 154.40605705389999 -137.23300430597135 8.5
vertex 154.29195829786406 -136.93896881011878 0
vertex 154.40605705390004 -137.2330043059715 0
endloop
endfacet
facet normal -0.9775499562732111 -0.21070378019922478 0
outer loop
vertex 154.47251243793528 -137.54132083307118 8.5
vertex 154.40605705389999 -137.23300430597135 8.5
vertex 154.40605705390004 -137.2330043059715 0
endloop
endfacet
facet normal -0.9775499562732111 -0.21070378019922478 0
outer loop
vertex 154.47251243793528 -137.54132083307118 8.5
vertex 154.40605705390004 -137.2330043059715 0
vertex 154.47251243793528 -137.5413208330711 0
endloop
endfacet
facet normal -0.9985189239463265 -0.05440550083466179 0
outer loop
vertex 154.48967178101014 -137.85625091403492 8.5
vertex 154.47251243793528 -137.54132083307118 8.5
vertex 154.47251243793528 -137.5413208330711 0
endloop
endfacet
facet normal -0.9985189239463265 -0.05440550083466179 0
outer loop
vertex 154.48967178101014 -137.85625091403492 8.5
vertex 154.47251243793528 -137.5413208330711 0
vertex 154.48967178101014 -137.85625091403455 0
endloop
endfacet
facet normal -0.9946554251645183 0.1032501098827085 0
outer loop
vertex 154.45710669999994 -138.16996520000038 8.5
vertex 154.48967178101014 -137.85625091403492 8.5
vertex 154.48967178101014 -137.85625091403455 0
endloop
endfacet
facet normal -0.9946554251645183 0.1032501098827085 0
outer loop
vertex 154.45710669999994 -138.16996520000038 8.5
vertex 154.48967178101014 -137.85625091403455 0
vertex 154.45710669999985 -138.16996520000086 0
endloop
endfacet
facet normal 0 0 1
outer loop
vertex 150.37832935 -160.2878394999999 8.5
vertex 150.4051584420911 -160.14235411662784 8.5
vertex 150.4643169577526 -159.82155685291463 8.5
endloop
endfacet
facet normal 0 0 1
outer loop
vertex 150.37832935 -160.2878394999999 8.5
vertex 150.4643169577526 -159.82155685291463 8.5
vertex 150.52500498109112 -159.4924655697837 8.5
endloop
endfacet
facet normal 0 0 1
outer loop
vertex 150.37832935 -160.2878394999999 8.5
vertex 150.52500498109112 -159.4924655697837 8.5
vertex 150.58557118934104 -159.16403484999958 8.5
endloop
endfacet
facet normal 0 0 1
outer loop
vertex 150.37832935 -160.2878394999999 8.5
vertex 150.58557118934104 -159.16403484999958 8.5
vertex 154.45710669999994 -138.16996520000038 8.5
endloop
endfacet
facet normal 0 0 1
outer loop
vertex 150.37832935 -160.2878394999999 8.5
vertex 154.45710669999994 -138.16996520000038 8.5
vertex 154.45710669999985 -138.16996520000086 0
endloop
endfacet
facet normal 0 0 1
outer loop
vertex 150.37832935 -160.2878394999999 8.5
vertex 154.45710669999985 -138.16996520000086 0
vertex 153.82851223514203 -141.5786271999998 0
endloop
endfacet
facet normal 0 0 1
outer loop
vertex 150.37832935 -160.2878394999999 8.5
vertex 153.82851223514203 -141.5786271999998 0
vertex 153.7751815111485 -141.86782225734143 0
endloop
endfacet
facet normal 0 0 1
outer loop
vertex 150.37832935 -160.2878394999999 8.5
vertex 153.7751815111485 -141.86782225734143 0
vertex 153.72162465966042 -142.15824353005857 0
endloop
endfacet
facet normal 0 0 1
outer loop
vertex 150.37832935 -160.2878394999999 8.5
vertex 153.72162465966042 -142.15824353005857 0
vertex 153.66897288663552 -142.44375685856542 0
endloop
endfacet
facet normal 0 0 1
outer loop
vertex 150.37832935 -160.2878394999999 8.5
vertex 153.66897288663552 -142.44375685856542 0
vertex 153.61833853514563 -142.7183303705312 0
endloop
endfacet
facet normal 0 0 1
outer loop
vertex 150.37832935 -160.2878394999999 8.5
vertex 153.61833853514563 -142.7183303705312 0
vertex 153.5707913273832 -142.9761633127008 0
endloop
endfacet
facet normal 0 0 1
outer loop
vertex 150.37832935 -160.2878394999999 8.5
vertex 153.5707913273832 -142.9761633127008 0
vertex 153.52733576526938 -143.21180859999976 0
endloop
endfacet
facet normal 0 0 1
outer loop
vertex 150.37832935 -160.2878394999999 8.5
vertex 153.52733576526938 -143.21180859999976 0
vertex 152.73499018346664 -147.50843929999954 0
endloop
endfacet
facet normal 0 0 1
outer loop
vertex 150.37832935 -160.2878394999999 8.5
vertex 152.73499018346664 -147.50843929999954 0
vertex 152.7314467795199 -147.5276540195987 0
endloop
endfacet
facet normal 0 0 1
outer loop
vertex 150.37832935 -160.2878394999999 8.5
vertex 152.7314467795199 -147.5276540195987 0
vertex 152.7209527387084 -147.5845597674861 0
endloop
endfacet
facet normal 0 0 1
outer loop
vertex 150.37832935 -160.2878394999999 8.5
vertex 152.7209527387084 -147.5845597674861 0
vertex 152.7039113411327 -147.67696968769798 0
endloop
endfacet
facet normal 0 0 1
outer loop
vertex 150.37832935 -160.2878394999999 8.5
vertex 152.7039113411327 -147.67696968769798 0
vertex 152.68097747814966 -147.801332518798 0
endloop
endfacet
facet normal 0 0 1
outer loop
vertex 150.37832935 -160.2878394999999 8.5
vertex 152.68097747814966 -147.801332518798 0
vertex 152.65303248523796 -147.95286906700778 0
endloop
endfacet
facet normal 0 0 1
outer loop
vertex 150.37832935 -160.2878394999999 8.5
vertex 152.65303248523796 -147.95286906700778 0
vertex 152.62115027282786 -148.12575586763012 0
endloop
endfacet
facet normal 0 0 1
outer loop
vertex 150.37832935 -160.2878394999999 8.5
vertex 152.62115027282786 -148.12575586763012 0
vertex 152.5865560564428 -148.31334897798018 0
endloop
endfacet
facet normal 0 0 1
outer loop
vertex 150.37832935 -160.2878394999999 8.5
vertex 152.5865560564428 -148.31334897798018 0
vertex 152.55057927242368 -148.5084392999987 0
endloop
endfacet
facet normal 0 0 1
outer loop
vertex 150.37832935 -160.2878394999999 8.5
vertex 152.55057927242368 -148.5084392999987 0
vertex 152.51460248840507 -148.7035296220143 0
endloop
endfacet
facet normal 0 0 1
outer loop
vertex 150.37832935 -160.2878394999999 8.5
vertex 152.51460248840507 -148.7035296220143 0
vertex 152.48000827202003 -148.89112273236424 0
endloop
endfacet
facet normal 0 0 1
outer loop
vertex 150.37832935 -160.2878394999999 8.5
vertex 152.48000827202003 -148.89112273236424 0
vertex 152.4481260595999 -149.06400953304095 0
endloop
endfacet
facet normal 0 0 1
outer loop
vertex 150.37832935 -160.2878394999999 8.5
vertex 152.4481260595999 -149.06400953304095 0
vertex 152.42018106670392 -149.21554608116557 0
endloop
endfacet
facet normal 0 0 1
outer loop
vertex 150.37832935 -160.2878394999999 8.5
vertex 152.42018106670392 -149.21554608116557 0
vertex 152.39724720371282 -149.3399089123092 0
endloop
endfacet
facet normal 0 0 1
outer loop
vertex 150.37832935 -160.2878394999999 8.5
vertex 152.39724720371282 -149.3399089123092 0
vertex 152.3802058061394 -149.4323188325087 0
endloop
endfacet
facet normal 0 0 1
outer loop
vertex 150.37832935 -160.2878394999999 8.5
vertex 152.3802058061394 -149.4323188325087 0
vertex 152.36971176532603 -149.48922458040633 0
endloop
endfacet
facet normal 0 0 1
outer loop
vertex 150.37832935 -160.2878394999999 8.5
vertex 152.36971176532603 -149.48922458040633 0
vertex 152.3661683613804 -149.50843929999954 0
endloop
endfacet
facet normal 0 0 1
outer loop
vertex 150.37832935 -160.2878394999999 8.5
vertex 152.3661683613804 -149.50843929999954 0
vertex 150.37832934999994 -160.28783950000036 0
endloop
endfacet
facet normal 0 0 1
outer loop
vertex 150.3454425807462 -160.6172364056561 8.5
vertex 150.36252588502612 -160.44612845872592 8.5
vertex 150.37832935 -160.2878394999999 8.5
endloop
endfacet
facet normal 0 0 1
outer loop
vertex 150.3454425807462 -160.6172364056561 8.5
vertex 150.37832935 -160.2878394999999 8.5
vertex 150.37832934999994 -160.28783950000036 0
endloop
endfacet
facet normal 0 0 1
outer loop
vertex 150.3454425807462 -160.6172364056561 8.5
vertex 150.37832934999994 -160.28783950000036 0
vertex 150.3454425807462 -160.6172364056561 0
endloop
endfacet
facet normal 0 0 -1
outer loop
vertex 150.36734014177026 -160.94754589366593 8.5
vertex 150.35256109006863 -160.7246141710202 8.5
vertex 150.3454425807462 -160.6172364056561 8.5
endloop
endfacet
facet normal 0 0 -1
outer loop
vertex 150.36734014177026 -160.94754589366593 8.5
vertex 150.3454425807462 -160.6172364056561 8.5
vertex 150.3454425807462 -160.6172364056561 0
endloop
endfacet
facet normal 0 0 -1
outer loop
vertex 150.36734014177026 -160.94754589366593 8.5
vertex 150.3454425807462 -160.6172364056561 0
vertex 150.36734014177026 -160.9475458936659 0
endloop
endfacet
facet normal 0 0 -1
outer loop
vertex 150.44342212825094 -161.2697188167693 8.5
vertex 150.42136187395647 -161.1763035822413 8.5
vertex 150.37269791527171 -160.97023364973194 8.5
endloop
endfacet
facet normal 0 0 -1
outer loop
vertex 150.44342212825094 -161.2697188167693 8.5
vertex 150.37269791527171 -160.97023364973194 8.5
vertex 150.36734014177026 -160.94754589366593 8.5
endloop
endfacet
facet normal 0 0 -1
outer loop
vertex 150.44342212825094 -161.2697188167693 8.5
vertex 150.36734014177026 -160.94754589366593 8.5
vertex 150.36734014177026 -160.9475458936659 0
endloop
endfacet
facet normal 0 0 -1
outer loop
vertex 150.44342212825094 -161.2697188167693 8.5
vertex 150.36734014177026 -160.9475458936659 0
vertex 150.44342212825097 -161.2697188167694 0
endloop
endfacet
facet normal 0 0 1
outer loop
vertex 150.5716042007296 -161.57492893675703 8.5
vertex 150.518548478389 -161.4485997000043 8.5
vertex 150.47176991494348 -161.33721679999363 8.5
endloop
endfacet
facet normal 0 0 1
outer loop
vertex 150.5716042007296 -161.57492893675703 8.5
vertex 150.47176991494348 -161.33721679999363 8.5
vertex 150.44342212825094 -161.2697188167693 8.5
endloop
endfacet
facet normal 0 0 1
outer loop
vertex 150.5716042007296 -161.57492893675703 8.5
vertex 150.44342212825094 -161.2697188167693 8.5
vertex 150.44342212825097 -161.2697188167694 0
endloop
endfacet
facet normal 0 0 1
outer loop
vertex 150.5716042007296 -161.57492893675703 8.5
vertex 150.44342212825097 -161.2697188167694 0
vertex 150.57160420072967 -161.5749289367571 0
endloop
endfacet
facet normal -0.8454882025627425 -0.5339941004610659 0
outer loop
vertex 150.7483746876015 -161.85481472778434 8.5
vertex 150.5716042007296 -161.57492893675703 8.5
vertex 150.57160420072967 -161.5749289367571 0
endloop
endfacet
facet normal -0.8454882025627425 -0.5339941004610659 0
outer loop
vertex 150.7483746876015 -161.85481472778434 8.5
vertex 150.57160420072967 -161.5749289367571 0
vertex 150.74837468760157 -161.85481472778437 0
endloop
endfacet
facet normal -0.7458246713325681 -0.6661422968342926 0
outer loop
vertex 150.9688907907489 -162.10170844844288 8.5
vertex 150.7483746876015 -161.85481472778434 8.5
vertex 150.74837468760157 -161.85481472778437 0
endloop
endfacet
facet normal -0.7458246713325681 -0.6661422968342926 0
outer loop
vertex 150.9688907907489 -162.10170844844288 8.5
vertex 150.74837468760157 -161.85481472778437 0
vertex 150.96889079074907 -162.10170844844305 0
endloop
endfacet
facet normal -0.6257285533149648 -0.7800408819839902 0
outer loop
vertex 151.2271112586703 -162.30884620693809 8.5
vertex 150.9688907907489 -162.10170844844288 8.5
vertex 150.96889079074907 -162.10170844844305 0
endloop
endfacet
facet normal -0.6257285533149648 -0.7800408819839902 0
outer loop
vertex 151.2271112586703 -162.30884620693809 8.5
vertex 150.96889079074907 -162.10170844844305 0
vertex 151.2271112586701 -162.30884620693794 0
endloop
endfacet
facet normal -0.488489997587386 -0.8725694942278671 0
outer loop
vertex 151.5159618923964 -162.47055326443365 8.5
vertex 151.2271112586703 -162.30884620693809 8.5
vertex 151.2271112586701 -162.30884620693794 0
endloop
endfacet
facet normal -0.488489997587386 -0.8725694942278671 0
outer loop
vertex 151.5159618923964 -162.47055326443365 8.5
vertex 151.2271112586701 -162.30884620693794 0
vertex 151.5159618923965 -162.47055326443368 0
endloop
endfacet
facet normal -0.3378680732648158 -0.9411934790829786 0
outer loop
vertex 151.82752869999996 -162.58239899999998 8.5
vertex 151.5159618923964 -162.47055326443365 8.5
vertex 151.5159618923965 -162.47055326443368 0
endloop
endfacet
facet normal -0.3378680732648158 -0.9411934790829786 0
outer loop
vertex 151.82752869999996 -162.58239899999998 8.5
vertex 151.5159618923965 -162.47055326443368 0
vertex 151.82752869999985 -162.58239899999995 0
endloop
endfacet
facet normal -0.25881896361039536 -0.9659258481248137 0
outer loop
vertex 165.19722679999967 -166.1647975999999 8.5
vertex 151.82752869999996 -162.58239899999998 8.5
vertex 151.82752869999985 -162.58239899999995 0
endloop
endfacet
facet normal -0.25881896361039536 -0.9659258481248137 0
outer loop
vertex 165.19722679999967 -166.1647975999999 8.5
vertex 151.82752869999985 -162.58239899999995 0
vertex 165.19722679999947 -166.16479759999987 0
endloop
endfacet
facet normal -0.330764282460051 -0.9437134042963933 0
outer loop
vertex 165.4812622928979 -166.26434985344247 8.5
vertex 165.19722679999967 -166.1647975999999 8.5
vertex 165.19722679999947 -166.16479759999987 0
endloop
endfacet
facet normal -0.330764282460051 -0.9437134042963933 0
outer loop
vertex 165.4812622928979 -166.26434985344247 8.5
vertex 165.19722679999947 -166.16479759999987 0
vertex 165.48126229289815 -166.26434985344258 0
endloop
endfacet
facet normal -0.4686340687852005 -0.883392387092977 0
outer loop
vertex 165.74714258128657 -166.40539766320163 8.5
vertex 165.4812622928979 -166.26434985344247 8.5
vertex 165.48126229289815 -166.26434985344258 0
endloop
endfacet
facet normal -0.4686340687852005 -0.883392387092977 0
outer loop
vertex 165.74714258128657 -166.40539766320163 8.5
vertex 165.48126229289815 -166.26434985344258 0
vertex 165.7471425812863 -166.40539766320146 0
endloop
endfacet
facet normal -0.5958908384931804 -0.8030654447801215 0
outer loop
vertex 165.98884635321426 -166.58474676140668 8.5
vertex 165.74714258128657 -166.40539766320163 8.5
vertex 165.7471425812863 -166.40539766320146 0
endloop
endfacet
facet normal -0.5958908384931804 -0.8030654447801215 0
outer loop
vertex 165.98884635321426 -166.58474676140668 8.5
vertex 165.7471425812863 -166.40539766320146 0
vertex 165.98884635321434 -166.58474676140676 0
endloop
endfacet
facet normal -0.7096526453030088 -0.7045517177712661 0
outer loop
vertex 166.2008998151216 -166.7983354822805 8.5
vertex 165.98884635321426 -166.58474676140668 8.5
vertex 165.98884635321434 -166.58474676140676 0
endloop
endfacet
facet normal -0.7096526453030088 -0.7045517177712661 0
outer loop
vertex 166.2008998151216 -166.7983354822805 8.5
vertex 165.98884635321434 -166.58474676140676 0
vertex 166.20089981512163 -166.79833548228052 0
endloop
endfacet
facet normal -0.807343159352111 -0.5900822171929536 0
outer loop
vertex 166.37850065521533 -167.04132674547586 8.5
vertex 166.2008998151216 -166.7983354822805 8.5
vertex 166.20089981512163 -166.79833548228052 0
endloop
endfacet
facet normal -0.807343159352111 -0.5900822171929536 0
outer loop
vertex 166.37850065521533 -167.04132674547586 8.5
vertex 166.20089981512163 -166.79833548228052 0
vertex 166.3785006552153 -167.04132674547586 0
endloop
endfacet
facet normal -0.8867526668183641 -0.46224420806595223 0
outer loop
vertex 166.51762359999984 -167.30821519999964 8.5
vertex 166.37850065521533 -167.04132674547586 8.5
vertex 166.3785006552153 -167.04132674547586 0
endloop
endfacet
facet normal -0.8867526668183641 -0.46224420806595223 0
outer loop
vertex 166.51762359999984 -167.30821519999964 8.5
vertex 166.3785006552153 -167.04132674547586 0
vertex 166.51762359999995 -167.30821519999986 0
endloop
endfacet
facet normal 0 0 -1
outer loop
vertex 167.73619469999986 -170.1489776499997 8.5
vertex 167.7164280787839 -170.10289722407 8.5
vertex 167.6283788117672 -169.89763464112255 8.5
endloop
endfacet
facet normal 0 0 -1
outer loop
vertex 167.73619469999986 -170.1489776499997 8.5
vertex 167.6283788117672 -169.89763464112255 8.5
vertex 167.52932460697272 -169.66671708079738 8.5
endloop
endfacet
facet normal 0 0 -1
outer loop
vertex 167.73619469999986 -170.1489776499997 8.5
vertex 167.52932460697272 -169.66671708079738 8.5
vertex 167.42125907654926 -169.4147921000012 8.5
endloop
endfacet
facet normal 0 0 -1
outer loop
vertex 167.73619469999986 -170.1489776499997 8.5
vertex 167.42125907654926 -169.4147921000012 8.5
vertex 166.51762359999984 -167.30821519999964 8.5
endloop
endfacet
facet normal 0 0 -1
outer loop
vertex 167.73619469999986 -170.1489776499997 8.5
vertex 166.51762359999984 -167.30821519999964 8.5
vertex 166.51762359999995 -167.30821519999986 0
endloop
endfacet
facet normal 0 0 -1
outer loop
vertex 167.73619469999986 -170.1489776499997 8.5
vertex 166.51762359999995 -167.30821519999986 0
vertex 167.73619469999983 -170.14897764999964 0
endloop
endfacet
facet normal 0 0 -1
outer loop
vertex 167.86664753540362 -170.4017800745506 8.5
vertex 167.80296649176157 -170.27837361749036 8.5
vertex 167.73619469999986 -170.1489776499997 8.5
endloop
endfacet
facet normal 0 0 -1
outer loop
vertex 167.86664753540362 -170.4017800745506 8.5
vertex 167.73619469999986 -170.1489776499997 8.5
vertex 167.73619469999983 -170.14897764999964 0
endloop
endfacet
facet normal 0 0 -1
outer loop
vertex 167.86664753540362 -170.4017800745506 8.5
vertex 167.73619469999983 -170.14897764999964 0
vertex 167.86664753540356 -170.4017800745505 0
endloop
endfacet
facet normal 0 0 1
outer loop
vertex 168.03164787677576 -170.6335167688193 8.5
vertex 167.88000078144506 -170.42053419996432 8.5
vertex 167.86664753540362 -170.4017800745506 8.5
endloop
endfacet
facet normal 0 0 1
outer loop
vertex 168.03164787677576 -170.6335167688193 8.5
vertex 167.86664753540362 -170.4017800745506 8.5
vertex 167.86664753540356 -170.4017800745505 0
endloop
endfacet
facet normal 0 0 1
outer loop
vertex 168.03164787677576 -170.6335167688193 8.5
vertex 167.86664753540356 -170.4017800745505 0
vertex 168.0316478767759 -170.63351676881948 0
endloop
endfacet
facet normal -0.7240751358727087 -0.6897211013235123 0
outer loop
vertex 168.22785747812483 -170.83949929347128 8.5
vertex 168.03164787677576 -170.6335167688193 8.5
vertex 168.0316478767759 -170.63351676881948 0
endloop
endfacet
facet normal -0.7240751358727087 -0.6897211013235123 0
outer loop
vertex 168.22785747812483 -170.83949929347128 8.5
vertex 168.0316478767759 -170.63351676881948 0
vertex 168.22785747812472 -170.8394992934712 0
endloop
endfacet
facet normal -0.6188940994173652 -0.7854744386078827 0
outer loop
vertex 168.45130667545033 -171.01556026114503 8.5
vertex 168.22785747812483 -170.83949929347128 8.5
vertex 168.22785747812472 -170.8394992934712 0
endloop
endfacet
facet normal -0.6188940994173652 -0.7854744386078827 0
outer loop
vertex 168.45130667545033 -171.01556026114503 8.5
vertex 168.22785747812472 -170.8394992934712 0
vertex 168.45130667545024 -171.01556026114497 0
endloop
endfacet
facet normal -0.5011783999644306 -0.8653439844415015 0
outer loop
vertex 168.6974793999996 -171.1581352999998 8.5
vertex 168.45130667545033 -171.01556026114503 8.5
vertex 168.45130667545024 -171.01556026114497 0
endloop
endfacet
facet normal -0.5011783999644306 -0.8653439844415015 0
outer loop
vertex 168.6974793999996 -171.1581352999998 8.5
vertex 168.45130667545024 -171.01556026114497 0
vertex 168.69747939999962 -171.1581352999998 0
endloop
endfacet
facet normal 0 0 -1
outer loop
vertex 186.88898490000034 -180.03071845000017 8.5
vertex 182.9168260490349 -178.09336864186037 8.5
vertex 182.87754082814064 -178.07420797431965 8.5
endloop
endfacet
facet normal 0 0 -1
outer loop
vertex 186.88898490000034 -180.03071845000017 8.5
vertex 182.87754082814064 -178.07420797431965 8.5
vertex 182.73826701488508 -178.00627964982075 8.5
endloop
endfacet
facet normal 0 0 -1
outer loop
vertex 186.88898490000034 -180.03071845000017 8.5
vertex 182.73826701488508 -178.00627964982075 8.5
vertex 182.5024340150686 -177.89125630002786 8.5
endloop
endfacet
facet normal 0 0 -1
outer loop
vertex 186.88898490000034 -180.03071845000017 8.5
vertex 182.5024340150686 -177.89125630002786 8.5
vertex 168.6974793999996 -171.1581352999998 8.5
endloop
endfacet
facet normal 0 0 -1
outer loop
vertex 186.88898490000034 -180.03071845000017 8.5
vertex 168.6974793999996 -171.1581352999998 8.5
vertex 168.69747939999962 -171.1581352999998 0
endloop
endfacet
facet normal 0 0 -1
outer loop
vertex 186.88898490000034 -180.03071845000017 8.5
vertex 168.69747939999962 -171.1581352999998 0
vertex 186.8889849000001 -180.03071845000005 0
endloop
endfacet
facet normal -0.358365208085899 -0.9335814788402512 0
outer loop
vertex 187.2144511377683 -180.15565213673904 8.5
vertex 186.88898490000034 -180.03071845000017 8.5
vertex 186.8889849000001 -180.03071845000005 0
endloop
endfacet
facet normal -0.358365208085899 -0.9335814788402512 0
outer loop
vertex 187.2144511377683 -180.15565213673904 8.5
vertex 186.8889849000001 -180.03071845000005 0
vertex 187.2144511377686 -180.15565213673915 0
endloop
endfacet
facet normal -0.1908070158169153 -0.9816275682330052 0
outer loop
vertex 187.55666725790817 -180.2221714957724 8.5
vertex 187.2144511377683 -180.15565213673904 8.5
vertex 187.2144511377686 -180.15565213673915 0
endloop
endfacet
facet normal -0.1908070158169153 -0.9816275682330052 0
outer loop
vertex 187.55666725790817 -180.2221714957724 8.5
vertex 187.2144511377686 -180.15565213673915 0
vertex 187.55666725790792 -180.22217149577241 0
endloop
endfacet
facet normal -0.017451309883256272 -0.9998477142962114 0
outer loop
vertex 187.90523530610625 -180.2282553912872 8.5
vertex 187.55666725790817 -180.2221714957724 8.5
vertex 187.55666725790792 -180.22217149577241 0
endloop
endfacet
facet normal -0.017451309883256272 -0.9998477142962114 0
outer loop
vertex 187.90523530610625 -180.2282553912872 8.5
vertex 187.55666725790792 -180.22217149577241 0
vertex 187.90523530610614 -180.22825539128723 0
endloop
endfacet
facet normal 0.1564346396953625 -0.9876883129324666 0
outer loop
vertex 188.249564329961 -180.1737189691406 8.5
vertex 187.90523530610625 -180.2282553912872 8.5
vertex 187.90523530610614 -180.22825539128723 0
endloop
endfacet
facet normal 0.1564346396953625 -0.9876883129324666 0
outer loop
vertex 188.249564329961 -180.1737189691406 8.5
vertex 187.90523530610614 -180.22825539128723 0
vertex 188.2495643299611 -180.1737189691406 0
endloop
endfacet
facet normal 0.32556745188315944 -0.9455188175146524 0
outer loop
vertex 188.57919217632585 -180.0602192734996 8.5
vertex 188.249564329961 -180.1737189691406 8.5
vertex 188.2495643299611 -180.1737189691406 0
endloop
endfacet
facet normal 0.32556745188315944 -0.9455188175146524 0
outer loop
vertex 188.57919217632585 -180.0602192734996 8.5
vertex 188.2495643299611 -180.1737189691406 0
vertex 188.57919217632565 -180.0602192734997 0
endloop
endfacet
facet normal 0.48480816580070113 -0.8746205133501957 0
outer loop
vertex 188.8841033751947 -179.89120489892304 8.5
vertex 188.57919217632585 -180.0602192734996 8.5
vertex 188.57919217632565 -180.0602192734997 0
endloop
endfacet
facet normal 0.48480816580070113 -0.8746205133501957 0
outer loop
vertex 188.8841033751947 -179.89120489892304 8.5
vertex 188.57919217632565 -180.0602192734997 0
vertex 188.8841033751949 -179.89120489892292 0
endloop
endfacet
facet normal 0.6293183838083777 -0.7771475868847638 0
outer loop
vertex 189.15503345149483 -179.67181120766068 8.5
vertex 188.8841033751947 -179.89120489892304 8.5
vertex 188.8841033751949 -179.89120489892292 0
endloop
endfacet
facet normal 0.6293183838083777 -0.7771475868847638 0
outer loop
vertex 189.15503345149483 -179.67181120766068 8.5
vertex 188.8841033751949 -179.89120489892292 0
vertex 189.15503345149472 -179.67181120766082 0
endloop
endfacet
facet normal 0.7547072822248194 -0.6560616725254013 0
outer loop
vertex 189.3837504185088 -179.40870429591354 8.5
vertex 189.15503345149483 -179.67181120766068 8.5
vertex 189.15503345149472 -179.67181120766082 0
endloop
endfacet
facet normal 0.7547072822248194 -0.6560616725254013 0
outer loop
vertex 189.3837504185088 -179.40870429591354 8.5
vertex 189.15503345149472 -179.67181120766082 0
vertex 189.3837504185089 -179.40870429591345 0
endloop
endfacet
facet normal 0.8571599971921288 -0.5150502297966577 0
outer loop
vertex 189.56330980000016 -179.10987689999973 8.5
vertex 189.3837504185088 -179.40870429591354 8.5
vertex 189.3837504185089 -179.40870429591345 0
endloop
endfacet
facet normal 0.8571599971921288 -0.5150502297966577 0
outer loop
vertex 189.56330980000016 -179.10987689999973 8.5
vertex 189.3837504185089 -179.40870429591345 0
vertex 189.5633098000001 -179.1098768999999 0
endloop
endfacet
facet normal 0 0 1
outer loop
vertex 198.63491854999972 -160.51033390000066 8.5
vertex 198.57969048089637 -160.62356815363782 8.5
vertex 198.42179311900472 -160.94730552514767 8.5
endloop
endfacet
facet normal 0 0 1
outer loop
vertex 198.63491854999972 -160.51033390000066 8.5
vertex 198.42179311900472 -160.94730552514767 8.5
vertex 198.27147707542875 -161.25549890000863 8.5
endloop
endfacet
facet normal 0 0 1
outer loop
vertex 198.63491854999972 -160.51033390000066 8.5
vertex 198.27147707542875 -161.25549890000863 8.5
vertex 190.6067968934332 -176.97041259999313 8.5
endloop
endfacet
facet normal 0 0 1
outer loop
vertex 198.63491854999972 -160.51033390000066 8.5
vertex 190.6067968934332 -176.97041259999313 8.5
vertex 190.47490658899838 -177.24082763399892 8.5
endloop
endfacet
facet normal 0 0 1
outer loop
vertex 198.63491854999972 -160.51033390000066 8.5
vertex 190.47490658899838 -177.24082763399892 8.5
vertex 190.35679504793868 -177.48299203364155 8.5
endloop
endfacet
facet normal 0 0 1
outer loop
vertex 198.63491854999972 -160.51033390000066 8.5
vertex 190.35679504793868 -177.48299203364155 8.5
vertex 190.25536878259183 -177.69094656911994 8.5
endloop
endfacet
facet normal 0 0 1
outer loop
vertex 198.63491854999972 -160.51033390000066 8.5
vertex 190.25536878259183 -177.69094656911994 8.5
vertex 190.1731252603748 -177.8595706764975 8.5
endloop
endfacet
facet normal 0 0 1
outer loop
vertex 198.63491854999972 -160.51033390000066 8.5
vertex 190.1731252603748 -177.8595706764975 8.5
vertex 190.11208960287024 -177.98471224372938 8.5
endloop
endfacet
facet normal 0 0 1
outer loop
vertex 198.63491854999972 -160.51033390000066 8.5
vertex 190.11208960287024 -177.98471224372938 8.5
vertex 190.0737647202546 -178.06328985017427 8.5
endloop
endfacet
facet normal 0 0 1
outer loop
vertex 198.63491854999972 -160.51033390000066 8.5
vertex 190.0737647202546 -178.06328985017427 8.5
vertex 190.05909430443583 -178.09336864186037 8.5
endloop
endfacet
facet normal 0 0 1
outer loop
vertex 198.63491854999972 -160.51033390000066 8.5
vertex 190.05909430443583 -178.09336864186037 8.5
vertex 189.56330980000016 -179.10987689999973 8.5
endloop
endfacet
facet normal 0 0 1
outer loop
vertex 198.63491854999972 -160.51033390000066 8.5
vertex 189.56330980000016 -179.10987689999973 8.5
vertex 189.5633098000001 -179.1098768999999 0
endloop
endfacet
facet normal 0 0 1
outer loop
vertex 198.63491854999972 -160.51033390000066 8.5
vertex 189.5633098000001 -179.1098768999999 0
vertex 195.31936829790186 -167.30821519999986 0
endloop
endfacet
facet normal 0 0 1
outer loop
vertex 198.63491854999972 -160.51033390000066 8.5
vertex 195.31936829790186 -167.30821519999986 0
vertex 195.44953857355495 -167.04132674547586 0
endloop
endfacet
facet normal 0 0 1
outer loop
vertex 198.63491854999972 -160.51033390000066 8.5
vertex 195.44953857355495 -167.04132674547586 0
vertex 195.56805340315987 -166.79833548228052 0
endloop
endfacet
facet normal 0 0 1
outer loop
vertex 198.63491854999972 -160.51033390000066 8.5
vertex 195.56805340315987 -166.79833548228052 0
vertex 195.67222764599893 -166.58474676140676 0
endloop
endfacet
facet normal 0 0 1
outer loop
vertex 198.63491854999972 -160.51033390000066 8.5
vertex 195.67222764599893 -166.58474676140676 0
vertex 195.75970209892404 -166.40539766320146 0
endloop
endfacet
facet normal 0 0 1
outer loop
vertex 198.63491854999972 -160.51033390000066 8.5
vertex 195.75970209892404 -166.40539766320146 0
vertex 195.82849575397114 -166.26434985344258 0
endloop
endfacet
facet normal 0 0 1
outer loop
vertex 198.63491854999972 -160.51033390000066 8.5
vertex 195.82849575397114 -166.26434985344258 0
vertex 195.87705066165958 -166.16479759999987 0
endloop
endfacet
facet normal 0 0 1
outer loop
vertex 198.63491854999972 -160.51033390000066 8.5
vertex 195.87705066165958 -166.16479759999987 0
vertex 198.63491854999984 -160.51033390000038 0
endloop
endfacet
facet normal 0 0 -1
outer loop
vertex 198.75427865513174 -160.2039555482751 8.5
vertex 198.7195347302211 -160.29313766180312 8.5
vertex 198.63491854999972 -160.51033390000066 8.5
endloop
endfacet
facet normal 0 0 -1
outer loop
vertex 198.75427865513174 -160.2039555482751 8.5
vertex 198.63491854999972 -160.51033390000066 8.5
vertex 198.63491854999984 -160.51033390000038 0
endloop
endfacet
facet normal 0 0 -1
outer loop
vertex 198.75427865513174 -160.2039555482751 8.5
vertex 198.63491854999984 -160.51033390000038 0
vertex 198.7542786551318 -160.2039555482749 0
endloop
endfacet
facet normal 0 0 1
outer loop
vertex 198.82182637030323 -159.88216083844034 8.5
vertex 198.80442759902155 -159.96504791377444 8.5
vertex 198.75427865513174 -160.2039555482751 8.5
endloop
endfacet
facet normal 0 0 1
outer loop
vertex 198.82182637030323 -159.88216083844034 8.5
vertex 198.75427865513174 -160.2039555482751 8.5
vertex 198.7542786551318 -160.2039555482749 0
endloop
endfacet
facet normal 0 0 1
outer loop
vertex 198.82182637030323 -159.88216083844034 8.5
vertex 198.7542786551318 -160.2039555482749 0
vertex 198.82182637030323 -159.8821608384404 0
endloop
endfacet
facet normal 0 0 1
outer loop
vertex 198.83573597316007 -159.55364744137555 8.5
vertex 198.83172960619797 -159.6482687784583 8.5
vertex 198.82182637030323 -159.88216083844034 8.5
endloop
endfacet
facet normal 0 0 1
outer loop
vertex 198.83573597316007 -159.55364744137555 8.5
vertex 198.82182637030323 -159.88216083844034 8.5
vertex 198.82182637030323 -159.8821608384404 0
endloop
endfacet
facet normal 0 0 1
outer loop
vertex 198.83573597316007 -159.55364744137555 8.5
vertex 198.82182637030323 -159.8821608384404 0
vertex 198.83573597316004 -159.55364744137526 0
endloop
endfacet
facet normal 0 0 1
outer loop
vertex 198.7956315061615 -159.22729462488763 8.5
vertex 198.8108899071399 -159.35146089630538 8.5
vertex 198.83573597316007 -159.55364744137555 8.5
endloop
endfacet
facet normal 0 0 1
outer loop
vertex 198.7956315061615 -159.22729462488763 8.5
vertex 198.83573597316007 -159.55364744137555 8.5
vertex 198.83573597316004 -159.55364744137526 0
endloop
endfacet
facet normal 0 0 1
outer loop
vertex 198.7956315061615 -159.22729462488763 8.5
vertex 198.83573597316004 -159.55364744137526 0
vertex 198.7956315061615 -159.22729462488758 0
endloop
endfacet
facet normal 0 0 -1
outer loop
vertex 198.70259693819872 -158.9119232592463 8.5
vertex 198.75298723590387 -159.0827378000168 8.5
vertex 198.7956315061615 -159.22729462488763 8.5
endloop
endfacet
facet normal 0 0 -1
outer loop
vertex 198.70259693819872 -158.9119232592463 8.5
vertex 198.7956315061615 -159.22729462488763 8.5
vertex 198.7956315061615 -159.22729462488758 0
endloop
endfacet
facet normal 0 0 -1
outer loop
vertex 198.70259693819872 -158.9119232592463 8.5
vertex 198.7956315061615 -159.22729462488758 0
vertex 198.70259693819878 -158.91192325924644 0
endloop
endfacet
facet normal 0.8998141564194098 0.43627340499648415 0
outer loop
vertex 198.5591468663979 -158.61605740112276 8.5
vertex 198.70259693819872 -158.9119232592463 8.5
vertex 198.70259693819878 -158.91192325924644 0
endloop
endfacet
facet normal 0.8998141564194098 0.43627340499648415 0
outer loop
vertex 198.5591468663979 -158.61605740112276 8.5
vertex 198.70259693819878 -158.91192325924644 0
vertex 198.5591468663979 -158.61605740112282 0
endloop
endfacet
facet normal 0.8161654472777706 0.5778182782414178 0
outer loop
vertex 198.36915710000002 -158.3476978 8.5
vertex 198.5591468663979 -158.61605740112276 8.5
vertex 198.5591468663979 -158.61605740112282 0
endloop
endfacet
facet normal 0.8161654472777706 0.5778182782414178 0
outer loop
vertex 198.36915710000002 -158.3476978 8.5
vertex 198.5591468663979 -158.61605740112282 0
vertex 198.36915709999994 -158.34769779999993 0
endloop
endfacet
facet normal 0.7659140708796747 0.6429429492797354 -3.3840235239503013e-15
outer loop
vertex 185.66340639999987 -143.21180859999984 8.5
vertex 198.36915710000002 -158.3476978 8.5
vertex 198.36915709999994 -158.34769779999993 0
endloop
endfacet
facet normal 0.7659140708796747 0.6429429492797354 -3.3840235239503013e-15
outer loop
vertex 185.66340639999987 -143.21180859999984 8.5
vertex 198.36915709999994 -158.34769779999993 0
vertex 190.9490833012395 -149.50843929999954 0
endloop
endfacet
facet normal 0.7659140708796747 0.6429429492797354 -3.3840235239503013e-15
outer loop
vertex 185.66340639999987 -143.21180859999984 8.5
vertex 190.9490833012395 -149.50843929999954 0
vertex 190.9329535956308 -149.48922458040633 0
endloop
endfacet
facet normal 0.7659140708796747 0.6429429492797354 -3.3840235239503013e-15
outer loop
vertex 185.66340639999987 -143.21180859999984 8.5
vertex 190.9329535956308 -149.48922458040633 0
vertex 190.88518433433205 -149.4323188325087 0
endloop
endfacet
facet normal 0.7659140708796747 0.6429429492797354 -3.3840235239503013e-15
outer loop
vertex 185.66340639999987 -143.21180859999984 8.5
vertex 190.88518433433205 -149.4323188325087 0
vertex 190.80761126328565 -149.3399089123092 0
endloop
endfacet
facet normal 0.7659140708796747 0.6429429492797354 -3.3840235239503013e-15
outer loop
vertex 185.66340639999987 -143.21180859999984 8.5
vertex 190.80761126328565 -149.3399089123092 0
vertex 190.70321547206532 -149.21554608116557 0
endloop
endfacet
facet normal 0.7659140708796747 0.6429429492797354 -3.3840235239503013e-15
outer loop
vertex 185.66340639999987 -143.21180859999984 8.5
vertex 190.70321547206532 -149.21554608116557 0
vertex 190.5760088324706 -149.06400953304095 0
endloop
endfacet
facet normal 0.7659140708796747 0.6429429492797354 -3.3840235239503013e-15
outer loop
vertex 185.66340639999987 -143.21180859999984 8.5
vertex 190.5760088324706 -149.06400953304095 0
vertex 190.4308798242113 -148.89112273236424 0
endloop
endfacet
facet normal 0.7659140708796747 0.6429429492797354 -3.3840235239503013e-15
outer loop
vertex 185.66340639999987 -143.21180859999984 8.5
vertex 190.4308798242113 -148.89112273236424 0
vertex 190.27340567375674 -148.7035296220143 0
endloop
endfacet
facet normal 0.7659140708796747 0.6429429492797354 -3.3840235239503013e-15
outer loop
vertex 185.66340639999987 -143.21180859999984 8.5
vertex 190.27340567375674 -148.7035296220143 0
vertex 190.10963802437988 -148.5084392999987 0
endloop
endfacet
facet normal 0.7659140708796747 0.6429429492797354 -3.3840235239503013e-15
outer loop
vertex 185.66340639999987 -143.21180859999984 8.5
vertex 190.10963802437988 -148.5084392999987 0
vertex 189.94587037500054 -148.31334897798018 0
endloop
endfacet
facet normal 0.7659140708796747 0.6429429492797354 -3.3840235239503013e-15
outer loop
vertex 185.66340639999987 -143.21180859999984 8.5
vertex 189.94587037500054 -148.31334897798018 0
vertex 189.78839622454592 -148.12575586763012 0
endloop
endfacet
facet normal 0.7659140708796747 0.6429429492797354 -3.3840235239503013e-15
outer loop
vertex 185.66340639999987 -143.21180859999984 8.5
vertex 189.78839622454592 -148.12575586763012 0
vertex 189.64326721633225 -147.95286906700778 0
endloop
endfacet
facet normal 0.7659140708796747 0.6429429492797354 -3.3840235239503013e-15
outer loop
vertex 185.66340639999987 -143.21180859999984 8.5
vertex 189.64326721633225 -147.95286906700778 0
vertex 189.51606057666604 -147.801332518798 0
endloop
endfacet
facet normal 0.7659140708796747 0.6429429492797354 -3.3840235239503013e-15
outer loop
vertex 185.66340639999987 -143.21180859999984 8.5
vertex 189.51606057666604 -147.801332518798 0
vertex 189.41166478548232 -147.67696968769798 0
endloop
endfacet
facet normal 0.7659140708796747 0.6429429492797354 -3.3840235239503013e-15
outer loop
vertex 185.66340639999987 -143.21180859999984 8.5
vertex 189.41166478548232 -147.67696968769798 0
vertex 189.33409171442554 -147.5845597674861 0
endloop
endfacet
facet normal 0.7659140708796747 0.6429429492797354 -3.3840235239503013e-15
outer loop
vertex 185.66340639999987 -143.21180859999984 8.5
vertex 189.33409171442554 -147.5845597674861 0
vertex 189.28632245313534 -147.5276540195987 0
endloop
endfacet
facet normal 0.7659140708796747 0.6429429492797354 -3.3840235239503013e-15
outer loop
vertex 185.66340639999987 -143.21180859999984 8.5
vertex 189.28632245313534 -147.5276540195987 0
vertex 189.27019274752166 -147.50843929999954 0
endloop
endfacet
facet normal 0.7659140708796747 0.6429429492797354 -3.3840235239503013e-15
outer loop
vertex 185.66340639999987 -143.21180859999984 8.5
vertex 189.27019274752166 -147.50843929999954 0
vertex 185.6634063999998 -143.21180859999976 0
endloop
endfacet
facet normal 0.810617333609802 0.5855762447805878 0
outer loop
vertex 185.49318023197264 -142.97616331270075 8.5
vertex 185.66340639999987 -143.21180859999984 8.5
vertex 185.6634063999998 -143.21180859999976 0
endloop
endfacet
facet normal 0.810617333609802 0.5855762447805878 0
outer loop
vertex 185.49318023197264 -142.97616331270075 8.5
vertex 185.6634063999998 -143.21180859999976 0
vertex 185.49318023197267 -142.9761633127008 0
endloop
endfacet
facet normal 0.8869426352354259 0.4618795966500773 0
outer loop
vertex 185.35891250077856 -142.7183303705312 8.5
vertex 185.49318023197264 -142.97616331270075 8.5
vertex 185.49318023197267 -142.9761633127008 0
endloop
endfacet
facet normal 0.8869426352354259 0.4618795966500773 0
outer loop
vertex 185.35891250077856 -142.7183303705312 8.5
vertex 185.49318023197267 -142.9761633127008 0
vertex 185.35891250077856 -142.7183303705312 0
endloop
endfacet
facet normal 0.9445300209499465 0.328425089669309 0
outer loop
vertex 185.2634398018828 -142.44375685856548 8.5
vertex 185.35891250077856 -142.7183303705312 8.5
vertex 185.35891250077856 -142.7183303705312 0
endloop
endfacet
facet normal 0.9445300209499465 0.328425089669309 0
outer loop
vertex 185.2634398018828 -142.44375685856548 8.5
vertex 185.35891250077856 -142.7183303705312 0
vertex 185.26343980188278 -142.44375685856542 0
endloop
endfacet
facet normal 0.9821628758922953 0.18803213879274933 0
outer loop
vertex 185.2087791308976 -142.15824353005831 8.5
vertex 185.2634398018828 -142.44375685856548 8.5
vertex 185.26343980188278 -142.44375685856542 0
endloop
endfacet
facet normal 0.9821628758922953 0.18803213879274933 0
outer loop
vertex 185.2087791308976 -142.15824353005831 8.5
vertex 185.26343980188278 -142.44375685856542 0
vertex 185.20877913089763 -142.15824353005857 0
endloop
endfacet
facet normal 0.9990461528481107 0.04366674340261056 0
outer loop
vertex 185.19608527170178 -141.86782225734146 8.5
vertex 185.2087791308976 -142.15824353005831 8.5
vertex 185.20877913089763 -142.15824353005857 0
endloop
endfacet
facet normal 0.9990461528481107 0.04366674340261056 0
outer loop
vertex 185.19608527170178 -141.86782225734146 8.5
vertex 185.20877913089763 -142.15824353005857 0
vertex 185.1960852717018 -141.86782225734143 0
endloop
endfacet
facet normal 0.9948244703510377 -0.10160843070718785 0
outer loop
vertex 185.22562279999997 -141.5786272000001 8.5
vertex 185.19608527170178 -141.86782225734146 8.5
vertex 185.1960852717018 -141.86782225734143 0
endloop
endfacet
facet normal 0.9948244703510377 -0.10160843070718785 0
outer loop
vertex 185.22562279999997 -141.5786272000001 8.5
vertex 185.1960852717018 -141.86782225734143 0
vertex 185.22562280000002 -141.5786271999998 0
endloop
endfacet
facet normal 0 0 1
outer loop
vertex 194.83881034999996 -87.05952620000011 8.5
vertex 194.82579306707774 -87.1333508870449 8.5
vertex 194.7743055810521 -87.42535095843317 8.5
endloop
endfacet
facet normal 0 0 1
outer loop
vertex 194.83881034999996 -87.05952620000011 8.5
vertex 194.7743055810521 -87.42535095843317 8.5
vertex 194.72027928612437 -87.73174933196961 8.5
endloop
endfacet
facet normal 0 0 1
outer loop
vertex 194.83881034999996 -87.05952620000011 8.5
vertex 194.72027928612437 -87.73174933196961 8.5
vertex 194.6650444975333 -88.0450014143041 8.5
endloop
endfacet
facet normal 0 0 1
outer loop
vertex 194.83881034999996 -87.05952620000011 8.5
vertex 194.6650444975333 -88.0450014143041 8.5
vertex 194.60996128782486 -88.35739384999518 8.5
endloop
endfacet
facet normal 0 0 1
outer loop
vertex 194.83881034999996 -87.05952620000011 8.5
vertex 194.60996128782486 -88.35739384999518 8.5
vertex 185.22562279999997 -141.5786272000001 8.5
endloop
endfacet
facet normal 0 0 1
outer loop
vertex 194.83881034999996 -87.05952620000011 8.5
vertex 185.22562279999997 -141.5786272000001 8.5
vertex 185.22562280000002 -141.5786271999998 0
endloop
endfacet
facet normal 0 0 1
outer loop
vertex 194.83881034999996 -87.05952620000011 8.5
vertex 185.22562280000002 -141.5786271999998 0
vertex 185.82666182117813 -138.16996520000086 0
endloop
endfacet
facet normal 0 0 1
outer loop
vertex 194.83881034999996 -87.05952620000011 8.5
vertex 185.82666182117813 -138.16996520000086 0
vertex 185.88197810873226 -137.85625091403455 0
endloop
endfacet
facet normal 0 0 1
outer loop
vertex 194.83881034999996 -87.05952620000011 8.5
vertex 185.88197810873226 -137.85625091403455 0
vertex 185.93750877372688 -137.5413208330711 0
endloop
endfacet
facet normal 0 0 1
outer loop
vertex 194.83881034999996 -87.05952620000011 8.5
vertex 185.93750877372688 -137.5413208330711 0
vertex 185.99187329084856 -137.2330043059715 0
endloop
endfacet
facet normal 0 0 1
outer loop
vertex 194.83881034999996 -87.05952620000011 8.5
vertex 185.99187329084856 -137.2330043059715 0
vertex 186.04371967709014 -136.93896881011878 0
endloop
endfacet
facet normal 0 0 1
outer loop
vertex 194.83881034999996 -87.05952620000011 8.5
vertex 186.04371967709014 -136.93896881011878 0
vertex 186.0917585724627 -136.666526670077 0
endloop
endfacet
facet normal 0 0 1
outer loop
vertex 194.83881034999996 -87.05952620000011 8.5
vertex 186.0917585724627 -136.666526670077 0
vertex 186.13479530489556 -136.42245320848969 0
endloop
endfacet
facet normal 0 0 1
outer loop
vertex 194.83881034999996 -87.05952620000011 8.5
vertex 186.13479530489556 -136.42245320848969 0
vertex 186.17175960035675 -136.21281825159735 0
endloop
endfacet
facet normal 0 0 1
outer loop
vertex 194.83881034999996 -87.05952620000011 8.5
vertex 186.17175960035675 -136.21281825159735 0
vertex 186.2017321993367 -136.04283517964316 0
endloop
endfacet
facet normal 0 0 1
outer loop
vertex 194.83881034999996 -87.05952620000011 8.5
vertex 186.2017321993367 -136.04283517964316 0
vertex 186.22396771777522 -135.91673127610122 0
endloop
endfacet
facet normal 0 0 1
outer loop
vertex 194.83881034999996 -87.05952620000011 8.5
vertex 186.22396771777522 -135.91673127610122 0
vertex 186.2379131839054 -135.8376425999999 0
endloop
endfacet
facet normal 0 0 1
outer loop
vertex 194.83881034999996 -87.05952620000011 8.5
vertex 186.2379131839054 -135.8376425999999 0
vertex 187.23491173530164 -130.18338229999978 0
endloop
endfacet
facet normal 0 0 1
outer loop
vertex 194.83881034999996 -87.05952620000011 8.5
vertex 187.23491173530164 -130.18338229999978 0
vertex 187.28734299371988 -129.88602982888716 0
endloop
endfacet
facet normal 0 0 1
outer loop
vertex 194.83881034999996 -87.05952620000011 8.5
vertex 187.28734299371988 -129.88602982888716 0
vertex 187.33596649574534 -129.6102722194457 0
endloop
endfacet
facet normal 0 0 1
outer loop
vertex 194.83881034999996 -87.05952620000011 8.5
vertex 187.33596649574534 -129.6102722194457 0
vertex 187.3795536284168 -129.36307728269296 0
endloop
endfacet
facet normal 0 0 1
outer loop
vertex 194.83881034999996 -87.05952620000011 8.5
vertex 187.3795536284168 -129.36307728269296 0
vertex 187.41700287119826 -129.15069205261634 0
endloop
endfacet
facet normal 0 0 1
outer loop
vertex 194.83881034999996 -87.05952620000011 8.5
vertex 187.41700287119826 -129.15069205261634 0
vertex 187.44736781840876 -128.97848386306228 0
endloop
endfacet
facet normal 0 0 1
outer loop
vertex 194.83881034999996 -87.05952620000011 8.5
vertex 187.44736781840876 -128.97848386306228 0
vertex 187.4698810964939 -128.8508047061354 0
endloop
endfacet
facet normal 0 0 1
outer loop
vertex 194.83881034999996 -87.05952620000011 8.5
vertex 187.4698810964939 -128.8508047061354 0
vertex 187.48397375685295 -128.77088125 0
endloop
endfacet
facet normal 0 0 1
outer loop
vertex 194.83881034999996 -87.05952620000011 8.5
vertex 187.48397375685295 -128.77088125 0
vertex 187.69323541482316 -127.5840993 0
endloop
endfacet
facet normal 0 0 1
outer loop
vertex 194.83881034999996 -87.05952620000011 8.5
vertex 187.69323541482316 -127.5840993 0
vertex 187.698552179463 -127.55394642647242 0
endloop
endfacet
facet normal 0 0 1
outer loop
vertex 194.83881034999996 -87.05952620000011 8.5
vertex 187.698552179463 -127.55394642647242 0
vertex 188.63501047707163 -122.24302700000041 0
endloop
endfacet
facet normal 0 0 1
outer loop
vertex 194.83881034999996 -87.05952620000011 8.5
vertex 188.63501047707163 -122.24302700000041 0
vertex 188.63839855023895 -122.2238122804037 0
endloop
endfacet
facet normal 0 0 1
outer loop
vertex 194.83881034999996 -87.05952620000011 8.5
vertex 188.63839855023895 -122.2238122804037 0
vertex 188.64843256798991 -122.1669065325072 0
endloop
endfacet
facet normal 0 0 1
outer loop
vertex 194.83881034999996 -87.05952620000011 8.5
vertex 188.64843256798991 -122.1669065325072 0
vertex 188.6647269286466 -122.07449661230635 0
endloop
endfacet
facet normal 0 0 1
outer loop
vertex 194.83881034999996 -87.05952620000011 8.5
vertex 188.6647269286466 -122.07449661230635 0
vertex 188.6866554490712 -121.950133781186 0
endloop
endfacet
facet normal 0 0 1
outer loop
vertex 194.83881034999996 -87.05952620000011 8.5
vertex 188.6866554490712 -121.950133781186 0
vertex 188.71337542851765 -121.79859723302417 0
endloop
endfacet
facet normal 0 0 1
outer loop
vertex 194.83881034999996 -87.05952620000011 8.5
vertex 188.71337542851765 -121.79859723302417 0
vertex 188.7438600331634 -121.625710432368 0
endloop
endfacet
facet normal 0 0 1
outer loop
vertex 194.83881034999996 -87.05952620000011 8.5
vertex 188.7438600331634 -121.625710432368 0
vertex 188.7769377567476 -121.43811732201226 0
endloop
endfacet
facet normal 0 0 1
outer loop
vertex 194.83881034999996 -87.05952620000011 8.5
vertex 188.7769377567476 -121.43811732201226 0
vertex 188.81133744090036 -121.24302700000021 0
endloop
endfacet
facet normal 0 0 1
outer loop
vertex 194.83881034999996 -87.05952620000011 8.5
vertex 188.81133744090036 -121.24302700000021 0
vertex 188.84573712505164 -121.04793667799639 0
endloop
endfacet
facet normal 0 0 1
outer loop
vertex 194.83881034999996 -87.05952620000011 8.5
vertex 188.84573712505164 -121.04793667799639 0
vertex 188.87881484863908 -120.86034356762238 0
endloop
endfacet
facet normal 0 0 1
outer loop
vertex 194.83881034999996 -87.05952620000011 8.5
vertex 188.87881484863908 -120.86034356762238 0
vertex 188.90929945328264 -120.68745676697858 0
endloop
endfacet
facet normal 0 0 1
outer loop
vertex 194.83881034999996 -87.05952620000011 8.5
vertex 188.90929945328264 -120.68745676697858 0
vertex 188.93601943272887 -120.53592021881813 0
endloop
endfacet
facet normal 0 0 1
outer loop
vertex 194.83881034999996 -87.05952620000011 8.5
vertex 188.93601943272887 -120.53592021881813 0
vertex 188.95794795315484 -120.41155738768991 0
endloop
endfacet
facet normal 0 0 1
outer loop
vertex 194.83881034999996 -87.05952620000011 8.5
vertex 188.95794795315484 -120.41155738768991 0
vertex 188.97424231381027 -120.31914746749612 0
endloop
endfacet
facet normal 0 0 1
outer loop
vertex 194.83881034999996 -87.05952620000011 8.5
vertex 188.97424231381027 -120.31914746749612 0
vertex 188.9842763315618 -120.26224171959657 0
endloop
endfacet
facet normal 0 0 1
outer loop
vertex 194.83881034999996 -87.05952620000011 8.5
vertex 188.9842763315618 -120.26224171959657 0
vertex 188.98766440472903 -120.24302700000027 0
endloop
endfacet
facet normal 0 0 1
outer loop
vertex 194.83881034999996 -87.05952620000011 8.5
vertex 188.98766440472903 -120.24302700000027 0
vertex 191.08306788499252 -108.35940219999944 0
endloop
endfacet
facet normal 0 0 1
outer loop
vertex 194.83881034999996 -87.05952620000011 8.5
vertex 191.08306788499252 -108.35940219999944 0
vertex 191.93729050878704 -103.51486449999997 0
endloop
endfacet
facet normal 0 0 1
outer loop
vertex 194.83881034999996 -87.05952620000011 8.5
vertex 191.93729050878704 -103.51486449999997 0
vertex 191.94067858195456 -103.49564978040206 0
endloop
endfacet
facet normal 0 0 1
outer loop
vertex 194.83881034999996 -87.05952620000011 8.5
vertex 191.94067858195456 -103.49564978040206 0
vertex 191.9507125997044 -103.43874403251223 0
endloop
endfacet
facet normal 0 0 1
outer loop
vertex 194.83881034999996 -87.05952620000011 8.5
vertex 191.9507125997044 -103.43874403251223 0
vertex 191.96700696036362 -103.3463341122968 0
endloop
endfacet
facet normal 0 0 1
outer loop
vertex 194.83881034999996 -87.05952620000011 8.5
vertex 191.96700696036362 -103.3463341122968 0
vertex 191.98893548078547 -103.22197128119194 0
endloop
endfacet
facet normal 0 0 1
outer loop
vertex 194.83881034999996 -87.05952620000011 8.5
vertex 191.98893548078547 -103.22197128119194 0
vertex 192.0156554602357 -103.0704347330087 0
endloop
endfacet
facet normal 0 0 1
outer loop
vertex 194.83881034999996 -87.05952620000011 8.5
vertex 192.0156554602357 -103.0704347330087 0
vertex 192.04614006487768 -102.89754793237407 0
endloop
endfacet
facet normal 0 0 1
outer loop
vertex 194.83881034999996 -87.05952620000011 8.5
vertex 192.04614006487768 -102.89754793237407 0
vertex 192.0792177884618 -102.70995482201884 0
endloop
endfacet
facet normal 0 0 1
outer loop
vertex 194.83881034999996 -87.05952620000011 8.5
vertex 192.0792177884618 -102.70995482201884 0
vertex 192.1136174726156 -102.5148645000008 0
endloop
endfacet
facet normal 0 0 1
outer loop
vertex 194.83881034999996 -87.05952620000011 8.5
vertex 192.1136174726156 -102.5148645000008 0
vertex 192.14801715676924 -102.31977417798367 0
endloop
endfacet
facet normal 0 0 1
outer loop
vertex 194.83881034999996 -87.05952620000011 8.5
vertex 192.14801715676924 -102.31977417798367 0
vertex 192.1810948803534 -102.13218106762811 0
endloop
endfacet
facet normal 0 0 1
outer loop
vertex 194.83881034999996 -87.05952620000011 8.5
vertex 192.1810948803534 -102.13218106762811 0
vertex 192.21157948500021 -101.95929426696604 0
endloop
endfacet
facet normal 0 0 1
outer loop
vertex 194.83881034999996 -87.05952620000011 8.5
vertex 192.21157948500021 -101.95929426696604 0
vertex 192.23829946444425 -101.80775771881781 0
endloop
endfacet
facet normal 0 0 1
outer loop
vertex 194.83881034999996 -87.05952620000011 8.5
vertex 192.23829946444425 -101.80775771881781 0
vertex 192.2602279848676 -101.68339488770451 0
endloop
endfacet
facet normal 0 0 1
outer loop
vertex 194.83881034999996 -87.05952620000011 8.5
vertex 192.2602279848676 -101.68339488770451 0
vertex 192.2765223455277 -101.59098496748436 0
endloop
endfacet
facet normal 0 0 1
outer loop
vertex 194.83881034999996 -87.05952620000011 8.5
vertex 192.2765223455277 -101.59098496748436 0
vertex 192.28655636327719 -101.5340792195963 0
endloop
endfacet
facet normal 0 0 1
outer loop
vertex 194.83881034999996 -87.05952620000011 8.5
vertex 192.28655636327719 -101.5340792195963 0
vertex 192.28994443644444 -101.51486449999982 0
endloop
endfacet
facet normal 0 0 1
outer loop
vertex 194.83881034999996 -87.05952620000011 8.5
vertex 192.28994443644444 -101.51486449999982 0
vertex 192.4722531690922 -100.48094019999952 0
endloop
endfacet
facet normal 0 0 1
outer loop
vertex 194.83881034999996 -87.05952620000011 8.5
vertex 192.4722531690922 -100.48094019999952 0
vertex 193.26620691926155 -95.97820430000012 0
endloop
endfacet
facet normal 0 0 1
outer loop
vertex 194.83881034999996 -87.05952620000011 8.5
vertex 193.26620691926155 -95.97820430000012 0
vertex 193.26959499242884 -95.9589895804036 0
endloop
endfacet
facet normal 0 0 1
outer loop
vertex 194.83881034999996 -87.05952620000011 8.5
vertex 193.26959499242884 -95.9589895804036 0
vertex 193.2796290101788 -95.90208383251284 0
endloop
endfacet
facet normal 0 0 1
outer loop
vertex 194.83881034999996 -87.05952620000011 8.5
vertex 193.2796290101788 -95.90208383251284 0
vertex 193.29592337083847 -95.80967391229495 0
endloop
endfacet
facet normal 0 0 1
outer loop
vertex 194.83881034999996 -87.05952620000011 8.5
vertex 193.29592337083847 -95.80967391229495 0
vertex 193.31785189126015 -95.68531108119119 0
endloop
endfacet
facet normal 0 0 1
outer loop
vertex 194.83881034999996 -87.05952620000011 8.5
vertex 193.31785189126015 -95.68531108119119 0
vertex 193.3445718707084 -95.53377453301914 0
endloop
endfacet
facet normal 0 0 1
outer loop
vertex 194.83881034999996 -87.05952620000011 8.5
vertex 193.3445718707084 -95.53377453301914 0
vertex 193.37505647535417 -95.36088773236297 0
endloop
endfacet
facet normal 0 0 1
outer loop
vertex 194.83881034999996 -87.05952620000011 8.5
vertex 193.37505647535417 -95.36088773236297 0
vertex 193.4081341989364 -95.1732946220183 0
endloop
endfacet
facet normal 0 0 1
outer loop
vertex 194.83881034999996 -87.05952620000011 8.5
vertex 193.4081341989364 -95.1732946220183 0
vertex 193.4425338830904 -94.9782042999993 0
endloop
endfacet
facet normal 0 0 1
outer loop
vertex 194.83881034999996 -87.05952620000011 8.5
vertex 193.4425338830904 -94.9782042999993 0
vertex 193.476933567245 -94.78311397797665 0
endloop
endfacet
facet normal 0 0 1
outer loop
vertex 194.83881034999996 -87.05952620000011 8.5
vertex 193.476933567245 -94.78311397797665 0
vertex 193.5100112908261 -94.59552086763858 0
endloop
endfacet
facet normal 0 0 1
outer loop
vertex 194.83881034999996 -87.05952620000011 8.5
vertex 193.5100112908261 -94.59552086763858 0
vertex 193.54049589547228 -94.42263406698 0
endloop
endfacet
facet normal 0 0 1
outer loop
vertex 194.83881034999996 -87.05952620000011 8.5
vertex 193.54049589547228 -94.42263406698 0
vertex 193.5672158749185 -94.27109751881945 0
endloop
endfacet
facet normal 0 0 1
outer loop
vertex 194.83881034999996 -87.05952620000011 8.5
vertex 193.5672158749185 -94.27109751881945 0
vertex 193.58914439534374 -94.14673468769544 0
endloop
endfacet
facet normal 0 0 1
outer loop
vertex 194.83881034999996 -87.05952620000011 8.5
vertex 193.58914439534374 -94.14673468769544 0
vertex 193.6054387560012 -94.05432476749004 0
endloop
endfacet
facet normal 0 0 1
outer loop
vertex 194.83881034999996 -87.05952620000011 8.5
vertex 193.6054387560012 -94.05432476749004 0
vertex 193.61547277375166 -93.99741901959658 0
endloop
endfacet
facet normal 0 0 1
outer loop
vertex 194.83881034999996 -87.05952620000011 8.5
vertex 193.61547277375166 -93.99741901959658 0
vertex 193.61886084691895 -93.97820430000004 0
endloop
endfacet
facet normal 0 0 1
outer loop
vertex 194.83881034999996 -87.05952620000011 8.5
vertex 193.61886084691895 -93.97820430000004 0
vertex 194.20873477421688 -90.63286269999935 0
endloop
endfacet
facet normal 0 0 1
outer loop
vertex 194.83881034999996 -87.05952620000011 8.5
vertex 194.20873477421688 -90.63286269999935 0
vertex 194.2471713192635 -90.41487819999999 0
endloop
endfacet
facet normal 0 0 1
outer loop
vertex 194.83881034999996 -87.05952620000011 8.5
vertex 194.2471713192635 -90.41487819999999 0
vertex 194.2505593924309 -90.39566348040282 0
endloop
endfacet
facet normal 0 0 1
outer loop
vertex 194.83881034999996 -87.05952620000011 8.5
vertex 194.2505593924309 -90.39566348040282 0
vertex 194.26059341018217 -90.33875773250453 0
endloop
endfacet
facet normal 0 0 1
outer loop
vertex 194.83881034999996 -87.05952620000011 8.5
vertex 194.26059341018217 -90.33875773250453 0
vertex 194.27688777083915 -90.246347812302 0
endloop
endfacet
facet normal 0 0 1
outer loop
vertex 194.83881034999996 -87.05952620000011 8.5
vertex 194.27688777083915 -90.246347812302 0
vertex 194.29881629126348 -90.12198498118308 0
endloop
endfacet
facet normal 0 0 1
outer loop
vertex 194.83881034999996 -87.05952620000011 8.5
vertex 194.29881629126348 -90.12198498118308 0
vertex 194.32553627071027 -89.97044843301934 0
endloop
endfacet
facet normal 0 0 1
outer loop
vertex 194.83881034999996 -87.05952620000011 8.5
vertex 194.32553627071027 -89.97044843301934 0
vertex 194.35602087535253 -89.79756163238306 0
endloop
endfacet
facet normal 0 0 1
outer loop
vertex 194.83881034999996 -87.05952620000011 8.5
vertex 194.35602087535253 -89.79756163238306 0
vertex 194.38909859893872 -89.60996852201609 0
endloop
endfacet
facet normal 0 0 1
outer loop
vertex 194.83881034999996 -87.05952620000011 8.5
vertex 194.38909859893872 -89.60996852201609 0
vertex 194.4234982830903 -89.4148782000105 0
endloop
endfacet
facet normal 0 0 1
outer loop
vertex 194.83881034999996 -87.05952620000011 8.5
vertex 194.4234982830903 -89.4148782000105 0
vertex 194.45789796724839 -89.21978787796832 0
endloop
endfacet
facet normal 0 0 1
outer loop
vertex 194.83881034999996 -87.05952620000011 8.5
vertex 194.45789796724839 -89.21978787796832 0
vertex 194.49097569082835 -89.03219476763668 0
endloop
endfacet
facet normal 0 0 1
outer loop
vertex 194.83881034999996 -87.05952620000011 8.5
vertex 194.49097569082835 -89.03219476763668 0
vertex 194.52146029547313 -88.85930796698602 0
endloop
endfacet
facet normal 0 0 1
outer loop
vertex 194.83881034999996 -87.05952620000011 8.5
vertex 194.52146029547313 -88.85930796698602 0
vertex 194.5481802749209 -88.70777141881673 0
endloop
endfacet
facet normal 0 0 1
outer loop
vertex 194.83881034999996 -87.05952620000011 8.5
vertex 194.5481802749209 -88.70777141881673 0
vertex 194.57010879534377 -88.58340858770606 0
endloop
endfacet
facet normal 0 0 1
outer loop
vertex 194.83881034999996 -87.05952620000011 8.5
vertex 194.57010879534377 -88.58340858770606 0
vertex 194.58640315600562 -88.49099866747595 0
endloop
endfacet
facet normal 0 0 1
outer loop
vertex 194.83881034999996 -87.05952620000011 8.5
vertex 194.58640315600562 -88.49099866747595 0
vertex 194.59643717375357 -88.43409291959661 0
endloop
endfacet
facet normal 0 0 1
outer loop
vertex 194.83881034999996 -87.05952620000011 8.5
vertex 194.59643717375357 -88.43409291959661 0
vertex 194.59982524692094 -88.4148781999996 0
endloop
endfacet
facet normal 0 0 1
outer loop
vertex 194.83881034999996 -87.05952620000011 8.5
vertex 194.59982524692094 -88.4148781999996 0
vertex 194.83881035 -87.05952620000011 0
endloop
endfacet
facet normal 0 0 -1
outer loop
vertex 194.8691927899616 -86.71223111517976 8.5
vertex 194.85600838633175 -86.86293917492468 8.5
vertex 194.83881034999996 -87.05952620000011 8.5
endloop
endfacet
facet normal 0 0 -1
outer loop
vertex 194.8691927899616 -86.71223111517976 8.5
vertex 194.83881034999996 -87.05952620000011 8.5
vertex 194.83881035 -87.05952620000011 0
endloop
endfacet
facet normal 0 0 -1
outer loop
vertex 194.8691927899616 -86.71223111517976 8.5
vertex 194.83881035 -87.05952620000011 0
vertex 194.86919278996163 -86.71223111517976 0
endloop
endfacet
facet normal 0 0 1
outer loop
vertex 194.83880674562482 -86.3649363456998 8.5
vertex 194.84299618537509 -86.41281919929513 8.5
vertex 194.86119091049457 -86.62077429855357 8.5
endloop
endfacet
facet normal 0 0 1
outer loop
vertex 194.83880674562482 -86.3649363456998 8.5
vertex 194.86119091049457 -86.62077429855357 8.5
vertex 194.8691927899616 -86.71223111517976 8.5
endloop
endfacet
facet normal 0 0 1
outer loop
vertex 194.83880674562482 -86.3649363456998 8.5
vertex 194.8691927899616 -86.71223111517976 8.5
vertex 194.86919278996163 -86.71223111517976 0
endloop
endfacet
facet normal 0 0 1
outer loop
vertex 194.83880674562482 -86.3649363456998 8.5
vertex 194.86919278996163 -86.71223111517976 0
vertex 194.83880674562485 -86.36493634569987 0
endloop
endfacet
facet normal 0 0 1
outer loop
vertex 194.74857547391898 -86.02819417993439 8.5
vertex 194.751866887198 -86.04047769999407 8.5
vertex 194.77292120440765 -86.11905219242723 8.5
endloop
endfacet
facet normal 0 0 1
outer loop
vertex 194.74857547391898 -86.02819417993439 8.5
vertex 194.77292120440765 -86.11905219242723 8.5
vertex 194.80645352266654 -86.24419445475121 8.5
endloop
endfacet
facet normal 0 0 1
outer loop
vertex 194.74857547391898 -86.02819417993439 8.5
vertex 194.80645352266654 -86.24419445475121 8.5
vertex 194.83880674562482 -86.3649363456998 8.5
endloop
endfacet
facet normal 0 0 1
outer loop
vertex 194.74857547391898 -86.02819417993439 8.5
vertex 194.83880674562482 -86.3649363456998 8.5
vertex 194.83880674562485 -86.36493634569987 0
endloop
endfacet
facet normal 0 0 1
outer loop
vertex 194.74857547391898 -86.02819417993439 8.5
vertex 194.83880674562485 -86.36493634569987 0
vertex 194.74857547391898 -86.0281941799344 0
endloop
endfacet
facet normal 0.9063063600821786 0.42262132184095086 0
outer loop
vertex 194.60124058365264 -85.71223627338885 8.5
vertex 194.74857547391898 -86.02819417993439 8.5
vertex 194.74857547391898 -86.0281941799344 0
endloop
endfacet
facet normal 0.9063063600821786 0.42262132184095086 0
outer loop
vertex 194.60124058365264 -85.71223627338885 8.5
vertex 194.74857547391898 -86.0281941799344 0
vertex 194.60124058365264 -85.71223627338887 0
endloop
endfacet
facet normal 0.8191505235376156 0.5735786082029649 0
outer loop
vertex 194.4012787338091 -85.42666276760545 8.5
vertex 194.60124058365264 -85.71223627338885 8.5
vertex 194.60124058365264 -85.71223627338887 0
endloop
endfacet
facet normal 0.8191505235376156 0.5735786082029649 0
outer loop
vertex 194.4012787338091 -85.42666276760545 8.5
vertex 194.60124058365264 -85.71223627338887 0
vertex 194.40127873380905 -85.42666276760541 0
endloop
endfacet
facet normal 0.7071054191288694 0.7071081432416021 0
outer loop
vertex 194.1547656136544 -85.18015059713508 8.5
vertex 194.4012787338091 -85.42666276760545 8.5
vertex 194.40127873380905 -85.42666276760541 0
endloop
endfacet
facet normal 0.7071054191288694 0.7071081432416021 0
outer loop
vertex 194.1547656136544 -85.18015059713508 8.5
vertex 194.40127873380905 -85.42666276760541 0
vertex 194.15476561365438 -85.18015059713505 0
endloop
endfacet
facet normal 0.5735754524401226 0.8191527332299567 0
outer loop
vertex 193.86919133752457 -84.98018984745835 8.5
vertex 194.1547656136544 -85.18015059713508 8.5
vertex 194.15476561365438 -85.18015059713505 0
endloop
endfacet
facet normal 0.5735754524401226 0.8191527332299567 0
outer loop
vertex 193.86919133752457 -84.98018984745835 8.5
vertex 194.15476561365438 -85.18015059713505 0
vertex 193.86919133752465 -84.98018984745839 0
endloop
endfacet
facet normal 0.4226178303132553 0.9063079882144462 0
outer loop
vertex 193.55323286337725 -84.83285617441382 8.5
vertex 193.86919133752457 -84.98018984745835 8.5
vertex 193.86919133752465 -84.98018984745839 0
endloop
endfacet
facet normal 0.4226178303132553 0.9063079882144462 0
outer loop
vertex 193.55323286337725 -84.83285617441382 8.5
vertex 193.86919133752465 -84.98018984745839 0
vertex 193.55323286337725 -84.83285617441382 0
endloop
endfacet
facet normal 0.2588297065528272 0.9659229694990059 0
outer loop
vertex 193.21649070000007 -84.74262240000002 8.5
vertex 193.55323286337725 -84.83285617441382 8.5
vertex 193.55323286337725 -84.83285617441382 0
endloop
endfacet
facet normal 0.2588297065528272 0.9659229694990059 0
outer loop
vertex 193.21649070000007 -84.74262240000002 8.5
vertex 193.55323286337725 -84.83285617441382 0
vertex 193.21649070000012 -84.74262240000003 0
endloop
endfacet
facet normal 0.1736480109738068 0.9848077824046888 0
outer loop
vertex 180.00656674999996 -82.41335869999999 8.5
vertex 193.21649070000007 -84.74262240000002 8.5
vertex 193.21649070000012 -84.74262240000003 0
endloop
endfacet
facet normal 0.1736480109738068 0.9848077824046888 0
outer loop
vertex 180.00656674999996 -82.41335869999999 8.5
vertex 193.21649070000012 -84.74262240000003 0
vertex 180.0065667500002 -82.41335870000003 0
endloop
endfacet
facet normal 0.25137791009427696 0.9678890154953892 0
outer loop
vertex 179.69883471720183 -82.33343524386461 8.5
vertex 180.00656674999996 -82.41335869999999 8.5
vertex 180.0065667500002 -82.41335870000003 0
endloop
endfacet
facet normal 0.25137791009427696 0.9678890154953892 0
outer loop
vertex 179.69883471720183 -82.33343524386461 8.5
vertex 180.0065667500002 -82.41335870000003 0
vertex 179.69883471720186 -82.33343524386461 0
endloop
endfacet
facet normal 0.40158072714610116 0.9158236290819367 0
outer loop
vertex 179.40765642862735 -82.20575608693774 8.5
vertex 179.69883471720183 -82.33343524386461 8.5
vertex 179.69883471720186 -82.33343524386461 0
endloop
endfacet
facet normal 0.40158072714610116 0.9158236290819367 0
outer loop
vertex 179.40765642862735 -82.20575608693774 8.5
vertex 179.69883471720186 -82.33343524386461 0
vertex 179.40765642862735 -82.20575608693773 0
endloop
endfacet
facet normal 0.5416349202652109 0.8406138311670222 0
outer loop
vertex 179.14039045192774 -82.03354789738378 8.5
vertex 179.40765642862735 -82.20575608693774 8.5
vertex 179.40765642862735 -82.20575608693773 0
endloop
endfacet
facet normal 0.5416349202652109 0.8406138311670222 0
outer loop
vertex 179.14039045192774 -82.03354789738378 8.5
vertex 179.40765642862735 -82.20575608693773 0
vertex 179.14039045192766 -82.03354789738371 0
endloop
endfacet
facet normal 0.6680010832003518 0.744160300501953 0
outer loop
vertex 178.903791050204 -81.82116266730715 8.5
vertex 179.14039045192774 -82.03354789738378 8.5
vertex 179.14039045192766 -82.03354789738371 0
endloop
endfacet
facet normal 0.6680010832003518 0.744160300501953 0
outer loop
vertex 178.903791050204 -81.82116266730715 8.5
vertex 179.14039045192766 -82.03354789738371 0
vertex 178.9037910502041 -81.82116266730722 0
endloop
endfacet
facet normal 0.7774857293650334 0.6289005808820041 0
outer loop
vertex 178.70383749035938 -81.57396773055432 8.5
vertex 178.903791050204 -81.82116266730715 8.5
vertex 178.9037910502041 -81.82116266730722 0
endloop
endfacet
facet normal 0.7774857293650334 0.6289005808820041 0
outer loop
vertex 178.70383749035938 -81.57396773055432 8.5
vertex 178.9037910502041 -81.82116266730722 0
vertex 178.70383749035935 -81.57396773055427 0
endloop
endfacet
facet normal 0.8673219966436997 0.4977474802929558 0
outer loop
vertex 178.54558293691525 -81.2982101211128 8.5
vertex 178.70383749035938 -81.57396773055432 8.5
vertex 178.70383749035935 -81.57396773055427 0
endloop
endfacet
facet normal 0.8673219966436997 0.4977474802929558 0
outer loop
vertex 178.54558293691525 -81.2982101211128 8.5
vertex 178.70383749035935 -81.57396773055427 0
vertex 178.54558293691522 -81.29821012111279 0
endloop
endfacet
facet normal 0.9352366987055187 0.3540230464170416 0
outer loop
vertex 178.43302349999988 -81.00085739999963 8.5
vertex 178.54558293691525 -81.2982101211128 8.5
vertex 178.54558293691522 -81.29821012111279 0
endloop
endfacet
facet normal 0.9352366987055187 0.3540230464170416 0
outer loop
vertex 178.43302349999988 -81.00085739999963 8.5
vertex 178.54558293691522 -81.29821012111279 0
vertex 178.43302349999993 -81.00085739999982 0
endloop
endfacet
facet normal 0 0 1
outer loop
vertex 177.6487074 -78.29667249999997 8.5
vertex 177.67566939915133 -78.38963276306082 8.5
vertex 177.7256163001988 -78.56184095260882 8.5
endloop
endfacet
facet normal 0 0 1
outer loop
vertex 177.6487074 -78.29667249999997 8.5
vertex 177.7256163001988 -78.56184095260882 8.5
vertex 177.78721606556132 -78.77422618266708 8.5
endloop
endfacet
facet normal 0 0 1
outer loop
vertex 177.6487074 -78.29667249999997 8.5
vertex 177.78721606556132 -78.77422618266708 8.5
vertex 177.8589119650409 -79.02142111945926 8.5
endloop
endfacet
facet normal 0 0 1
outer loop
vertex 177.6487074 -78.29667249999997 8.5
vertex 177.8589119650409 -79.02142111945926 8.5
vertex 177.9388921220108 -79.29717872889454 8.5
endloop
endfacet
facet normal 0 0 1
outer loop
vertex 177.6487074 -78.29667249999997 8.5
vertex 177.9388921220108 -79.29717872889454 8.5
vertex 178.02513530269317 -79.59453014999792 8.5
endloop
endfacet
facet normal 0 0 1
outer loop
vertex 177.6487074 -78.29667249999997 8.5
vertex 178.02513530269317 -79.59453014999792 8.5
vertex 178.43302349999988 -81.00085739999963 8.5
endloop
endfacet
facet normal 0 0 1
outer loop
vertex 177.6487074 -78.29667249999997 8.5
vertex 178.43302349999988 -81.00085739999963 8.5
vertex 178.43302349999993 -81.00085739999982 0
endloop
endfacet
facet normal 0 0 1
outer loop
vertex 177.6487074 -78.29667249999997 8.5
vertex 178.43302349999993 -81.00085739999982 0
vertex 177.64870740000003 -78.29667250000006 0
endloop
endfacet
facet normal 0 0 -1
outer loop
vertex 177.53615121308485 -77.99932107888736 8.5
vertex 177.60531198307618 -78.1820302999954 8.5
vertex 177.63556528588936 -78.2619536061361 8.5
endloop
endfacet
facet normal 0 0 -1
outer loop
vertex 177.53615121308485 -77.99932107888736 8.5
vertex 177.63556528588936 -78.2619536061361 8.5
vertex 177.6487074 -78.29667249999997 8.5
endloop
endfacet
facet normal 0 0 -1
outer loop
vertex 177.53615121308485 -77.99932107888736 8.5
vertex 177.6487074 -78.29667249999997 8.5
vertex 177.64870740000003 -78.29667250000006 0
endloop
endfacet
facet normal 0 0 -1
outer loop
vertex 177.53615121308485 -77.99932107888736 8.5
vertex 177.64870740000003 -78.29667250000006 0
vertex 177.53615121308476 -77.99932107888715 0
endloop
endfacet
facet normal 0.8673219966436821 0.4977474802929864 0
outer loop
vertex 177.3778966596405 -77.72356346944547 8.5
vertex 177.53615121308485 -77.99932107888736 8.5
vertex 177.53615121308476 -77.99932107888715 0
endloop
endfacet
facet normal 0.8673219966436821 0.4977474802929864 0
outer loop
vertex 177.3778966596405 -77.72356346944547 8.5
vertex 177.53615121308476 -77.99932107888715 0
vertex 177.37789665964067 -77.72356346944572 0
endloop
endfacet
facet normal 0.7774857293650111 0.6289005808820317 0
outer loop
vertex 177.17794309979612 -77.47636853269299 8.5
vertex 177.3778966596405 -77.72356346944547 8.5
vertex 177.37789665964067 -77.72356346944572 0
endloop
endfacet
facet normal 0.7774857293650111 0.6289005808820317 0
outer loop
vertex 177.17794309979612 -77.47636853269299 8.5
vertex 177.37789665964067 -77.72356346944572 0
vertex 177.177943099796 -77.47636853269287 0
endloop
endfacet
facet normal 0.668001083200378 0.7441603005019293 0
outer loop
vertex 176.94134369807233 -77.2639833026163 8.5
vertex 177.17794309979612 -77.47636853269299 8.5
vertex 177.177943099796 -77.47636853269287 0
endloop
endfacet
facet normal 0.668001083200378 0.7441603005019293 0
outer loop
vertex 176.94134369807233 -77.2639833026163 8.5
vertex 177.177943099796 -77.47636853269287 0
vertex 176.94134369807236 -77.26398330261628 0
endloop
endfacet
facet normal 0.5416349202652448 0.8406138311670002 0
outer loop
vertex 176.6740777213726 -77.09177511306225 8.5
vertex 176.94134369807233 -77.2639833026163 8.5
vertex 176.94134369807236 -77.26398330261628 0
endloop
endfacet
facet normal 0.5416349202652448 0.8406138311670002 0
outer loop
vertex 176.6740777213726 -77.09177511306225 8.5
vertex 176.94134369807236 -77.26398330261628 0
vertex 176.6740777213727 -77.09177511306228 0
endloop
endfacet
facet normal 0.40158072714611304 0.9158236290819314 0
outer loop
vertex 176.38289943279807 -76.96409595613535 8.5
vertex 176.6740777213726 -77.09177511306225 8.5
vertex 176.6740777213727 -77.09177511306228 0
endloop
endfacet
facet normal 0.40158072714611304 0.9158236290819314 0
outer loop
vertex 176.38289943279807 -76.96409595613535 8.5
vertex 176.6740777213727 -77.09177511306228 0
vertex 176.3828994327981 -76.96409595613535 0
endloop
endfacet
facet normal 0.25136855426990573 0.9678914453203198 0
outer loop
vertex 176.07516480000012 -76.88417500000001 8.5
vertex 176.38289943279807 -76.96409595613535 8.5
vertex 176.3828994327981 -76.96409595613535 0
endloop
endfacet
facet normal 0.25136855426990573 0.9678914453203198 0
outer loop
vertex 176.07516480000012 -76.88417500000001 8.5
vertex 176.3828994327981 -76.96409595613535 0
vertex 176.0751648000002 -76.88417500000004 0
endloop
endfacet
facet normal 0.17364827639721625 0.9848077356033897 0
outer loop
vertex 162.12221784999986 -74.42389254999996 8.5
vertex 176.07516480000012 -76.88417500000001 8.5
vertex 176.0751648000002 -76.88417500000004 0
endloop
endfacet
facet normal 0.17364827639721625 0.9848077356033897 0
outer loop
vertex 162.12221784999986 -74.42389254999996 8.5
vertex 176.0751648000002 -76.88417500000004 0
vertex 162.12221784999988 -74.42389254999998 0
endloop
endfacet
facet normal 0.2513779100942309 0.9678890154954012 0
outer loop
vertex 161.81448581720184 -74.34396909386462 8.5
vertex 162.12221784999986 -74.42389254999996 8.5
vertex 162.12221784999988 -74.42389254999998 0
endloop
endfacet
facet normal 0.2513779100942309 0.9678890154954012 0
outer loop
vertex 161.81448581720184 -74.34396909386462 8.5
vertex 162.12221784999988 -74.42389254999998 0
vertex 161.8144858172018 -74.34396909386463 0
endloop
endfacet
facet normal 0.40158072714607895 0.9158236290819464 0
outer loop
vertex 161.5233075286273 -74.21628993693771 8.5
vertex 161.81448581720184 -74.34396909386462 8.5
vertex 161.8144858172018 -74.34396909386463 0
endloop
endfacet
facet normal 0.40158072714607895 0.9158236290819464 0
outer loop
vertex 161.5233075286273 -74.21628993693771 8.5
vertex 161.8144858172018 -74.34396909386463 0
vertex 161.52330752862736 -74.21628993693776 0
endloop
endfacet
facet normal 0.5416349202652349 0.8406138311670066 0
outer loop
vertex 161.25604155192764 -74.04408174738373 8.5
vertex 161.5233075286273 -74.21628993693771 8.5
vertex 161.52330752862736 -74.21628993693776 0
endloop
endfacet
facet normal 0.5416349202652349 0.8406138311670066 0
outer loop
vertex 161.25604155192764 -74.04408174738373 8.5
vertex 161.52330752862736 -74.21628993693776 0
vertex 161.25604155192764 -74.0440817473837 0
endloop
endfacet
facet normal 0.6680010832003518 0.744160300501953 0
outer loop
vertex 161.01944215020407 -73.83169651730722 8.5
vertex 161.25604155192764 -74.04408174738373 8.5
vertex 161.25604155192764 -74.0440817473837 0
endloop
endfacet
facet normal 0.6680010832003518 0.744160300501953 0
outer loop
vertex 161.01944215020407 -73.83169651730722 8.5
vertex 161.25604155192764 -74.0440817473837 0
vertex 161.01944215020393 -73.83169651730707 0
endloop
endfacet
facet normal 0.7774857293650175 0.6289005808820239 0
outer loop
vertex 160.81948859035936 -73.58450158055433 8.5
vertex 161.01944215020407 -73.83169651730722 8.5
vertex 161.01944215020393 -73.83169651730707 0
endloop
endfacet
facet normal 0.7774857293650175 0.6289005808820239 0
outer loop
vertex 160.81948859035936 -73.58450158055433 8.5
vertex 161.01944215020393 -73.83169651730707 0
vertex 160.81948859035938 -73.58450158055439 0
endloop
endfacet
facet normal 0.8673219966437136 0.4977474802929313 0
outer loop
vertex 160.66123403691523 -73.30874397111286 8.5
vertex 160.81948859035936 -73.58450158055433 8.5
vertex 160.81948859035938 -73.58450158055439 0
endloop
endfacet
facet normal 0.8673219966437136 0.4977474802929313 0
outer loop
vertex 160.66123403691523 -73.30874397111286 8.5
vertex 160.81948859035938 -73.58450158055439 0
vertex 160.6612340369153 -73.30874397111299 0
endloop
endfacet
facet normal 0.9352363265448382 0.35402402956708534 0
outer loop
vertex 160.54867570000025 -73.0113951000007 8.5
vertex 160.66123403691523 -73.30874397111286 8.5
vertex 160.6612340369153 -73.30874397111299 0
endloop
endfacet
facet normal 0.9352363265448382 0.35402402956708534 0
outer loop
vertex 160.54867570000025 -73.0113951000007 8.5
vertex 160.6612340369153 -73.30874397111299 0
vertex 160.54867570000016 -73.01139510000041 0
endloop
endfacet
facet normal 0 0 1
outer loop
vertex 159.7643584500002 -70.30721130000056 8.5
vertex 159.7913205141506 -70.40017161305005 8.5
vertex 159.84126750875788 -70.57237980262596 8.5
endloop
endfacet
facet normal 0 0 1
outer loop
vertex 159.7643584500002 -70.30721130000056 8.5
vertex 159.84126750875788 -70.57237980262596 8.5
vertex 159.90286738950383 -70.78476503270359 8.5
endloop
endfacet
facet normal 0 0 1
outer loop
vertex 159.7643584500002 -70.30721130000056 8.5
vertex 159.90286738950383 -70.78476503270359 8.5
vertex 159.97456342325714 -71.03195996944628 8.5
endloop
endfacet
facet normal 0 0 1
outer loop
vertex 159.7643584500002 -70.30721130000056 8.5
vertex 159.97456342325714 -71.03195996944628 8.5
vertex 160.05454373003278 -71.30771757888519 8.5
endloop
endfacet
facet normal 0 0 1
outer loop
vertex 159.7643584500002 -70.30721130000056 8.5
vertex 160.05454373003278 -71.30771757888519 8.5
vertex 160.14078707224834 -71.60506899998072 8.5
endloop
endfacet
facet normal 0 0 1
outer loop
vertex 159.7643584500002 -70.30721130000056 8.5
vertex 160.14078707224834 -71.60506899998072 8.5
vertex 160.54867570000025 -73.0113951000007 8.5
endloop
endfacet
facet normal 0 0 1
outer loop
vertex 159.7643584500002 -70.30721130000056 8.5
vertex 160.54867570000025 -73.0113951000007 8.5
vertex 160.54867570000016 -73.01139510000041 0
endloop
endfacet
facet normal 0 0 1
outer loop
vertex 159.7643584500002 -70.30721130000056 8.5
vertex 160.54867570000016 -73.01139510000041 0
vertex 159.76435845000012 -70.30721130000029 0
endloop
endfacet
facet normal 0 0 -1
outer loop
vertex 159.65180226308473 -70.00985987888716 8.5
vertex 159.72096261669952 -70.19256800000986 8.5
vertex 159.75121635481514 -70.27249245613443 8.5
endloop
endfacet
facet normal 0 0 -1
outer loop
vertex 159.65180226308473 -70.00985987888716 8.5
vertex 159.75121635481514 -70.27249245613443 8.5
vertex 159.7643584500002 -70.30721130000056 8.5
endloop
endfacet
facet normal 0 0 -1
outer loop
vertex 159.65180226308473 -70.00985987888716 8.5
vertex 159.7643584500002 -70.30721130000056 8.5
vertex 159.76435845000012 -70.30721130000029 0
endloop
endfacet
facet normal 0 0 -1
outer loop
vertex 159.65180226308473 -70.00985987888716 8.5
vertex 159.76435845000012 -70.30721130000029 0
vertex 159.65180226308476 -70.00985987888717 0
endloop
endfacet
facet normal 0.8673219966436821 0.4977474802929864 0
outer loop
vertex 159.4935477096405 -69.73410226944544 8.5
vertex 159.65180226308473 -70.00985987888716 8.5
vertex 159.65180226308476 -70.00985987888717 0
endloop
endfacet
facet normal 0.8673219966436821 0.4977474802929864 0
outer loop
vertex 159.4935477096405 -69.73410226944544 8.5
vertex 159.65180226308476 -70.00985987888717 0
vertex 159.49354770964055 -69.73410226944551 0
endloop
endfacet
facet normal 0.7774857293650175 0.6289005808820239 0
outer loop
vertex 159.29359414979618 -69.48690733269304 8.5
vertex 159.4935477096405 -69.73410226944544 8.5
vertex 159.49354770964055 -69.73410226944551 0
endloop
endfacet
facet normal 0.7774857293650175 0.6289005808820239 0
outer loop
vertex 159.29359414979618 -69.48690733269304 8.5
vertex 159.49354770964055 -69.73410226944551 0
vertex 159.29359414979612 -69.48690733269297 0
endloop
endfacet
facet normal 0.6680010832003402 0.7441603005019631 0
outer loop
vertex 159.0569947480723 -69.27452210261626 8.5
vertex 159.29359414979618 -69.48690733269304 8.5
vertex 159.29359414979612 -69.48690733269297 0
endloop
endfacet
facet normal 0.6680010832003402 0.7441603005019631 0
outer loop
vertex 159.0569947480723 -69.27452210261626 8.5
vertex 159.29359414979612 -69.48690733269297 0
vertex 159.05699474807233 -69.27452210261627 0
endloop
endfacet
facet normal 0.5416349202652456 0.8406138311669997 0
outer loop
vertex 158.78972877137267 -69.10231391306226 8.5
vertex 159.0569947480723 -69.27452210261626 8.5
vertex 159.05699474807233 -69.27452210261627 0
endloop
endfacet
facet normal 0.5416349202652456 0.8406138311669997 0
outer loop
vertex 158.78972877137267 -69.10231391306226 8.5
vertex 159.05699474807233 -69.27452210261627 0
vertex 158.78972877137267 -69.10231391306226 0
endloop
endfacet
facet normal 0.4015807271460795 0.9158236290819463 0
outer loop
vertex 158.49855048279818 -68.97463475613539 8.5
vertex 158.78972877137267 -69.10231391306226 8.5
vertex 158.78972877137267 -69.10231391306226 0
endloop
endfacet
facet normal 0.4015807271460795 0.9158236290819463 0
outer loop
vertex 158.49855048279818 -68.97463475613539 8.5
vertex 158.78972877137267 -69.10231391306226 0
vertex 158.65261597762375 -69.04219114087532 0
endloop
endfacet
facet normal 0.4015807271460795 0.9158236290819463 0
outer loop
vertex 158.49855048279818 -68.97463475613539 8.5
vertex 158.65261597762375 -69.04219114087532 0
vertex 158.60611706969934 -69.02180177259214 0
endloop
endfacet
facet normal 0.4015807271460795 0.9158236290819463 0
outer loop
vertex 158.49855048279818 -68.97463475613539 8.5
vertex 158.60611706969934 -69.02180177259214 0
vertex 158.49855048279815 -68.97463475613537 0
endloop
endfacet
facet normal 0.25137289353765174 0.9678903183700662 7.779742139756022e-16
outer loop
vertex 158.19081690000002 -68.89471260000002 8.5
vertex 158.49855048279818 -68.97463475613539 8.5
vertex 158.49855048279815 -68.97463475613537 0
endloop
endfacet
facet normal 0.25137289353765174 0.9678903183700662 7.779742139756022e-16
outer loop
vertex 158.19081690000002 -68.89471260000002 8.5
vertex 158.49855048279815 -68.97463475613537 0
vertex 158.40905200548607 -68.95139091250748 0
endloop
endfacet
facet normal 0.25137289353765174 0.9678903183700662 7.779742139756022e-16
outer loop
vertex 158.19081690000002 -68.89471260000002 8.5
vertex 158.40905200548607 -68.95139091250748 0
vertex 158.19081690000002 -68.89471260000002 0
endloop
endfacet
facet normal 0 0 1
outer loop
vertex 137.01550624999993 -65.1609283 8.5
vertex 147.356400944025 -66.98430982647145 8.5
vertex 147.52737975462298 -67.01445804999436 8.5
endloop
endfacet
facet normal 0 0 1
outer loop
vertex 137.01550624999993 -65.1609283 8.5
vertex 147.52737975462298 -67.01445804999436 8.5
vertex 158.19081690000002 -68.89471260000002 8.5
endloop
endfacet
facet normal 0 0 1
outer loop
vertex 137.01550624999993 -65.1609283 8.5
vertex 158.19081690000002 -68.89471260000002 8.5
vertex 158.19081690000002 -68.89471260000002 0
endloop
endfacet
facet normal 0 0 1
outer loop
vertex 137.01550624999993 -65.1609283 8.5
vertex 158.19081690000002 -68.89471260000002 0
vertex 157.83934167370867 -68.83273793981898 0
endloop
endfacet
facet normal 0 0 1
outer loop
vertex 137.01550624999993 -65.1609283 8.5
vertex 157.83934167370867 -68.83273793981898 0
vertex 156.90983950439733 -68.66884137820796 0
endloop
endfacet
facet normal 0 0 1
outer loop
vertex 137.01550624999993 -65.1609283 8.5
vertex 156.90983950439733 -68.66884137820796 0
vertex 155.74723838120497 -68.4638431190242 0
endloop
endfacet
facet normal 0 0 1
outer loop
vertex 137.01550624999993 -65.1609283 8.5
vertex 155.74723838120497 -68.4638431190242 0
vertex 154.38091883224038 -68.2229237499999 0
endloop
endfacet
facet normal 0 0 1
outer loop
vertex 137.01550624999993 -65.1609283 8.5
vertex 154.38091883224038 -68.2229237499999 0
vertex 137.01550624999996 -65.1609283 0
endloop
endfacet
facet normal 0.09481430939226242 0.9954949757454672 0
outer loop
vertex 136.69899787338164 -65.13078297141764 8.5
vertex 137.01550624999993 -65.1609283 8.5
vertex 137.01550624999996 -65.1609283 0
endloop
endfacet
facet normal 0.09481430939226242 0.9954949757454672 0
outer loop
vertex 136.69899787338164 -65.13078297141764 8.5
vertex 137.01550624999996 -65.1609283 0
vertex 136.69899787338167 -65.13078297141764 0
endloop
endfacet
facet normal -0.06413722365334709 0.9979410887131768 0
outer loop
vertex 136.38171177787666 -65.15117480566484 8.5
vertex 136.69899787338164 -65.13078297141764 8.5
vertex 136.69899787338167 -65.13078297141764 0
endloop
endfacet
facet normal -0.06413722365334709 0.9979410887131768 0
outer loop
vertex 136.38171177787666 -65.15117480566484 8.5
vertex 136.69899787338167 -65.13078297141764 0
vertex 136.38171177787663 -65.15117480566485 0
endloop
endfacet
facet normal -0.2214679081484974 0.9751676602822351 0
outer loop
vertex 136.0716662823125 -65.2215884690072 8.5
vertex 136.38171177787666 -65.15117480566484 8.5
vertex 136.38171177787663 -65.15117480566485 0
endloop
endfacet
facet normal -0.2214679081484974 0.9751676602822351 0
outer loop
vertex 136.0716662823125 -65.2215884690072 8.5
vertex 136.38171177787663 -65.15117480566485 0
vertex 136.07166628231244 -65.22158846900722 0
endloop
endfacet
facet normal -0.3732017501635034 0.9277502108191074 0
outer loop
vertex 135.77669672416494 -65.34024449738843 8.5
vertex 136.0716662823125 -65.2215884690072 8.5
vertex 136.07166628231244 -65.22158846900722 0
endloop
endfacet
facet normal -0.3732017501635034 0.9277502108191074 0
outer loop
vertex 135.77669672416494 -65.34024449738843 8.5
vertex 136.07166628231244 -65.22158846900722 0
vertex 135.77669672416494 -65.3402444973884 0
endloop
endfacet
facet normal -0.5155041967837976 0.8568870538748335 0
outer loop
vertex 135.50425744825213 -65.50414426628645 8.5
vertex 135.77669672416494 -65.34024449738843 8.5
vertex 135.77669672416494 -65.3402444973884 0
endloop
endfacet
facet normal -0.5155041967837976 0.8568870538748335 0
outer loop
vertex 135.50425744825213 -65.50414426628645 8.5
vertex 135.77669672416494 -65.3402444973884 0
vertex 135.5042574482521 -65.50414426628643 0
endloop
endfacet
facet normal -0.644779041295033 0.7643690129163127 0
outer loop
vertex 135.26123342371162 -65.70914577067379 8.5
vertex 135.50425744825213 -65.50414426628645 8.5
vertex 135.5042574482521 -65.50414426628643 0
endloop
endfacet
facet normal -0.644779041295033 0.7643690129163127 0
outer loop
vertex 135.26123342371162 -65.70914577067379 8.5
vertex 135.5042574482521 -65.50414426628643 0
vertex 135.26123342371167 -65.70914577067369 0
endloop
endfacet
facet normal -0.7577511962089376 0.6525435806472425 0
outer loop
vertex 135.05376249999998 -65.95006660000007 8.5
vertex 135.26123342371162 -65.70914577067379 8.5
vertex 135.26123342371167 -65.70914577067369 0
endloop
endfacet
facet normal -0.7577511962089376 0.6525435806472425 0
outer loop
vertex 135.05376249999998 -65.95006660000007 8.5
vertex 135.26123342371167 -65.70914577067369 0
vertex 135.0537625000001 -65.9500665999999 0
endloop
endfacet
facet normal 0 0 1
outer loop
vertex 133.39185585000018 -68.22292374999978 8.5
vertex 133.69846702882185 -67.80359610000528 8.5
vertex 133.87462936746 -67.56267292244026 8.5
endloop
endfacet
facet normal 0 0 1
outer loop
vertex 133.39185585000018 -68.22292374999978 8.5
vertex 133.87462936746 -67.56267292244026 8.5
vertex 134.02452727658923 -67.35766950992341 8.5
endloop
endfacet
facet normal 0 0 1
outer loop
vertex 133.39185585000018 -68.22292374999978 8.5
vertex 134.02452727658923 -67.35766950992341 8.5
vertex 134.14437110020842 -67.19376867265544 8.5
endloop
endfacet
facet normal 0 0 1
outer loop
vertex 133.39185585000018 -68.22292374999978 8.5
vertex 134.14437110020842 -67.19376867265544 8.5
vertex 134.23113213703024 -67.07511252377854 8.5
endloop
endfacet
facet normal 0 0 1
outer loop
vertex 133.39185585000018 -68.22292374999978 8.5
vertex 134.23113213703024 -67.07511252377854 8.5
vertex 134.28261775621976 -67.00469974957305 8.5
endloop
endfacet
facet normal 0 0 1
outer loop
vertex 133.39185585000018 -68.22292374999978 8.5
vertex 134.28261775621976 -67.00469974957305 8.5
vertex 134.29752680969702 -66.98430982647145 8.5
endloop
endfacet
facet normal 0 0 1
outer loop
vertex 133.39185585000018 -68.22292374999978 8.5
vertex 134.29752680969702 -66.98430982647145 8.5
vertex 135.05376249999998 -65.95006660000007 8.5
endloop
endfacet
facet normal 0 0 1
outer loop
vertex 133.39185585000018 -68.22292374999978 8.5
vertex 135.05376249999998 -65.95006660000007 8.5
vertex 135.0537625000001 -65.9500665999999 0
endloop
endfacet
facet normal 0 0 1
outer loop
vertex 133.39185585000018 -68.22292374999978 8.5
vertex 135.0537625000001 -65.9500665999999 0
vertex 133.39185585000004 -68.2229237499999 0
endloop
endfacet
facet normal -0.7577523493767431 0.6525422415553084 0
outer loop
vertex 133.18438692532234 -68.46384311902422 8.5
vertex 133.39185585000018 -68.22292374999978 8.5
vertex 133.39185585000004 -68.2229237499999 0
endloop
endfacet
facet normal -0.7577523493767431 0.6525422415553084 0
outer loop
vertex 133.18438692532234 -68.46384311902422 8.5
vertex 133.39185585000004 -68.2229237499999 0
vertex 133.18438692532237 -68.4638431190242 0
endloop
endfacet
facet normal -0.6447713736919227 0.7643754808125591 0
outer loop
vertex 132.94136180149886 -68.66884137820799 8.5
vertex 133.18438692532234 -68.46384311902422 8.5
vertex 133.18438692532237 -68.4638431190242 0
endloop
endfacet
facet normal -0.6447713736919227 0.7643754808125591 0
outer loop
vertex 132.94136180149886 -68.66884137820799 8.5
vertex 133.18438692532237 -68.4638431190242 0
vertex 132.94136180149889 -68.66884137820796 0
endloop
endfacet
facet normal -0.5154961393042745 0.8568919012118087 0
outer loop
vertex 132.66892205739038 -68.83273793981901 8.5
vertex 132.94136180149886 -68.66884137820799 8.5
vertex 132.94136180149889 -68.66884137820796 0
endloop
endfacet
facet normal -0.5154961393042745 0.8568919012118087 0
outer loop
vertex 132.66892205739038 -68.83273793981901 8.5
vertex 132.94136180149889 -68.66884137820796 0
vertex 132.66892205739043 -68.83273793981898 0
endloop
endfacet
facet normal -0.3731936090458413 0.9277534856670385 0
outer loop
vertex 132.37395261973597 -68.95139091250746 8.5
vertex 132.66892205739038 -68.83273793981901 8.5
vertex 132.66892205739043 -68.83273793981898 0
endloop
endfacet
facet normal -0.3731936090458413 0.9277534856670385 0
outer loop
vertex 132.37395261973597 -68.95139091250746 8.5
vertex 132.66892205739043 -68.83273793981898 0
vertex 132.37395261973592 -68.95139091250748 0
endloop
endfacet
facet normal -0.221459963418198 0.9751694645561921 0
outer loop
vertex 132.06390777159325 -69.02180177259211 8.5
vertex 132.37395261973597 -68.95139091250746 8.5
vertex 132.37395261973592 -68.95139091250748 0
endloop
endfacet
facet normal -0.221459963418198 0.9751694645561921 0
outer loop
vertex 132.06390777159325 -69.02180177259211 8.5
vertex 132.37395261973592 -68.95139091250748 0
vertex 132.0639077715932 -69.02180177259214 0
endloop
endfacet
facet normal -0.0641297201693192 0.997941570930385 0
outer loop
vertex 131.746622772359 -69.04219114087532 8.5
vertex 132.06390777159325 -69.02180177259211 8.5
vertex 132.0639077715932 -69.02180177259214 0
endloop
endfacet
facet normal -0.0641297201693192 0.997941570930385 0
outer loop
vertex 131.746622772359 -69.04219114087532 8.5
vertex 132.0639077715932 -69.02180177259214 0
vertex 131.74662277235925 -69.04219114087532 0
endloop
endfacet
facet normal 0.0948082486283113 0.9954955529745135 0
outer loop
vertex 131.43011169999974 -69.01204749999997 8.5
vertex 131.746622772359 -69.04219114087532 8.5
vertex 131.74662277235925 -69.04219114087532 0
endloop
endfacet
facet normal 0.0948082486283113 0.9954955529745135 0
outer loop
vertex 131.43011169999974 -69.01204749999997 8.5
vertex 131.74662277235925 -69.04219114087532 0
vertex 131.43011169999997 -69.0120475 0
endloop
endfacet
facet normal 0 0 -1
outer loop
vertex 117.24488249999997 -66.5108088 8.5
vertex 124.70909904116016 -67.82695160000002 8.5
vertex 127.75677038437459 -68.36433829999983 8.5
endloop
endfacet
facet normal 0 0 -1
outer loop
vertex 117.24488249999997 -66.5108088 8.5
vertex 127.75677038437459 -68.36433829999983 8.5
vertex 131.43011169999974 -69.01204749999997 8.5
endloop
endfacet
facet normal 0 0 -1
outer loop
vertex 117.24488249999997 -66.5108088 8.5
vertex 131.43011169999974 -69.01204749999997 8.5
vertex 131.43011169999997 -69.0120475 0
endloop
endfacet
facet normal 0 0 -1
outer loop
vertex 117.24488249999997 -66.5108088 8.5
vertex 131.43011169999997 -69.0120475 0
vertex 124.70909904116007 -67.8269516 0
endloop
endfacet
facet normal 0 0 -1
outer loop
vertex 117.24488249999997 -66.5108088 8.5
vertex 124.70909904116007 -67.8269516 0
vertex 117.24488249999999 -66.51080880000002 0
endloop
endfacet
facet normal -0.7230868845023996 0.6907570900545382 0
outer loop
vertex 115.98758549999997 -67.82695160000002 8.5
vertex 117.24488249999997 -66.5108088 8.5
vertex 117.24488249999999 -66.51080880000002 0
endloop
endfacet
facet normal -0.7230868845023996 0.6907570900545382 0
outer loop
vertex 115.98758549999997 -67.82695160000002 8.5
vertex 117.24488249999999 -66.51080880000002 0
vertex 115.9875855 -67.8269516 0
endloop
endfacet
facet normal 0 0 -1
outer loop
vertex 80.5159555499999 -61.65482039999999 8.5
vertex 90.99819202939985 -63.47874952058111 8.5
vertex 91.16830872635954 -63.50835014999752 8.5
endloop
endfacet
facet normal 0 0 -1
outer loop
vertex 80.5159555499999 -61.65482039999999 8.5
vertex 91.16830872635954 -63.50835014999752 8.5
vertex 115.98758549999997 -67.82695160000002 8.5
endloop
endfacet
facet normal 0 0 -1
outer loop
vertex 80.5159555499999 -61.65482039999999 8.5
vertex 115.98758549999997 -67.82695160000002 8.5
vertex 115.9875855 -67.8269516 0
endloop
endfacet
facet normal 0 0 -1
outer loop
vertex 80.5159555499999 -61.65482039999999 8.5
vertex 115.9875855 -67.8269516 0
vertex 80.51595554999999 -61.654820400000006 0
endloop
endfacet
facet normal 0.08502927749492528 0.9963784531836741 0
outer loop
vertex 80.16909350175085 -61.62521977058174 8.5
vertex 80.5159555499999 -61.65482039999999 8.5
vertex 80.51595554999999 -61.654820400000006 0
endloop
endfacet
facet normal 0.08502927749492528 0.9963784531836741 0
outer loop
vertex 80.16909350175085 -61.62521977058174 8.5
vertex 80.51595554999999 -61.654820400000006 0
vertex 80.16909350175082 -61.62521977058174 0
endloop
endfacet
facet normal -0.08903176690600392 0.9960287869743499 0
outer loop
vertex 79.8223531802783 -61.6562137577857 8.5
vertex 80.16909350175085 -61.62521977058174 8.5
vertex 80.16909350175082 -61.62521977058174 0
endloop
endfacet
facet normal -0.08903176690600392 0.9960287869743499 0
outer loop
vertex 79.8223531802783 -61.6562137577857 8.5
vertex 80.16909350175082 -61.62521977058174 0
vertex 79.82235318027834 -61.65621375778569 0
endloop
endfacet
facet normal -0.2603953829726889 0.9655020686288076 0
outer loop
vertex 79.48623990520373 -61.746863325330956 8.5
vertex 79.8223531802783 -61.6562137577857 8.5
vertex 79.82235318027834 -61.65621375778569 0
endloop
endfacet
facet normal -0.2603953829726889 0.9655020686288076 0
outer loop
vertex 79.48623990520373 -61.746863325330956 8.5
vertex 79.82235318027834 -61.65621375778569 0
vertex 79.48623990520375 -61.746863325330956 0
endloop
endfacet
facet normal -0.42386970391984957 0.9057231774106805 0
outer loop
vertex 79.17093702459667 -61.89442202977978 8.5
vertex 79.48623990520373 -61.746863325330956 8.5
vertex 79.48623990520375 -61.746863325330956 0
endloop
endfacet
facet normal -0.42386970391984957 0.9057231774106805 0
outer loop
vertex 79.17093702459667 -61.89442202977978 8.5
vertex 79.48623990520375 -61.746863325330956 0
vertex 79.17093702459667 -61.89442202977978 0
endloop
endfacet
facet normal -0.5745018878510411 0.8185032564721962 0
outer loop
vertex 78.8859973863183 -62.09441923054851 8.5
vertex 79.17093702459667 -61.89442202977978 8.5
vertex 79.17093702459667 -61.89442202977978 0
endloop
endfacet
facet normal -0.5745018878510411 0.8185032564721962 0
outer loop
vertex 78.8859973863183 -62.09441923054851 8.5
vertex 79.17093702459667 -61.89442202977978 0
vertex 78.88599738631832 -62.09441923054849 0
endloop
endfacet
facet normal -0.7077281758395074 0.7064848399809321 0
outer loop
vertex 78.64005391185862 -62.340795538557735 8.5
vertex 78.8859973863183 -62.09441923054851 8.5
vertex 78.88599738631832 -62.09441923054849 0
endloop
endfacet
facet normal -0.7077281758395074 0.7064848399809321 0
outer loop
vertex 78.64005391185862 -62.340795538557735 8.5
vertex 78.88599738631832 -62.09441923054849 0
vertex 78.64005391185857 -62.340795538557785 0
endloop
endfacet
facet normal -0.8195121618183507 0.5730617912859078 0
outer loop
vertex 78.44055804152575 -62.626086399781386 8.5
vertex 78.64005391185862 -62.340795538557735 8.5
vertex 78.64005391185857 -62.340795538557785 0
endloop
endfacet
facet normal -0.8195121618183507 0.5730617912859078 0
outer loop
vertex 78.44055804152575 -62.626086399781386 8.5
vertex 78.64005391185857 -62.340795538557785 0
vertex 78.44055804152573 -62.62608639978138 0
endloop
endfacet
facet normal -0.906467085066437 0.42227647778577126 0
outer loop
vertex 78.29355397540583 -62.94164825159791 8.5
vertex 78.44055804152575 -62.626086399781386 8.5
vertex 78.44055804152573 -62.62608639978138 0
endloop
endfacet
facet normal -0.906467085066437 0.42227647778577126 0
outer loop
vertex 78.29355397540583 -62.94164825159791 8.5
vertex 78.44055804152573 -62.62608639978138 0
vertex 78.29355397540584 -62.94164825159785 0
endloop
endfacet
facet normal -0.9659553226739266 0.2587089379938587 0
outer loop
vertex 78.20349109999998 -63.277920800000025 8.5
vertex 78.29355397540583 -62.94164825159791 8.5
vertex 78.29355397540584 -62.94164825159785 0
endloop
endfacet
facet normal -0.9659553226739266 0.2587089379938587 0
outer loop
vertex 78.20349109999998 -63.277920800000025 8.5
vertex 78.29355397540584 -62.94164825159785 0
vertex 78.20349109999998 -63.277920800000025 0
endloop
endfacet
facet normal 0.9961951819447131 -0.08715021210610988 0
outer loop
vertex 69.41936795000059 -122.30920494999843 8.5
vertex 69.38898551003922 -122.6565000348158 8.5
vertex 69.38898551003838 -122.65650003482014 1
endloop
endfacet
facet normal 0.9961951819447131 -0.08715021210610988 0
outer loop
vertex 69.41936795000059 -122.30920494999843 8.5
vertex 69.38898551003838 -122.65650003482014 1
vertex 69.41936795 -122.30920494999998 1
endloop
endfacet
facet normal 0.9961942774089347 0.0871605510405402 0
outer loop
vertex 69.38898551003922 -122.6565000348158 8.5
vertex 69.41937155437738 -123.00379480431172 8.5
vertex 69.41937155437512 -123.00379480429999 1
endloop
endfacet
facet normal 0.9961942774089347 0.0871605510405402 0
outer loop
vertex 69.38898551003922 -122.6565000348158 8.5
vertex 69.41937155437512 -123.00379480429999 1
vertex 69.38898551003838 -122.65650003482014 1
endloop
endfacet
facet normal 0.9659247647203224 0.258823006898517 0
outer loop
vertex 69.41937155437738 -123.00379480431172 8.5
vertex 69.50960282607772 -123.34053697005646 8.5
vertex 69.50960282608105 -123.34053697006564 1
endloop
endfacet
facet normal 0.9659247647203224 0.258823006898517 0
outer loop
vertex 69.41937155437738 -123.00379480431172 8.5
vertex 69.50960282608105 -123.34053697006564 1
vertex 69.41937155437512 -123.00379480429999 1
endloop
endfacet
facet normal 0.9063063600821823 0.4226213218409426 0
outer loop
vertex 69.50960282607772 -123.34053697005646 8.5
vertex 69.65693771635267 -123.65649487662051 8.5
vertex 69.65693771634731 -123.65649487661109 1
endloop
endfacet
facet normal 0.9063063600821823 0.4226213218409426 0
outer loop
vertex 69.50960282607772 -123.34053697005646 8.5
vertex 69.65693771634731 -123.65649487661109 1
vertex 69.50960282608105 -123.34053697006564 1
endloop
endfacet
facet normal 0.8191505235375933 0.5735786082029968 0
outer loop
vertex 69.65693771635267 -123.65649487662051 8.5
vertex 69.85689956618128 -123.94206838238257 8.5
vertex 69.85689956619096 -123.94206838239462 1
endloop
endfacet
facet normal 0.8191505235375933 0.5735786082029968 0
outer loop
vertex 69.65693771635267 -123.65649487662051 8.5
vertex 69.85689956619096 -123.94206838239462 1
vertex 69.65693771634731 -123.65649487661109 1
endloop
endfacet
facet normal 0.7071054191288481 0.7071081432416234 0
outer loop
vertex 69.85689956618128 -123.94206838238257 8.5
vertex 70.10341268636023 -124.18858055287717 8.5
vertex 70.10341268634565 -124.18858055286496 1
endloop
endfacet
facet normal 0.7071054191288481 0.7071081432416234 0
outer loop
vertex 69.85689956618128 -123.94206838238257 8.5
vertex 70.10341268634565 -124.18858055286496 1
vertex 69.85689956619096 -123.94206838239462 1
endloop
endfacet
facet normal 0.5735754524400533 0.8191527332300054 0
outer loop
vertex 70.10341268636023 -124.18858055287717 8.5
vertex 70.38898696246274 -124.38854130253476 8.5
vertex 70.38898696247544 -124.38854130254167 1
endloop
endfacet
facet normal 0.5735754524400533 0.8191527332300054 0
outer loop
vertex 70.10341268636023 -124.18858055287717 8.5
vertex 70.38898696247544 -124.38854130254167 1
vertex 70.10341268634565 -124.18858055286496 1
endloop
endfacet
facet normal 0.4226178303132721 0.9063079882144383 0
outer loop
vertex 70.38898696246274 -124.38854130253476 8.5
vertex 70.70494543663803 -124.53587497559234 8.5
vertex 70.70494543662271 -124.53587497558617 1
endloop
endfacet
facet normal 0.4226178303132721 0.9063079882144383 0
outer loop
vertex 70.38898696246274 -124.38854130253476 8.5
vertex 70.70494543662271 -124.53587497558617 1
vertex 70.38898696247544 -124.38854130254167 1
endloop
endfacet
facet normal 0.2588340034091911 0.9659218180987377 0
outer loop
vertex 70.70494543663803 -124.53587497559234 8.5
vertex 71.04168589997195 -124.62610989999455 8.5
vertex 71.04168590000016 -124.62610990000005 1
endloop
endfacet
facet normal 0.2588340034091911 0.9659218180987377 0
outer loop
vertex 70.70494543663803 -124.53587497559234 8.5
vertex 71.04168590000016 -124.62610990000005 1
vertex 70.70494543662271 -124.53587497558617 1
endloop
endfacet
facet normal 0.09482934611099839 0.9954935434829102 0
outer loop
vertex 107.03392545000794 -130.97250615000104 8.5
vertex 107.35043522352441 -131.00265643581332 8.5
vertex 107.35043522352805 -131.0026564358134 1
endloop
endfacet
facet normal 0.09482934611099839 0.9954935434829102 0
outer loop
vertex 107.03392545000794 -130.97250615000104 8.5
vertex 107.35043522352805 -131.0026564358134 1
vertex 107.03392544999981 -130.97250615 1
endloop
endfacet
facet normal -0.06412308133542413 0.9979419975329481 0
outer loop
vertex 107.35043522352441 -131.00265643581332 8.5
vertex 107.66772346483184 -130.9822689786721 8.5
vertex 107.6677234648239 -130.98226897867292 1
endloop
endfacet
facet normal -0.06412308133542413 0.9979419975329481 0
outer loop
vertex 107.35043522352441 -131.00265643581332 8.5
vertex 107.6677234648239 -130.98226897867292 1
vertex 107.35043522352805 -131.0026564358134 1
endloop
endfacet
facet normal -0.22145499866286408 0.9751705920336353 0
outer loop
vertex 107.66772346483184 -130.9822689786721 8.5
vertex 107.97777170698375 -130.9118590077274 8.5
vertex 107.97777170698112 -130.91185900772706 1
endloop
endfacet
facet normal -0.22145499866286408 0.9751705920336353 0
outer loop
vertex 107.66772346483184 -130.9822689786721 8.5
vertex 107.97777170698112 -130.91185900772706 1
vertex 107.6677234648239 -130.98226897867292 1
endloop
endfacet
facet normal -0.37319033424847864 0.9277548029643978 0
outer loop
vertex 107.97777170698375 -130.9118590077274 8.5
vertex 108.27274445139624 -130.79320591455047 8.5
vertex 108.27274445140327 -130.79320591454623 1
endloop
endfacet
facet normal -0.37319033424847864 0.9277548029643978 0
outer loop
vertex 107.97777170698375 -130.9118590077274 8.5
vertex 108.27274445140327 -130.79320591454623 1
vertex 107.97777170698112 -130.91185900772706 1
endloop
endfacet
facet normal -0.5154944525507403 0.8568929159407332 0
outer loop
vertex 108.27274445139624 -130.79320591455047 8.5
vertex 108.54518718550234 -130.62930828457033 8.5
vertex 108.54518718549996 -130.62930828457178 1
endloop
endfacet
facet normal -0.5154944525507403 0.8568929159407332 0
outer loop
vertex 108.27274445139624 -130.79320591455047 8.5
vertex 108.54518718549996 -130.62930828457178 1
vertex 108.27274445140327 -130.79320591454623 1
endloop
endfacet
facet normal -0.6447710625169191 0.7643757432969752 0
outer loop
vertex 108.54518718550234 -130.62930828457033 8.5
vertex 108.78821477215087 -130.42430811725941 8.5
vertex 108.7882147721529 -130.4243081172571 1
endloop
endfacet
facet normal -0.6447710625169191 0.7643757432969752 0
outer loop
vertex 108.54518718550234 -130.62930828457033 8.5
vertex 108.7882147721529 -130.4243081172571 1
vertex 108.54518718549996 -130.62930828457178 1
endloop
endfacet
facet normal -0.7577653348033996 0.6525271621705043 0
outer loop
vertex 108.78821477215087 -130.42430811725941 8.5
vertex 108.99568072777598 -130.18338249999982 8.5
vertex 108.99568090000031 -130.1833822999996 1
endloop
endfacet
facet normal -0.7577653348033996 0.6525271621705043 0
outer loop
vertex 108.78821477215087 -130.42430811725941 8.5
vertex 108.99568090000031 -130.1833822999996 1
vertex 108.7882147721529 -130.4243081172571 1
endloop
endfacet
facet normal 0 0 1
outer loop
vertex 108.99568072777598 -130.18338249999982 8.5
vertex 109.30228953797499 -129.7640554499999 8.5
vertex 109.47844788406351 -129.52313608097592 8.5
endloop
endfacet
facet normal 0 0 1
outer loop
vertex 108.99568072777598 -130.18338249999982 8.5
vertex 109.47844788406351 -129.52313608097592 8.5
vertex 109.62834099741158 -129.31813782179205 8.5
endloop
endfacet
facet normal 0 0 1
outer loop
vertex 108.99568072777598 -130.18338249999982 8.5
vertex 109.62834099741158 -129.31813782179205 8.5
vertex 109.74818087305125 -129.15424126018087 8.5
endloop
endfacet
facet normal 0 0 1
outer loop
vertex 108.99568072777598 -130.18338249999982 8.5
vertex 109.74818087305125 -129.15424126018087 8.5
vertex 109.8349389926327 -129.0355882874925 8.5
endloop
endfacet
facet normal 0 0 1
outer loop
vertex 108.99568072777598 -130.18338249999982 8.5
vertex 109.8349389926327 -129.0355882874925 8.5
vertex 109.8864228592451 -128.9651774274079 8.5
endloop
endfacet
facet normal 0 0 1
outer loop
vertex 108.99568072777598 -130.18338249999982 8.5
vertex 109.8864228592451 -128.9651774274079 8.5
vertex 109.9013314048266 -128.94478805912468 8.5
endloop
endfacet
facet normal 0 0 1
outer loop
vertex 108.99568072777598 -130.18338249999982 8.5
vertex 109.9013314048266 -128.94478805912468 8.5
vertex 110.65757589999943 -127.9105257000007 8.5
endloop
endfacet
facet normal 0 0 1
outer loop
vertex 108.99568072777598 -130.18338249999982 8.5
vertex 110.65757589999943 -127.9105257000007 8.5
vertex 110.65757590000003 -127.9105257 1
endloop
endfacet
facet normal 0 0 1
outer loop
vertex 108.99568072777598 -130.18338249999982 8.5
vertex 110.65757590000003 -127.9105257 1
vertex 108.99568090000031 -130.1833822999996 1
endloop
endfacet
facet normal -0.7577531025798273 0.6525413669114364 0
outer loop
vertex 110.65757589999943 -127.9105257000007 8.5
vertex 110.8650465778453 -127.66960373274496 8.5
vertex 110.86504657784704 -127.66960373274293 1
endloop
endfacet
facet normal -0.7577531025798273 0.6525413669114364 0
outer loop
vertex 110.65757589999943 -127.9105257000007 8.5
vertex 110.86504657784704 -127.66960373274293 1
vertex 110.65757590000003 -127.9105257 1
endloop
endfacet
facet normal -0.6447710625169261 0.7643757432969693 0
outer loop
vertex 110.8650465778453 -127.66960373274496 8.5
vertex 111.10807416450102 -127.46460356542796 8.5
vertex 111.10807416450004 -127.46460356542823 1
endloop
endfacet
facet normal -0.6447710625169261 0.7643757432969693 0
outer loop
vertex 110.8650465778453 -127.66960373274496 8.5
vertex 111.10807416450004 -127.46460356542823 1
vertex 110.86504657784704 -127.66960373274293 1
endloop
endfacet
facet normal -0.5154944525507131 0.8568929159407496 0
outer loop
vertex 111.10807416450102 -127.46460356542796 8.5
vertex 111.38051689860067 -127.3007059354517 8.5
vertex 111.38051689859658 -127.30070593545385 1
endloop
endfacet
facet normal -0.5154944525507131 0.8568929159407496 0
outer loop
vertex 111.10807416450102 -127.46460356542796 8.5
vertex 111.38051689859658 -127.30070593545385 1
vertex 111.10807416450004 -127.46460356542823 1
endloop
endfacet
facet normal -0.22145499866283555 0.9751705920336419 0
outer loop
vertex 111.67548964301312 -127.1820528422748 8.5
vertex 111.9855378851807 -127.1116428713266 8.5
vertex 111.98553788517611 -127.11164287132709 1
endloop
endfacet
facet normal -0.22145499866283555 0.9751705920336419 0
outer loop
vertex 111.67548964301312 -127.1820528422748 8.5
vertex 111.98553788517611 -127.11164287132709 1
vertex 111.67548964301889 -127.18205284227295 1
endloop
endfacet
facet normal -0.06412308133542413 0.9979419975329481 0
outer loop
vertex 111.9855378851807 -127.1116428713266 8.5
vertex 112.30282612646664 -127.09125541418676 8.5
vertex 112.30282612647186 -127.09125541418662 1
endloop
endfacet
facet normal -0.06412308133542413 0.9979419975329481 0
outer loop
vertex 111.9855378851807 -127.1116428713266 8.5
vertex 112.30282612647186 -127.09125541418662 1
vertex 111.98553788517611 -127.11164287132709 1
endloop
endfacet
facet normal 0.0948171604493098 0.9954947041970288 0
outer loop
vertex 112.30282612646664 -127.09125541418676 8.5
vertex 112.6193317999919 -127.12140139999988 8.5
vertex 112.61933180000001 -127.1214014 1
endloop
endfacet
facet normal 0.0948171604493098 0.9954947041970288 0
outer loop
vertex 112.30282612646664 -127.09125541418676 8.5
vertex 112.61933180000001 -127.1214014 1
vertex 112.30282612647186 -127.09125541418662 1
endloop
endfacet
facet normal 0.09482116923970803 0.9954943223665391 0
outer loop
vertex 126.57228384997747 -129.58167539999764 8.5
vertex 126.88879077236244 -129.61182279087544 8.5
vertex 126.8887907723591 -129.61182279087532 1
endloop
endfacet
facet normal 0.09482116923970803 0.9954943223665391 0
outer loop
vertex 126.57228384997747 -129.58167539999764 8.5
vertex 126.8887907723591 -129.61182279087532 1
vertex 126.57228384999996 -129.5816754 1
endloop
endfacet
facet normal -0.06412972016937604 0.9979415709303815 0
outer loop
vertex 126.88879077236244 -129.61182279087544 8.5
vertex 127.20607577158621 -129.5914334225929 8.5
vertex 127.20607577159296 -129.59143342259213 1
endloop
endfacet
facet normal -0.06412972016937604 0.9979415709303815 0
outer loop
vertex 126.88879077236244 -129.61182279087544 8.5
vertex 127.20607577159296 -129.59143342259213 1
vertex 126.8887907723591 -129.61182279087532 1
endloop
endfacet
facet normal -0.2214599634181972 0.9751694645561922 0
outer loop
vertex 127.20607577158621 -129.5914334225929 8.5
vertex 127.5161206197372 -129.5210225625064 8.5
vertex 127.51612061973634 -129.52102256250734 1
endloop
endfacet
facet normal -0.2214599634181972 0.9751694645561922 0
outer loop
vertex 127.20607577158621 -129.5914334225929 8.5
vertex 127.51612061973634 -129.52102256250734 1
vertex 127.20607577159296 -129.59143342259213 1
endloop
endfacet
facet normal -0.37319360904590004 0.9277534856670149 0
outer loop
vertex 127.5161206197372 -129.5210225625064 8.5
vertex 127.81109005739555 -129.40236958981632 8.5
vertex 127.81109005739013 -129.4023695898191 1
endloop
endfacet
facet normal -0.37319360904590004 0.9277534856670149 0
outer loop
vertex 127.5161206197372 -129.5210225625064 8.5
vertex 127.81109005739013 -129.4023695898191 1
vertex 127.51612061973634 -129.52102256250734 1
endloop
endfacet
facet normal -0.515496139304214 0.8568919012118451 0
outer loop
vertex 127.81109005739555 -129.40236958981632 8.5
vertex 128.08352980149638 -129.23847302820988 8.5
vertex 128.08352980149877 -129.23847302820798 1
endloop
endfacet
facet normal -0.515496139304214 0.8568919012118451 0
outer loop
vertex 127.81109005739555 -129.40236958981632 8.5
vertex 128.08352980149877 -129.23847302820798 1
vertex 127.81109005739013 -129.4023695898191 1
endloop
endfacet
facet normal -0.6447713736919534 0.7643754808125333 0
outer loop
vertex 128.08352980149638 -129.23847302820988 8.5
vertex 128.32655492532265 -129.0334747690238 8.5
vertex 128.32655492532265 -129.03347476902385 1
endloop
endfacet
facet normal -0.6447713736919534 0.7643754808125333 0
outer loop
vertex 128.08352980149638 -129.23847302820988 8.5
vertex 128.32655492532265 -129.03347476902385 1
vertex 128.08352980149877 -129.23847302820798 1
endloop
endfacet
facet normal -0.7577525224896526 0.6525420405311587 0
outer loop
vertex 128.32655492532265 -129.0334747690238 8.5
vertex 128.53402770000196 -128.79255079999766 8.5
vertex 128.53402769999988 -128.79255080000013 1
endloop
endfacet
facet normal -0.7577525224896526 0.6525420405311587 0
outer loop
vertex 128.32655492532265 -129.0334747690238 8.5
vertex 128.53402769999988 -128.79255080000013 1
vertex 128.32655492532265 -129.03347476902385 1
endloop
endfacet
facet normal -0.7577593049850159 0.6525341643995552 0
outer loop
vertex 130.19593425000156 -126.51970489999815 8.5
vertex 130.40340142371048 -126.27878237067505 8.5
vertex 130.40340142371167 -126.27878237067374 1
endloop
endfacet
facet normal -0.7577593049850159 0.6525341643995552 0
outer loop
vertex 130.19593425000156 -126.51970489999815 8.5
vertex 130.40340142371167 -126.27878237067374 1
vertex 130.19593425000008 -126.51970489999994 1
endloop
endfacet
facet normal -0.644779041295033 0.7643690129163128 0
outer loop
vertex 130.40340142371048 -126.27878237067505 8.5
vertex 130.64642544824773 -126.07378086629048 8.5
vertex 130.6464254482522 -126.07378086628641 1
endloop
endfacet
facet normal -0.644779041295033 0.7643690129163128 0
outer loop
vertex 130.40340142371048 -126.27878237067505 8.5
vertex 130.6464254482522 -126.07378086628641 1
vertex 130.40340142371167 -126.27878237067374 1
endloop
endfacet
facet normal -0.5155041967837808 0.8568870538748435 0
outer loop
vertex 130.64642544824773 -126.07378086629048 8.5
vertex 130.91886472416647 -125.90988109738888 8.5
vertex 130.9188647241649 -125.90988109738844 1
endloop
endfacet
facet normal -0.5155041967837808 0.8568870538748435 0
outer loop
vertex 130.64642544824773 -126.07378086629048 8.5
vertex 130.9188647241649 -125.90988109738844 1
vertex 130.6464254482522 -126.07378086628641 1
endloop
endfacet
facet normal -0.3732017501635034 0.9277502108191074 0
outer loop
vertex 130.91886472416647 -125.90988109738888 8.5
vertex 131.2138342823178 -125.79122506900615 8.5
vertex 131.21383428231246 -125.79122506900721 1
endloop
endfacet
facet normal -0.3732017501635034 0.9277502108191074 0
outer loop
vertex 130.91886472416647 -125.90988109738888 8.5
vertex 131.21383428231246 -125.79122506900721 1
vertex 130.9188647241649 -125.90988109738844 1
endloop
endfacet
facet normal -0.22146790814849662 0.9751676602822353 0
outer loop
vertex 131.2138342823178 -125.79122506900615 8.5
vertex 131.52387977788962 -125.72081140566206 8.5
vertex 131.5238797778765 -125.72081140566488 1
endloop
endfacet
facet normal -0.22146790814849662 0.9751676602822353 0
outer loop
vertex 131.2138342823178 -125.79122506900615 8.5
vertex 131.5238797778765 -125.72081140566488 1
vertex 131.21383428231246 -125.79122506900721 1
endloop
endfacet
facet normal -0.06413722365337551 0.997941088713175 0
outer loop
vertex 131.52387977788962 -125.72081140566206 8.5
vertex 131.84116587337007 -125.70041957141643 8.5
vertex 131.84116587338164 -125.70041957141767 1
endloop
endfacet
facet normal -0.06413722365337551 0.997941088713175 0
outer loop
vertex 131.52387977788962 -125.72081140566206 8.5
vertex 131.84116587338164 -125.70041957141767 1
vertex 131.5238797778765 -125.72081140566488 1
endloop
endfacet
facet normal 0.09482832060837158 0.9954936411703472 0
outer loop
vertex 131.84116587337007 -125.70041957141643 8.5
vertex 132.15767849998463 -125.73056979999843 8.5
vertex 132.1576785000001 -125.73056980000001 1
endloop
endfacet
facet normal 0.09482832060837158 0.9954936411703472 0
outer loop
vertex 131.84116587337007 -125.70041957141643 8.5
vertex 132.1576785000001 -125.73056980000001 1
vertex 131.84116587338164 -125.70041957141767 1
endloop
endfacet
facet normal 0.2513779100942632 0.9678890154953927 0
outer loop
vertex 142.03965195000106 -127.47302860000141 8.5
vertex 142.34738398280754 -127.55295205613895 8.5
vertex 142.3473839827981 -127.55295205613537 1
endloop
endfacet
facet normal 0.2513779100942632 0.9678890154953927 0
outer loop
vertex 142.03965195000106 -127.47302860000141 8.5
vertex 142.3473839827981 -127.55295205613537 1
vertex 142.03965195000006 -127.47302860000002 1
endloop
endfacet
facet normal 0 0 -1
outer loop
vertex 142.34738398280754 -127.55295205613895 8.5
vertex 142.34965169085703 -127.55394642647244 8.5
vertex 142.41841672910348 -127.58409929999998 8.5
endloop
endfacet
facet normal 0 0 -1
outer loop
vertex 142.34738398280754 -127.55295205613895 8.5
vertex 142.41841672910348 -127.58409929999998 8.5
vertex 142.63856227134812 -127.68063121305096 8.5
endloop
endfacet
facet normal 0 0 -1
outer loop
vertex 142.34738398280754 -127.55295205613895 8.5
vertex 142.63856227134812 -127.68063121305096 8.5
vertex 142.6385622713727 -127.68063121306228 1
endloop
endfacet
facet normal 0 0 -1
outer loop
vertex 142.34738398280754 -127.55295205613895 8.5
vertex 142.6385622713727 -127.68063121306228 1
vertex 142.3473839827981 -127.55295205613537 1
endloop
endfacet
facet normal 0.5416349202652556 0.8406138311669933 0
outer loop
vertex 142.63856227134812 -127.68063121305096 8.5
vertex 142.90582824809997 -127.8528394026386 8.5
vertex 142.90582824807225 -127.85283940261621 1
endloop
endfacet
facet normal 0.5416349202652556 0.8406138311669933 0
outer loop
vertex 142.63856227134812 -127.68063121305096 8.5
vertex 142.90582824807225 -127.85283940261621 1
vertex 142.6385622713727 -127.68063121306228 1
endloop
endfacet
facet normal 0.6680010832003104 0.74416030050199 0
outer loop
vertex 142.90582824809997 -127.8528394026386 8.5
vertex 143.14242764978033 -128.0652246326763 8.5
vertex 143.1424276497961 -128.06522463269295 1
endloop
endfacet
facet normal 0.6680010832003104 0.74416030050199 0
outer loop
vertex 142.90582824809997 -127.8528394026386 8.5
vertex 143.1424276497961 -128.06522463269295 1
vertex 142.90582824807225 -127.85283940261621 1
endloop
endfacet
facet normal 0.8673219966436821 0.4977474802929864 0
outer loop
vertex 143.34238120966168 -128.31241956947454 8.5
vertex 143.5006357630825 -128.5881771788754 8.5
vertex 143.50063576308483 -128.5881771788873 1
endloop
endfacet
facet normal 0.8673219966436821 0.4977474802929864 0
outer loop
vertex 143.34238120966168 -128.31241956947454 8.5
vertex 143.50063576308483 -128.5881771788873 1
vertex 143.3423812096406 -128.31241956944558 1
endloop
endfacet
facet normal 0 0 -1
outer loop
vertex 143.5006357630825 -128.5881771788754 8.5
vertex 143.56979610743238 -128.77088124999997 8.5
vertex 143.60005013359577 -128.85080470613545 8.5
endloop
endfacet
facet normal 0 0 -1
outer loop
vertex 143.5006357630825 -128.5881771788754 8.5
vertex 143.60005013359577 -128.85080470613545 8.5
vertex 143.61319389999343 -128.8855271999769 8.5
endloop
endfacet
facet normal 0 0 -1
outer loop
vertex 143.5006357630825 -128.5881771788754 8.5
vertex 143.61319389999343 -128.8855271999769 8.5
vertex 143.61319390000003 -128.88552720000007 1
endloop
endfacet
facet normal 0 0 -1
outer loop
vertex 143.5006357630825 -128.5881771788754 8.5
vertex 143.61319390000003 -128.88552720000007 1
vertex 143.50063576308483 -128.5881771788873 1
endloop
endfacet
facet normal 0.9352395706748314 0.3540154593290482 0
outer loop
vertex 144.3975113500063 -131.58970980002124 8.5
vertex 144.51006753690677 -131.88706122109502 8.5
vertex 144.51006753691533 -131.88706122111304 1
endloop
endfacet
facet normal 0.9352395706748314 0.3540154593290482 0
outer loop
vertex 144.3975113500063 -131.58970980002124 8.5
vertex 144.51006753691533 -131.88706122111304 1
vertex 144.39751135000003 -131.58970980000007 1
endloop
endfacet
facet normal 0.8673219966436821 0.4977474802929864 0
outer loop
vertex 144.51006753690677 -131.88706122109502 8.5
vertex 144.66832209037884 -132.16281883058517 8.5
vertex 144.6683220903593 -132.16281883055427 1
endloop
endfacet
facet normal 0.8673219966436821 0.4977474802929864 0
outer loop
vertex 144.51006753690677 -131.88706122109502 8.5
vertex 144.6683220903593 -132.16281883055427 1
vertex 144.51006753691533 -131.88706122111304 1
endloop
endfacet
facet normal 0.7774857293650365 0.6289005808820003 0
outer loop
vertex 144.66832209037884 -132.16281883058517 8.5
vertex 144.86827565019442 -132.41001376730208 8.5
vertex 144.868275650204 -132.41001376730716 1
endloop
endfacet
facet normal 0.7774857293650365 0.6289005808820003 0
outer loop
vertex 144.66832209037884 -132.16281883058517 8.5
vertex 144.868275650204 -132.41001376730716 1
vertex 144.6683220903593 -132.16281883055427 1
endloop
endfacet
facet normal 0.6680010832003103 0.74416030050199 0
outer loop
vertex 144.86827565019442 -132.41001376730208 8.5
vertex 145.1048750518895 -132.62239899735297 8.5
vertex 145.10487505192762 -132.62239899738367 1
endloop
endfacet
facet normal 0.6680010832003103 0.74416030050199 0
outer loop
vertex 144.86827565019442 -132.41001376730208 8.5
vertex 145.10487505192762 -132.62239899738367 1
vertex 144.868275650204 -132.41001376730716 1
endloop
endfacet
facet normal 0.5416349202652638 0.840613831166988 0
outer loop
vertex 145.1048750518895 -132.62239899735297 8.5
vertex 145.37214102866017 -132.79460718695276 8.5
vertex 145.37214102862745 -132.7946071869378 1
endloop
endfacet
facet normal 0.5416349202652638 0.840613831166988 0
outer loop
vertex 145.1048750518895 -132.62239899735297 8.5
vertex 145.37214102862745 -132.7946071869378 1
vertex 145.10487505192762 -132.62239899738367 1
endloop
endfacet
facet normal 0.4015807271460332 0.9158236290819666 0
outer loop
vertex 145.37214102866017 -132.79460718695276 8.5
vertex 145.66331931720597 -132.92228634386703 8.5
vertex 145.66331931720165 -132.92228634386456 1
endloop
endfacet
facet normal 0.4015807271460332 0.9158236290819666 0
outer loop
vertex 145.37214102866017 -132.79460718695276 8.5
vertex 145.66331931720165 -132.92228634386456 1
vertex 145.37214102862745 -132.7946071869378 1
endloop
endfacet
facet normal 0.2513762877109403 0.9678894368556084 0
outer loop
vertex 145.66331931720597 -132.92228634386703 8.5
vertex 145.9710526999745 -133.0022095999947 8.5
vertex 145.9710527000002 -133.00220960000001 1
endloop
endfacet
facet normal 0.2513762877109403 0.9678894368556084 0
outer loop
vertex 145.66331931720597 -132.92228634386703 8.5
vertex 145.9710527000002 -133.00220960000001 1
vertex 145.66331931720165 -132.92228634386456 1
endloop
endfacet
facet normal 0.173647822879644 0.9848078155707132 0
outer loop
vertex 145.9710526999745 -133.0022095999947 8.5
vertex 154.70114599999715 -134.54155734999867 8.5
vertex 154.70114600000014 -134.54155735000003 1
endloop
endfacet
facet normal 0.173647822879644 0.9848078155707132 0
outer loop
vertex 145.9710526999745 -133.0022095999947 8.5
vertex 154.70114600000014 -134.54155735000003 1
vertex 145.9710527000002 -133.00220960000001 1
endloop
endfacet
facet normal 0.2505108413009794 0.9681137941330428 0
outer loop
vertex 154.70114599999715 -134.54155734999867 8.5
vertex 155.00550787131255 -134.62031456728576 8.5
vertex 155.00550787131388 -134.6203145672867 1
endloop
endfacet
facet normal 0.2505108413009794 0.9681137941330428 0
outer loop
vertex 154.70114599999715 -134.54155734999867 8.5
vertex 155.00550787131388 -134.6203145672867 1
vertex 154.70114600000014 -134.54155735000003 1
endloop
endfacet
facet normal 0.3991259800357271 0.9168960966546431 0
outer loop
vertex 155.00550787131255 -134.62031456728576 8.5
vertex 155.29376759187997 -134.74579437235425 8.5
vertex 155.29376759188557 -134.74579437235707 1
endloop
endfacet
facet normal 0.3991259800357271 0.9168960966546431 0
outer loop
vertex 155.00550787131255 -134.62031456728576 8.5
vertex 155.29376759188557 -134.74579437235707 1
vertex 155.00550787131388 -134.6203145672867 1
endloop
endfacet
facet normal 0.537878830753559 0.8430221606975609 0
outer loop
vertex 155.29376759187997 -134.74579437235425 8.5
vertex 155.55880234703028 -134.9148961953613 8.5
vertex 155.55880234703935 -134.91489619536634 1
endloop
endfacet
facet normal 0.537878830753559 0.8430221606975609 0
outer loop
vertex 155.29376759187997 -134.74579437235425 8.5
vertex 155.55880234703935 -134.91489619536634 1
vertex 155.29376759188557 -134.74579437235707 1
endloop
endfacet
facet normal 0.6633408504746224 0.7483173899433345 0
outer loop
vertex 155.55880234703028 -134.9148961953613 8.5
vertex 155.79406320432753 -135.1234415789916 8.5
vertex 155.79406320430647 -135.1234415789699 1
endloop
endfacet
facet normal 0.6633408504746224 0.7483173899433345 0
outer loop
vertex 155.55880234703028 -134.9148961953613 8.5
vertex 155.79406320430647 -135.1234415789699 1
vertex 155.55880234703935 -134.91489619536634 1
endloop
endfacet
facet normal 0.7724119088253432 0.6351219120017747 0
outer loop
vertex 155.79406320432753 -135.1234415789916 8.5
vertex 155.9937369356544 -135.36627742679025 8.5
vertex 155.99373693566014 -135.3662774268012 1
endloop
endfacet
facet normal 0.7724119088253432 0.6351219120017747 0
outer loop
vertex 155.79406320432753 -135.1234415789916 8.5
vertex 155.99373693566014 -135.3662774268012 1
vertex 155.79406320430647 -135.1234415789699 1
endloop
endfacet
facet normal 0.8623968913664694 0.5062327545323891 0
outer loop
vertex 155.9937369356544 -135.36627742679025 8.5
vertex 156.15288966069957 -135.6374033349869 8.5
vertex 156.15288966070509 -135.6374033349974 1
endloop
endfacet
facet normal 0.8623968913664694 0.5062327545323891 0
outer loop
vertex 155.9937369356544 -135.36627742679025 8.5
vertex 156.15288966070509 -135.6374033349974 1
vertex 155.99373693566014 -135.3662774268012 1
endloop
endfacet
facet normal 0 0 1
outer loop
vertex 156.26758876144297 -135.93011986045823 8.5
vertex 156.29233289675471 -136.0428351796432 8.5
vertex 156.32964889038857 -136.21281825159747 8.5
endloop
endfacet
facet normal 0 0 1
outer loop
vertex 156.26758876144297 -135.93011986045823 8.5
vertex 156.32964889038857 -136.21281825159747 8.5
vertex 156.3350000561276 -136.23719406213547 8.5
endloop
endfacet
facet normal 0 0 1
outer loop
vertex 156.26758876144297 -135.93011986045823 8.5
vertex 156.3350000561276 -136.23719406213547 8.5
vertex 156.33500005612595 -136.23719406212595 1
endloop
endfacet
facet normal 0 0 1
outer loop
vertex 156.26758876144297 -135.93011986045823 8.5
vertex 156.33500005612595 -136.23719406212595 1
vertex 156.26758876144217 -135.93011986045263 1
endloop
endfacet
facet normal 0.9955183935983265 -0.09456811305830119 0
outer loop
vertex 152.32703860000046 -159.16403484999958 8.5
vertex 152.29583970539431 -159.4924655697837 8.5
vertex 152.29583970539505 -159.49246556977184 1
endloop
endfacet
facet normal 0.9955183935983265 -0.09456811305830119 0
outer loop
vertex 152.32703860000046 -159.16403484999958 8.5
vertex 152.29583970539505 -159.49246556977184 1
vertex 152.32703860000007 -159.16403484999975 1
endloop
endfacet
facet normal 0.9975206514148847 0.0703743561307988 0
outer loop
vertex 152.29583970539431 -159.4924655697837 8.5
vertex 152.31905685596232 -159.82155685291463 8.5
vertex 152.31905685596314 -159.82155685290365 1
endloop
endfacet
facet normal 0.9975206514148847 0.0703743561307988 0
outer loop
vertex 152.29583970539431 -159.4924655697837 8.5
vertex 152.31905685596314 -159.82155685290365 1
vertex 152.29583970539505 -159.49246556977184 1
endloop
endfacet
facet normal 0.9723803451952774 0.23340193717686503 0
outer loop
vertex 152.31905685596232 -159.82155685291463 8.5
vertex 152.3960583124003 -160.14235411662784 8.5
vertex 152.39605831240647 -160.14235411663913 1
endloop
endfacet
facet normal 0.9723803451952774 0.23340193717686503 0
outer loop
vertex 152.31905685596232 -159.82155685291463 8.5
vertex 152.39605831240647 -160.14235411663913 1
vertex 152.31905685596314 -159.82155685290365 1
endloop
endfacet
facet normal 0.9207815433550015 0.39007864516887014 0
outer loop
vertex 152.3960583124003 -160.14235411662784 8.5
vertex 152.52474886300683 -160.44612845872592 8.5
vertex 152.52474886300206 -160.44612845871137 1
endloop
endfacet
facet normal 0.9207815433550015 0.39007864516887014 0
outer loop
vertex 152.3960583124003 -160.14235411662784 8.5
vertex 152.52474886300206 -160.44612845871137 1
vertex 152.39605831240647 -160.14235411663913 1
endloop
endfacet
facet normal 0.8441282506945346 0.536141302624024 0
outer loop
vertex 152.52474886300683 -160.44612845872592 8.5
vertex 152.70162683436814 -160.7246141710202 8.5
vertex 152.70162683437093 -160.72461417101752 1
endloop
endfacet
facet normal 0.8441282506945346 0.536141302624024 0
outer loop
vertex 152.52474886300683 -160.44612845872592 8.5
vertex 152.70162683437093 -160.72461417101752 1
vertex 152.52474886300206 -160.44612845871137 1
endloop
endfacet
facet normal 0.744506205390482 0.6676155406632366 0
outer loop
vertex 152.70162683436814 -160.7246141710202 8.5
vertex 152.92187937207743 -160.97023364973194 8.5
vertex 152.92187937210477 -160.97023364975666 1
endloop
endfacet
facet normal 0.744506205390482 0.6676155406632366 0
outer loop
vertex 152.70162683436814 -160.7246141710202 8.5
vertex 152.92187937210477 -160.97023364975666 1
vertex 152.70162683437093 -160.72461417101752 1
endloop
endfacet
facet normal 0.6246261260031295 0.7809239416961952 0
outer loop
vertex 152.92187937207743 -160.97023364973194 8.5
vertex 153.1795133986751 -161.1763035822413 8.5
vertex 153.1795133986655 -161.17630358223647 1
endloop
endfacet
facet normal 0.6246261260031295 0.7809239416961952 0
outer loop
vertex 152.92187937207743 -160.97023364973194 8.5
vertex 153.1795133986655 -161.17630358223647 1
vertex 152.92187937210477 -160.97023364975666 1
endloop
endfacet
facet normal 0.48774995275081734 0.8729833810511948 0
outer loop
vertex 153.1795133986751 -161.1763035822413 8.5
vertex 153.46751868518922 -161.33721679999363 8.5
vertex 153.4675186851887 -161.33721679999385 1
endloop
endfacet
facet normal 0.48774995275081734 0.8729833810511948 0
outer loop
vertex 153.1795133986751 -161.1763035822413 8.5
vertex 153.4675186851887 -161.33721679999385 1
vertex 153.1795133986655 -161.17630358223647 1
endloop
endfacet
facet normal 0.3376164639700503 0.9412837634084419 0
outer loop
vertex 153.46751868518922 -161.33721679999363 8.5
vertex 153.77805720001325 -161.4485997000043 8.5
vertex 153.77805720000032 -161.44859970000007 1
endloop
endfacet
facet normal 0.3376164639700503 0.9412837634084419 0
outer loop
vertex 153.46751868518922 -161.33721679999363 8.5
vertex 153.77805720000032 -161.44859970000007 1
vertex 153.4675186851887 -161.33721679999385 1
endloop
endfacet
facet normal 0.25881878935047087 0.9659258948175872 0
outer loop
vertex 153.77805720001325 -161.4485997000043 8.5
vertex 167.15902604998166 -165.0340156999959 8.5
vertex 167.15902605000028 -165.03401570000008 1
endloop
endfacet
facet normal 0.25881878935047087 0.9659258948175872 0
outer loop
vertex 153.77805720001325 -161.4485997000043 8.5
vertex 167.15902605000028 -165.03401570000008 1
vertex 153.77805720000032 -161.44859970000007 1
endloop
endfacet
facet normal 0.3306176207247795 0.9437647953098728 0
outer loop
vertex 167.15902604998166 -165.0340156999959 8.5
vertex 167.44249678624394 -165.13332054886703 8.5
vertex 167.44249678624988 -165.13332054886675 1
endloop
endfacet
facet normal 0.3306176207247795 0.9437647953098728 0
outer loop
vertex 167.15902604998166 -165.0340156999959 8.5
vertex 167.44249678624988 -165.13332054886675 1
vertex 167.15902605000028 -165.03401570000008 1
endloop
endfacet
facet normal 0.4682244107783337 0.8836095863848933 0
outer loop
vertex 167.44249678624394 -165.13332054886703 8.5
vertex 167.70789920567427 -165.2739571980973 8.5
vertex 167.70789920563962 -165.2739571980755 1
endloop
endfacet
facet normal 0.4682244107783337 0.8836095863848933 0
outer loop
vertex 167.44249678624394 -165.13332054886703 8.5
vertex 167.70789920563962 -165.2739571980755 1
vertex 167.44249678624988 -165.13332054886675 1
endloop
endfacet
facet normal 0.5952707373844243 0.8035252013557532 0
outer loop
vertex 167.70789920567427 -165.2739571980973 8.5
vertex 167.94924734824392 -165.45275368954697 8.5
vertex 167.9492473482653 -165.45275368956666 1
endloop
endfacet
facet normal 0.5952707373844243 0.8035252013557532 0
outer loop
vertex 167.70789920567427 -165.2739571980973 8.5
vertex 167.9492473482653 -165.45275368956666 1
vertex 167.70789920563962 -165.2739571980755 1
endloop
endfacet
facet normal 0.7088911623958155 0.7053178856920541 0
outer loop
vertex 167.94924734824392 -165.45275368954697 8.5
vertex 168.1610977810677 -165.66567739760117 8.5
vertex 168.16109778106485 -165.66567739759657 1
endloop
endfacet
facet normal 0.7088911623958155 0.7053178856920541 0
outer loop
vertex 167.94924734824392 -165.45275368954697 8.5
vertex 168.16109778106485 -165.66567739759657 1
vertex 167.9492473482653 -165.45275368956666 1
endloop
endfacet
facet normal 0.8065230591795718 0.5912026344762218 0
outer loop
vertex 168.1610977810677 -165.66567739760117 8.5
vertex 168.3386723705169 -165.9079259816962 8.5
vertex 168.33867237051857 -165.90792598169776 1
endloop
endfacet
facet normal 0.8065230591795718 0.5912026344762218 0
outer loop
vertex 168.1610977810677 -165.66567739760117 8.5
vertex 168.33867237051857 -165.90792598169776 1
vertex 168.16109778106485 -165.66567739759657 1
endloop
endfacet
facet normal 0 0 -1
outer loop
vertex 168.3386723705169 -165.9079259816962 8.5
vertex 168.4731287767534 -166.1647975999999 8.5
vertex 168.47796209999933 -166.17403140000033 8.5
endloop
endfacet
facet normal 0 0 -1
outer loop
vertex 168.3386723705169 -165.9079259816962 8.5
vertex 168.47796209999933 -166.17403140000033 8.5
vertex 168.4779621000001 -166.17403140000013 1
endloop
endfacet
facet normal 0 0 -1
outer loop
vertex 168.3386723705169 -165.9079259816962 8.5
vertex 168.4779621000001 -166.17403140000013 1
vertex 168.33867237051857 -165.90792598169776 1
endloop
endfacet
facet normal 0.7234290253149265 0.6903987582056441 0
outer loop
vertex 170.17063294997214 -169.89763464112255 8.5
vertex 170.36652366960607 -170.10289722407 8.5
vertex 170.3665236696158 -170.10289722407688 1
endloop
endfacet
facet normal 0.7234290253149265 0.6903987582056441 0
outer loop
vertex 170.17063294997214 -169.89763464112255 8.5
vertex 170.3665236696158 -170.10289722407688 1
vertex 170.1706329499307 -169.8976346410758 1
endloop
endfacet
facet normal 0.6184503497976014 0.7858238764731094 0
outer loop
vertex 170.36652366960607 -170.10289722407 8.5
vertex 170.58948989438423 -170.27837361749036 8.5
vertex 170.58948989439307 -170.27837361749653 1
endloop
endfacet
facet normal 0.6184503497976014 0.7858238764731094 0
outer loop
vertex 170.36652366960607 -170.10289722407 8.5
vertex 170.58948989439307 -170.27837361749653 1
vertex 170.3665236696158 -170.10289722407688 1
endloop
endfacet
facet normal 0.501023726228054 0.8654335478571166 0
outer loop
vertex 170.58948989438423 -170.27837361749036 8.5
vertex 170.83504819994016 -170.42053419996432 8.5
vertex 170.8350482000001 -170.42053420000008 1
endloop
endfacet
facet normal 0.501023726228054 0.8654335478571166 0
outer loop
vertex 170.58948989438423 -170.27837361749036 8.5
vertex 170.8350482000001 -170.42053420000008 1
vertex 170.58948989439307 -170.27837361749653 1
endloop
endfacet
facet normal 0.43837118888998916 0.8987940257651792 0
outer loop
vertex 170.83504819994016 -170.42053419996432 8.5
vertex 186.15229660007188 -177.89125630002786 8.5
vertex 186.15229660000006 -177.8912563 1
endloop
endfacet
facet normal 0.43837118888998916 0.8987940257651792 0
outer loop
vertex 170.83504819994016 -170.42053419996432 8.5
vertex 186.15229660000006 -177.8912563 1
vertex 170.8350482000001 -170.42053420000008 1
endloop
endfacet
facet normal 0.3665061922206982 0.9304156120056696 0
outer loop
vertex 186.15229660007188 -177.89125630002786 8.5
vertex 186.44429581499386 -178.00627964982075 8.5
vertex 186.4442958150109 -178.0062796498279 1
endloop
endfacet
facet normal 0.3665061922206982 0.9304156120056696 0
outer loop
vertex 186.15229660007188 -177.89125630002786 8.5
vertex 186.4442958150109 -178.0062796498279 1
vertex 186.15229660000006 -177.8912563 1
endloop
endfacet
facet normal 0.21644432709030084 0.9762949622273112 0
outer loop
vertex 186.44429581499386 -178.00627964982075 8.5
vertex 186.75069368594907 -178.07420797431965 8.5
vertex 186.75069368593176 -178.07420797431917 1
endloop
endfacet
facet normal 0.21644432709030084 0.9762949622273112 0
outer loop
vertex 186.44429581499386 -178.00627964982075 8.5
vertex 186.75069368593176 -178.07420797431917 1
vertex 186.4442958150109 -178.0062796498279 1
endloop
endfacet
facet normal 0.06105284980259279 0.9981345347852573 0
outer loop
vertex 186.75069368594907 -178.07420797431965 8.5
vertex 187.06394563149735 -178.09336864186037 8.5
vertex 187.06394563148348 -178.09336864186008 1
endloop
endfacet
facet normal 0.06105284980259279 0.9981345347852573 0
outer loop
vertex 186.75069368594907 -178.07420797431965 8.5
vertex 187.06394563148348 -178.09336864186008 1
vertex 186.75069368593176 -178.07420797431917 1
endloop
endfacet
facet normal -0.09584196099783086 0.9953965634419732 0
outer loop
vertex 187.06394563149735 -178.09336864186037 8.5
vertex 187.37633829923007 -178.06328985017427 8.5
vertex 187.3763382992323 -178.06328985017242 1
endloop
endfacet
facet normal -0.09584196099783086 0.9953965634419732 0
outer loop
vertex 187.06394563149735 -178.09336864186037 8.5
vertex 187.3763382992323 -178.06328985017242 1
vertex 187.06394563148348 -178.09336864186008 1
endloop
endfacet
facet normal -0.25037680936640083 0.9681484665749882 0
outer loop
vertex 187.37633829923007 -178.06328985017427 8.5
vertex 187.68017949514316 -177.98471224372938 8.5
vertex 187.6801794951516 -177.98471224372588 1
endloop
endfacet
facet normal -0.25037680936640083 0.9681484665749882 0
outer loop
vertex 187.37633829923007 -178.06328985017427 8.5
vertex 187.6801794951516 -177.98471224372588 1
vertex 187.3763382992323 -178.06328985017242 1
endloop
endfacet
facet normal -0.3987465098419963 0.9170611871019442 0
outer loop
vertex 187.68017949514316 -177.98471224372938 8.5
vertex 187.96798759218936 -177.8595706764975 8.5
vertex 187.9679875921955 -177.85957067649503 1
endloop
endfacet
facet normal -0.3987465098419963 0.9170611871019442 0
outer loop
vertex 187.68017949514316 -177.98471224372938 8.5
vertex 187.9679875921955 -177.85957067649503 1
vertex 187.6801794951516 -177.98471224372588 1
endloop
endfacet
facet normal -0.6626187210667716 0.748956894949126 0
outer loop
vertex 188.23267575398285 -177.69094656911994 8.5
vertex 188.4677264373256 -177.48299203364155 8.5
vertex 188.46772643732623 -177.48299203364073 1
endloop
endfacet
facet normal -0.6626187210667716 0.748956894949126 0
outer loop
vertex 188.23267575398285 -177.69094656911994 8.5
vertex 188.46772643732623 -177.48299203364073 1
vertex 188.2326757539757 -177.69094656912594 1
endloop
endfacet
facet normal -0.7716237801902582 0.6360791946329452 0
outer loop
vertex 188.4677264373256 -177.48299203364155 8.5
vertex 188.66735187688306 -177.24082763399892 8.5
vertex 188.66735187688408 -177.24082763399758 1
endloop
endfacet
facet normal -0.7716237801902582 0.6360791946329452 0
outer loop
vertex 188.4677264373256 -177.48299203364155 8.5
vertex 188.66735187688408 -177.24082763399758 1
vertex 188.46772643732623 -177.48299203364073 1
endloop
endfacet
facet normal -0.8616365524874078 0.5075258135480547 0
outer loop
vertex 188.66735187688306 -177.24082763399892 8.5
vertex 188.82663320000384 -176.97041259999313 8.5
vertex 188.82663319999986 -176.9704126000003 1
endloop
endfacet
facet normal -0.8616365524874078 0.5075258135480547 0
outer loop
vertex 188.66735187688306 -177.24082763399892 8.5
vertex 188.82663319999986 -176.9704126000003 1
vertex 188.66735187688408 -177.24082763399758 1
endloop
endfacet
facet normal -0.9319585225205003 0.3625649077081323 0
outer loop
vertex 196.49130884999622 -161.25549890000863 8.5
vertex 196.61120699976635 -160.94730552514767 8.5
vertex 196.61120699976343 -160.94730552515622 1
endloop
endfacet
facet normal -0.9319585225205003 0.3625649077081323 0
outer loop
vertex 196.49130884999622 -161.25549890000863 8.5
vertex 196.61120699976343 -160.94730552515622 1
vertex 196.49130884999988 -161.25549890000022 1
endloop
endfacet
facet normal -0.9789626483627021 0.2040395381064284 0
outer loop
vertex 196.61120699976635 -160.94730552514767 8.5
vertex 196.67868171278133 -160.62356815363782 8.5
vertex 196.67868171278008 -160.62356815363836 1
endloop
endfacet
facet normal -0.9789626483627021 0.2040395381064284 0
outer loop
vertex 196.61120699976635 -160.94730552514767 8.5
vertex 196.67868171278008 -160.62356815363836 1
vertex 196.61120699976343 -160.94730552515622 1
endloop
endfacet
facet normal -0.9992022480269163 0.03993579269223344 0
outer loop
vertex 196.67868171278133 -160.62356815363782 8.5
vertex 196.6918882519451 -160.29313766180312 8.5
vertex 196.69188825194405 -160.29313766179854 1
endloop
endfacet
facet normal -0.9992022480269163 0.03993579269223344 0
outer loop
vertex 196.67868171278133 -160.62356815363782 8.5
vertex 196.69188825194405 -160.29313766179854 1
vertex 196.67868171278008 -160.62356815363836 1
endloop
endfacet
facet normal -0.9921239773217838 -0.12525978454078746 0
outer loop
vertex 196.6918882519451 -160.29313766180312 8.5
vertex 196.65046555469405 -159.96504791377444 8.5
vertex 196.65046555469203 -159.96504791376222 1
endloop
endfacet
facet normal -0.9921239773217838 -0.12525978454078746 0
outer loop
vertex 196.6918882519451 -160.29313766180312 8.5
vertex 196.65046555469203 -159.96504791376222 1
vertex 196.69188825194405 -160.29313766179854 1
endloop
endfacet
facet normal -0.9579213539079545 -0.28703079926577807 0
outer loop
vertex 196.65046555469405 -159.96504791377444 8.5
vertex 196.55554610433458 -159.6482687784583 8.5
vertex 196.5555461043387 -159.64826877846653 1
endloop
endfacet
facet normal -0.9579213539079545 -0.28703079926577807 0
outer loop
vertex 196.65046555469405 -159.96504791377444 8.5
vertex 196.5555461043387 -159.64826877846653 1
vertex 196.65046555469203 -159.96504791376222 1
endloop
endfacet
facet normal -0.8975294665870711 -0.4409544836011167 0
outer loop
vertex 196.55554610433458 -159.6482687784583 8.5
vertex 196.4097249683432 -159.35146089630538 8.5
vertex 196.40972496834448 -159.35146089630788 1
endloop
endfacet
facet normal -0.8975294665870711 -0.4409544836011167 0
outer loop
vertex 196.55554610433458 -159.6482687784583 8.5
vertex 196.40972496834448 -159.35146089630788 1
vertex 196.5555461043387 -159.64826877846653 1
endloop
endfacet
facet normal -0.8125988932077964 -0.5828233340880101 0
outer loop
vertex 196.4097249683432 -159.35146089630538 8.5
vertex 196.21698770001254 -159.0827378000168 8.5
vertex 196.2169877 -159.08273780000002 1
endloop
endfacet
facet normal -0.8125988932077964 -0.5828233340880101 0
outer loop
vertex 196.4097249683432 -159.35146089630538 8.5
vertex 196.2169877 -159.08273780000002 1
vertex 196.40972496834448 -159.35146089630788 1
endloop
endfacet
facet normal -0.8070352665736734 -0.5905032417407716 0
outer loop
vertex 183.81985384997554 -144.51183374997314 8.5
vertex 183.64689199357824 -144.27544839589248 8.5
vertex 183.64689199356738 -144.27544839587108 1
endloop
endfacet
facet normal -0.8070352665736734 -0.5905032417407716 0
outer loop
vertex 183.81985384997554 -144.51183374997314 8.5
vertex 183.64689199356738 -144.27544839587108 1
vertex 183.81985384999987 -144.51183374999985 1
endloop
endfacet
facet normal -0.8846291910396791 -0.46629517943088694 0
outer loop
vertex 183.64689199357824 -144.27544839589248 8.5
vertex 183.5103114057289 -144.01633532702408 8.5
vertex 183.51031140572476 -144.0163353270154 1
endloop
endfacet
facet normal -0.8846291910396791 -0.46629517943088694 0
outer loop
vertex 183.64689199357824 -144.27544839589248 8.5
vertex 183.51031140572476 -144.0163353270154 1
vertex 183.64689199356738 -144.27544839587108 1
endloop
endfacet
facet normal -0.9432491818134757 -0.3320858036836391 0
outer loop
vertex 183.5103114057289 -144.01633532702408 8.5
vertex 183.41304152972702 -143.74005211968384 8.5
vertex 183.4130415297276 -143.74005211968858 1
endloop
endfacet
facet normal -0.9432491818134757 -0.3320858036836391 0
outer loop
vertex 183.5103114057289 -144.01633532702408 8.5
vertex 183.4130415297276 -143.74005211968858 1
vertex 183.51031140572476 -144.0163353270154 1
endloop
endfacet
facet normal -0.9816379303762416 -0.19075369890686045 0
outer loop
vertex 183.41304152972702 -143.74005211968384 8.5
vertex 183.35716865460674 -143.45252462317106 8.5
vertex 183.35716865460662 -143.45252462317228 1
endloop
endfacet
facet normal -0.9816379303762416 -0.19075369890686045 0
outer loop
vertex 183.41304152972702 -143.74005211968384 8.5
vertex 183.35716865460662 -143.45252462317228 1
vertex 183.4130415297276 -143.74005211968858 1
endloop
endfacet
facet normal 0 0 -1
outer loop
vertex 183.35716865460674 -143.45252462317106 8.5
vertex 183.3462457159034 -143.21180859999984 8.5
vertex 183.34389116748127 -143.15991985943901 8.5
endloop
endfacet
facet normal 0 0 -1
outer loop
vertex 183.35716865460674 -143.45252462317106 8.5
vertex 183.34389116748127 -143.15991985943901 8.5
vertex 183.34389116748088 -143.15991985943324 1
endloop
endfacet
facet normal 0 0 -1
outer loop
vertex 183.35716865460674 -143.45252462317106 8.5
vertex 183.34389116748088 -143.15991985943324 1
vertex 183.35716865460662 -143.45252462317228 1
endloop
endfacet
facet normal 0 0 -1
outer loop
vertex 183.34389116748127 -143.15991985943901 8.5
vertex 183.36256086592567 -142.97616331270075 8.5
vertex 183.3734977000032 -142.86851749997808 8.5
endloop
endfacet
facet normal 0 0 -1
outer loop
vertex 183.34389116748127 -143.15991985943901 8.5
vertex 183.3734977000032 -142.86851749997808 8.5
vertex 183.37349770000006 -142.86851749999965 1
endloop
endfacet
facet normal 0 0 -1
outer loop
vertex 183.34389116748127 -143.15991985943901 8.5
vertex 183.37349770000006 -142.86851749999965 1
vertex 183.34389116748088 -143.15991985943324 1
endloop
endfacet
facet normal -0.9953958455686251 0.09584941640261474 0
outer loop
vertex 192.98528060000035 -88.35739384999518 8.5
vertex 193.0153617308217 -88.0450014143041 8.5
vertex 193.01536173082178 -88.04500141430421 1
endloop
endfacet
facet normal -0.9953958455686251 0.09584941640261474 0
outer loop
vertex 192.98528060000035 -88.35739384999518 8.5
vertex 193.01536173082178 -88.04500141430421 1
vertex 192.98528059999995 -88.35739385000018 1
endloop
endfacet
facet normal -0.9981349922440463 -0.061045370487676054 0
outer loop
vertex 193.0153617308217 -88.0450014143041 8.5
vertex 192.99620341098446 -87.73174933196961 8.5
vertex 192.996203410984 -87.73174933196097 1
endloop
endfacet
facet normal -0.9981349922440463 -0.061045370487676054 0
outer loop
vertex 193.0153617308217 -88.0450014143041 8.5
vertex 192.996203410984 -87.73174933196097 1
vertex 193.01536173082178 -88.04500141430421 1
endloop
endfacet
facet normal -0.9762965848173517 -0.2164370080969881 0
outer loop
vertex 192.99620341098446 -87.73174933196961 8.5
vertex 192.92827738493327 -87.42535095843317 8.5
vertex 192.92827738493608 -87.42535095843935 1
endloop
endfacet
facet normal -0.9762965848173517 -0.2164370080969881 0
outer loop
vertex 192.99620341098446 -87.73174933196961 8.5
vertex 192.92827738493608 -87.42535095843935 1
vertex 192.996203410984 -87.73174933196097 1
endloop
endfacet
facet normal -0.9304183608132149 -0.3664992139986799 0
outer loop
vertex 192.92827738493327 -87.42535095843317 8.5
vertex 192.81325622761452 -87.1333508870449 8.5
vertex 192.81325622762324 -87.13335088706611 1
endloop
endfacet
facet normal -0.9304183608132149 -0.3664992139986799 0
outer loop
vertex 192.92827738493327 -87.42535095843317 8.5
vertex 192.81325622762324 -87.13335088706611 1
vertex 192.92827738493608 -87.42535095843935 1
endloop
endfacet
facet normal -0.8616300016287559 -0.5075369349054609 0
outer loop
vertex 192.81325622761452 -87.1333508870449 8.5
vertex 192.653972159891 -86.86293917492468 8.5
vertex 192.65397215987642 -86.86293917490634 1
endloop
endfacet
facet normal -0.8616300016287559 -0.5075369349054609 0
outer loop
vertex 192.81325622761452 -87.1333508870449 8.5
vertex 192.65397215987642 -86.86293917490634 1
vertex 192.81325622762324 -87.13335088706611 1
endloop
endfacet
facet normal -0.7716253158496464 -0.636077331729353 0
outer loop
vertex 192.653972159891 -86.86293917492468 8.5
vertex 192.45434730928446 -86.62077429855357 8.5
vertex 192.4543473092859 -86.6207742985547 1
endloop
endfacet
facet normal -0.7716253158496464 -0.636077331729353 0
outer loop
vertex 192.653972159891 -86.86293917492468 8.5
vertex 192.4543473092859 -86.6207742985547 1
vertex 192.65397215987642 -86.86293917490634 1
endloop
endfacet
facet normal -0.6626205317929541 -0.7489552929557429 0
outer loop
vertex 192.45434730928446 -86.62077429855357 8.5
vertex 192.2192971337861 -86.41281919929513 8.5
vertex 192.21929713378515 -86.4128191992941 1
endloop
endfacet
facet normal -0.6626205317929541 -0.7489552929557429 0
outer loop
vertex 192.45434730928446 -86.62077429855357 8.5
vertex 192.21929713378515 -86.4128191992941 1
vertex 192.4543473092859 -86.6207742985547 1
endloop
endfacet
facet normal -0.5372997262604217 -0.8433913706936275 0
outer loop
vertex 192.2192971337861 -86.41281919929513 8.5
vertex 191.95460938599294 -86.24419445475121 8.5
vertex 191.95460938598268 -86.24419445474427 1
endloop
endfacet
facet normal -0.5372997262604217 -0.8433913706936275 0
outer loop
vertex 192.2192971337861 -86.41281919929513 8.5
vertex 191.95460938598268 -86.24419445474427 1
vertex 192.21929713378515 -86.4128191992941 1
endloop
endfacet
facet normal -0.398748733234348 -0.9170602203476077 0
outer loop
vertex 191.95460938599294 -86.24419445475121 8.5
vertex 191.66680159854053 -86.11905219242723 8.5
vertex 191.6668015985687 -86.11905219243701 1
endloop
endfacet
facet normal -0.398748733234348 -0.9170602203476077 0
outer loop
vertex 191.95460938599294 -86.24419445475121 8.5
vertex 191.6668015985687 -86.11905219243701 1
vertex 191.95460938598268 -86.24419445474427 1
endloop
endfacet
facet normal -0.25036812482427667 -0.9681507124781635 0
outer loop
vertex 191.66680159854053 -86.11905219242723 8.5
vertex 191.3629611999867 -86.04047769999407 8.5
vertex 191.3629611999999 -86.04047769999997 1
endloop
endfacet
facet normal -0.25036812482427667 -0.9681507124781635 0
outer loop
vertex 191.66680159854053 -86.11905219242723 8.5
vertex 191.3629611999999 -86.04047769999997 1
vertex 191.6668015985687 -86.11905219243701 1
endloop
endfacet
facet normal -0.25137791009422733 -0.9678890154954021 0
outer loop
vertex 178.15303700002224 -83.71121135000077 8.5
vertex 177.84530496716042 -83.63128789384886 8.5
vertex 177.8453049672018 -83.63128789386462 1
endloop
endfacet
facet normal -0.25137791009422733 -0.9678890154954021 0
outer loop
vertex 178.15303700002224 -83.71121135000077 8.5
vertex 177.8453049672018 -83.63128789386462 1
vertex 178.15303699999978 -83.71121134999996 1
endloop
endfacet
facet normal -0.40158072714609083 -0.9158236290819411 0
outer loop
vertex 177.84530496716042 -83.63128789384886 8.5
vertex 177.554126678648 -83.5036087369492 8.5
vertex 177.5541266786274 -83.50360873693778 1
endloop
endfacet
facet normal -0.40158072714609083 -0.9158236290819411 0
outer loop
vertex 177.84530496716042 -83.63128789384886 8.5
vertex 177.5541266786274 -83.50360873693778 1
vertex 177.8453049672018 -83.63128789386462 1
endloop
endfacet
facet normal -0.5416349202652025 -0.8406138311670274 0
outer loop
vertex 177.554126678648 -83.5036087369492 8.5
vertex 177.2868607019338 -83.33140054738583 8.5
vertex 177.28686070192765 -83.33140054738371 1
endloop
endfacet
facet normal -0.5416349202652025 -0.8406138311670274 0
outer loop
vertex 177.554126678648 -83.5036087369492 8.5
vertex 177.28686070192765 -83.33140054738371 1
vertex 177.5541266786274 -83.50360873693778 1
endloop
endfacet
facet normal -0.6680010832003478 -0.7441603005019565 0
outer loop
vertex 177.2868607019338 -83.33140054738583 8.5
vertex 177.0502613001902 -83.11901531729134 8.5
vertex 177.05026130020397 -83.11901531730715 1
endloop
endfacet
facet normal -0.6680010832003478 -0.7441603005019565 0
outer loop
vertex 177.2868607019338 -83.33140054738583 8.5
vertex 177.05026130020397 -83.11901531730715 1
vertex 177.28686070192765 -83.33140054738371 1
endloop
endfacet
facet normal -0.7774857293650334 -0.6289005808820041 0
outer loop
vertex 177.0502613001902 -83.11901531729134 8.5
vertex 176.85030774036784 -82.87182038056606 8.5
vertex 176.85030774035948 -82.87182038055451 1
endloop
endfacet
facet normal -0.7774857293650334 -0.6289005808820041 0
outer loop
vertex 177.0502613001902 -83.11901531729134 8.5
vertex 176.85030774035948 -82.87182038055451 1
vertex 177.05026130020397 -83.11901531730715 1
endloop
endfacet
facet normal -0.8673219966436997 -0.4977474802929558 0
outer loop
vertex 176.85030774036784 -82.87182038056606 8.5
vertex 176.6920531869188 -82.596062771116 8.5
vertex 176.69205318691516 -82.59606277111268 1
endloop
endfacet
facet normal -0.8673219966436997 -0.4977474802929558 0
outer loop
vertex 176.85030774036784 -82.87182038056606 8.5
vertex 176.69205318691516 -82.59606277111268 1
vertex 176.85030774035948 -82.87182038055451 1
endloop
endfacet
facet normal 0 0 1
outer loop
vertex 176.6920531869188 -82.596062771116 8.5
vertex 176.62289220903858 -82.41335869999999 8.5
vertex 176.59263790573746 -82.33343524386461 8.5
endloop
endfacet
facet normal 0 0 1
outer loop
vertex 176.6920531869188 -82.596062771116 8.5
vertex 176.59263790573746 -82.33343524386461 8.5
vertex 176.57949399998785 -82.2987126999616 8.5
endloop
endfacet
facet normal 0 0 1
outer loop
vertex 176.6920531869188 -82.596062771116 8.5
vertex 176.57949399998785 -82.2987126999616 8.5
vertex 176.57949399999998 -82.29871269999995 1
endloop
endfacet
facet normal 0 0 1
outer loop
vertex 176.6920531869188 -82.596062771116 8.5
vertex 176.57949399999998 -82.29871269999995 1
vertex 176.69205318691516 -82.59606277111268 1
endloop
endfacet
facet normal -0.93523957067481 -0.354015459329105 0
outer loop
vertex 175.7951776499984 -79.59453014999792 8.5
vertex 175.68262146308675 -79.29717872889454 8.5
vertex 175.6826214630848 -79.29717872888727 1
endloop
endfacet
facet normal -0.93523957067481 -0.354015459329105 0
outer loop
vertex 175.7951776499984 -79.59453014999792 8.5
vertex 175.6826214630848 -79.29717872888727 1
vertex 175.79517764999994 -79.59453014999981 1
endloop
endfacet
facet normal -0.8673219966437076 -0.497747480292942 0
outer loop
vertex 175.68262146308675 -79.29717872889454 8.5
vertex 175.52436690964618 -79.02142111945926 8.5
vertex 175.5243669096406 -79.02142111944565 1
endloop
endfacet
facet normal -0.8673219966437076 -0.497747480292942 0
outer loop
vertex 175.68262146308675 -79.29717872889454 8.5
vertex 175.5243669096406 -79.02142111944565 1
vertex 175.6826214630848 -79.29717872888727 1
endloop
endfacet
facet normal -0.7774857293650208 -0.6289005808820195 0
outer loop
vertex 175.52436690964618 -79.02142111945926 8.5
vertex 175.3244133497697 -78.77422618266708 8.5
vertex 175.32441334979606 -78.77422618269291 1
endloop
endfacet
facet normal -0.7774857293650208 -0.6289005808820195 0
outer loop
vertex 175.52436690964618 -79.02142111945926 8.5
vertex 175.32441334979606 -78.77422618269291 1
vertex 175.5243669096406 -79.02142111944565 1
endloop
endfacet
facet normal -0.6680010832003478 -0.7441603005019565 0
outer loop
vertex 175.3244133497697 -78.77422618266708 8.5
vertex 175.08781394806647 -78.56184095260882 8.5
vertex 175.08781394807224 -78.56184095261622 1
endloop
endfacet
facet normal -0.6680010832003478 -0.7441603005019565 0
outer loop
vertex 175.3244133497697 -78.77422618266708 8.5
vertex 175.08781394807224 -78.56184095261622 1
vertex 175.32441334979606 -78.77422618269291 1
endloop
endfacet
facet normal -0.5416349202651992 -0.8406138311670295 0
outer loop
vertex 175.08781394806647 -78.56184095260882 8.5
vertex 174.82054797137613 -78.38963276306082 8.5
vertex 174.8205479713726 -78.38963276306222 1
endloop
endfacet
facet normal -0.5416349202651992 -0.8406138311670295 0
outer loop
vertex 175.08781394806647 -78.56184095260882 8.5
vertex 174.8205479713726 -78.38963276306222 1
vertex 175.08781394807224 -78.56184095261622 1
endloop
endfacet
facet normal -0.40158072714606696 -0.9158236290819518 0
outer loop
vertex 174.82054797137613 -78.38963276306082 8.5
vertex 174.52936968280653 -78.2619536061361 8.5
vertex 174.52936968279823 -78.2619536061354 1
endloop
endfacet
facet normal -0.40158072714606696 -0.9158236290819518 0
outer loop
vertex 174.82054797137613 -78.38963276306082 8.5
vertex 174.52936968279823 -78.2619536061354 1
vertex 174.8205479713726 -78.38963276306222 1
endloop
endfacet
facet normal -0.25137566979031695 -0.967889597339216 0
outer loop
vertex 174.52936968280653 -78.2619536061361 8.5
vertex 174.22163529998787 -78.1820302999954 8.5
vertex 174.22163530000003 -78.18203030000001 1
endloop
endfacet
facet normal -0.25137566979031695 -0.967889597339216 0
outer loop
vertex 174.52936968280653 -78.2619536061361 8.5
vertex 174.22163530000003 -78.18203030000001 1
vertex 174.52936968279823 -78.2619536061354 1
endloop
endfacet
facet normal -0.25137791009421645 -0.9678890154954048 0
outer loop
vertex 160.26868809999755 -75.72175019999722 8.5
vertex 159.96095606719086 -75.64182674385964 8.5
vertex 159.96095606720178 -75.6418267438646 1
endloop
endfacet
facet normal -0.25137791009421645 -0.9678890154954048 0
outer loop
vertex 160.26868809999755 -75.72175019999722 8.5
vertex 159.96095606720178 -75.6418267438646 1
vertex 160.2686881 -75.72175019999999 1
endloop
endfacet
facet normal -0.40158072714610166 -0.9158236290819365 0
outer loop
vertex 159.96095606719086 -75.64182674385964 8.5
vertex 159.6697777786074 -75.51414758692881 8.5
vertex 159.6697777786275 -75.51414758693782 1
endloop
endfacet
facet normal -0.40158072714610166 -0.9158236290819365 0
outer loop
vertex 159.96095606719086 -75.64182674385964 8.5
vertex 159.6697777786275 -75.51414758693782 1
vertex 159.96095606720178 -75.6418267438646 1
endloop
endfacet
facet normal -0.5416349202652315 -0.8406138311670087 0
outer loop
vertex 159.6697777786074 -75.51414758692881 8.5
vertex 159.4025118019254 -75.34193939738618 8.5
vertex 159.40251180192766 -75.3419393973837 1
endloop
endfacet
facet normal -0.5416349202652315 -0.8406138311670087 0
outer loop
vertex 159.6697777786074 -75.51414758692881 8.5
vertex 159.40251180192766 -75.3419393973837 1
vertex 159.6697777786275 -75.51414758693782 1
endloop
endfacet
facet normal -0.8673219966436978 -0.49774748029295884 0
outer loop
vertex 158.96595884035344 -74.88235923054421 8.5
vertex 158.80770428691818 -74.60660162111819 8.5
vertex 158.80770428691525 -74.60660162111283 1
endloop
endfacet
facet normal -0.8673219966436978 -0.49774748029295884 0
outer loop
vertex 158.96595884035344 -74.88235923054421 8.5
vertex 158.80770428691525 -74.60660162111283 1
vertex 158.9659588403594 -74.88235923055439 1
endloop
endfacet
facet normal 0 0 -1
outer loop
vertex 158.80770428691818 -74.60660162111819 8.5
vertex 158.73854235971922 -74.42389254999996 8.5
vertex 158.7082884690892 -74.34396909386462 8.5
endloop
endfacet
facet normal 0 0 -1
outer loop
vertex 158.80770428691818 -74.60660162111819 8.5
vertex 158.7082884690892 -74.34396909386462 8.5
vertex 158.69514619998773 -74.30925039996517 8.5
endloop
endfacet
facet normal 0 0 -1
outer loop
vertex 158.80770428691818 -74.60660162111819 8.5
vertex 158.69514619998773 -74.30925039996517 8.5
vertex 158.69514619999998 -74.30925039999991 1
endloop
endfacet
facet normal 0 0 -1
outer loop
vertex 158.80770428691818 -74.60660162111819 8.5
vertex 158.69514619999998 -74.30925039999991 1
vertex 158.80770428691525 -74.60660162111283 1
endloop
endfacet
facet normal 0 0 -1
outer loop
vertex 158.69514619998773 -74.30925039996517 8.5
vertex 158.66818405981454 -74.21628993693771 8.5
vertex 158.6182370049644 -74.04408174738373 8.5
endloop
endfacet
facet normal 0 0 -1
outer loop
vertex 158.69514619998773 -74.30925039996517 8.5
vertex 158.6182370049644 -74.04408174738373 8.5
vertex 158.55663704991312 -73.83169651730722 8.5
endloop
endfacet
facet normal 0 0 -1
outer loop
vertex 158.69514619998773 -74.30925039996517 8.5
vertex 158.55663704991312 -73.83169651730722 8.5
vertex 158.48494092967258 -73.58450158055433 8.5
endloop
endfacet
facet normal 0 0 -1
outer loop
vertex 158.69514619998773 -74.30925039996517 8.5
vertex 158.48494092967258 -73.58450158055433 8.5
vertex 158.40496052641888 -73.30874397111286 8.5
endloop
endfacet
facet normal 0 0 -1
outer loop
vertex 158.69514619998773 -74.30925039996517 8.5
vertex 158.40496052641888 -73.30874397111286 8.5
vertex 158.31871781976523 -73.0113951000007 8.5
endloop
endfacet
facet normal 0 0 -1
outer loop
vertex 158.69514619998773 -74.30925039996517 8.5
vertex 158.31871781976523 -73.0113951000007 8.5
vertex 157.91082869999224 -71.60506899998072 8.5
endloop
endfacet
facet normal 0 0 -1
outer loop
vertex 158.69514619998773 -74.30925039996517 8.5
vertex 157.91082869999224 -71.60506899998072 8.5
vertex 157.91082870000005 -71.60506900000016 1
endloop
endfacet
facet normal 0 0 -1
outer loop
vertex 158.69514619998773 -74.30925039996517 8.5
vertex 157.91082870000005 -71.60506900000016 1
vertex 158.69514619999998 -74.30925039999991 1
endloop
endfacet
facet normal -0.9352395706748314 -0.3540154593290482 0
outer loop
vertex 157.91082869999224 -71.60506899998072 8.5
vertex 157.79827251308356 -71.30771757888519 8.5
vertex 157.79827251308467 -71.30771757888698 1
endloop
endfacet
facet normal -0.9352395706748314 -0.3540154593290482 0
outer loop
vertex 157.91082869999224 -71.60506899998072 8.5
vertex 157.79827251308467 -71.30771757888698 1
vertex 157.91082870000005 -71.60506900000016 1
endloop
endfacet
facet normal -0.8673219966437136 -0.4977474802929313 0
outer loop
vertex 157.79827251308356 -71.30771757888519 8.5
vertex 157.64001795964091 -71.03195996944628 8.5
vertex 157.64001795964063 -71.03195996944564 1
endloop
endfacet
facet normal -0.8673219966437136 -0.4977474802929313 0
outer loop
vertex 157.79827251308356 -71.30771757888519 8.5
vertex 157.64001795964063 -71.03195996944564 1
vertex 157.79827251308467 -71.30771757888698 1
endloop
endfacet
facet normal -0.7774857293650203 -0.6289005808820203 -2.455394961049005e-14
outer loop
vertex 157.64001795964091 -71.03195996944628 8.5
vertex 157.44006439980447 -70.78476503270359 8.5
vertex 157.44006439979609 -70.78476503269293 1
endloop
endfacet
facet normal -0.7774857293650203 -0.6289005808820203 -2.455394961049005e-14
outer loop
vertex 157.64001795964091 -71.03195996944628 8.5
vertex 157.44006439979609 -70.78476503269293 1
vertex 157.45637269787335 -70.80492635772706 1
endloop
endfacet
facet normal -0.7774857293650203 -0.6289005808820203 -2.455394961049005e-14
outer loop
vertex 157.64001795964091 -71.03195996944628 8.5
vertex 157.45637269787335 -70.80492635772706 1
vertex 157.51332663278853 -70.8753363286729 1
endloop
endfacet
facet normal -0.7774857293650203 -0.6289005808820203 -2.455394961049005e-14
outer loop
vertex 157.64001795964091 -71.03195996944628 8.5
vertex 157.51332663278853 -70.8753363286729 1
vertex 157.5298178469087 -70.89572378581337 1
endloop
endfacet
facet normal -0.7774857293650203 -0.6289005808820203 -2.455394961049005e-14
outer loop
vertex 157.64001795964091 -71.03195996944628 8.5
vertex 157.5298178469087 -70.89572378581337 1
vertex 157.64001795964063 -71.03195996944564 1
endloop
endfacet
facet normal -0.5416349202653125 -0.8406138311669568 -5.555105579232108e-13
outer loop
vertex 157.20346499807962 -70.57237980262596 8.5
vertex 156.93619902134603 -70.40017161305005 8.5
vertex 156.9361990213727 -70.40017161306227 1
endloop
endfacet
facet normal -0.5416349202653125 -0.8406138311669568 -5.555105579232108e-13
outer loop
vertex 157.20346499807962 -70.57237980262596 8.5
vertex 156.9361990213727 -70.40017161306227 1
vertex 157.12585885839854 -70.52237563457166 1
endloop
endfacet
facet normal -0.5416349202653125 -0.8406138311669568 -5.555105579232108e-13
outer loop
vertex 157.20346499807962 -70.57237980262596 8.5
vertex 157.12585885839854 -70.52237563457166 1
vertex 157.20346499807238 -70.5723798026163 1
endloop
endfacet
facet normal -0.4015807271460435 -0.9158236290819621 6.278745801974595e-14
outer loop
vertex 156.93619902134603 -70.40017161305005 8.5
vertex 156.64502073279718 -70.27249245613443 8.5
vertex 156.64502073279814 -70.27249245613537 1
endloop
endfacet
facet normal -0.4015807271460435 -0.9158236290819621 6.278745801974595e-14
outer loop
vertex 156.93619902134603 -70.40017161305005 8.5
vertex 156.64502073279814 -70.27249245613537 1
vertex 156.74737853871613 -70.3173754672571 1
endloop
endfacet
facet normal -0.4015807271460435 -0.9158236290819621 6.278745801974595e-14
outer loop
vertex 156.93619902134603 -70.40017161305005 8.5
vertex 156.74737853871613 -70.3173754672571 1
vertex 156.9361990213727 -70.40017161306227 1
endloop
endfacet
facet normal -0.25137986173774596 -0.9678885086169334 0
outer loop
vertex 156.64502073279718 -70.27249245613443 8.5
vertex 156.33728740004062 -70.19256800000986 8.5
vertex 156.33728740000012 -70.19256800000002 1
endloop
endfacet
facet normal -0.25137986173774596 -0.9678885086169334 0
outer loop
vertex 156.64502073279718 -70.27249245613443 8.5
vertex 156.33728740000012 -70.19256800000002 1
vertex 156.64502073279814 -70.27249245613537 1
endloop
endfacet
facet normal -0.09482248632306774 -0.9954941969130267 0
outer loop
vertex 138.31337389995392 -67.01445804999436 8.5
vertex 137.99686267220517 -66.98430982647145 8.5
vertex 137.9968626722025 -66.98430982647241 1
endloop
endfacet
facet normal -0.09482248632306774 -0.9954941969130267 0
outer loop
vertex 138.31337389995392 -67.01445804999436 8.5
vertex 137.9968626722025 -66.98430982647241 1
vertex 138.31337390000007 -67.01445804999999 1
endloop
endfacet
facet normal 0.06413058476499599 -0.9979415153693625 0
outer loop
vertex 137.99686267220517 -66.98430982647145 8.5
vertex 137.67957333463164 -67.00469974957305 8.5
vertex 137.6795733346258 -67.00469974957423 1
endloop
endfacet
facet normal 0.06413058476499599 -0.9979415153693625 0
outer loop
vertex 137.99686267220517 -66.98430982647145 8.5
vertex 137.6795733346258 -67.00469974957423 1
vertex 137.9968626722025 -66.98430982647241 1
endloop
endfacet
facet normal 0.22146294334271507 -0.9751687878136694 0
outer loop
vertex 137.67957333463164 -67.00469974957305 8.5
vertex 137.36952444504246 -67.07511252377854 8.5
vertex 137.3695244450413 -67.07511252377864 1
endloop
endfacet
facet normal 0.22146294334271507 -0.9751687878136694 0
outer loop
vertex 137.67957333463164 -67.00469974957305 8.5
vertex 137.3695244450413 -67.07511252377864 1
vertex 137.6795733346258 -67.00469974957423 1
endloop
endfacet
facet normal 0.3731984753178511 -0.9277515281692784 0
outer loop
vertex 137.36952444504246 -67.07511252377854 8.5
vertex 137.0745515801253 -67.19376867265544 8.5
vertex 137.07455158012408 -67.19376867265555 1
endloop
endfacet
facet normal 0.3731984753178511 -0.9277515281692784 0
outer loop
vertex 137.36952444504246 -67.07511252377854 8.5
vertex 137.07455158012408 -67.19376867265555 1
vertex 137.3695244450413 -67.07511252377864 1
endloop
endfacet
facet normal 0.5155025099815442 -0.8568880686546684 0
outer loop
vertex 137.0745515801253 -67.19376867265544 8.5
vertex 136.80210931422351 -67.35766950992341 8.5
vertex 136.80210931422607 -67.35766950992127 1
endloop
endfacet
facet normal 0.5155025099815442 -0.8568880686546684 0
outer loop
vertex 137.0745515801253 -67.19376867265544 8.5
vertex 136.80210931422607 -67.35766950992127 1
vertex 137.07455158012408 -67.19376867265555 1
endloop
endfacet
facet normal 0.6447787300681576 -0.7643692754498274 0
outer loop
vertex 136.80210931422351 -67.35766950992341 8.5
vertex 136.55908282686764 -67.56267292244026 8.5
vertex 136.55908282686607 -67.5626729224416 1
endloop
endfacet
facet normal 0.6447787300681576 -0.7643692754498274 0
outer loop
vertex 136.80210931422351 -67.35766950992341 8.5
vertex 136.55908282686607 -67.5626729224416 1
vertex 136.80210931422607 -67.35766950992127 1
endloop
endfacet
facet normal 0.7577635119144626 -0.6525292790450558 0
outer loop
vertex 136.55908282686764 -67.56267292244026 8.5
vertex 136.3516177999959 -67.80359610000528 8.5
vertex 136.35161779999976 -67.80359610000035 1
endloop
endfacet
facet normal 0.7577635119144626 -0.6525292790450558 0
outer loop
vertex 136.55908282686764 -67.56267292244026 8.5
vertex 136.35161779999976 -67.80359610000035 1
vertex 136.55908282686607 -67.5626729224416 1
endloop
endfacet
facet normal 0 0 1
outer loop
vertex 136.3516177999959 -67.80359610000528 8.5
vertex 136.04500893339554 -68.22292374999978 8.5
vertex 135.86885070800872 -68.46384311902422 8.5
endloop
endfacet
facet normal 0 0 1
outer loop
vertex 136.3516177999959 -67.80359610000528 8.5
vertex 135.86885070800872 -68.46384311902422 8.5
vertex 135.71895769736605 -68.66884137820799 8.5
endloop
endfacet
facet normal 0 0 1
outer loop
vertex 136.3516177999959 -67.80359610000528 8.5
vertex 135.71895769736605 -68.66884137820799 8.5
vertex 135.59911790383967 -68.83273793981901 8.5
endloop
endfacet
facet normal 0 0 1
outer loop
vertex 136.3516177999959 -67.80359610000528 8.5
vertex 135.59911790383967 -68.83273793981901 8.5
vertex 135.512359843704 -68.95139091250746 8.5
endloop
endfacet
facet normal 0 0 1
outer loop
vertex 136.3516177999959 -67.80359610000528 8.5
vertex 135.512359843704 -68.95139091250746 8.5
vertex 135.46087601236783 -69.02180177259211 8.5
endloop
endfacet
facet normal 0 0 1
outer loop
vertex 136.3516177999959 -67.80359610000528 8.5
vertex 135.46087601236783 -69.02180177259211 8.5
vertex 135.44596747700152 -69.04219114087532 8.5
endloop
endfacet
facet normal 0 0 1
outer loop
vertex 136.3516177999959 -67.80359610000528 8.5
vertex 135.44596747700152 -69.04219114087532 8.5
vertex 134.68972349999893 -70.07645350000116 8.5
endloop
endfacet
facet normal 0 0 1
outer loop
vertex 136.3516177999959 -67.80359610000528 8.5
vertex 134.68972349999893 -70.07645350000116 8.5
vertex 134.68972349999993 -70.07645350000011 1
endloop
endfacet
facet normal 0 0 1
outer loop
vertex 136.3516177999959 -67.80359610000528 8.5
vertex 134.68972349999993 -70.07645350000011 1
vertex 136.35161779999976 -67.80359610000035 1
endloop
endfacet
facet normal 0.7577531025798273 -0.6525413669114364 0
outer loop
vertex 134.68972349999893 -70.07645350000116 8.5
vertex 134.48225282215128 -70.31737546725896 8.5
vertex 134.482252822153 -70.3173754672571 1
endloop
endfacet
facet normal 0.7577531025798273 -0.6525413669114364 0
outer loop
vertex 134.68972349999893 -70.07645350000116 8.5
vertex 134.482252822153 -70.3173754672571 1
vertex 134.68972349999993 -70.07645350000011 1
endloop
endfacet
facet normal 0.6447710625169261 -0.7643757432969693 0
outer loop
vertex 134.48225282215128 -70.31737546725896 8.5
vertex 134.23922523550212 -70.52237563457041 8.5
vertex 134.23922523550016 -70.52237563457166 1
endloop
endfacet
facet normal 0.6447710625169261 -0.7643757432969693 0
outer loop
vertex 134.48225282215128 -70.31737546725896 8.5
vertex 134.23922523550016 -70.52237563457166 1
vertex 134.482252822153 -70.3173754672571 1
endloop
endfacet
facet normal 0.5154944525507131 -0.8568929159407496 0
outer loop
vertex 134.23922523550212 -70.52237563457041 8.5
vertex 133.96678250140482 -70.68627326454524 8.5
vertex 133.96678250140346 -70.68627326454613 1
endloop
endfacet
facet normal 0.5154944525507131 -0.8568929159407496 0
outer loop
vertex 134.23922523550212 -70.52237563457041 8.5
vertex 133.96678250140346 -70.68627326454613 1
vertex 134.23922523550016 -70.52237563457166 1
endloop
endfacet
facet normal 0.22145499866282128 -0.9751705920336451 0
outer loop
vertex 133.67180975697656 -70.8049263577285 8.5
vertex 133.36176151482564 -70.87533632867292 8.5
vertex 133.3617615148239 -70.8753363286729 1
endloop
endfacet
facet normal 0.22145499866282128 -0.9751705920336451 0
outer loop
vertex 133.67180975697656 -70.8049263577285 8.5
vertex 133.3617615148239 -70.8753363286729 1
vertex 133.6718097569811 -70.80492635772706 1
endloop
endfacet
facet normal 0.06412308133542413 -0.9979419975329481 0
outer loop
vertex 133.36176151482564 -70.87533632867292 8.5
vertex 133.0444732735335 -70.89572378581316 8.5
vertex 133.04447327352813 -70.89572378581337 1
endloop
endfacet
facet normal 0.06412308133542413 -0.9979419975329481 0
outer loop
vertex 133.36176151482564 -70.87533632867292 8.5
vertex 133.04447327352813 -70.89572378581337 1
vertex 133.3617615148239 -70.8753363286729 1
endloop
endfacet
facet normal -0.09481947590688831 -0.9954944836556068 0
outer loop
vertex 133.0444732735335 -70.89572378581316 8.5
vertex 132.7279669999966 -70.86557699999892 8.5
vertex 132.72796699999995 -70.865577 1
endloop
endfacet
facet normal -0.09481947590688831 -0.9954944836556068 0
outer loop
vertex 133.0444732735335 -70.89572378581316 8.5
vertex 132.72796699999995 -70.865577 1
vertex 133.04447327352813 -70.89572378581337 1
endloop
endfacet
facet normal -0.08502927749492531 -0.9963784531836741 0
outer loop
vertex 81.81380819999274 -63.50835014999752 8.5
vertex 81.46694615176541 -63.47874952058111 8.5
vertex 81.46694615175079 -63.47874952058173 1
endloop
endfacet
facet normal -0.08502927749492531 -0.9963784531836741 0
outer loop
vertex 81.81380819999274 -63.50835014999752 8.5
vertex 81.46694615175079 -63.47874952058173 1
vertex 81.81380820000014 -63.50835015000001 1
endloop
endfacet
facet normal 0.08903176690600392 -0.9960287869743499 0
outer loop
vertex 81.46694615176541 -63.47874952058111 8.5
vertex 81.12020583027703 -63.50974350778648 8.5
vertex 81.12020583027834 -63.50974350778568 1
endloop
endfacet
facet normal 0.08903176690600392 -0.9960287869743499 0
outer loop
vertex 81.46694615176541 -63.47874952058111 8.5
vertex 81.12020583027834 -63.50974350778568 1
vertex 81.46694615175079 -63.47874952058173 1
endloop
endfacet
facet normal 0.2603953829726889 -0.9655020686288076 0
outer loop
vertex 81.12020583027703 -63.50974350778648 8.5
vertex 80.78409255519993 -63.60039307533241 8.5
vertex 80.78409255520364 -63.60039307533096 1
endloop
endfacet
facet normal 0.2603953829726889 -0.9655020686288076 0
outer loop
vertex 81.12020583027703 -63.50974350778648 8.5
vertex 80.78409255520364 -63.60039307533096 1
vertex 81.12020583027834 -63.50974350778568 1
endloop
endfacet
facet normal 0.42386970391984685 -0.9057231774106819 0
outer loop
vertex 80.78409255519993 -63.60039307533241 8.5
vertex 80.46878967460114 -63.74795177977737 8.5
vertex 80.4687896745968 -63.747951779779676 1
endloop
endfacet
facet normal 0.42386970391984685 -0.9057231774106819 0
outer loop
vertex 80.78409255519993 -63.60039307533241 8.5
vertex 80.4687896745968 -63.747951779779676 1
vertex 80.78409255520364 -63.60039307533096 1
endloop
endfacet
facet normal 0.5745018878510282 -0.8185032564722052 0
outer loop
vertex 80.46878967460114 -63.74795177977737 8.5
vertex 80.18385003631604 -63.9479489805508 8.5
vertex 80.18385003631839 -63.947948980548425 1
endloop
endfacet
facet normal 0.5745018878510282 -0.8185032564722052 0
outer loop
vertex 80.46878967460114 -63.74795177977737 8.5
vertex 80.18385003631839 -63.947948980548425 1
vertex 80.4687896745968 -63.747951779779676 1
endloop
endfacet
facet normal 0.7077281758395145 -0.706484839980925 0
outer loop
vertex 80.18385003631604 -63.9479489805508 8.5
vertex 79.93790656185817 -64.19432528855819 8.5
vertex 79.9379065618586 -64.19432528855775 1
endloop
endfacet
facet normal 0.7077281758395145 -0.706484839980925 0
outer loop
vertex 80.18385003631604 -63.9479489805508 8.5
vertex 79.9379065618586 -64.19432528855775 1
vertex 80.18385003631839 -63.947948980548425 1
endloop
endfacet
facet normal 0.819512161818371 -0.5730617912858788 0
outer loop
vertex 79.93790656185817 -64.19432528855819 8.5
vertex 79.73841069152617 -64.47961614978063 8.5
vertex 79.73841069152564 -64.47961614978152 1
endloop
endfacet
facet normal 0.819512161818371 -0.5730617912858788 0
outer loop
vertex 79.93790656185817 -64.19432528855819 8.5
vertex 79.73841069152564 -64.47961614978152 1
vertex 79.9379065618586 -64.19432528855775 1
endloop
endfacet
facet normal 0.9064670850664357 -0.422276477785774 0
outer loop
vertex 79.73841069152617 -64.47961614978063 8.5
vertex 79.59140662540656 -64.79517800159647 8.5
vertex 79.59140662540591 -64.79517800159765 1
endloop
endfacet
facet normal 0.9064670850664357 -0.422276477785774 0
outer loop
vertex 79.73841069152617 -64.47961614978063 8.5
vertex 79.59140662540591 -64.79517800159765 1
vertex 79.73841069152564 -64.47961614978152 1
endloop
endfacet
facet normal 0.9659571768933335 -0.2587020146969508 0
outer loop
vertex 79.59140662540656 -64.79517800159647 8.5
vertex 79.50134639999959 -65.1314503000028 8.5
vertex 79.50134639999995 -65.13145030000024 1
endloop
endfacet
facet normal 0.9659571768933335 -0.2587020146969508 0
outer loop
vertex 79.59140662540656 -64.79517800159647 8.5
vertex 79.50134639999995 -65.13145030000024 1
vertex 79.59140662540591 -64.79517800159765 1
endloop
endfacet
facet normal 0.17364800043452563 0.9848077842630465 -5.008165412640466e-14
outer loop
vertex 71.04168589997195 -124.62610989999455 8.5
vertex 107.03392545000794 -130.97250615000104 8.5
vertex 107.03392544999981 -130.97250615 1
endloop
endfacet
facet normal 0.17364800043452563 0.9848077842630465 -5.008165412640466e-14
outer loop
vertex 71.04168589997195 -124.62610989999455 8.5
vertex 107.03392544999981 -130.97250615 1
vertex 89.66855311702952 -127.9105257 1
endloop
endfacet
facet normal 0.17364800043452563 0.9848077842630465 -5.008165412640466e-14
outer loop
vertex 71.04168589997195 -124.62610989999455 8.5
vertex 89.66855311702952 -127.9105257 1
vertex 88.30221530628006 -127.66960373274293 1
endloop
endfacet
facet normal 0.17364800043452563 0.9848077842630465 -5.008165412640466e-14
outer loop
vertex 71.04168589997195 -124.62610989999455 8.5
vertex 88.30221530628006 -127.66960373274293 1
vertex 87.1396003608643 -127.46460356542823 1
endloop
endfacet
facet normal 0.17364800043452563 0.9848077842630465 -5.008165412640466e-14
outer loop
vertex 71.04168589997195 -124.62610989999455 8.5
vertex 87.1396003608643 -127.46460356542823 1
vertex 86.21008973351964 -127.30070593545385 1
endloop
endfacet
facet normal 0.17364800043452563 0.9848077842630465 -5.008165412640466e-14
outer loop
vertex 71.04168589997195 -124.62610989999455 8.5
vertex 86.21008973351964 -127.30070593545385 1
vertex 85.53717389516251 -127.18205284227295 1
endloop
endfacet
facet normal 0.17364800043452563 0.9848077842630465 -5.008165412640466e-14
outer loop
vertex 71.04168589997195 -124.62610989999455 8.5
vertex 85.53717389516251 -127.18205284227295 1
vertex 85.13785868678865 -127.11164287132709 1
endloop
endfacet
facet normal 0.17364800043452563 0.9848077842630465 -5.008165412640466e-14
outer loop
vertex 71.04168589997195 -124.62610989999455 8.5
vertex 85.13785868678865 -127.11164287132709 1
vertex 85.02223555008091 -127.09125541418662 1
endloop
endfacet
facet normal 0.17364800043452563 0.9848077842630465 -5.008165412640466e-14
outer loop
vertex 71.04168589997195 -124.62610989999455 8.5
vertex 85.02223555008091 -127.09125541418662 1
vertex 81.78080809878793 -126.51970489999994 1
endloop
endfacet
facet normal 0.17364800043452563 0.9848077842630465 -5.008165412640466e-14
outer loop
vertex 71.04168589997195 -124.62610989999455 8.5
vertex 81.78080809878793 -126.51970489999994 1
vertex 80.41446710038267 -126.27878237067374 1
endloop
endfacet
facet normal 0.17364800043452563 0.9848077842630465 -5.008165412640466e-14
outer loop
vertex 71.04168589997195 -124.62610989999455 8.5
vertex 80.41446710038267 -126.27878237067374 1
vertex 79.25184457204321 -126.07378086628641 1
endloop
endfacet
facet normal 0.17364800043452563 0.9848077842630465 -5.008165412640466e-14
outer loop
vertex 71.04168589997195 -124.62610989999455 8.5
vertex 79.25184457204321 -126.07378086628641 1
vertex 78.3223218142473 -125.90988109738844 1
endloop
endfacet
facet normal 0.17364800043452563 0.9848077842630465 -5.008165412640466e-14
outer loop
vertex 71.04168589997195 -124.62610989999455 8.5
vertex 78.3223218142473 -125.90988109738844 1
vertex 77.6493893295244 -125.79122506900721 1
endloop
endfacet
facet normal 0.17364800043452563 0.9848077842630465 -5.008165412640466e-14
outer loop
vertex 71.04168589997195 -124.62610989999455 8.5
vertex 77.6493893295244 -125.79122506900721 1
vertex 77.25005318050748 -125.72081140566488 1
endloop
endfacet
facet normal 0.17364800043452563 0.9848077842630465 -5.008165412640466e-14
outer loop
vertex 71.04168589997195 -124.62610989999455 8.5
vertex 77.25005318050748 -125.72081140566488 1
vertex 77.13440521996776 -125.70041957141767 1
endloop
endfacet
facet normal 0.17364800043452563 0.9848077842630465 -5.008165412640466e-14
outer loop
vertex 71.04168589997195 -124.62610989999455 8.5
vertex 77.13440521996776 -125.70041957141767 1
vertex 71.04168590000016 -124.62610990000005 1
endloop
endfacet
facet normal -0.37319033424847864 0.9277548029643978 0
outer loop
vertex 111.38051689860067 -127.3007059354517 8.5
vertex 111.67548964301312 -127.1820528422748 8.5
vertex 111.67548964301889 -127.18205284227295 1
endloop
endfacet
facet normal -0.37319033424847864 0.9277548029643978 0
outer loop
vertex 111.38051689860067 -127.3007059354517 8.5
vertex 111.67548964301889 -127.18205284227295 1
vertex 111.38051689859658 -127.30070593545385 1
endloop
endfacet
facet normal 0 0 1
outer loop
vertex 112.6193317999919 -127.12140139999988 8.5
vertex 122.96030464422593 -128.94478805912468 8.5
vertex 123.13125373907626 -128.97493089999998 8.5
endloop
endfacet
facet normal 0 0 1
outer loop
vertex 112.6193317999919 -127.12140139999988 8.5
vertex 123.13125373907626 -128.97493089999998 8.5
vertex 126.57228384997747 -129.58167539999764 8.5
endloop
endfacet
facet normal 0 0 1
outer loop
vertex 112.6193317999919 -127.12140139999988 8.5
vertex 126.57228384997747 -129.58167539999764 8.5
vertex 126.57228384999996 -129.5816754 1
endloop
endfacet
facet normal 0 0 1
outer loop
vertex 112.6193317999919 -127.12140139999988 8.5
vertex 126.57228384999996 -129.5816754 1
vertex 112.61933180000001 -127.1214014 1
endloop
endfacet
facet normal 0 0 1
outer loop
vertex 128.53402770000196 -128.79255079999766 8.5
vertex 128.8406319692141 -128.37323465000034 8.5
vertex 129.016796595047 -128.13230952244163 8.5
endloop
endfacet
facet normal 0 0 1
outer loop
vertex 128.53402770000196 -128.79255079999766 8.5
vertex 129.016796595047 -128.13230952244163 8.5
vertex 129.16669523711514 -127.92730610992118 8.5
endloop
endfacet
facet normal 0 0 1
outer loop
vertex 128.53402770000196 -128.79255079999766 8.5
vertex 129.16669523711514 -127.92730610992118 8.5
vertex 129.28653964671722 -127.76340527265566 8.5
endloop
endfacet
facet normal 0 0 1
outer loop
vertex 128.53402770000196 -128.79255079999766 8.5
vertex 129.28653964671722 -127.76340527265566 8.5
vertex 129.37330110776327 -127.64474912377864 8.5
endloop
endfacet
facet normal 0 0 1
outer loop
vertex 128.53402770000196 -128.79255079999766 8.5
vertex 129.37330110776327 -127.64474912377864 8.5
vertex 129.42478697869447 -127.57433634957427 8.5
endloop
endfacet
facet normal 0 0 1
outer loop
vertex 128.53402770000196 -128.79255079999766 8.5
vertex 129.42478697869447 -127.57433634957427 8.5
vertex 129.43969610507074 -127.55394642647244 8.5
endloop
endfacet
facet normal 0 0 1
outer loop
vertex 128.53402770000196 -128.79255079999766 8.5
vertex 129.43969610507074 -127.55394642647244 8.5
vertex 130.19593425000156 -126.51970489999815 8.5
endloop
endfacet
facet normal 0 0 1
outer loop
vertex 128.53402770000196 -128.79255079999766 8.5
vertex 130.19593425000156 -126.51970489999815 8.5
vertex 130.19593425000008 -126.51970489999994 1
endloop
endfacet
facet normal 0 0 1
outer loop
vertex 128.53402770000196 -128.79255079999766 8.5
vertex 130.19593425000008 -126.51970489999994 1
vertex 129.77801610465517 -127.09125541418662 1
endloop
endfacet
facet normal 0 0 1
outer loop
vertex 128.53402770000196 -128.79255079999766 8.5
vertex 129.77801610465517 -127.09125541418662 1
vertex 129.75597333823646 -127.1214014 1
endloop
endfacet
facet normal 0 0 1
outer loop
vertex 128.53402770000196 -128.79255079999766 8.5
vertex 129.75597333823646 -127.1214014 1
vertex 128.53402769999988 -128.79255080000013 1
endloop
endfacet
facet normal 0.17364820261477093 0.9848077486132303 0
outer loop
vertex 132.15767849998463 -125.73056979999843 8.5
vertex 142.03965195000106 -127.47302860000141 8.5
vertex 142.03965195000006 -127.47302860000002 1
endloop
endfacet
facet normal 0.17364820261477093 0.9848077486132303 0
outer loop
vertex 132.15767849998463 -125.73056979999843 8.5
vertex 142.03965195000006 -127.47302860000002 1
vertex 132.1576785000001 -125.73056980000001 1
endloop
endfacet
facet normal 0.7774857293650557 0.6289005808819764 0
outer loop
vertex 143.14242764978033 -128.0652246326763 8.5
vertex 143.34238120966168 -128.31241956947454 8.5
vertex 143.3423812096406 -128.31241956944558 1
endloop
endfacet
facet normal 0.7774857293650557 0.6289005808819764 0
outer loop
vertex 143.14242764978033 -128.0652246326763 8.5
vertex 143.3423812096406 -128.31241956944558 1
vertex 143.1424276497961 -128.06522463269295 1
endloop
endfacet
facet normal 0 0 -1
outer loop
vertex 143.61319389999343 -128.8855271999769 8.5
vertex 143.6401549243531 -128.97848386306222 8.5
vertex 143.6901019538548 -129.1506920526163 8.5
endloop
endfacet
facet normal 0 0 -1
outer loop
vertex 143.61319389999343 -128.8855271999769 8.5
vertex 143.6901019538548 -129.1506920526163 8.5
vertex 143.75170187764374 -129.36307728269298 8.5
endloop
endfacet
facet normal 0 0 -1
outer loop
vertex 143.61319389999343 -128.8855271999769 8.5
vertex 143.75170187764374 -129.36307728269298 8.5
vertex 143.823397961498 -129.61027221944565 8.5
endloop
endfacet
facet normal 0 0 -1
outer loop
vertex 143.61319389999343 -128.8855271999769 8.5
vertex 143.823397961498 -129.61027221944565 8.5
vertex 143.9033783241611 -129.88602982888713 8.5
endloop
endfacet
facet normal 0 0 -1
outer loop
vertex 143.61319389999343 -128.8855271999769 8.5
vertex 143.9033783241611 -129.88602982888713 8.5
vertex 143.98962208919303 -130.18338249999982 8.5
endloop
endfacet
facet normal 0 0 -1
outer loop
vertex 143.61319389999343 -128.8855271999769 8.5
vertex 143.98962208919303 -130.18338249999982 8.5
vertex 144.3975113500063 -131.58970980002124 8.5
endloop
endfacet
facet normal 0 0 -1
outer loop
vertex 143.61319389999343 -128.8855271999769 8.5
vertex 144.3975113500063 -131.58970980002124 8.5
vertex 144.39751135000003 -131.58970980000007 1
endloop
endfacet
facet normal 0 0 -1
outer loop
vertex 143.61319389999343 -128.8855271999769 8.5
vertex 144.39751135000003 -131.58970980000007 1
vertex 143.61319390000003 -128.88552720000007 1
endloop
endfacet
facet normal 0 0 -1
outer loop
vertex 156.15288966069957 -135.6374033349869 8.5
vertex 156.23135213764218 -135.83764259999995 8.5
vertex 156.26234253018387 -135.91673127610122 8.5
endloop
endfacet
facet normal 0 0 -1
outer loop
vertex 156.15288966069957 -135.6374033349869 8.5
vertex 156.26234253018387 -135.91673127610122 8.5
vertex 156.26758876144297 -135.93011986045823 8.5
endloop
endfacet
facet normal 0 0 -1
outer loop
vertex 156.15288966069957 -135.6374033349869 8.5
vertex 156.26758876144297 -135.93011986045823 8.5
vertex 156.26758876144217 -135.93011986045263 1
endloop
endfacet
facet normal 0 0 -1
outer loop
vertex 156.15288966069957 -135.6374033349869 8.5
vertex 156.26758876144217 -135.93011986045263 1
vertex 156.15288966070509 -135.6374033349974 1
endloop
endfacet
facet normal 0 0 -1
outer loop
vertex 156.3350000561276 -136.23719406213547 8.5
vertex 156.34589550054477 -136.42245320848969 8.5
vertex 156.35345783108045 -136.55103822492836 8.5
endloop
endfacet
facet normal 0 0 -1
outer loop
vertex 156.3350000561276 -136.23719406213547 8.5
vertex 156.35345783108045 -136.55103822492836 8.5
vertex 156.35345783107968 -136.55103822493388 1
endloop
endfacet
facet normal 0 0 -1
outer loop
vertex 156.3350000561276 -136.23719406213547 8.5
vertex 156.35345783107968 -136.55103822493388 1
vertex 156.33500005612595 -136.23719406212595 1
endloop
endfacet
facet normal 0 0 1
outer loop
vertex 156.35345783108045 -136.55103822492836 8.5
vertex 156.3420307356402 -136.66652667007696 8.5
vertex 156.32250200000016 -136.86389470000066 8.5
endloop
endfacet
facet normal 0 0 1
outer loop
vertex 156.35345783108045 -136.55103822492836 8.5
vertex 156.32250200000016 -136.86389470000066 8.5
vertex 156.32250200000001 -136.86389469999966 1
endloop
endfacet
facet normal 0 0 1
outer loop
vertex 156.35345783108045 -136.55103822492836 8.5
vertex 156.32250200000001 -136.86389469999966 1
vertex 156.35345783107968 -136.55103822493388 1
endloop
endfacet
facet normal 0 0 -1
outer loop
vertex 156.32250200000016 -136.86389470000066 8.5
vertex 156.30905114914242 -136.93896881011872 8.5
vertex 156.25636950436 -137.23300430597135 8.5
endloop
endfacet
facet normal 0 0 -1
outer loop
vertex 156.32250200000016 -136.86389470000066 8.5
vertex 156.25636950436 -137.23300430597135 8.5
vertex 156.20112916096505 -137.54132083307118 8.5
endloop
endfacet
facet normal 0 0 -1
outer loop
vertex 156.32250200000016 -136.86389470000066 8.5
vertex 156.20112916096505 -137.54132083307118 8.5
vertex 156.14470388275666 -137.85625091403492 8.5
endloop
endfacet
facet normal 0 0 -1
outer loop
vertex 156.32250200000016 -136.86389470000066 8.5
vertex 156.14470388275666 -137.85625091403492 8.5
vertex 156.08849643566435 -138.16996520000038 8.5
endloop
endfacet
facet normal 0 0 -1
outer loop
vertex 156.32250200000016 -136.86389470000066 8.5
vertex 156.08849643566435 -138.16996520000038 8.5
vertex 152.32703860000046 -159.16403484999958 8.5
endloop
endfacet
facet normal 0 0 -1
outer loop
vertex 156.32250200000016 -136.86389470000066 8.5
vertex 152.32703860000046 -159.16403484999958 8.5
vertex 152.32703860000007 -159.16403484999975 1
endloop
endfacet
facet normal 0 0 -1
outer loop
vertex 156.32250200000016 -136.86389470000066 8.5
vertex 152.32703860000007 -159.16403484999975 1
vertex 154.05700883183414 -149.50843929999954 1
endloop
endfacet
facet normal 0 0 -1
outer loop
vertex 156.32250200000016 -136.86389470000066 8.5
vertex 154.05700883183414 -149.50843929999954 1
vertex 154.06045148772597 -149.4892245804063 1
endloop
endfacet
facet normal 0 0 -1
outer loop
vertex 156.32250200000016 -136.86389470000066 8.5
vertex 154.06045148772597 -149.4892245804063 1
vertex 154.0706471560691 -149.43231883250868 1
endloop
endfacet
facet normal 0 0 -1
outer loop
vertex 156.32250200000016 -136.86389470000066 8.5
vertex 154.0706471560691 -149.43231883250868 1
vertex 154.0872040230426 -149.33990891230923 1
endloop
endfacet
facet normal 0 0 -1
outer loop
vertex 156.32250200000016 -136.86389470000066 8.5
vertex 154.0872040230426 -149.33990891230923 1
vertex 154.10948581754312 -149.21554608116548 1
endloop
endfacet
facet normal 0 0 -1
outer loop
vertex 156.32250200000016 -136.86389470000066 8.5
vertex 154.10948581754312 -149.21554608116548 1
vertex 154.13663626268473 -149.06400953304114 1
endloop
endfacet
facet normal 0 0 -1
outer loop
vertex 156.32250200000016 -136.86389470000066 8.5
vertex 154.13663626268473 -149.06400953304114 1
vertex 154.16761198211077 -148.89112273236427 1
endloop
endfacet
facet normal 0 0 -1
outer loop
vertex 156.32250200000016 -136.86389470000066 8.5
vertex 154.16761198211077 -148.89112273236427 1
vertex 154.20122259627976 -148.70352962201412 1
endloop
endfacet
facet normal 0 0 -1
outer loop
vertex 156.32250200000016 -136.86389470000066 8.5
vertex 154.20122259627976 -148.70352962201412 1
vertex 154.2361764681417 -148.50843929999877 1
endloop
endfacet
facet normal 0 0 -1
outer loop
vertex 156.32250200000016 -136.86389470000066 8.5
vertex 154.2361764681417 -148.50843929999877 1
vertex 154.27113034000425 -148.31334897798013 1
endloop
endfacet
facet normal 0 0 -1
outer loop
vertex 156.32250200000016 -136.86389470000066 8.5
vertex 154.27113034000425 -148.31334897798013 1
vertex 154.3047409541732 -148.12575586763018 1
endloop
endfacet
facet normal 0 0 -1
outer loop
vertex 156.32250200000016 -136.86389470000066 8.5
vertex 154.3047409541732 -148.12575586763018 1
vertex 154.33571667358945 -147.95286906700787 1
endloop
endfacet
facet normal 0 0 -1
outer loop
vertex 156.32250200000016 -136.86389470000066 8.5
vertex 154.33571667358945 -147.95286906700787 1
vertex 154.3628671187464 -147.80133251879795 1
endloop
endfacet
facet normal 0 0 -1
outer loop
vertex 156.32250200000016 -136.86389470000066 8.5
vertex 154.3628671187464 -147.80133251879795 1
vertex 154.3851489132391 -147.67696968769795 1
endloop
endfacet
facet normal 0 0 -1
outer loop
vertex 156.32250200000016 -136.86389470000066 8.5
vertex 154.3851489132391 -147.67696968769795 1
vertex 154.40170578021483 -147.58455976748613 1
endloop
endfacet
facet normal 0 0 -1
outer loop
vertex 156.32250200000016 -136.86389470000066 8.5
vertex 154.40170578021483 -147.58455976748613 1
vertex 154.4119014485561 -147.5276540195987 1
endloop
endfacet
facet normal 0 0 -1
outer loop
vertex 156.32250200000016 -136.86389470000066 8.5
vertex 154.4119014485561 -147.5276540195987 1
vertex 154.415344104449 -147.50843929999954 1
endloop
endfacet
facet normal 0 0 -1
outer loop
vertex 156.32250200000016 -136.86389470000066 8.5
vertex 154.415344104449 -147.50843929999954 1
vertex 154.95223883778817 -144.51183374999985 1
endloop
endfacet
facet normal 0 0 -1
outer loop
vertex 156.32250200000016 -136.86389470000066 8.5
vertex 154.95223883778817 -144.51183374999985 1
vertex 154.9945914429451 -144.27544839587108 1
endloop
endfacet
facet normal 0 0 -1
outer loop
vertex 156.32250200000016 -136.86389470000066 8.5
vertex 154.9945914429451 -144.27544839587108 1
vertex 155.04101611902834 -144.0163353270154 1
endloop
endfacet
facet normal 0 0 -1
outer loop
vertex 156.32250200000016 -136.86389470000066 8.5
vertex 155.04101611902834 -144.0163353270154 1
vertex 155.09051712823654 -143.74005211968858 1
endloop
endfacet
facet normal 0 0 -1
outer loop
vertex 156.32250200000016 -136.86389470000066 8.5
vertex 155.09051712823654 -143.74005211968858 1
vertex 155.14203275016075 -143.45252462317228 1
endloop
endfacet
facet normal 0 0 -1
outer loop
vertex 156.32250200000016 -136.86389470000066 8.5
vertex 155.14203275016075 -143.45252462317228 1
vertex 155.19445805405218 -143.15991985943324 1
endloop
endfacet
facet normal 0 0 -1
outer loop
vertex 156.32250200000016 -136.86389470000066 8.5
vertex 155.19445805405218 -143.15991985943324 1
vertex 155.2466679260063 -142.86851749999965 1
endloop
endfacet
facet normal 0 0 -1
outer loop
vertex 156.32250200000016 -136.86389470000066 8.5
vertex 155.2466679260063 -142.86851749999965 1
vertex 156.32250200000001 -136.86389469999966 1
endloop
endfacet
facet normal 0.887886338948967 0.4600628751679496 0
outer loop
vertex 169.87522409999966 -169.4147921000012 8.5
vertex 170.0057603250855 -169.66671708079738 8.5
vertex 170.00576032511043 -169.66671708084357 1
endloop
endfacet
facet normal 0.887886338948967 0.4600628751679496 0
outer loop
vertex 169.87522409999966 -169.4147921000012 8.5
vertex 170.00576032511043 -169.66671708084357 1
vertex 169.8752240999999 -169.41479209999983 1
endloop
endfacet
facet normal 0.8138476242711872 0.5810783462392525 0
outer loop
vertex 170.0057603250855 -169.66671708079738 8.5
vertex 170.17063294997214 -169.89763464112255 8.5
vertex 170.1706329499307 -169.8976346410758 1
endloop
endfacet
facet normal 0.8138476242711872 0.5810783462392525 0
outer loop
vertex 170.0057603250855 -169.66671708079738 8.5
vertex 170.1706329499307 -169.8976346410758 1
vertex 170.00576032511043 -169.66671708084357 1
endloop
endfacet
facet normal -0.5372976843478324 0.8433926715323397 0
outer loop
vertex 187.96798759218936 -177.8595706764975 8.5
vertex 188.23267575398285 -177.69094656911994 8.5
vertex 188.2326757539757 -177.69094656912594 1
endloop
endfacet
facet normal -0.5372976843478324 0.8433926715323397 0
outer loop
vertex 187.96798759218936 -177.8595706764975 8.5
vertex 188.2326757539757 -177.69094656912594 1
vertex 187.9679875921955 -177.85957067649503 1
endloop
endfacet
facet normal -0.7616331761109355 -0.6480084143336171 -1.6223038111156968e-13
outer loop
vertex 196.21698770001254 -159.0827378000168 8.5
vertex 183.81985384997554 -144.51183374997314 8.5
vertex 183.81985384999987 -144.51183374999985 1
endloop
endfacet
facet normal -0.7616331761109355 -0.6480084143336171 -1.6223038111156968e-13
outer loop
vertex 196.21698770001254 -159.0827378000168 8.5
vertex 183.81985384999987 -144.51183374999985 1
vertex 186.36940876927744 -147.50843929999954 1
endloop
endfacet
facet normal -0.7616331761109355 -0.6480084143336171 -1.6223038111156968e-13
outer loop
vertex 196.21698770001254 -159.0827378000168 8.5
vertex 186.36940876927744 -147.50843929999954 1
vertex 186.38575692790533 -147.5276540195987 1
endloop
endfacet
facet normal -0.7616331761109355 -0.6480084143336171 -1.6223038111156968e-13
outer loop
vertex 196.21698770001254 -159.0827378000168 8.5
vertex 186.38575692790533 -147.5276540195987 1
vertex 186.4341731532112 -147.58455976748613 1
endloop
endfacet
facet normal -0.7616331761109355 -0.6480084143336171 -1.6223038111156968e-13
outer loop
vertex 196.21698770001254 -159.0827378000168 8.5
vertex 186.4341731532112 -147.58455976748613 1
vertex 186.51279683682083 -147.67696968769795 1
endloop
endfacet
facet normal -0.7616331761109355 -0.6480084143336171 -1.6223038111156968e-13
outer loop
vertex 196.21698770001254 -159.0827378000168 8.5
vertex 186.51279683682083 -147.67696968769795 1
vertex 186.61860651464323 -147.80133251879795 1
endloop
endfacet
facet normal -0.7616331761109355 -0.6480084143336171 -1.6223038111156968e-13
outer loop
vertex 196.21698770001254 -159.0827378000168 8.5
vertex 186.61860651464323 -147.80133251879795 1
vertex 186.74753598016432 -147.95286906700787 1
endloop
endfacet
facet normal -0.7616331761109355 -0.6480084143336171 -1.6223038111156968e-13
outer loop
vertex 196.21698770001254 -159.0827378000168 8.5
vertex 186.74753598016432 -147.95286906700787 1
vertex 186.8946305462158 -148.12575586763018 1
endloop
endfacet
facet normal -0.7616331761109355 -0.6480084143336171 -1.6223038111156968e-13
outer loop
vertex 196.21698770001254 -159.0827378000168 8.5
vertex 186.8946305462158 -148.12575586763018 1
vertex 187.05423745120714 -148.31334897798013 1
endloop
endfacet
facet normal -0.7616331761109355 -0.6480084143336171 -1.6223038111156968e-13
outer loop
vertex 196.21698770001254 -159.0827378000168 8.5
vertex 187.05423745120714 -148.31334897798013 1
vertex 187.22022309126115 -148.50843929999877 1
endloop
endfacet
facet normal -0.7616331761109355 -0.6480084143336171 -1.6223038111156968e-13
outer loop
vertex 196.21698770001254 -159.0827378000168 8.5
vertex 187.22022309126115 -148.50843929999877 1
vertex 187.38620873131237 -148.70352962201412 1
endloop
endfacet
facet normal -0.7616331761109355 -0.6480084143336171 -1.6223038111156968e-13
outer loop
vertex 196.21698770001254 -159.0827378000168 8.5
vertex 187.38620873131237 -148.70352962201412 1
vertex 187.54581563630384 -148.89112273236427 1
endloop
endfacet
facet normal -0.7616331761109355 -0.6480084143336171 -1.6223038111156968e-13
outer loop
vertex 196.21698770001254 -159.0827378000168 8.5
vertex 187.54581563630384 -148.89112273236427 1
vertex 187.6929102024018 -149.06400953304114 1
endloop
endfacet
facet normal -0.7616331761109355 -0.6480084143336171 -1.6223038111156968e-13
outer loop
vertex 196.21698770001254 -159.0827378000168 8.5
vertex 187.6929102024018 -149.06400953304114 1
vertex 187.82183966785007 -149.21554608116548 1
endloop
endfacet
facet normal -0.7616331761109355 -0.6480084143336171 -1.6223038111156968e-13
outer loop
vertex 196.21698770001254 -159.0827378000168 8.5
vertex 187.82183966785007 -149.21554608116548 1
vertex 187.92764934570968 -149.33990891230923 1
endloop
endfacet
facet normal -0.7616331761109355 -0.6480084143336171 -1.6223038111156968e-13
outer loop
vertex 196.21698770001254 -159.0827378000168 8.5
vertex 187.92764934570968 -149.33990891230923 1
vertex 188.0062730293088 -149.43231883250868 1
endloop
endfacet
facet normal -0.7616331761109355 -0.6480084143336171 -1.6223038111156968e-13
outer loop
vertex 196.21698770001254 -159.0827378000168 8.5
vertex 188.0062730293088 -149.43231883250868 1
vertex 188.05468925462333 -149.4892245804063 1
endloop
endfacet
facet normal -0.7616331761109355 -0.6480084143336171 -1.6223038111156968e-13
outer loop
vertex 196.21698770001254 -159.0827378000168 8.5
vertex 188.05468925462333 -149.4892245804063 1
vertex 188.07103741324616 -149.50843929999954 1
endloop
endfacet
facet normal -0.7616331761109355 -0.6480084143336171 -1.6223038111156968e-13
outer loop
vertex 196.21698770001254 -159.0827378000168 8.5
vertex 188.07103741324616 -149.50843929999954 1
vertex 196.2169877 -159.08273780000002 1
endloop
endfacet
facet normal -0.17364819938850942 -0.9848077491821075 0
outer loop
vertex 191.3629611999867 -86.04047769999407 8.5
vertex 178.15303700002224 -83.71121135000077 8.5
vertex 178.15303699999978 -83.71121134999996 1
endloop
endfacet
facet normal -0.17364819938850942 -0.9848077491821075 0
outer loop
vertex 191.3629611999867 -86.04047769999407 8.5
vertex 178.15303699999978 -83.71121134999996 1
vertex 191.3629611999999 -86.04047769999997 1
endloop
endfacet
facet normal 0 0 -1
outer loop
vertex 176.57949399998785 -82.2987126999616 8.5
vertex 176.55253302746206 -82.20575608693774 8.5
vertex 176.50258606708726 -82.03354789738378 8.5
endloop
endfacet
facet normal 0 0 -1
outer loop
vertex 176.57949399998785 -82.2987126999616 8.5
vertex 176.50258606708726 -82.03354789738378 8.5
vertex 176.44098622855284 -81.82116266730715 8.5
endloop
endfacet
facet normal 0 0 -1
outer loop
vertex 176.57949399998785 -82.2987126999616 8.5
vertex 176.44098622855284 -81.82116266730715 8.5
vertex 176.3692902439262 -81.57396773055432 8.5
endloop
endfacet
facet normal 0 0 -1
outer loop
vertex 176.57949399998785 -82.2987126999616 8.5
vertex 176.3692902439262 -81.57396773055432 8.5
vertex 176.2893099919562 -81.2982101211128 8.5
endloop
endfacet
facet normal 0 0 -1
outer loop
vertex 176.57949399998785 -82.2987126999616 8.5
vertex 176.2893099919562 -81.2982101211128 8.5
vertex 176.2030663317839 -81.00085739999963 8.5
endloop
endfacet
facet normal 0 0 -1
outer loop
vertex 176.57949399998785 -82.2987126999616 8.5
vertex 176.2030663317839 -81.00085739999963 8.5
vertex 175.7951776499984 -79.59453014999792 8.5
endloop
endfacet
facet normal 0 0 -1
outer loop
vertex 176.57949399998785 -82.2987126999616 8.5
vertex 175.7951776499984 -79.59453014999792 8.5
vertex 175.79517764999994 -79.59453014999981 1
endloop
endfacet
facet normal 0 0 -1
outer loop
vertex 176.57949399998785 -82.2987126999616 8.5
vertex 175.79517764999994 -79.59453014999981 1
vertex 176.57949399999998 -82.29871269999995 1
endloop
endfacet
facet normal -0.1736481125166663 -0.9848077644999552 0
outer loop
vertex 174.22163529998787 -78.1820302999954 8.5
vertex 160.26868809999755 -75.72175019999722 8.5
vertex 160.2686881 -75.72175019999999 1
endloop
endfacet
facet normal -0.1736481125166663 -0.9848077644999552 0
outer loop
vertex 174.22163529998787 -78.1820302999954 8.5
vertex 160.2686881 -75.72175019999999 1
vertex 174.22163530000003 -78.18203030000001 1
endloop
endfacet
facet normal -0.6680010832003478 -0.7441603005019565 0
outer loop
vertex 159.4025118019254 -75.34193939738618 8.5
vertex 159.16591240022552 -75.12955416733094 8.5
vertex 159.1659124002039 -75.12955416730702 1
endloop
endfacet
facet normal -0.6680010832003478 -0.7441603005019565 0
outer loop
vertex 159.4025118019254 -75.34193939738618 8.5
vertex 159.1659124002039 -75.12955416730702 1
vertex 159.40251180192766 -75.3419393973837 1
endloop
endfacet
facet normal -0.7774857293650111 -0.6289005808820317 0
outer loop
vertex 159.16591240022552 -75.12955416733094 8.5
vertex 158.96595884035344 -74.88235923054421 8.5
vertex 158.9659588403594 -74.88235923055439 1
endloop
endfacet
facet normal -0.7774857293650111 -0.6289005808820317 0
outer loop
vertex 159.16591240022552 -75.12955416733094 8.5
vertex 158.9659588403594 -74.88235923055439 1
vertex 159.1659124002039 -75.12955416730702 1
endloop
endfacet
facet normal -0.6680010832003355 -0.7441603005019675 -3.13300016430765e-13
outer loop
vertex 157.44006439980447 -70.78476503270359 8.5
vertex 157.20346499807962 -70.57237980262596 8.5
vertex 157.20346499807238 -70.5723798026163 1
endloop
endfacet
facet normal -0.6680010832003355 -0.7441603005019675 -3.13300016430765e-13
outer loop
vertex 157.44006439980447 -70.78476503270359 8.5
vertex 157.20346499807238 -70.5723798026163 1
vertex 157.3303435241503 -70.68627326454613 1
endloop
endfacet
facet normal -0.6680010832003355 -0.7441603005019675 -3.13300016430765e-13
outer loop
vertex 157.44006439980447 -70.78476503270359 8.5
vertex 157.3303435241503 -70.68627326454613 1
vertex 157.44006439979609 -70.78476503269293 1
endloop
endfacet
facet normal 0.3731903342484493 -0.9277548029644098 0
outer loop
vertex 133.96678250140482 -70.68627326454524 8.5
vertex 133.67180975697656 -70.8049263577285 8.5
vertex 133.6718097569811 -70.80492635772706 1
endloop
endfacet
facet normal 0.3731903342484493 -0.9277548029644098 0
outer loop
vertex 133.96678250140482 -70.68627326454524 8.5
vertex 133.6718097569811 -70.80492635772706 1
vertex 133.96678250140346 -70.68627326454613 1
endloop
endfacet
facet normal 0 0 1
outer loop
vertex 132.7279669999966 -70.86557699999892 8.5
vertex 122.38703219369037 -69.04219114087532 8.5
vertex 122.21607911562573 -69.01204749999997 8.5
endloop
endfacet
facet normal 0 0 1
outer loop
vertex 132.7279669999966 -70.86557699999892 8.5
vertex 122.21607911562573 -69.01204749999997 8.5
vertex 118.54273780000011 -68.36433829999983 8.5
endloop
endfacet
facet normal 0 0 1
outer loop
vertex 132.7279669999966 -70.86557699999892 8.5
vertex 118.54273780000011 -68.36433829999983 8.5
vertex 118.5427378 -68.36433830000001 1
endloop
endfacet
facet normal 0 0 1
outer loop
vertex 132.7279669999966 -70.86557699999892 8.5
vertex 118.5427378 -68.36433830000001 1
vertex 126.00695434115994 -69.68048109999998 1
endloop
endfacet
facet normal 0 0 1
outer loop
vertex 132.7279669999966 -70.86557699999892 8.5
vertex 126.00695434115994 -69.68048109999998 1
vertex 132.72796699999995 -70.865577 1
endloop
endfacet
facet normal 0.7230869119436188 -0.6907570613289749 0
outer loop
vertex 118.54273780000011 -68.36433829999983 8.5
vertex 117.28544090000136 -69.68048109999853 8.5
vertex 117.28544090000003 -69.68048109999998 1
endloop
endfacet
facet normal 0.7230869119436188 -0.6907570613289749 0
outer loop
vertex 118.54273780000011 -68.36433829999983 8.5
vertex 117.28544090000003 -69.68048109999998 1
vertex 118.5427378 -68.36433830000001 1
endloop
endfacet
facet normal 0 0 1
outer loop
vertex 117.28544090000136 -69.68048109999853 8.5
vertex 109.72148375772666 -68.36433829999983 8.5
vertex 106.6330879030891 -67.82695160000002 8.5
endloop
endfacet
facet normal 0 0 1
outer loop
vertex 117.28544090000136 -69.68048109999853 8.5
vertex 106.6330879030891 -67.82695160000002 8.5
vertex 81.81380819999274 -63.50835014999752 8.5
endloop
endfacet
facet normal 0 0 1
outer loop
vertex 117.28544090000136 -69.68048109999853 8.5
vertex 81.81380819999274 -63.50835014999752 8.5
vertex 81.81380820000014 -63.50835015000001 1
endloop
endfacet
facet normal 0 0 1
outer loop
vertex 117.28544090000136 -69.68048109999853 8.5
vertex 81.81380820000014 -63.50835015000001 1
vertex 117.28544090000003 -69.68048109999998 1
endloop
endfacet
facet normal 0 0 -1
outer loop
vertex 168.47796209999933 -166.17403140000033 8.5
vertex 168.5169031248314 -166.26434985344247 8.5
vertex 168.57771623724653 -166.40539766320163 8.5
endloop
endfacet
facet normal 0 0 -1
outer loop
vertex 168.47796209999933 -166.17403140000033 8.5
vertex 168.57771623724653 -166.40539766320163 8.5
vertex 168.65504304500996 -166.58474676140668 8.5
endloop
endfacet
facet normal 0 0 -1
outer loop
vertex 168.47796209999933 -166.17403140000033 8.5
vertex 168.65504304500996 -166.58474676140668 8.5
vertex 168.7471323508651 -166.7983354822805 8.5
endloop
endfacet
facet normal 0 0 -1
outer loop
vertex 168.47796209999933 -166.17403140000033 8.5
vertex 168.7471323508651 -166.7983354822805 8.5
vertex 168.85189863564352 -167.04132674547586 8.5
endloop
endfacet
facet normal 0 0 -1
outer loop
vertex 168.47796209999933 -166.17403140000033 8.5
vertex 168.85189863564352 -167.04132674547586 8.5
vertex 168.96696825363313 -167.30821519999964 8.5
endloop
endfacet
facet normal 0 0 -1
outer loop
vertex 168.47796209999933 -166.17403140000033 8.5
vertex 168.96696825363313 -167.30821519999964 8.5
vertex 169.87522409999966 -169.4147921000012 8.5
endloop
endfacet
facet normal 0 0 -1
outer loop
vertex 168.47796209999933 -166.17403140000033 8.5
vertex 169.87522409999966 -169.4147921000012 8.5
vertex 169.8752240999999 -169.41479209999983 1
endloop
endfacet
facet normal 0 0 -1
outer loop
vertex 168.47796209999933 -166.17403140000033 8.5
vertex 169.8752240999999 -169.41479209999983 1
vertex 168.4779621000001 -166.17403140000013 1
endloop
endfacet
facet normal -0.8987940437750678 0.43837115196424786 5.2342474742911995e-14
outer loop
vertex 188.82663320000384 -176.97041259999313 8.5
vertex 196.49130884999622 -161.25549890000863 8.5
vertex 196.49130884999988 -161.25549890000022 1
endloop
endfacet
facet normal -0.8987940437750678 0.43837115196424786 5.2342474742911995e-14
outer loop
vertex 188.82663320000384 -176.97041259999313 8.5
vertex 196.49130884999988 -161.25549890000022 1
vertex 194.64840304326455 -165.03401570000008 1
endloop
endfacet
facet normal -0.8987940437750678 0.43837115196424786 5.2342474742911995e-14
outer loop
vertex 188.82663320000384 -176.97041259999313 8.5
vertex 194.64840304326455 -165.03401570000008 1
vertex 194.59996883156185 -165.13332054886675 1
endloop
endfacet
facet normal -0.8987940437750678 0.43837115196424786 5.2342474742911995e-14
outer loop
vertex 188.82663320000384 -176.97041259999313 8.5
vertex 194.59996883156185 -165.13332054886675 1
vertex 194.53137575359364 -165.2739571980755 1
endloop
endfacet
facet normal -0.8987940437750678 0.43837115196424786 5.2342474742911995e-14
outer loop
vertex 188.82663320000384 -176.97041259999313 8.5
vertex 194.53137575359364 -165.2739571980755 1
vertex 194.44417087669777 -165.45275368956666 1
endloop
endfacet
facet normal -0.8987940437750678 0.43837115196424786 5.2342474742911995e-14
outer loop
vertex 188.82663320000384 -176.97041259999313 8.5
vertex 194.44417087669777 -165.45275368956666 1
vertex 194.34032104389567 -165.66567739759657 1
endloop
endfacet
facet normal -0.8987940437750678 0.43837115196424786 5.2342474742911995e-14
outer loop
vertex 188.82663320000384 -176.97041259999313 8.5
vertex 194.34032104389567 -165.66567739759657 1
vertex 194.22216851316892 -165.90792598169776 1
endloop
endfacet
facet normal -0.8987940437750678 0.43837115196424786 5.2342474742911995e-14
outer loop
vertex 188.82663320000384 -176.97041259999313 8.5
vertex 194.22216851316892 -165.90792598169776 1
vertex 194.0923802267722 -166.17403140000013 1
endloop
endfacet
facet normal -0.8987940437750678 0.43837115196424786 5.2342474742911995e-14
outer loop
vertex 188.82663320000384 -176.97041259999313 8.5
vertex 194.0923802267722 -166.17403140000013 1
vertex 188.82663319999986 -176.9704126000003 1
endloop
endfacet
facet normal 0 0 -1
outer loop
vertex 183.3734977000032 -142.86851749997808 8.5
vertex 183.39997974597765 -142.7183303705312 8.5
vertex 183.44839446962288 -142.44375685856548 8.5
endloop
endfacet
facet normal 0 0 -1
outer loop
vertex 183.3734977000032 -142.86851749997808 8.5
vertex 183.44839446962288 -142.44375685856548 8.5
vertex 183.49873817829945 -142.15824353005831 8.5
endloop
endfacet
facet normal 0 0 -1
outer loop
vertex 183.3734977000032 -142.86851749997808 8.5
vertex 183.49873817829945 -142.15824353005831 8.5
vertex 183.54994729005466 -141.86782225734146 8.5
endloop
endfacet
facet normal 0 0 -1
outer loop
vertex 183.3734977000032 -142.86851749997808 8.5
vertex 183.54994729005466 -141.86782225734146 8.5
vertex 183.60094018693138 -141.5786272000001 8.5
endloop
endfacet
facet normal 0 0 -1
outer loop
vertex 183.3734977000032 -142.86851749997808 8.5
vertex 183.60094018693138 -141.5786272000001 8.5
vertex 192.98528060000035 -88.35739384999518 8.5
endloop
endfacet
facet normal 0 0 -1
outer loop
vertex 183.3734977000032 -142.86851749997808 8.5
vertex 192.98528060000035 -88.35739384999518 8.5
vertex 192.98528059999995 -88.35739385000018 1
endloop
endfacet
facet normal 0 0 -1
outer loop
vertex 183.3734977000032 -142.86851749997808 8.5
vertex 192.98528059999995 -88.35739385000018 1
vertex 192.97514455701742 -88.4148781999996 1
endloop
endfacet
facet normal 0 0 -1
outer loop
vertex 183.3734977000032 -142.86851749997808 8.5
vertex 192.97514455701742 -88.4148781999996 1
vertex 192.971756483155 -88.43409291959661 1
endloop
endfacet
facet normal 0 0 -1
outer loop
vertex 183.3734977000032 -142.86851749997808 8.5
vertex 192.971756483155 -88.43409291959661 1
vertex 192.96172246334848 -88.49099866747596 1
endloop
endfacet
facet normal 0 0 -1
outer loop
vertex 183.3734977000032 -142.86851749997808 8.5
vertex 192.96172246334848 -88.49099866747596 1
vertex 192.9454280993438 -88.58340858770607 1
endloop
endfacet
facet normal 0 0 -1
outer loop
vertex 183.3734977000032 -142.86851749997808 8.5
vertex 192.9454280993438 -88.58340858770607 1
vertex 192.92349957442218 -88.70777141881672 1
endloop
endfacet
facet normal 0 0 -1
outer loop
vertex 183.3734977000032 -142.86851749997808 8.5
vertex 192.92349957442218 -88.70777141881672 1
vertex 192.89677958949264 -88.8593079669861 1
endloop
endfacet
facet normal 0 0 -1
outer loop
vertex 183.3734977000032 -142.86851749997808 8.5
vertex 192.89677958949264 -88.8593079669861 1
vertex 192.8662949785938 -89.03219476763664 1
endloop
endfacet
facet normal 0 0 -1
outer loop
vertex 183.3734977000032 -142.86851749997808 8.5
vertex 192.8662949785938 -89.03219476763664 1
vertex 192.83321724822778 -89.21978787796834 1
endloop
endfacet
facet normal 0 0 -1
outer loop
vertex 183.3734977000032 -142.86851749997808 8.5
vertex 192.83321724822778 -89.21978787796834 1
vertex 192.79881755701248 -89.4148782000104 1
endloop
endfacet
facet normal 0 0 -1
outer loop
vertex 183.3734977000032 -142.86851749997808 8.5
vertex 192.79881755701248 -89.4148782000104 1
vertex 192.7644178658036 -89.60996852201598 1
endloop
endfacet
facet normal 0 0 -1
outer loop
vertex 183.3734977000032 -142.86851749997808 8.5
vertex 192.7644178658036 -89.60996852201598 1
vertex 192.73134013543134 -89.79756163238298 1
endloop
endfacet
facet normal 0 0 -1
outer loop
vertex 183.3734977000032 -142.86851749997808 8.5
vertex 192.73134013543134 -89.79756163238298 1
vertex 192.70085552453497 -89.97044843301947 1
endloop
endfacet
facet normal 0 0 -1
outer loop
vertex 183.3734977000032 -142.86851749997808 8.5
vertex 192.70085552453497 -89.97044843301947 1
vertex 192.67413553960648 -90.12198498118299 1
endloop
endfacet
facet normal 0 0 -1
outer loop
vertex 183.3734977000032 -142.86851749997808 8.5
vertex 192.67413553960648 -90.12198498118299 1
vertex 192.6522070146834 -90.24634781230198 1
endloop
endfacet
facet normal 0 0 -1
outer loop
vertex 183.3734977000032 -142.86851749997808 8.5
vertex 192.6522070146834 -90.24634781230198 1
vertex 192.63591265068357 -90.33875773250456 1
endloop
endfacet
facet normal 0 0 -1
outer loop
vertex 183.3734977000032 -142.86851749997808 8.5
vertex 192.63591265068357 -90.33875773250456 1
vertex 192.62587863087373 -90.3956634804028 1
endloop
endfacet
facet normal 0 0 -1
outer loop
vertex 183.3734977000032 -142.86851749997808 8.5
vertex 192.62587863087373 -90.3956634804028 1
vertex 192.62249055701125 -90.41487819999999 1
endloop
endfacet
facet normal 0 0 -1
outer loop
vertex 183.3734977000032 -142.86851749997808 8.5
vertex 192.62249055701125 -90.41487819999999 1
vertex 192.5840540040792 -90.63286269999934 1
endloop
endfacet
facet normal 0 0 -1
outer loop
vertex 183.3734977000032 -142.86851749997808 8.5
vertex 192.5840540040792 -90.63286269999934 1
vertex 191.99417995576567 -93.97820430000003 1
endloop
endfacet
facet normal 0 0 -1
outer loop
vertex 183.3734977000032 -142.86851749997808 8.5
vertex 191.99417995576567 -93.97820430000003 1
vertex 191.9907918819033 -93.99741901959658 1
endloop
endfacet
facet normal 0 0 -1
outer loop
vertex 183.3734977000032 -142.86851749997808 8.5
vertex 191.9907918819033 -93.99741901959658 1
vertex 191.98075786209432 -94.05432476749004 1
endloop
endfacet
facet normal 0 0 -1
outer loop
vertex 183.3734977000032 -142.86851749997808 8.5
vertex 191.98075786209432 -94.05432476749004 1
vertex 191.96446349809398 -94.14673468769547 1
endloop
endfacet
facet normal 0 0 -1
outer loop
vertex 183.3734977000032 -142.86851749997808 8.5
vertex 191.96446349809398 -94.14673468769547 1
vertex 191.94253497317 -94.27109751881945 1
endloop
endfacet
facet normal 0 0 -1
outer loop
vertex 183.3734977000032 -142.86851749997808 8.5
vertex 191.94253497317 -94.27109751881945 1
vertex 191.91581498824203 -94.42263406698004 1
endloop
endfacet
facet normal 0 0 -1
outer loop
vertex 183.3734977000032 -142.86851749997808 8.5
vertex 191.91581498824203 -94.42263406698004 1
vertex 191.8853303773418 -94.59552086763848 1
endloop
endfacet
facet normal 0 0 -1
outer loop
vertex 183.3734977000032 -142.86851749997808 8.5
vertex 191.8853303773418 -94.59552086763848 1
vertex 191.85225264697462 -94.78311397797671 1
endloop
endfacet
facet normal 0 0 -1
outer loop
vertex 183.3734977000032 -142.86851749997808 8.5
vertex 191.85225264697462 -94.78311397797671 1
vertex 191.81785295576276 -94.97820429999928 1
endloop
endfacet
facet normal 0 0 -1
outer loop
vertex 183.3734977000032 -142.86851749997808 8.5
vertex 191.81785295576276 -94.97820429999928 1
vertex 191.7834532645515 -95.17329462201833 1
endloop
endfacet
facet normal 0 0 -1
outer loop
vertex 183.3734977000032 -142.86851749997808 8.5
vertex 191.7834532645515 -95.17329462201833 1
vertex 191.75037553418318 -95.36088773236301 1
endloop
endfacet
facet normal 0 0 -1
outer loop
vertex 183.3734977000032 -142.86851749997808 8.5
vertex 191.75037553418318 -95.36088773236301 1
vertex 191.71989092328334 -95.53377453301918 1
endloop
endfacet
facet normal 0 0 -1
outer loop
vertex 183.3734977000032 -142.86851749997808 8.5
vertex 191.71989092328334 -95.53377453301918 1
vertex 191.69317093835335 -95.68531108119119 1
endloop
endfacet
facet normal 0 0 -1
outer loop
vertex 183.3734977000032 -142.86851749997808 8.5
vertex 191.69317093835335 -95.68531108119119 1
vertex 191.67124241343294 -95.80967391229498 1
endloop
endfacet
facet normal 0 0 -1
outer loop
vertex 183.3734977000032 -142.86851749997808 8.5
vertex 191.67124241343294 -95.80967391229498 1
vertex 191.6549480494304 -95.90208383251289 1
endloop
endfacet
facet normal 0 0 -1
outer loop
vertex 183.3734977000032 -142.86851749997808 8.5
vertex 191.6549480494304 -95.90208383251289 1
vertex 191.6449140296219 -95.95898958040358 1
endloop
endfacet
facet normal 0 0 -1
outer loop
vertex 183.3734977000032 -142.86851749997808 8.5
vertex 191.6449140296219 -95.95898958040358 1
vertex 191.64152595575953 -95.97820430000012 1
endloop
endfacet
facet normal 0 0 -1
outer loop
vertex 183.3734977000032 -142.86851749997808 8.5
vertex 191.64152595575953 -95.97820430000012 1
vertex 190.8475720427066 -100.48094019999952 1
endloop
endfacet
facet normal 0 0 -1
outer loop
vertex 183.3734977000032 -142.86851749997808 8.5
vertex 190.8475720427066 -100.48094019999952 1
vertex 190.66526327265728 -101.51486449999982 1
endloop
endfacet
facet normal 0 0 -1
outer loop
vertex 183.3734977000032 -142.86851749997808 8.5
vertex 190.66526327265728 -101.51486449999982 1
vertex 190.66187519879495 -101.53407921959628 1
endloop
endfacet
facet normal 0 0 -1
outer loop
vertex 183.3734977000032 -142.86851749997808 8.5
vertex 190.66187519879495 -101.53407921959628 1
vertex 190.6518411789869 -101.59098496748439 1
endloop
endfacet
facet normal 0 0 -1
outer loop
vertex 183.3734977000032 -142.86851749997808 8.5
vertex 190.6518411789869 -101.59098496748439 1
vertex 190.63554681498397 -101.68339488770448 1
endloop
endfacet
facet normal 0 0 -1
outer loop
vertex 183.3734977000032 -142.86851749997808 8.5
vertex 190.63554681498397 -101.68339488770448 1
vertex 190.61361829006188 -101.80775771881778 1
endloop
endfacet
facet normal 0 0 -1
outer loop
vertex 183.3734977000032 -142.86851749997808 8.5
vertex 190.61361829006188 -101.80775771881778 1
vertex 190.58689830513606 -101.95929426696608 1
endloop
endfacet
facet normal 0 0 -1
outer loop
vertex 183.3734977000032 -142.86851749997808 8.5
vertex 190.58689830513606 -101.95929426696608 1
vertex 190.5564136942352 -102.13218106762811 1
endloop
endfacet
facet normal 0 0 -1
outer loop
vertex 183.3734977000032 -142.86851749997808 8.5
vertex 190.5564136942352 -102.13218106762811 1
vertex 190.52333596386495 -102.31977417798377 1
endloop
endfacet
facet normal 0 0 -1
outer loop
vertex 183.3734977000032 -142.86851749997808 8.5
vertex 190.52333596386495 -102.31977417798377 1
vertex 190.48893627265406 -102.51486450000087 1
endloop
endfacet
facet normal 0 0 -1
outer loop
vertex 183.3734977000032 -142.86851749997808 8.5
vertex 190.48893627265406 -102.51486450000087 1
vertex 190.454536581443 -102.70995482201882 1
endloop
endfacet
facet normal 0 0 -1
outer loop
vertex 183.3734977000032 -142.86851749997808 8.5
vertex 190.454536581443 -102.70995482201882 1
vertex 190.4214588510728 -102.89754793237418 1
endloop
endfacet
facet normal 0 0 -1
outer loop
vertex 183.3734977000032 -142.86851749997808 8.5
vertex 190.4214588510728 -102.89754793237418 1
vertex 190.3909742401768 -103.07043473300863 1
endloop
endfacet
facet normal 0 0 -1
outer loop
vertex 183.3734977000032 -142.86851749997808 8.5
vertex 190.3909742401768 -103.07043473300863 1
vertex 190.36425425524482 -103.22197128119188 1
endloop
endfacet
facet normal 0 0 -1
outer loop
vertex 183.3734977000032 -142.86851749997808 8.5
vertex 190.36425425524482 -103.22197128119188 1
vertex 190.3423257303242 -103.34633411229677 1
endloop
endfacet
facet normal 0 0 -1
outer loop
vertex 183.3734977000032 -142.86851749997808 8.5
vertex 190.3423257303242 -103.34633411229677 1
vertex 190.3260313663221 -103.43874403251223 1
endloop
endfacet
facet normal 0 0 -1
outer loop
vertex 183.3734977000032 -142.86851749997808 8.5
vertex 190.3260313663221 -103.43874403251223 1
vertex 190.31599734651377 -103.49564978040205 1
endloop
endfacet
facet normal 0 0 -1
outer loop
vertex 183.3734977000032 -142.86851749997808 8.5
vertex 190.31599734651377 -103.49564978040205 1
vertex 190.31260927265114 -103.51486449999997 1
endloop
endfacet
facet normal 0 0 -1
outer loop
vertex 183.3734977000032 -142.86851749997808 8.5
vertex 190.31260927265114 -103.51486449999997 1
vertex 189.45838647360856 -108.35940219999942 1
endloop
endfacet
facet normal 0 0 -1
outer loop
vertex 183.3734977000032 -142.86851749997808 8.5
vertex 189.45838647360856 -108.35940219999942 1
vertex 187.36298256346254 -120.24302700000025 1
endloop
endfacet
facet normal 0 0 -1
outer loop
vertex 183.3734977000032 -142.86851749997808 8.5
vertex 187.36298256346254 -120.24302700000025 1
vertex 187.35959448960023 -120.26224171959655 1
endloop
endfacet
facet normal 0 0 -1
outer loop
vertex 183.3734977000032 -142.86851749997808 8.5
vertex 187.35959448960023 -120.26224171959655 1
vertex 187.34956046979016 -120.31914746749614 1
endloop
endfacet
facet normal 0 0 -1
outer loop
vertex 183.3734977000032 -142.86851749997808 8.5
vertex 187.34956046979016 -120.31914746749614 1
vertex 187.33326610579186 -120.4115573876899 1
endloop
endfacet
facet normal 0 0 -1
outer loop
vertex 183.3734977000032 -142.86851749997808 8.5
vertex 187.33326610579186 -120.4115573876899 1
vertex 187.31133758086713 -120.53592021881812 1
endloop
endfacet
facet normal 0 0 -1
outer loop
vertex 183.3734977000032 -142.86851749997808 8.5
vertex 187.31133758086713 -120.53592021881812 1
vertex 187.28461759593918 -120.6874567669786 1
endloop
endfacet
facet normal 0 0 -1
outer loop
vertex 183.3734977000032 -142.86851749997808 8.5
vertex 187.28461759593918 -120.6874567669786 1
vertex 187.25413298504154 -120.86034356762237 1
endloop
endfacet
facet normal 0 0 -1
outer loop
vertex 183.3734977000032 -142.86851749997808 8.5
vertex 187.25413298504154 -120.86034356762237 1
vertex 187.22105525466802 -121.04793667799652 1
endloop
endfacet
facet normal 0 0 -1
outer loop
vertex 183.3734977000032 -142.86851749997808 8.5
vertex 187.22105525466802 -121.04793667799652 1
vertex 187.18665556345948 -121.24302700000021 1
endloop
endfacet
facet normal 0 0 -1
outer loop
vertex 183.3734977000032 -142.86851749997808 8.5
vertex 187.18665556345948 -121.24302700000021 1
vertex 187.1522558722495 -121.43811732201218 1
endloop
endfacet
facet normal 0 0 -1
outer loop
vertex 183.3734977000032 -142.86851749997808 8.5
vertex 187.1522558722495 -121.43811732201218 1
vertex 187.11917814187922 -121.62571043236794 1
endloop
endfacet
facet normal 0 0 -1
outer loop
vertex 183.3734977000032 -142.86851749997808 8.5
vertex 187.11917814187922 -121.62571043236794 1
vertex 187.08869353097936 -121.79859723302427 1
endloop
endfacet
facet normal 0 0 -1
outer loop
vertex 183.3734977000032 -142.86851749997808 8.5
vertex 187.08869353097936 -121.79859723302427 1
vertex 187.0619735460512 -121.95013378118584 1
endloop
endfacet
facet normal 0 0 -1
outer loop
vertex 183.3734977000032 -142.86851749997808 8.5
vertex 187.0619735460512 -121.95013378118584 1
vertex 187.04004502112784 -122.07449661230643 1
endloop
endfacet
facet normal 0 0 -1
outer loop
vertex 183.3734977000032 -142.86851749997808 8.5
vertex 187.04004502112784 -122.07449661230643 1
vertex 187.0237506571283 -122.1669065325072 1
endloop
endfacet
facet normal 0 0 -1
outer loop
vertex 183.3734977000032 -142.86851749997808 8.5
vertex 187.0237506571283 -122.1669065325072 1
vertex 187.0137166373188 -122.2238122804037 1
endloop
endfacet
facet normal 0 0 -1
outer loop
vertex 183.3734977000032 -142.86851749997808 8.5
vertex 187.0137166373188 -122.2238122804037 1
vertex 187.0103285634564 -122.24302700000042 1
endloop
endfacet
facet normal 0 0 -1
outer loop
vertex 183.3734977000032 -142.86851749997808 8.5
vertex 187.0103285634564 -122.24302700000042 1
vertex 186.40069690350555 -125.70041957141767 1
endloop
endfacet
facet normal 0 0 -1
outer loop
vertex 183.3734977000032 -142.86851749997808 8.5
vertex 186.40069690350555 -125.70041957141767 1
vertex 186.3953806041502 -125.73056980000001 1
endloop
endfacet
facet normal 0 0 -1
outer loop
vertex 183.3734977000032 -142.86851749997808 8.5
vertex 186.3953806041502 -125.73056980000001 1
vertex 186.0881380713173 -127.47302860000002 1
endloop
endfacet
facet normal 0 0 -1
outer loop
vertex 183.3734977000032 -142.86851749997808 8.5
vertex 186.0881380713173 -127.47302860000002 1
vertex 186.07404540806706 -127.55295205613537 1
endloop
endfacet
facet normal 0 0 -1
outer loop
vertex 183.3734977000032 -142.86851749997808 8.5
vertex 186.07404540806706 -127.55295205613537 1
vertex 186.05153212536322 -127.68063121306228 1
endloop
endfacet
facet normal 0 0 -1
outer loop
vertex 183.3734977000032 -142.86851749997808 8.5
vertex 186.05153212536322 -127.68063121306228 1
vertex 186.02116717192322 -127.85283940261621 1
endloop
endfacet
facet normal 0 0 -1
outer loop
vertex 183.3734977000032 -142.86851749997808 8.5
vertex 186.02116717192322 -127.85283940261621 1
vertex 185.98371792145883 -128.06522463269295 1
endloop
endfacet
facet normal 0 0 -1
outer loop
vertex 183.3734977000032 -142.86851749997808 8.5
vertex 185.98371792145883 -128.06522463269295 1
vertex 185.9401307798453 -128.31241956944558 1
endloop
endfacet
facet normal 0 0 -1
outer loop
vertex 183.3734977000032 -142.86851749997808 8.5
vertex 185.9401307798453 -128.31241956944558 1
vertex 185.89150726784445 -128.5881771788873 1
endloop
endfacet
facet normal 0 0 -1
outer loop
vertex 183.3734977000032 -142.86851749997808 8.5
vertex 185.89150726784445 -128.5881771788873 1
vertex 185.8390764306708 -128.88552720000007 1
endloop
endfacet
facet normal 0 0 -1
outer loop
vertex 183.3734977000032 -142.86851749997808 8.5
vertex 185.8390764306708 -128.88552720000007 1
vertex 184.84176560239447 -134.54155735000003 1
endloop
endfacet
facet normal 0 0 -1
outer loop
vertex 183.3734977000032 -142.86851749997808 8.5
vertex 184.84176560239447 -134.54155735000003 1
vertex 184.8278785785417 -134.6203145672867 1
endloop
endfacet
facet normal 0 0 -1
outer loop
vertex 183.3734977000032 -142.86851749997808 8.5
vertex 184.8278785785417 -134.6203145672867 1
vertex 184.8057531009527 -134.74579437235707 1
endloop
endfacet
facet normal 0 0 -1
outer loop
vertex 183.3734977000032 -142.86851749997808 8.5
vertex 184.8057531009527 -134.74579437235707 1
vertex 184.77593588380643 -134.91489619536634 1
endloop
endfacet
facet normal 0 0 -1
outer loop
vertex 183.3734977000032 -142.86851749997808 8.5
vertex 184.77593588380643 -134.91489619536634 1
vertex 184.73916370195113 -135.1234415789699 1
endloop
endfacet
facet normal 0 0 -1
outer loop
vertex 183.3734977000032 -142.86851749997808 8.5
vertex 184.73916370195113 -135.1234415789699 1
vertex 184.69634518540983 -135.3662774268012 1
endloop
endfacet
facet normal 0 0 -1
outer loop
vertex 183.3734977000032 -142.86851749997808 8.5
vertex 184.69634518540983 -135.3662774268012 1
vertex 184.64853836739448 -135.6374033349974 1
endloop
endfacet
facet normal 0 0 -1
outer loop
vertex 183.3734977000032 -142.86851749997808 8.5
vertex 184.64853836739448 -135.6374033349974 1
vertex 184.59692454060965 -135.93011986045263 1
endloop
endfacet
facet normal 0 0 -1
outer loop
vertex 183.3734977000032 -142.86851749997808 8.5
vertex 184.59692454060965 -135.93011986045263 1
vertex 184.54277906785026 -136.23719406212595 1
endloop
endfacet
facet normal 0 0 -1
outer loop
vertex 183.3734977000032 -142.86851749997808 8.5
vertex 184.54277906785026 -136.23719406212595 1
vertex 184.48743986815387 -136.55103822493388 1
endloop
endfacet
facet normal 0 0 -1
outer loop
vertex 183.3734977000032 -142.86851749997808 8.5
vertex 184.48743986815387 -136.55103822493388 1
vertex 184.43227482447398 -136.86389469999966 1
endloop
endfacet
facet normal 0 0 -1
outer loop
vertex 183.3734977000032 -142.86851749997808 8.5
vertex 184.43227482447398 -136.86389469999966 1
vertex 183.37349770000006 -142.86851749999965 1
endloop
endfacet
facet normal -0.17364858580626144 -0.984807681046145 -3.297392953382499e-13
outer loop
vertex 156.33728740004062 -70.19256800000986 8.5
vertex 138.31337389995392 -67.01445804999436 8.5
vertex 138.31337390000007 -67.01445804999999 1
endloop
endfacet
facet normal -0.17364858580626144 -0.984807681046145 -3.297392953382499e-13
outer loop
vertex 156.33728740004062 -70.19256800000986 8.5
vertex 138.31337390000007 -67.01445804999999 1
vertex 155.67877094304302 -70.07645350000011 1
endloop
endfacet
facet normal -0.17364858580626144 -0.984807681046145 -3.297392953382499e-13
outer loop
vertex 156.33728740004062 -70.19256800000986 8.5
vertex 155.67877094304302 -70.07645350000011 1
vertex 156.33728740000012 -70.19256800000002 1
endloop
endfacet
facet normal -0.9951847266721985 0.09801714032954566 0
outer loop
vertex 173.55078058040465 -89.60996852201598 1
vertex 173.5699952999998 -89.4148782000104 1
vertex 173.5699952999998 -89.4148782000105 0
endloop
endfacet
facet normal -0.9951847266721985 0.09801714032954566 0
outer loop
vertex 173.55078058040465 -89.60996852201598 1
vertex 173.5699952999998 -89.4148782000105 0
vertex 173.55078058040405 -89.60996852201609 0
endloop
endfacet
facet normal -0.9951847266721984 -0.09801714032954582 0
outer loop
vertex 173.5699952999998 -89.4148782000104 1
vertex 173.55078058040047 -89.21978787796834 1
vertex 173.55078058040044 -89.21978787796832 0
endloop
endfacet
facet normal -0.9951847266721984 -0.09801714032954582 0
outer loop
vertex 173.5699952999998 -89.4148782000104 1
vertex 173.55078058040044 -89.21978787796832 0
vertex 173.5699952999998 -89.4148782000105 0
endloop
endfacet
facet normal -0.9569403357321702 -0.2902846772545899 0
outer loop
vertex 173.55078058040047 -89.21978787796834 1
vertex 173.49387483251374 -89.03219476763664 1
vertex 173.49387483251374 -89.03219476763668 0
endloop
endfacet
facet normal -0.9569403357321702 -0.2902846772545899 0
outer loop
vertex 173.55078058040047 -89.21978787796834 1
vertex 173.49387483251374 -89.03219476763668 0
vertex 173.55078058040044 -89.21978787796832 0
endloop
endfacet
facet normal -0.8819212643484033 -0.47139673682590744 0
outer loop
vertex 173.49387483251374 -89.03219476763664 1
vertex 173.40146491230715 -88.8593079669861 1
vertex 173.4014649123071 -88.85930796698602 0
endloop
endfacet
facet normal -0.8819212643484033 -0.47139673682590744 0
outer loop
vertex 173.49387483251374 -89.03219476763664 1
vertex 173.4014649123071 -88.85930796698602 0
vertex 173.49387483251374 -89.03219476763668 0
endloop
endfacet
facet normal -0.7730104533627319 -0.6343932841636518 0
outer loop
vertex 173.40146491230715 -88.8593079669861 1
vertex 173.27710208118916 -88.70777141881672 1
vertex 173.27710208118916 -88.70777141881673 0
endloop
endfacet
facet normal -0.7730104533627319 -0.6343932841636518 0
outer loop
vertex 173.40146491230715 -88.8593079669861 1
vertex 173.27710208118916 -88.70777141881673 0
vertex 173.4014649123071 -88.85930796698602 0
endloop
endfacet
facet normal -0.6343932841636208 -0.7730104533627572 0
outer loop
vertex 173.27710208118916 -88.70777141881672 1
vertex 173.12556553302872 -88.58340858770607 1
vertex 173.1255655330287 -88.58340858770606 0
endloop
endfacet
facet normal -0.6343932841636208 -0.7730104533627572 0
outer loop
vertex 173.27710208118916 -88.70777141881672 1
vertex 173.1255655330287 -88.58340858770606 0
vertex 173.27710208118916 -88.70777141881673 0
endloop
endfacet
facet normal -0.4713967368260583 -0.8819212643483227 0
outer loop
vertex 173.12556553302872 -88.58340858770607 1
vertex 172.95267873233425 -88.49099866747596 1
vertex 172.95267873233422 -88.49099866747595 0
endloop
endfacet
facet normal -0.4713967368260583 -0.8819212643483227 0
outer loop
vertex 173.12556553302872 -88.58340858770607 1
vertex 172.95267873233422 -88.49099866747595 0
vertex 173.1255655330287 -88.58340858770606 0
endloop
endfacet
facet normal -0.2902846772543984 -0.9569403357322284 0
outer loop
vertex 172.95267873233425 -88.49099866747596 1
vertex 172.76508562202673 -88.43409291959661 1
vertex 172.76508562202676 -88.43409291959661 0
endloop
endfacet
facet normal -0.2902846772543984 -0.9569403357322284 0
outer loop
vertex 172.95267873233425 -88.49099866747596 1
vertex 172.76508562202676 -88.43409291959661 0
vertex 172.95267873233422 -88.49099866747595 0
endloop
endfacet
facet normal -0.09801714032957423 -0.9951847266721956 0
outer loop
vertex 172.76508562202673 -88.43409291959661 1
vertex 172.56999530000832 -88.4148781999996 1
vertex 172.56999530000832 -88.4148781999996 0
endloop
endfacet
facet normal -0.09801714032957423 -0.9951847266721956 0
outer loop
vertex 172.76508562202673 -88.43409291959661 1
vertex 172.56999530000832 -88.4148781999996 0
vertex 172.76508562202676 -88.43409291959661 0
endloop
endfacet
facet normal 0.09801714032957415 -0.9951847266721956 0
outer loop
vertex 172.56999530000832 -88.4148781999996 1
vertex 172.37490497796728 -88.43409291959661 1
vertex 172.37490497798984 -88.43409291959661 0
endloop
endfacet
facet normal 0.09801714032957415 -0.9951847266721956 0
outer loop
vertex 172.56999530000832 -88.4148781999996 1
vertex 172.37490497798984 -88.43409291959661 0
vertex 172.56999530000832 -88.4148781999996 0
endloop
endfacet
facet normal 0.2902846772544459 -0.9569403357322138 0
outer loop
vertex 172.37490497796728 -88.43409291959661 1
vertex 172.18731186765928 -88.49099866747596 1
vertex 172.18731186765987 -88.49099866747595 0
endloop
endfacet
facet normal 0.2902846772544459 -0.9569403357322138 0
outer loop
vertex 172.37490497796728 -88.43409291959661 1
vertex 172.18731186765987 -88.49099866747595 0
vertex 172.37490497798984 -88.43409291959661 0
endloop
endfacet
facet normal 0.47139673682602534 -0.8819212643483402 0
outer loop
vertex 172.18731186765928 -88.49099866747596 1
vertex 172.0144250669696 -88.58340858770607 1
vertex 172.01442506696492 -88.58340858770606 0
endloop
endfacet
facet normal 0.47139673682602534 -0.8819212643483402 0
outer loop
vertex 172.18731186765928 -88.49099866747596 1
vertex 172.01442506696492 -88.58340858770606 0
vertex 172.18731186765987 -88.49099866747595 0
endloop
endfacet
facet normal 0.6343932841636208 -0.7730104533627572 0
outer loop
vertex 172.0144250669696 -88.58340858770607 1
vertex 171.86288851881318 -88.70777141881672 1
vertex 171.86288851880906 -88.70777141881673 0
endloop
endfacet
facet normal 0.6343932841636208 -0.7730104533627572 0
outer loop
vertex 172.0144250669696 -88.58340858770607 1
vertex 171.86288851880906 -88.70777141881673 0
vertex 172.01442506696492 -88.58340858770606 0
endloop
endfacet
facet normal 0.7730104533627319 -0.6343932841636518 0
outer loop
vertex 171.86288851881318 -88.70777141881672 1
vertex 171.7385256876986 -88.8593079669861 1
vertex 171.73852568769516 -88.85930796698602 0
endloop
endfacet
facet normal 0.7730104533627319 -0.6343932841636518 0
outer loop
vertex 171.86288851881318 -88.70777141881672 1
vertex 171.73852568769516 -88.85930796698602 0
vertex 171.86288851880906 -88.70777141881673 0
endloop
endfacet
facet normal 0.8819212643484033 -0.47139673682590744 0
outer loop
vertex 171.7385256876986 -88.8593079669861 1
vertex 171.64611576748635 -89.03219476763664 1
vertex 171.646115767492 -89.03219476763668 0
endloop
endfacet
facet normal 0.8819212643484033 -0.47139673682590744 0
outer loop
vertex 171.7385256876986 -88.8593079669861 1
vertex 171.646115767492 -89.03219476763668 0
vertex 171.73852568769516 -88.85930796698602 0
endloop
endfacet
facet normal 0.9569403357321787 -0.29028467725456186 0
outer loop
vertex 171.64611576748635 -89.03219476763664 1
vertex 171.58921001959678 -89.21978787796834 1
vertex 171.58921001959968 -89.21978787796832 0
endloop
endfacet
facet normal 0.9569403357321787 -0.29028467725456186 0
outer loop
vertex 171.64611576748635 -89.03219476763664 1
vertex 171.58921001959968 -89.21978787796832 0
vertex 171.646115767492 -89.03219476763668 0
endloop
endfacet
facet normal 0.9951847266722011 -0.09801714032951749 0
outer loop
vertex 171.58921001959678 -89.21978787796834 1
vertex 171.5699953000005 -89.4148782000104 1
vertex 171.5699952999975 -89.4148782000105 0
endloop
endfacet
facet normal 0.9951847266722011 -0.09801714032951749 0
outer loop
vertex 171.58921001959678 -89.21978787796834 1
vertex 171.5699952999975 -89.4148782000105 0
vertex 171.58921001959968 -89.21978787796832 0
endloop
endfacet
facet normal 0.995184726672204 0.09801714032948901 0
outer loop
vertex 171.5699953000005 -89.4148782000104 1
vertex 171.58921001959803 -89.60996852201598 1
vertex 171.58921001959627 -89.60996852201609 0
endloop
endfacet
facet normal 0.995184726672204 0.09801714032948901 0
outer loop
vertex 171.5699953000005 -89.4148782000104 1
vertex 171.58921001959627 -89.60996852201609 0
vertex 171.5699952999975 -89.4148782000105 0
endloop
endfacet
facet normal 0.9569403357321702 0.2902846772545899 0
outer loop
vertex 171.58921001959803 -89.60996852201598 1
vertex 171.64611576749547 -89.79756163238298 1
vertex 171.64611576749553 -89.79756163238306 0
endloop
endfacet
facet normal 0.9569403357321702 0.2902846772545899 0
outer loop
vertex 171.58921001959803 -89.60996852201598 1
vertex 171.64611576749553 -89.79756163238306 0
vertex 171.58921001959627 -89.60996852201609 0
endloop
endfacet
facet normal 0.8819212643484017 0.4713967368259104 0
outer loop
vertex 171.64611576749547 -89.79756163238298 1
vertex 171.73852568769456 -89.97044843301947 1
vertex 171.7385256876945 -89.97044843301934 0
endloop
endfacet
facet normal 0.8819212643484017 0.4713967368259104 0
outer loop
vertex 171.64611576749547 -89.79756163238298 1
vertex 171.7385256876945 -89.97044843301934 0
vertex 171.64611576749553 -89.79756163238306 0
endloop
endfacet
facet normal 0.7730104533627319 0.6343932841636518 0
outer loop
vertex 171.73852568769456 -89.97044843301947 1
vertex 171.86288851880775 -90.12198498118299 1
vertex 171.86288851880786 -90.12198498118308 0
endloop
endfacet
facet normal 0.7730104533627319 0.6343932841636518 0
outer loop
vertex 171.73852568769456 -89.97044843301947 1
vertex 171.86288851880786 -90.12198498118308 0
vertex 171.7385256876945 -89.97044843301934 0
endloop
endfacet
facet normal 0.6343932841636208 0.7730104533627572 0
outer loop
vertex 171.86288851880775 -90.12198498118299 1
vertex 172.01442506697836 -90.24634781230198 1
vertex 172.0144250669784 -90.246347812302 0
endloop
endfacet
facet normal 0.6343932841636208 0.7730104533627572 0
outer loop
vertex 171.86288851880775 -90.12198498118299 1
vertex 172.0144250669784 -90.246347812302 0
vertex 171.86288851880786 -90.12198498118308 0
endloop
endfacet
facet normal 0.4713967368260364 0.8819212643483344 0
outer loop
vertex 172.01442506697836 -90.24634781230198 1
vertex 172.18731186762133 -90.33875773250456 1
vertex 172.18731186762125 -90.33875773250453 0
endloop
endfacet
facet normal 0.4713967368260364 0.8819212643483344 0
outer loop
vertex 172.01442506697836 -90.24634781230198 1
vertex 172.18731186762125 -90.33875773250453 0
vertex 172.0144250669784 -90.246347812302 0
endloop
endfacet
facet normal 0.29028467725439794 0.9569403357322284 0
outer loop
vertex 172.18731186762133 -90.33875773250456 1
vertex 172.37490497799112 -90.3956634804028 1
vertex 172.37490497799118 -90.39566348040282 0
endloop
endfacet
facet normal 0.29028467725439794 0.9569403357322284 0
outer loop
vertex 172.18731186762133 -90.33875773250456 1
vertex 172.37490497799118 -90.39566348040282 0
vertex 172.18731186762125 -90.33875773250453 0
endloop
endfacet
facet normal 0.09801714032957415 0.9951847266721956 0
outer loop
vertex 172.37490497799112 -90.3956634804028 1
vertex 172.56999530001144 -90.41487819999999 1
vertex 172.56999530001139 -90.41487819999999 0
endloop
endfacet
facet normal 0.09801714032957415 0.9951847266721956 0
outer loop
vertex 172.37490497799112 -90.3956634804028 1
vertex 172.56999530001139 -90.41487819999999 0
vertex 172.37490497799118 -90.39566348040282 0
endloop
endfacet
facet normal -0.09801714032957415 0.9951847266721956 0
outer loop
vertex 172.56999530001144 -90.41487819999999 1
vertex 172.76508562203185 -90.3956634804028 1
vertex 172.76508562200684 -90.39566348040282 0
endloop
endfacet
facet normal -0.09801714032957415 0.9951847266721956 0
outer loop
vertex 172.56999530001144 -90.41487819999999 1
vertex 172.76508562200684 -90.39566348040282 0
vertex 172.56999530001139 -90.41487819999999 0
endloop
endfacet
facet normal -0.2902846772544199 0.9569403357322217 0
outer loop
vertex 172.76508562203185 -90.3956634804028 1
vertex 172.95267873237867 -90.33875773250456 1
vertex 172.95267873236708 -90.33875773250453 0
endloop
endfacet
facet normal -0.2902846772544199 0.9569403357322217 0
outer loop
vertex 172.76508562203185 -90.3956634804028 1
vertex 172.95267873236708 -90.33875773250453 0
vertex 172.76508562200684 -90.39566348040282 0
endloop
endfacet
facet normal -0.4713967368260534 0.8819212643483252 0
outer loop
vertex 172.95267873237867 -90.33875773250456 1
vertex 173.12556553301323 -90.24634781230198 1
vertex 173.1255655330192 -90.246347812302 0
endloop
endfacet
facet normal -0.4713967368260534 0.8819212643483252 0
outer loop
vertex 172.95267873237867 -90.33875773250456 1
vertex 173.1255655330192 -90.246347812302 0
vertex 172.95267873236708 -90.33875773250453 0
endloop
endfacet
facet normal -0.6343932841636208 0.7730104533627572 0
outer loop
vertex 173.12556553301323 -90.24634781230198 1
vertex 173.27710208119004 -90.12198498118299 1
vertex 173.2771020811844 -90.12198498118308 0
endloop
endfacet
facet normal -0.6343932841636208 0.7730104533627572 0
outer loop
vertex 173.12556553301323 -90.24634781230198 1
vertex 173.2771020811844 -90.12198498118308 0
vertex 173.1255655330192 -90.246347812302 0
endloop
endfacet
facet normal -0.7730104533627374 0.6343932841636448 0
outer loop
vertex 173.27710208119004 -90.12198498118299 1
vertex 173.40146491229953 -89.97044843301947 1
vertex 173.40146491230468 -89.97044843301934 0
endloop
endfacet
facet normal -0.7730104533627374 0.6343932841636448 0
outer loop
vertex 173.27710208119004 -90.12198498118299 1
vertex 173.40146491230468 -89.97044843301934 0
vertex 173.2771020811844 -90.12198498118308 0
endloop
endfacet
facet normal -0.8819212643484033 0.47139673682590744 0
outer loop
vertex 173.40146491229953 -89.97044843301947 1
vertex 173.49387483250246 -89.79756163238298 1
vertex 173.49387483251024 -89.79756163238306 0
endloop
endfacet
facet normal -0.8819212643484033 0.47139673682590744 0
outer loop
vertex 173.40146491229953 -89.97044843301947 1
vertex 173.49387483251024 -89.79756163238306 0
vertex 173.40146491230468 -89.97044843301934 0
endloop
endfacet
facet normal -0.9569403357321787 0.29028467725456186 0
outer loop
vertex 173.49387483250246 -89.79756163238298 1
vertex 173.55078058040465 -89.60996852201598 1
vertex 173.55078058040405 -89.60996852201609 0
endloop
endfacet
facet normal -0.9569403357321787 0.29028467725456186 0
outer loop
vertex 173.49387483250246 -89.79756163238298 1
vertex 173.55078058040405 -89.60996852201609 0
vertex 173.49387483251024 -89.79756163238306 0
endloop
endfacet
facet normal -0.995184726672204 0.09801714032948901 0
outer loop
vertex 179.57328688040346 -148.70352962201412 1
vertex 179.59250159999996 -148.50843929999877 1
vertex 179.59250159999996 -148.5084392999987 0
endloop
endfacet
facet normal -0.995184726672204 0.09801714032948901 0
outer loop
vertex 179.57328688040346 -148.70352962201412 1
vertex 179.59250159999996 -148.5084392999987 0
vertex 179.57328688040326 -148.7035296220143 0
endloop
endfacet
facet normal -0.995184726672204 -0.09801714032948901 0
outer loop
vertex 179.59250159999996 -148.50843929999877 1
vertex 179.57328688040297 -148.31334897798013 1
vertex 179.57328688040297 -148.31334897798018 0
endloop
endfacet
facet normal -0.995184726672204 -0.09801714032948901 0
outer loop
vertex 179.59250159999996 -148.50843929999877 1
vertex 179.57328688040297 -148.31334897798018 0
vertex 179.59250159999996 -148.5084392999987 0
endloop
endfacet
facet normal -0.9569403357321787 -0.29028467725456186 0
outer loop
vertex 179.57328688040297 -148.31334897798013 1
vertex 179.5163811325107 -148.12575586763018 1
vertex 179.51638113251067 -148.12575586763012 0
endloop
endfacet
facet normal -0.9569403357321787 -0.29028467725456186 0
outer loop
vertex 179.57328688040297 -148.31334897798013 1
vertex 179.51638113251067 -148.12575586763012 0
vertex 179.57328688040297 -148.31334897798018 0
endloop
endfacet
facet normal -0.8819212643483867 -0.47139673682593836 0
outer loop
vertex 179.5163811325107 -148.12575586763018 1
vertex 179.4239712123192 -147.95286906700787 1
vertex 179.42397121231915 -147.95286906700778 0
endloop
endfacet
facet normal -0.8819212643483867 -0.47139673682593836 0
outer loop
vertex 179.5163811325107 -148.12575586763018 1
vertex 179.42397121231915 -147.95286906700778 0
vertex 179.51638113251067 -148.12575586763012 0
endloop
endfacet
facet normal -0.7730104533627381 -0.634393284163644 0
outer loop
vertex 179.4239712123192 -147.95286906700787 1
vertex 179.2996083811679 -147.80133251879795 1
vertex 179.29960838116799 -147.801332518798 0
endloop
endfacet
facet normal -0.7730104533627381 -0.634393284163644 0
outer loop
vertex 179.4239712123192 -147.95286906700787 1
vertex 179.29960838116799 -147.801332518798 0
vertex 179.42397121231915 -147.95286906700778 0
endloop
endfacet
facet normal -0.6343932841636603 -0.773010453362725 0
outer loop
vertex 179.2996083811679 -147.80133251879795 1
vertex 179.14807183302048 -147.67696968769795 1
vertex 179.1480718330205 -147.67696968769798 0
endloop
endfacet
facet normal -0.6343932841636603 -0.773010453362725 0
outer loop
vertex 179.2996083811679 -147.80133251879795 1
vertex 179.1480718330205 -147.67696968769798 0
vertex 179.29960838116799 -147.801332518798 0
endloop
endfacet
facet normal -0.47139673682592287 -0.881921264348395 0
outer loop
vertex 179.14807183302048 -147.67696968769795 1
vertex 178.9751850323602 -147.58455976748613 1
vertex 178.97518503236012 -147.5845597674861 0
endloop
endfacet
facet normal -0.47139673682592287 -0.881921264348395 0
outer loop
vertex 179.14807183302048 -147.67696968769795 1
vertex 178.97518503236012 -147.5845597674861 0
vertex 179.1480718330205 -147.67696968769798 0
endloop
endfacet
facet normal -0.29028467725453294 -0.9569403357321875 0
outer loop
vertex 178.9751850323602 -147.58455976748613 1
vertex 178.78759192202625 -147.5276540195987 1
vertex 178.78759192202622 -147.5276540195987 0
endloop
endfacet
facet normal -0.29028467725453294 -0.9569403357321875 0
outer loop
vertex 178.9751850323602 -147.58455976748613 1
vertex 178.78759192202622 -147.5276540195987 0
vertex 178.97518503236012 -147.5845597674861 0
endloop
endfacet
facet normal -0.09801714032951732 -0.9951847266722011 0
outer loop
vertex 178.78759192202625 -147.5276540195987 1
vertex 178.5925015999855 -147.50843929999954 1
vertex 178.59250159998555 -147.50843929999954 0
endloop
endfacet
facet normal -0.09801714032951732 -0.9951847266722011 0
outer loop
vertex 178.78759192202625 -147.5276540195987 1
vertex 178.59250159998555 -147.50843929999954 0
vertex 178.78759192202622 -147.5276540195987 0
endloop
endfacet
facet normal 0.0980171403295175 -0.9951847266722011 0
outer loop
vertex 178.5925015999855 -147.50843929999954 1
vertex 178.39741127799152 -147.5276540195987 1
vertex 178.3974112779449 -147.5276540195987 0
endloop
endfacet
facet normal 0.0980171403295175 -0.9951847266722011 0
outer loop
vertex 178.5925015999855 -147.50843929999954 1
vertex 178.3974112779449 -147.5276540195987 0
vertex 178.59250159998555 -147.50843929999954 0
endloop
endfacet
facet normal 0.2902846772545339 -0.9569403357321872 0
outer loop
vertex 178.39741127799152 -147.5276540195987 1
vertex 178.20981816763432 -147.58455976748613 1
vertex 178.20981816765718 -147.5845597674861 0
endloop
endfacet
facet normal 0.2902846772545339 -0.9569403357321872 0
outer loop
vertex 178.39741127799152 -147.5276540195987 1
vertex 178.20981816765718 -147.5845597674861 0
vertex 178.3974112779449 -147.5276540195987 0
endloop
endfacet
facet normal 0.4713967368259354 -0.8819212643483884 0
outer loop
vertex 178.20981816763432 -147.58455976748613 1
vertex 178.03693136698197 -147.67696968769795 1
vertex 178.03693136697413 -147.67696968769798 0
endloop
endfacet
facet normal 0.4713967368259354 -0.8819212643483884 0
outer loop
vertex 178.20981816763432 -147.58455976748613 1
vertex 178.03693136697413 -147.67696968769798 0
vertex 178.20981816765718 -147.5845597674861 0
endloop
endfacet
facet normal 0.6343932841636518 -0.7730104533627319 0
outer loop
vertex 178.03693136698197 -147.67696968769795 1
vertex 177.88539481881446 -147.80133251879795 1
vertex 177.88539481883447 -147.801332518798 0
endloop
endfacet
facet normal 0.6343932841636518 -0.7730104533627319 0
outer loop
vertex 178.03693136698197 -147.67696968769795 1
vertex 177.88539481883447 -147.801332518798 0
vertex 178.03693136697413 -147.67696968769798 0
endloop
endfacet
facet normal 0.7730104533627065 -0.6343932841636827 0
outer loop
vertex 177.88539481881446 -147.80133251879795 1
vertex 177.76103198769638 -147.95286906700787 1
vertex 177.76103198766344 -147.95286906700778 0
endloop
endfacet
facet normal 0.7730104533627065 -0.6343932841636827 0
outer loop
vertex 177.88539481881446 -147.80133251879795 1
vertex 177.76103198766344 -147.95286906700778 0
vertex 177.88539481883447 -147.801332518798 0
endloop
endfacet
facet normal 0.8819212643483884 -0.4713967368259354 0
outer loop
vertex 177.76103198769638 -147.95286906700787 1
vertex 177.66862206748536 -148.12575586763018 1
vertex 177.66862206750477 -148.12575586763012 0
endloop
endfacet
facet normal 0.8819212643483884 -0.4713967368259354 0
outer loop
vertex 177.76103198769638 -147.95286906700787 1
vertex 177.66862206750477 -148.12575586763012 0
vertex 177.76103198766344 -147.95286906700778 0
endloop
endfacet
facet normal 0.9569403357321787 -0.29028467725456186 0
outer loop
vertex 177.66862206748536 -148.12575586763018 1
vertex 177.61171631959706 -148.31334897798013 1
vertex 177.61171631959303 -148.31334897798018 0
endloop
endfacet
facet normal 0.9569403357321787 -0.29028467725456186 0
outer loop
vertex 177.66862206748536 -148.12575586763018 1
vertex 177.61171631959303 -148.31334897798018 0
vertex 177.66862206750477 -148.12575586763012 0
endloop
endfacet
facet normal 0.995184726672204 -0.09801714032948901 0
outer loop
vertex 177.61171631959706 -148.31334897798013 1
vertex 177.59250160000056 -148.50843929999877 1
vertex 177.5925016000001 -148.5084392999987 0
endloop
endfacet
facet normal 0.995184726672204 -0.09801714032948901 0
outer loop
vertex 177.61171631959706 -148.31334897798013 1
vertex 177.5925016000001 -148.5084392999987 0
vertex 177.61171631959303 -148.31334897798018 0
endloop
endfacet
facet normal 0.9951847266722011 0.09801714032951749 0
outer loop
vertex 177.59250160000056 -148.50843929999877 1
vertex 177.611716319598 -148.70352962201412 1
vertex 177.61171631959732 -148.7035296220143 0
endloop
endfacet
facet normal 0.9951847266722011 0.09801714032951749 0
outer loop
vertex 177.59250160000056 -148.50843929999877 1
vertex 177.61171631959732 -148.7035296220143 0
vertex 177.5925016000001 -148.5084392999987 0
endloop
endfacet
facet normal 0.9569403357321702 0.2902846772545899 0
outer loop
vertex 177.611716319598 -148.70352962201412 1
vertex 177.66862206749033 -148.89112273236427 1
vertex 177.6686220674903 -148.89112273236424 0
endloop
endfacet
facet normal 0.9569403357321702 0.2902846772545899 0
outer loop
vertex 177.611716319598 -148.70352962201412 1
vertex 177.6686220674903 -148.89112273236424 0
vertex 177.61171631959732 -148.7035296220143 0
endloop
endfacet
facet normal 0.8819212643483867 0.47139673682593836 0
outer loop
vertex 177.66862206749033 -148.89112273236427 1
vertex 177.76103198771102 -149.06400953304114 1
vertex 177.7610319877109 -149.06400953304095 0
endloop
endfacet
facet normal 0.8819212643483867 0.47139673682593836 0
outer loop
vertex 177.66862206749033 -148.89112273236427 1
vertex 177.7610319877109 -149.06400953304095 0
vertex 177.6686220674903 -148.89112273236424 0
endloop
endfacet
facet normal 0.7730104533627332 0.6343932841636499 0
outer loop
vertex 177.76103198771102 -149.06400953304114 1
vertex 177.88539481879207 -149.21554608116548 1
vertex 177.88539481879218 -149.21554608116557 0
endloop
endfacet
facet normal 0.7730104533627332 0.6343932841636499 0
outer loop
vertex 177.76103198771102 -149.06400953304114 1
vertex 177.88539481879218 -149.21554608116557 0
vertex 177.7610319877109 -149.06400953304095 0
endloop
endfacet
facet normal 0.6343932841636517 0.7730104533627318 0
outer loop
vertex 177.88539481879207 -149.21554608116548 1
vertex 178.03693136699283 -149.33990891230923 1
vertex 178.03693136699277 -149.3399089123092 0
endloop
endfacet
facet normal 0.6343932841636517 0.7730104533627318 0
outer loop
vertex 177.88539481879207 -149.21554608116548 1
vertex 178.03693136699277 -149.3399089123092 0
vertex 177.88539481879218 -149.21554608116557 0
endloop
endfacet
facet normal 0.47139673682592287 0.881921264348395 0
outer loop
vertex 178.03693136699283 -149.33990891230923 1
vertex 178.20981816763 -149.43231883250868 1
vertex 178.2098181676301 -149.4323188325087 0
endloop
endfacet
facet normal 0.47139673682592287 0.881921264348395 0
outer loop
vertex 178.03693136699283 -149.33990891230923 1
vertex 178.2098181676301 -149.4323188325087 0
vertex 178.03693136699277 -149.3399089123092 0
endloop
endfacet
facet normal 0.29028467725453294 0.9569403357321875 0
outer loop
vertex 178.20981816763 -149.43231883250868 1
vertex 178.39741127799763 -149.4892245804063 1
vertex 178.3974112779977 -149.48922458040633 0
endloop
endfacet
facet normal 0.29028467725453294 0.9569403357321875 0
outer loop
vertex 178.20981816763 -149.43231883250868 1
vertex 178.3974112779977 -149.48922458040633 0
vertex 178.2098181676301 -149.4323188325087 0
endloop
endfacet
facet normal 0.09801714032951732 0.9951847266722011 0
outer loop
vertex 178.39741127799763 -149.4892245804063 1
vertex 178.592501599978 -149.50843929999954 1
vertex 178.5925015999778 -149.50843929999954 0
endloop
endfacet
facet normal 0.09801714032951732 0.9951847266722011 0
outer loop
vertex 178.39741127799763 -149.4892245804063 1
vertex 178.5925015999778 -149.50843929999954 0
vertex 178.3974112779977 -149.48922458040633 0
endloop
endfacet
facet normal -0.09801714032954582 0.9951847266721984 0
outer loop
vertex 178.592501599978 -149.50843929999954 1
vertex 178.78759192195818 -149.4892245804063 1
vertex 178.7875919220255 -149.48922458040633 0
endloop
endfacet
facet normal -0.09801714032954582 0.9951847266721984 0
outer loop
vertex 178.592501599978 -149.50843929999954 1
vertex 178.7875919220255 -149.48922458040633 0
vertex 178.5925015999778 -149.50843929999954 0
endloop
endfacet
facet normal -0.2902846772545339 0.9569403357321872 0
outer loop
vertex 178.78759192195818 -149.4892245804063 1
vertex 178.9751850323874 -149.43231883250868 1
vertex 178.97518503236262 -149.4323188325087 0
endloop
endfacet
facet normal -0.2902846772545339 0.9569403357321872 0
outer loop
vertex 178.78759192195818 -149.4892245804063 1
vertex 178.97518503236262 -149.4323188325087 0
vertex 178.7875919220255 -149.48922458040633 0
endloop
endfacet
facet normal -0.4713967368259354 0.8819212643483884 0
outer loop
vertex 178.9751850323874 -149.43231883250868 1
vertex 179.14807183300144 -149.33990891230923 1
vertex 179.14807183302705 -149.3399089123092 0
endloop
endfacet
facet normal -0.4713967368259354 0.8819212643483884 0
outer loop
vertex 178.9751850323874 -149.43231883250868 1
vertex 179.14807183302705 -149.3399089123092 0
vertex 178.97518503236262 -149.4323188325087 0
endloop
endfacet
facet normal -0.6343932841636518 0.7730104533627319 0
outer loop
vertex 179.14807183300144 -149.33990891230923 1
vertex 179.2996083812221 -149.21554608116548 1
vertex 179.29960838118527 -149.21554608116557 0
endloop
endfacet
facet normal -0.6343932841636518 0.7730104533627319 0
outer loop
vertex 179.14807183300144 -149.33990891230923 1
vertex 179.29960838118527 -149.21554608116557 0
vertex 179.14807183302705 -149.3399089123092 0
endloop
endfacet
facet normal -0.7730104533627319 0.6343932841636518 0
outer loop
vertex 179.2996083812221 -149.21554608116548 1
vertex 179.42397121227555 -149.06400953304114 1
vertex 179.423971212303 -149.06400953304095 0
endloop
endfacet
facet normal -0.7730104533627319 0.6343932841636518 0
outer loop
vertex 179.2996083812221 -149.21554608116548 1
vertex 179.423971212303 -149.06400953304095 0
vertex 179.29960838118527 -149.21554608116557 0
endloop
endfacet
facet normal -0.8819212643483884 0.4713967368259354 0
outer loop
vertex 179.42397121227555 -149.06400953304114 1
vertex 179.51638113251602 -148.89112273236427 1
vertex 179.51638113250885 -148.89112273236424 0
endloop
endfacet
facet normal -0.8819212643483884 0.4713967368259354 0
outer loop
vertex 179.42397121227555 -149.06400953304114 1
vertex 179.51638113250885 -148.89112273236424 0
vertex 179.423971212303 -149.06400953304095 0
endloop
endfacet
facet normal -0.9569403357321872 0.2902846772545339 0
outer loop
vertex 179.51638113251602 -148.89112273236427 1
vertex 179.57328688040346 -148.70352962201412 1
vertex 179.57328688040326 -148.7035296220143 0
endloop
endfacet
facet normal -0.9569403357321872 0.2902846772545339 0
outer loop
vertex 179.51638113251602 -148.89112273236427 1
vertex 179.57328688040326 -148.7035296220143 0
vertex 179.51638113250885 -148.89112273236424 0
endloop
endfacet
facet normal -0.9951847266722011 0.09801714032951732 0
outer loop
vertex 132.65468828040295 -102.70995482201882 1
vertex 132.67390300000002 -102.51486450000087 1
vertex 132.673903 -102.5148645000008 0
endloop
endfacet
facet normal -0.9951847266722011 0.09801714032951732 0
outer loop
vertex 132.65468828040295 -102.70995482201882 1
vertex 132.673903 -102.5148645000008 0
vertex 132.65468828040306 -102.70995482201884 0
endloop
endfacet
facet normal -0.9951847266722013 -0.09801714032951732 0
outer loop
vertex 132.67390300000002 -102.51486450000087 1
vertex 132.65468828040318 -102.31977417798377 1
vertex 132.65468828040315 -102.31977417798367 0
endloop
endfacet
facet normal -0.9951847266722013 -0.09801714032951732 0
outer loop
vertex 132.67390300000002 -102.51486450000087 1
vertex 132.65468828040315 -102.31977417798367 0
vertex 132.673903 -102.5148645000008 0
endloop
endfacet
facet normal -0.9569403357321875 -0.29028467725453294 0
outer loop
vertex 132.65468828040318 -102.31977417798377 1
vertex 132.5977825325092 -102.13218106762811 1
vertex 132.5977825325092 -102.13218106762811 0
endloop
endfacet
facet normal -0.9569403357321875 -0.29028467725453294 0
outer loop
vertex 132.65468828040318 -102.31977417798377 1
vertex 132.5977825325092 -102.13218106762811 0
vertex 132.65468828040315 -102.31977417798367 0
endloop
endfacet
facet normal -0.8819212643484026 -0.4713967368259089 0
outer loop
vertex 132.5977825325092 -102.13218106762811 1
vertex 132.50537261229647 -101.95929426696608 1
vertex 132.50537261229644 -101.95929426696604 0
endloop
endfacet
facet normal -0.8819212643484026 -0.4713967368259089 0
outer loop
vertex 132.5977825325092 -102.13218106762811 1
vertex 132.50537261229644 -101.95929426696604 0
vertex 132.5977825325092 -102.13218106762811 0
endloop
endfacet
facet normal -0.7730104533627061 -0.6343932841636831 0
outer loop
vertex 132.50537261229647 -101.95929426696608 1
vertex 132.38100978119576 -101.80775771881778 1
vertex 132.3810097811958 -101.80775771881781 0
endloop
endfacet
facet normal -0.7730104533627061 -0.6343932841636831 0
outer loop
vertex 132.50537261229647 -101.95929426696608 1
vertex 132.3810097811958 -101.80775771881781 0
vertex 132.50537261229644 -101.95929426696604 0
endloop
endfacet
facet normal -0.6343932841636208 -0.7730104533627573 0
outer loop
vertex 132.38100978119576 -101.80775771881778 1
vertex 132.22947323303208 -101.68339488770448 1
vertex 132.2294732330321 -101.68339488770451 0
endloop
endfacet
facet normal -0.6343932841636208 -0.7730104533627573 0
outer loop
vertex 132.38100978119576 -101.80775771881778 1
vertex 132.2294732330321 -101.68339488770451 0
vertex 132.3810097811958 -101.80775771881781 0
endloop
endfacet
facet normal -0.4713967368260582 -0.8819212643483227 0
outer loop
vertex 132.22947323303208 -101.68339488770448 1
vertex 132.05658643235637 -101.59098496748439 1
vertex 132.05658643235628 -101.59098496748436 0
endloop
endfacet
facet normal -0.4713967368260582 -0.8819212643483227 0
outer loop
vertex 132.22947323303208 -101.68339488770448 1
vertex 132.05658643235628 -101.59098496748436 0
vertex 132.2294732330321 -101.68339488770451 0
endloop
endfacet
facet normal -0.2902846772544199 -0.9569403357322217 0
outer loop
vertex 132.05658643235637 -101.59098496748439 1
vertex 131.86899332202 -101.53407921959628 1
vertex 131.86899332202006 -101.5340792195963 0
endloop
endfacet
facet normal -0.2902846772544199 -0.9569403357322217 0
outer loop
vertex 132.05658643235637 -101.59098496748439 1
vertex 131.86899332202006 -101.5340792195963 0
vertex 132.05658643235628 -101.59098496748436 0
endloop
endfacet
facet normal -0.09801714032957423 -0.9951847266721956 0
outer loop
vertex 131.86899332202 -101.53407921959628 1
vertex 131.67390300000704 -101.51486449999982 1
vertex 131.673903000007 -101.51486449999982 0
endloop
endfacet
facet normal -0.09801714032957423 -0.9951847266721956 0
outer loop
vertex 131.86899332202 -101.53407921959628 1
vertex 131.673903000007 -101.51486449999982 0
vertex 131.86899332202006 -101.5340792195963 0
endloop
endfacet
facet normal 0.09801714032957415 -0.9951847266721956 0
outer loop
vertex 131.67390300000704 -101.51486449999982 1
vertex 131.47881267797288 -101.53407921959628 1
vertex 131.47881267799386 -101.5340792195963 0
endloop
endfacet
facet normal 0.09801714032957415 -0.9951847266721956 0
outer loop
vertex 131.67390300000704 -101.51486449999982 1
vertex 131.47881267799386 -101.5340792195963 0
vertex 131.673903000007 -101.51486449999982 0
endloop
endfacet
facet normal 0.2902846772544199 -0.9569403357322217 0
outer loop
vertex 131.47881267797288 -101.53407921959628 1
vertex 131.29121956764084 -101.59098496748439 1
vertex 131.29121956763666 -101.59098496748436 0
endloop
endfacet
facet normal 0.2902846772544199 -0.9569403357322217 0
outer loop
vertex 131.47881267797288 -101.53407921959628 1
vertex 131.29121956763666 -101.59098496748436 0
vertex 131.47881267799386 -101.5340792195963 0
endloop
endfacet
facet normal 0.4713967368260534 -0.8819212643483252 0
outer loop
vertex 131.29121956764084 -101.59098496748439 1
vertex 131.11833276698084 -101.68339488770448 1
vertex 131.11833276696507 -101.68339488770451 0
endloop
endfacet
facet normal 0.4713967368260534 -0.8819212643483252 0
outer loop
vertex 131.29121956764084 -101.59098496748439 1
vertex 131.11833276696507 -101.68339488770451 0
vertex 131.29121956763666 -101.59098496748436 0
endloop
endfacet
facet normal 0.6343932841636208 -0.7730104533627572 0
outer loop
vertex 131.11833276698084 -101.68339488770448 1
vertex 130.96679621881424 -101.80775771881778 1
vertex 130.9667962188171 -101.80775771881781 0
endloop
endfacet
facet normal 0.6343932841636208 -0.7730104533627572 0
outer loop
vertex 131.11833276698084 -101.68339488770448 1
vertex 130.9667962188171 -101.80775771881781 0
vertex 131.11833276696507 -101.68339488770451 0
endloop
endfacet
facet normal 0.7730104533627319 -0.6343932841636518 0
outer loop
vertex 130.96679621881424 -101.80775771881778 1
vertex 130.84243338769673 -101.95929426696608 1
vertex 130.84243338771358 -101.95929426696604 0
endloop
endfacet
facet normal 0.7730104533627319 -0.6343932841636518 0
outer loop
vertex 130.96679621881424 -101.80775771881778 1
vertex 130.84243338771358 -101.95929426696604 0
vertex 130.9667962188171 -101.80775771881781 0
endloop
endfacet
facet normal 0.8819212643484033 -0.47139673682590744 0
outer loop
vertex 130.84243338769673 -101.95929426696608 1
vertex 130.75002346748857 -102.13218106762811 1
vertex 130.75002346748406 -102.13218106762811 0
endloop
endfacet
facet normal 0.8819212643484033 -0.47139673682590744 0
outer loop
vertex 130.84243338769673 -101.95929426696608 1
vertex 130.75002346748406 -102.13218106762811 0
vertex 130.84243338771358 -101.95929426696604 0
endloop
endfacet
facet normal 0.9569403357321872 -0.2902846772545339 0
outer loop
vertex 130.75002346748857 -102.13218106762811 1
vertex 130.69311771959624 -102.31977417798377 1
vertex 130.69311771959468 -102.31977417798367 0
endloop
endfacet
facet normal 0.9569403357321872 -0.2902846772545339 0
outer loop
vertex 130.75002346748857 -102.13218106762811 1
vertex 130.69311771959468 -102.31977417798367 0
vertex 130.75002346748406 -102.13218106762811 0
endloop
endfacet
facet normal 0 0 1
outer loop
vertex 130.69311771959624 -102.31977417798377 1
vertex 130.68023686396018 -102.4505556999995 1
vertex 130.67390300000005 -102.51486450000087 1
endloop
endfacet
facet normal 0 0 1
outer loop
vertex 130.69311771959624 -102.31977417798377 1
vertex 130.67390300000005 -102.51486450000087 1
vertex 130.67390299999943 -102.5148645000008 0
endloop
endfacet
facet normal 0 0 1
outer loop
vertex 130.69311771959624 -102.31977417798377 1
vertex 130.67390299999943 -102.5148645000008 0
vertex 130.68023686395924 -102.45055569999948 0
endloop
endfacet
facet normal 0 0 1
outer loop
vertex 130.69311771959624 -102.31977417798377 1
vertex 130.68023686395924 -102.45055569999948 0
vertex 130.69311771959468 -102.31977417798367 0
endloop
endfacet
facet normal 0.9951847266722013 0.09801714032951732 0
outer loop
vertex 130.67390300000005 -102.51486450000087 1
vertex 130.69311771959755 -102.70995482201882 1
vertex 130.69311771959704 -102.70995482201884 0
endloop
endfacet
facet normal 0.9951847266722013 0.09801714032951732 0
outer loop
vertex 130.67390300000005 -102.51486450000087 1
vertex 130.69311771959704 -102.70995482201884 0
vertex 130.67390299999943 -102.5148645000008 0
endloop
endfacet
facet normal 0.9569403357321875 0.29028467725453294 0
outer loop
vertex 130.69311771959755 -102.70995482201882 1
vertex 130.75002346749145 -102.89754793237418 1
vertex 130.75002346749142 -102.89754793237407 0
endloop
endfacet
facet normal 0.9569403357321875 0.29028467725453294 0
outer loop
vertex 130.69311771959755 -102.70995482201882 1
vertex 130.75002346749142 -102.89754793237407 0
vertex 130.69311771959704 -102.70995482201884 0
endloop
endfacet
facet normal 0.8819212643484026 0.4713967368259089 0
outer loop
vertex 130.75002346749145 -102.89754793237418 1
vertex 130.84243338768943 -103.07043473300863 1
vertex 130.8424333876895 -103.0704347330087 0
endloop
endfacet
facet normal 0.8819212643484026 0.4713967368259089 0
outer loop
vertex 130.75002346749145 -102.89754793237418 1
vertex 130.8424333876895 -103.0704347330087 0
vertex 130.75002346749142 -102.89754793237407 0
endloop
endfacet
facet normal 0.7730104533627125 0.6343932841636754 0
outer loop
vertex 130.84243338768943 -103.07043473300863 1
vertex 130.9667962188188 -103.22197128119188 1
vertex 130.9667962188189 -103.22197128119194 0
endloop
endfacet
facet normal 0.7730104533627125 0.6343932841636754 0
outer loop
vertex 130.84243338768943 -103.07043473300863 1
vertex 130.9667962188189 -103.22197128119194 0
vertex 130.8424333876895 -103.0704347330087 0
endloop
endfacet
facet normal 0.6343932841636208 0.7730104533627573 0
outer loop
vertex 130.9667962188188 -103.22197128119188 1
vertex 131.11833276697223 -103.34633411229677 1
vertex 131.1183327669723 -103.3463341122968 0
endloop
endfacet
facet normal 0.6343932841636208 0.7730104533627573 0
outer loop
vertex 130.9667962188188 -103.22197128119188 1
vertex 131.1183327669723 -103.3463341122968 0
vertex 130.9667962188189 -103.22197128119194 0
endloop
endfacet
facet normal 0.47139673682603717 0.881921264348334 0
outer loop
vertex 131.11833276697223 -103.34633411229677 1
vertex 131.2912195676393 -103.43874403251223 1
vertex 131.2912195676393 -103.43874403251223 0
endloop
endfacet
facet normal 0.47139673682603717 0.881921264348334 0
outer loop
vertex 131.11833276697223 -103.34633411229677 1
vertex 131.2912195676393 -103.43874403251223 0
vertex 131.1183327669723 -103.3463341122968 0
endloop
endfacet
facet normal 0.29028467725441237 0.956940335732224 0
outer loop
vertex 131.2912195676393 -103.43874403251223 1
vertex 131.4788126779813 -103.49564978040205 1
vertex 131.47881267798132 -103.49564978040206 0
endloop
endfacet
facet normal 0.29028467725441237 0.956940335732224 0
outer loop
vertex 131.2912195676393 -103.43874403251223 1
vertex 131.47881267798132 -103.49564978040206 0
vertex 131.2912195676393 -103.43874403251223 0
endloop
endfacet
facet normal 0.09801714032957415 0.9951847266721956 0
outer loop
vertex 131.4788126779813 -103.49564978040205 1
vertex 131.67390300000912 -103.51486449999997 1
vertex 131.67390300000903 -103.51486449999997 0
endloop
endfacet
facet normal 0.09801714032957415 0.9951847266721956 0
outer loop
vertex 131.4788126779813 -103.49564978040205 1
vertex 131.67390300000903 -103.51486449999997 0
vertex 131.47881267798132 -103.49564978040206 0
endloop
endfacet
facet normal -0.09801714032957415 0.9951847266721956 0
outer loop
vertex 131.67390300000912 -103.51486449999997 1
vertex 131.86899332203694 -103.49564978040205 1
vertex 131.86899332201654 -103.49564978040206 0
endloop
endfacet
facet normal -0.09801714032957415 0.9951847266721956 0
outer loop
vertex 131.67390300000912 -103.51486449999997 1
vertex 131.86899332201654 -103.49564978040206 0
vertex 131.67390300000903 -103.51486449999997 0
endloop
endfacet
facet normal -0.29028467725438994 0.9569403357322309 0
outer loop
vertex 131.86899332203694 -103.49564978040205 1
vertex 132.05658643236018 -103.43874403251223 1
vertex 132.05658643236424 -103.43874403251223 0
endloop
endfacet
facet normal -0.29028467725438994 0.9569403357322309 0
outer loop
vertex 131.86899332203694 -103.49564978040205 1
vertex 132.05658643236424 -103.43874403251223 0
vertex 131.86899332201654 -103.49564978040206 0
endloop
endfacet
facet normal -0.47139673682602534 0.8819212643483402 0
outer loop
vertex 132.05658643236018 -103.43874403251223 1
vertex 132.22947323303143 -103.34633411229677 1
vertex 132.22947323301622 -103.3463341122968 0
endloop
endfacet
facet normal -0.47139673682602534 0.8819212643483402 0
outer loop
vertex 132.05658643236018 -103.43874403251223 1
vertex 132.22947323301622 -103.3463341122968 0
vertex 132.05658643236424 -103.43874403251223 0
endloop
endfacet
facet normal -0.6343932841636208 0.7730104533627572 0
outer loop
vertex 132.22947323303143 -103.34633411229677 1
vertex 132.3810097811736 -103.22197128119188 1
vertex 132.3810097811872 -103.22197128119194 0
endloop
endfacet
facet normal -0.6343932841636208 0.7730104533627572 0
outer loop
vertex 132.22947323303143 -103.34633411229677 1
vertex 132.3810097811872 -103.22197128119194 0
vertex 132.22947323301622 -103.3463341122968 0
endloop
endfacet
facet normal -0.7730104533627319 0.6343932841636518 0
outer loop
vertex 132.3810097811736 -103.22197128119188 1
vertex 132.5053726123141 -103.07043473300863 1
vertex 132.5053726123029 -103.0704347330087 0
endloop
endfacet
facet normal -0.7730104533627319 0.6343932841636518 0
outer loop
vertex 132.3810097811736 -103.22197128119188 1
vertex 132.5053726123029 -103.0704347330087 0
vertex 132.3810097811872 -103.22197128119194 0
endloop
endfacet
facet normal -0.8819212643484033 0.47139673682590744 0
outer loop
vertex 132.5053726123141 -103.07043473300863 1
vertex 132.59778253250465 -102.89754793237418 1
vertex 132.59778253251324 -102.89754793237407 0
endloop
endfacet
facet normal -0.8819212643484033 0.47139673682590744 0
outer loop
vertex 132.5053726123141 -103.07043473300863 1
vertex 132.59778253251324 -102.89754793237407 0
vertex 132.5053726123029 -103.0704347330087 0
endloop
endfacet
facet normal -0.9569403357321872 0.2902846772545339 0
outer loop
vertex 132.59778253250465 -102.89754793237418 1
vertex 132.65468828040295 -102.70995482201882 1
vertex 132.65468828040306 -102.70995482201884 0
endloop
endfacet
facet normal -0.9569403357321872 0.2902846772545339 0
outer loop
vertex 132.59778253250465 -102.89754793237418 1
vertex 132.65468828040306 -102.70995482201884 0
vertex 132.59778253251324 -102.89754793237407 0
endloop
endfacet
facet normal -0.9951847266721956 0.09801714032957415 0
outer loop
vertex 95.3973935804032 -95.17329462201833 1
vertex 95.41660829999981 -94.97820429999928 1
vertex 95.41660829999981 -94.9782042999993 0
endloop
endfacet
facet normal -0.9951847266721956 0.09801714032957415 0
outer loop
vertex 95.3973935804032 -95.17329462201833 1
vertex 95.41660829999981 -94.9782042999993 0
vertex 95.39739358040275 -95.1732946220183 0
endloop
endfacet
facet normal -0.9951847266721927 -0.09801714032960263 0
outer loop
vertex 95.41660829999981 -94.97820429999928 1
vertex 95.3973935804024 -94.78311397797671 1
vertex 95.3973935804024 -94.78311397797665 0
endloop
endfacet
facet normal -0.9951847266721927 -0.09801714032960263 0
outer loop
vertex 95.41660829999981 -94.97820429999928 1
vertex 95.3973935804024 -94.78311397797665 0
vertex 95.41660829999981 -94.9782042999993 0
endloop
endfacet
facet normal -0.9569403357322217 -0.2902846772544199 0
outer loop
vertex 95.3973935804024 -94.78311397797671 1
vertex 95.34048783251372 -94.59552086763848 1
vertex 95.34048783251376 -94.59552086763858 0
endloop
endfacet
facet normal -0.9569403357322217 -0.2902846772544199 0
outer loop
vertex 95.3973935804024 -94.78311397797671 1
vertex 95.34048783251376 -94.59552086763858 0
vertex 95.3973935804024 -94.78311397797665 0
endloop
endfacet
facet normal -0.8819212643483529 -0.47139673682600136 0
outer loop
vertex 95.34048783251372 -94.59552086763848 1
vertex 95.24807791230288 -94.42263406698004 1
vertex 95.24807791230283 -94.42263406698 0
endloop
endfacet
facet normal -0.8819212643483529 -0.47139673682600136 0
outer loop
vertex 95.34048783251372 -94.59552086763848 1
vertex 95.24807791230283 -94.42263406698 0
vertex 95.34048783251376 -94.59552086763858 0
endloop
endfacet
facet normal -0.7730104533627576 -0.6343932841636203 0
outer loop
vertex 95.24807791230288 -94.42263406698004 1
vertex 95.1237150811921 -94.27109751881945 1
vertex 95.12371508119209 -94.27109751881945 0
endloop
endfacet
facet normal -0.7730104533627576 -0.6343932841636203 0
outer loop
vertex 95.24807791230288 -94.42263406698004 1
vertex 95.12371508119209 -94.27109751881945 0
vertex 95.24807791230283 -94.42263406698 0
endloop
endfacet
facet normal -0.6343932841636125 -0.7730104533627641 0
outer loop
vertex 95.1237150811921 -94.27109751881945 1
vertex 94.97217853301542 -94.14673468769547 1
vertex 94.97217853301538 -94.14673468769544 0
endloop
endfacet
facet normal -0.6343932841636125 -0.7730104533627641 0
outer loop
vertex 95.1237150811921 -94.27109751881945 1
vertex 94.97217853301538 -94.14673468769544 0
vertex 95.12371508119209 -94.27109751881945 0
endloop
endfacet
facet normal -0.47139673682601535 -0.8819212643483455 0
outer loop
vertex 94.97217853301542 -94.14673468769547 1
vertex 94.79929173236714 -94.05432476749004 1
vertex 94.79929173236712 -94.05432476749004 0
endloop
endfacet
facet normal -0.47139673682601535 -0.8819212643483455 0
outer loop
vertex 94.97217853301542 -94.14673468769547 1
vertex 94.79929173236712 -94.05432476749004 0
vertex 94.97217853301538 -94.14673468769544 0
endloop
endfacet
facet normal -0.29028467725439094 -0.9569403357322306 0
outer loop
vertex 94.79929173236714 -94.05432476749004 1
vertex 94.6116986220131 -93.99741901959658 1
vertex 94.61169862201308 -93.99741901959658 0
endloop
endfacet
facet normal -0.29028467725439094 -0.9569403357322306 0
outer loop
vertex 94.79929173236714 -94.05432476749004 1
vertex 94.61169862201308 -93.99741901959658 0
vertex 94.79929173236712 -94.05432476749004 0
endloop
endfacet
facet normal -0.09801714032958839 -0.9951847266721943 0
outer loop
vertex 94.6116986220131 -93.99741901959658 1
vertex 94.41660829999931 -93.97820430000003 1
vertex 94.41660829999937 -93.97820430000004 0
endloop
endfacet
facet normal -0.09801714032958839 -0.9951847266721943 0
outer loop
vertex 94.6116986220131 -93.99741901959658 1
vertex 94.41660829999937 -93.97820430000004 0
vertex 94.61169862201308 -93.99741901959658 0
endloop
endfacet
facet normal 0.09801714032958839 -0.9951847266721943 0
outer loop
vertex 94.41660829999931 -93.97820430000003 1
vertex 94.22151797798408 -93.99741901959658 1
vertex 94.2215179779857 -93.99741901959658 0
endloop
endfacet
facet normal 0.09801714032958839 -0.9951847266721943 0
outer loop
vertex 94.41660829999931 -93.97820430000003 1
vertex 94.2215179779857 -93.99741901959658 0
vertex 94.41660829999937 -93.97820430000004 0
endloop
endfacet
facet normal 0.2902846772544199 -0.9569403357322217 0
outer loop
vertex 94.22151797798408 -93.99741901959658 1
vertex 94.03392486763488 -94.05432476749004 1
vertex 94.03392486763 -94.05432476749004 0
endloop
endfacet
facet normal 0.2902846772544199 -0.9569403357322217 0
outer loop
vertex 94.22151797798408 -93.99741901959658 1
vertex 94.03392486763 -94.05432476749004 0
vertex 94.2215179779857 -93.99741901959658 0
endloop
endfacet
facet normal 0.47139673682602246 -0.881921264348342 0
outer loop
vertex 94.03392486763488 -94.05432476749004 1
vertex 93.8610380669802 -94.14673468769547 1
vertex 93.86103806698655 -94.14673468769544 0
endloop
endfacet
facet normal 0.47139673682602246 -0.881921264348342 0
outer loop
vertex 94.03392486763488 -94.05432476749004 1
vertex 93.86103806698655 -94.14673468769544 0
vertex 94.03392486763 -94.05432476749004 0
endloop
endfacet
facet normal 0.6343932841636208 -0.7730104533627572 0
outer loop
vertex 93.8610380669802 -94.14673468769547 1
vertex 93.70950151881352 -94.27109751881945 1
vertex 93.70950151880353 -94.27109751881945 0
endloop
endfacet
facet normal 0.6343932841636208 -0.7730104533627572 0
outer loop
vertex 93.8610380669802 -94.14673468769547 1
vertex 93.70950151880353 -94.27109751881945 0
vertex 93.86103806698655 -94.14673468769544 0
endloop
endfacet
facet normal 0.7730104533627572 -0.6343932841636208 0
outer loop
vertex 93.70950151881352 -94.27109751881945 1
vertex 93.58513868769663 -94.42263406698004 1
vertex 93.58513868770235 -94.42263406698 0
endloop
endfacet
facet normal 0.7730104533627572 -0.6343932841636208 0
outer loop
vertex 93.70950151881352 -94.27109751881945 1
vertex 93.58513868770235 -94.42263406698 0
vertex 93.70950151880353 -94.27109751881945 0
endloop
endfacet
facet normal 0.8819212643483568 -0.4713967368259944 0
outer loop
vertex 93.58513868769663 -94.42263406698004 1
vertex 93.49272876748752 -94.59552086763848 1
vertex 93.49272876748583 -94.59552086763858 0
endloop
endfacet
facet normal 0.8819212643483568 -0.4713967368259944 0
outer loop
vertex 93.58513868769663 -94.42263406698004 1
vertex 93.49272876748583 -94.59552086763858 0
vertex 93.58513868770235 -94.42263406698 0
endloop
endfacet
facet normal 0.9569403357322217 -0.2902846772544199 0
outer loop
vertex 93.49272876748752 -94.59552086763848 1
vertex 93.43582301959665 -94.78311397797671 1
vertex 93.43582301959883 -94.78311397797665 0
endloop
endfacet
facet normal 0.9569403357322217 -0.2902846772544199 0
outer loop
vertex 93.49272876748752 -94.59552086763848 1
vertex 93.43582301959883 -94.78311397797665 0
vertex 93.49272876748583 -94.59552086763858 0
endloop
endfacet
facet normal 0.9951847266721956 -0.09801714032957415 0
outer loop
vertex 93.43582301959665 -94.78311397797671 1
vertex 93.41660830000009 -94.97820429999928 1
vertex 93.41660829999931 -94.9782042999993 0
endloop
endfacet
facet normal 0.9951847266721956 -0.09801714032957415 0
outer loop
vertex 93.43582301959665 -94.78311397797671 1
vertex 93.41660829999931 -94.9782042999993 0
vertex 93.43582301959883 -94.78311397797665 0
endloop
endfacet
facet normal 0.9951847266721956 0.09801714032957415 0
outer loop
vertex 93.41660830000009 -94.97820429999928 1
vertex 93.43582301959746 -95.17329462201833 1
vertex 93.43582301959718 -95.1732946220183 0
endloop
endfacet
facet normal 0.9951847266721956 0.09801714032957415 0
outer loop
vertex 93.41660830000009 -94.97820429999928 1
vertex 93.43582301959718 -95.1732946220183 0
vertex 93.41660829999931 -94.9782042999993 0
endloop
endfacet
facet normal 0.9569403357322217 0.2902846772544199 0
outer loop
vertex 93.43582301959746 -95.17329462201833 1
vertex 93.4927287674881 -95.36088773236301 1
vertex 93.49272876748807 -95.36088773236297 0
endloop
endfacet
facet normal 0.9569403357322217 0.2902846772544199 0
outer loop
vertex 93.43582301959746 -95.17329462201833 1
vertex 93.49272876748807 -95.36088773236297 0
vertex 93.43582301959718 -95.1732946220183 0
endloop
endfacet
facet normal 0.8819212643483529 0.47139673682600136 0
outer loop
vertex 93.4927287674881 -95.36088773236301 1
vertex 93.58513868769774 -95.53377453301918 1
vertex 93.58513868769771 -95.53377453301914 0
endloop
endfacet
facet normal 0.8819212643483529 0.47139673682600136 0
outer loop
vertex 93.4927287674881 -95.36088773236301 1
vertex 93.58513868769771 -95.53377453301914 0
vertex 93.49272876748807 -95.36088773236297 0
endloop
endfacet
facet normal 0.7730104533627576 0.6343932841636203 0
outer loop
vertex 93.58513868769774 -95.53377453301918 1
vertex 93.70950151881789 -95.68531108119119 1
vertex 93.70950151881789 -95.68531108119119 0
endloop
endfacet
facet normal 0.7730104533627576 0.6343932841636203 0
outer loop
vertex 93.58513868769774 -95.53377453301918 1
vertex 93.70950151881789 -95.68531108119119 0
vertex 93.58513868769771 -95.53377453301914 0
endloop
endfacet
facet normal 0.6343932841636218 0.7730104533627565 0
outer loop
vertex 93.70950151881789 -95.68531108119119 1
vertex 93.86103806696998 -95.80967391229498 1
vertex 93.86103806696994 -95.80967391229495 0
endloop
endfacet
facet normal 0.6343932841636218 0.7730104533627565 0
outer loop
vertex 93.70950151881789 -95.68531108119119 1
vertex 93.86103806696994 -95.80967391229495 0
vertex 93.70950151881789 -95.68531108119119 0
endloop
endfacet
facet normal 0.47139673682600136 0.8819212643483529 0
outer loop
vertex 93.86103806696998 -95.80967391229498 1
vertex 94.03392486764162 -95.90208383251289 1
vertex 94.03392486764156 -95.90208383251284 0
endloop
endfacet
facet normal 0.47139673682600136 0.8819212643483529 0
outer loop
vertex 93.86103806696998 -95.80967391229498 1
vertex 94.03392486764156 -95.90208383251284 0
vertex 93.86103806696994 -95.80967391229495 0
endloop
endfacet
facet normal 0.2902846772544199 0.9569403357322217 0
outer loop
vertex 94.03392486764162 -95.90208383251289 1
vertex 94.22151797798651 -95.95898958040358 1
vertex 94.22151797798661 -95.9589895804036 0
endloop
endfacet
facet normal 0.2902846772544199 0.9569403357322217 0
outer loop
vertex 94.03392486764162 -95.90208383251289 1
vertex 94.22151797798661 -95.9589895804036 0
vertex 94.03392486764156 -95.90208383251284 0
endloop
endfacet
facet normal 0.09801714032958839 0.9951847266721943 0
outer loop
vertex 94.22151797798651 -95.95898958040358 1
vertex 94.41660830000015 -95.97820430000012 1
vertex 94.41660830000014 -95.97820430000012 0
endloop
endfacet
facet normal 0.09801714032958839 0.9951847266721943 0
outer loop
vertex 94.22151797798651 -95.95898958040358 1
vertex 94.41660830000014 -95.97820430000012 0
vertex 94.22151797798661 -95.9589895804036 0
endloop
endfacet
facet normal -0.09801714032958839 0.9951847266721943 0
outer loop
vertex 94.41660830000015 -95.97820430000012 1
vertex 94.61169862201388 -95.95898958040358 1
vertex 94.61169862201393 -95.9589895804036 0
endloop
endfacet
facet normal -0.09801714032958839 0.9951847266721943 0
outer loop
vertex 94.41660830000015 -95.97820430000012 1
vertex 94.61169862201393 -95.9589895804036 0
vertex 94.41660830000014 -95.97820430000012 0
endloop
endfacet
facet normal -0.2902846772544199 0.9569403357322217 0
outer loop
vertex 94.61169862201388 -95.95898958040358 1
vertex 94.79929173235882 -95.90208383251289 1
vertex 94.79929173236476 -95.90208383251284 0
endloop
endfacet
facet normal -0.2902846772544199 0.9569403357322217 0
outer loop
vertex 94.61169862201388 -95.95898958040358 1
vertex 94.79929173236476 -95.90208383251284 0
vertex 94.61169862201393 -95.9589895804036 0
endloop
endfacet
facet normal -0.4713967368259944 0.8819212643483568 0
outer loop
vertex 94.79929173235882 -95.90208383251289 1
vertex 94.97217853303529 -95.80967391229498 1
vertex 94.97217853302067 -95.80967391229495 0
endloop
endfacet
facet normal -0.4713967368259944 0.8819212643483568 0
outer loop
vertex 94.79929173235882 -95.90208383251289 1
vertex 94.97217853302067 -95.80967391229495 0
vertex 94.79929173236476 -95.90208383251284 0
endloop
endfacet
facet normal -0.6343932841636208 0.7730104533627572 0
outer loop
vertex 94.97217853303529 -95.80967391229498 1
vertex 95.12371508117589 -95.68531108119119 1
vertex 95.12371508118653 -95.68531108119119 0
endloop
endfacet
facet normal -0.6343932841636208 0.7730104533627572 0
outer loop
vertex 94.97217853303529 -95.80967391229498 1
vertex 95.12371508118653 -95.68531108119119 0
vertex 94.97217853302067 -95.80967391229495 0
endloop
endfacet
facet normal -0.7730104533627572 0.6343932841636208 0
outer loop
vertex 95.12371508117589 -95.68531108119119 1
vertex 95.24807791230475 -95.53377453301918 1
vertex 95.2480779123053 -95.53377453301914 0
endloop
endfacet
facet normal -0.7730104533627572 0.6343932841636208 0
outer loop
vertex 95.12371508117589 -95.68531108119119 1
vertex 95.2480779123053 -95.53377453301914 0
vertex 95.12371508118653 -95.68531108119119 0
endloop
endfacet
facet normal -0.8819212643483494 0.47139673682600847 0
outer loop
vertex 95.24807791230475 -95.53377453301918 1
vertex 95.34048783251382 -95.36088773236301 1
vertex 95.34048783250842 -95.36088773236297 0
endloop
endfacet
facet normal -0.8819212643483494 0.47139673682600847 0
outer loop
vertex 95.24807791230475 -95.53377453301918 1
vertex 95.34048783250842 -95.36088773236297 0
vertex 95.2480779123053 -95.53377453301914 0
endloop
endfacet
facet normal -0.9569403357322217 0.2902846772544199 0
outer loop
vertex 95.34048783251382 -95.36088773236301 1
vertex 95.3973935804032 -95.17329462201833 1
vertex 95.39739358040275 -95.1732946220183 0
endloop
endfacet
facet normal -0.9569403357322217 0.2902846772544199 0
outer loop
vertex 95.34048783251382 -95.36088773236301 1
vertex 95.39739358040275 -95.1732946220183 0
vertex 95.34048783250842 -95.36088773236297 0
endloop
endfacet
facet normal -0.9951847266721956 0.09801714032957415 0
outer loop
vertex 90.76619668040377 -121.43811732201218 1
vertex 90.78541140000007 -121.24302700000021 1
vertex 90.78541140000006 -121.24302700000021 0
endloop
endfacet
facet normal -0.9951847266721956 0.09801714032957415 0
outer loop
vertex 90.76619668040377 -121.43811732201218 1
vertex 90.78541140000006 -121.24302700000021 0
vertex 90.7661966804037 -121.43811732201226 0
endloop
endfacet
facet normal -0.9951847266721943 -0.09801714032958839 0
outer loop
vertex 90.78541140000007 -121.24302700000021 1
vertex 90.76619668040452 -121.04793667799652 1
vertex 90.76619668040449 -121.04793667799639 0
endloop
endfacet
facet normal -0.9951847266721943 -0.09801714032958839 0
outer loop
vertex 90.78541140000007 -121.24302700000021 1
vertex 90.76619668040449 -121.04793667799639 0
vertex 90.78541140000006 -121.24302700000021 0
endloop
endfacet
facet normal -0.9569403357322284 -0.2902846772543984 0
outer loop
vertex 90.76619668040452 -121.04793667799652 1
vertex 90.70929093250494 -120.86034356762237 1
vertex 90.70929093250496 -120.86034356762238 0
endloop
endfacet
facet normal -0.9569403357322284 -0.2902846772543984 0
outer loop
vertex 90.76619668040452 -121.04793667799652 1
vertex 90.70929093250496 -120.86034356762238 0
vertex 90.76619668040449 -121.04793667799639 0
endloop
endfacet
facet normal -0.8819212643483455 -0.47139673682601535 0
outer loop
vertex 90.70929093250494 -120.86034356762237 1
vertex 90.61688101230195 -120.6874567669786 1
vertex 90.61688101230195 -120.68745676697858 0
endloop
endfacet
facet normal -0.8819212643483455 -0.47139673682601535 0
outer loop
vertex 90.70929093250494 -120.86034356762237 1
vertex 90.61688101230195 -120.68745676697858 0
vertex 90.70929093250496 -120.86034356762238 0
endloop
endfacet
facet normal -0.7730104533627573 -0.6343932841636208 0
outer loop
vertex 90.61688101230195 -120.6874567669786 1
vertex 90.49251818119126 -120.53592021881812 1
vertex 90.49251818119129 -120.53592021881813 0
endloop
endfacet
facet normal -0.7730104533627573 -0.6343932841636208 0
outer loop
vertex 90.61688101230195 -120.6874567669786 1
vertex 90.49251818119129 -120.53592021881813 0
vertex 90.61688101230195 -120.68745676697858 0
endloop
endfacet
facet normal -0.6343932841636208 -0.7730104533627572 0
outer loop
vertex 90.49251818119126 -120.53592021881812 1
vertex 90.3409816330094 -120.4115573876899 1
vertex 90.34098163300943 -120.41155738768991 0
endloop
endfacet
facet normal -0.6343932841636208 -0.7730104533627572 0
outer loop
vertex 90.49251818119126 -120.53592021881812 1
vertex 90.34098163300943 -120.41155738768991 0
vertex 90.49251818119129 -120.53592021881813 0
endloop
endfacet
facet normal -0.4713967368260239 -0.8819212643483411 0
outer loop
vertex 90.3409816330094 -120.4115573876899 1
vertex 90.16809483238295 -120.31914746749614 1
vertex 90.1680948323829 -120.31914746749612 0
endloop
endfacet
facet normal -0.4713967368260239 -0.8819212643483411 0
outer loop
vertex 90.3409816330094 -120.4115573876899 1
vertex 90.1680948323829 -120.31914746749612 0
vertex 90.34098163300943 -120.41155738768991 0
endloop
endfacet
facet normal -0.290284677254419 -0.9569403357322223 0
outer loop
vertex 90.16809483238295 -120.31914746749614 1
vertex 89.98050172200873 -120.26224171959655 1
vertex 89.98050172200882 -120.26224171959657 0
endloop
endfacet
facet normal -0.290284677254419 -0.9569403357322223 0
outer loop
vertex 90.16809483238295 -120.31914746749614 1
vertex 89.98050172200882 -120.26224171959657 0
vertex 90.1680948323829 -120.31914746749612 0
endloop
endfacet
facet normal -0.09801714032958837 -0.9951847266721942 0
outer loop
vertex 89.98050172200873 -120.26224171959655 1
vertex 89.78541139999754 -120.24302700000025 1
vertex 89.78541139999743 -120.24302700000027 0
endloop
endfacet
facet normal -0.09801714032958837 -0.9951847266721942 0
outer loop
vertex 89.98050172200873 -120.26224171959655 1
vertex 89.78541139999743 -120.24302700000027 0
vertex 89.98050172200882 -120.26224171959657 0
endloop
endfacet
facet normal 0.09801714032958839 -0.9951847266721943 0
outer loop
vertex 89.78541139999754 -120.24302700000025 1
vertex 89.59032107798262 -120.26224171959655 1
vertex 89.59032107798606 -120.26224171959657 0
endloop
endfacet
facet normal 0.09801714032958839 -0.9951847266721943 0
outer loop
vertex 89.78541139999754 -120.24302700000025 1
vertex 89.59032107798606 -120.26224171959657 0
vertex 89.78541139999743 -120.24302700000027 0
endloop
endfacet
facet normal 0.2902846772544199 -0.9569403357322217 0
outer loop
vertex 89.59032107798262 -120.26224171959655 1
vertex 89.4027279676339 -120.31914746749614 1
vertex 89.40272796760853 -120.31914746749612 0
endloop
endfacet
facet normal 0.2902846772544199 -0.9569403357322217 0
outer loop
vertex 89.59032107798262 -120.26224171959655 1
vertex 89.40272796760853 -120.31914746749612 0
vertex 89.59032107798606 -120.26224171959657 0
endloop
endfacet
facet normal 0.47139673682599736 -0.8819212643483552 0
outer loop
vertex 89.4027279676339 -120.31914746749614 1
vertex 89.22984116698211 -120.4115573876899 1
vertex 89.2298411670074 -120.41155738768991 0
endloop
endfacet
facet normal 0.47139673682599736 -0.8819212643483552 0
outer loop
vertex 89.4027279676339 -120.31914746749614 1
vertex 89.2298411670074 -120.41155738768991 0
vertex 89.40272796760853 -120.31914746749612 0
endloop
endfacet
facet normal 0.6343932841636208 -0.7730104533627572 0
outer loop
vertex 89.22984116698211 -120.4115573876899 1
vertex 89.0783046188126 -120.53592021881812 1
vertex 89.0783046188002 -120.53592021881813 0
endloop
endfacet
facet normal 0.6343932841636208 -0.7730104533627572 0
outer loop
vertex 89.22984116698211 -120.4115573876899 1
vertex 89.0783046188002 -120.53592021881813 0
vertex 89.2298411670074 -120.41155738768991 0
endloop
endfacet
facet normal 0.7730104533627572 -0.6343932841636208 0
outer loop
vertex 89.0783046188126 -120.53592021881812 1
vertex 88.95394178770138 -120.6874567669786 1
vertex 88.95394178770195 -120.68745676697858 0
endloop
endfacet
facet normal 0.7730104533627572 -0.6343932841636208 0
outer loop
vertex 89.0783046188126 -120.53592021881812 1
vertex 88.95394178770195 -120.68745676697858 0
vertex 89.0783046188002 -120.53592021881813 0
endloop
endfacet
facet normal 0.8819212643483567 -0.47139673682599437 0
outer loop
vertex 88.95394178770138 -120.6874567669786 1
vertex 88.8615318674859 -120.86034356762237 1
vertex 88.86153186749827 -120.86034356762238 0
endloop
endfacet
facet normal 0.8819212643483567 -0.47139673682599437 0
outer loop
vertex 88.95394178770138 -120.6874567669786 1
vertex 88.86153186749827 -120.86034356762238 0
vertex 88.95394178770195 -120.68745676697858 0
endloop
endfacet
facet normal 0.9569403357322217 -0.2902846772544199 0
outer loop
vertex 88.8615318674859 -120.86034356762237 1
vertex 88.8046261195971 -121.04793667799652 1
vertex 88.80462611958666 -121.04793667799639 0
endloop
endfacet
facet normal 0.9569403357322217 -0.2902846772544199 0
outer loop
vertex 88.8615318674859 -120.86034356762237 1
vertex 88.80462611958666 -121.04793667799639 0
vertex 88.86153186749827 -120.86034356762238 0
endloop
endfacet
facet normal 0.9951847266721956 -0.09801714032957415 0
outer loop
vertex 88.8046261195971 -121.04793667799652 1
vertex 88.78541139999997 -121.24302700000021 1
vertex 88.78541140000145 -121.24302700000021 0
endloop
endfacet
facet normal 0.9951847266721956 -0.09801714032957415 0
outer loop
vertex 88.8046261195971 -121.04793667799652 1
vertex 88.78541140000145 -121.24302700000021 0
vertex 88.80462611958666 -121.04793667799639 0
endloop
endfacet
facet normal 0.9951847266721956 0.09801714032957423 0
outer loop
vertex 88.78541139999997 -121.24302700000021 1
vertex 88.80462611959628 -121.43811732201218 1
vertex 88.80462611959635 -121.43811732201226 0
endloop
endfacet
facet normal 0.9951847266721956 0.09801714032957423 0
outer loop
vertex 88.78541139999997 -121.24302700000021 1
vertex 88.80462611959635 -121.43811732201226 0
vertex 88.78541140000145 -121.24302700000021 0
endloop
endfacet
facet normal 0.9569403357322219 0.2902846772544194 0
outer loop
vertex 88.80462611959628 -121.43811732201218 1
vertex 88.86153186749027 -121.62571043236794 1
vertex 88.8615318674903 -121.625710432368 0
endloop
endfacet
facet normal 0.9569403357322219 0.2902846772544194 0
outer loop
vertex 88.80462611959628 -121.43811732201218 1
vertex 88.8615318674903 -121.625710432368 0
vertex 88.80462611959635 -121.43811732201226 0
endloop
endfacet
facet normal 0.8819212643483529 0.47139673682600136 0
outer loop
vertex 88.86153186749027 -121.62571043236794 1
vertex 88.95394178769997 -121.79859723302427 1
vertex 88.95394178769993 -121.79859723302417 0
endloop
endfacet
facet normal 0.8819212643483529 0.47139673682600136 0
outer loop
vertex 88.86153186749027 -121.62571043236794 1
vertex 88.95394178769993 -121.79859723302417 0
vertex 88.8615318674903 -121.625710432368 0
endloop
endfacet
facet normal 0.7730104533627573 0.6343932841636208 0
outer loop
vertex 88.95394178769997 -121.79859723302427 1
vertex 89.07830461881156 -121.95013378118584 1
vertex 89.07830461881173 -121.950133781186 0
endloop
endfacet
facet normal 0.7730104533627573 0.6343932841636208 0
outer loop
vertex 88.95394178769997 -121.79859723302427 1
vertex 89.07830461881173 -121.950133781186 0
vertex 88.95394178769993 -121.79859723302417 0
endloop
endfacet
facet normal 0.6343932841636208 0.7730104533627572 0
outer loop
vertex 89.07830461881156 -121.95013378118584 1
vertex 89.2298411669841 -122.07449661230643 1
vertex 89.22984116698397 -122.07449661230635 0
endloop
endfacet
facet normal 0.6343932841636208 0.7730104533627572 0
outer loop
vertex 89.07830461881156 -121.95013378118584 1
vertex 89.22984116698397 -122.07449661230635 0
vertex 89.07830461881173 -121.950133781186 0
endloop
endfacet
facet normal 0.4713967368260239 0.881921264348341 0
outer loop
vertex 89.2298411669841 -122.07449661230643 1
vertex 89.40272796762369 -122.1669065325072 1
vertex 89.4027279676237 -122.1669065325072 0
endloop
endfacet
facet normal 0.4713967368260239 0.881921264348341 0
outer loop
vertex 89.2298411669841 -122.07449661230643 1
vertex 89.4027279676237 -122.1669065325072 0
vertex 89.22984116698397 -122.07449661230635 0
endloop
endfacet
facet normal 0.2902846772544199 0.9569403357322217 0
outer loop
vertex 89.40272796762369 -122.1669065325072 1
vertex 89.5903210779877 -122.2238122804037 1
vertex 89.59032107798775 -122.2238122804037 0
endloop
endfacet
facet normal 0.2902846772544199 0.9569403357322217 0
outer loop
vertex 89.40272796762369 -122.1669065325072 1
vertex 89.59032107798775 -122.2238122804037 0
vertex 89.4027279676237 -122.1669065325072 0
endloop
endfacet
facet normal 0.09801714032958839 0.9951847266721943 0
outer loop
vertex 89.5903210779877 -122.2238122804037 1
vertex 89.78541140000324 -122.24302700000042 1
vertex 89.78541140000318 -122.24302700000041 0
endloop
endfacet
facet normal 0.09801714032958839 0.9951847266721943 0
outer loop
vertex 89.5903210779877 -122.2238122804037 1
vertex 89.78541140000318 -122.24302700000041 0
vertex 89.59032107798775 -122.2238122804037 0
endloop
endfacet
facet normal -0.09801714032957415 0.9951847266721956 0
outer loop
vertex 89.78541140000324 -122.24302700000042 1
vertex 89.98050172201877 -122.2238122804037 1
vertex 89.98050172200747 -122.2238122804037 0
endloop
endfacet
facet normal -0.09801714032957415 0.9951847266721956 0
outer loop
vertex 89.78541140000324 -122.24302700000042 1
vertex 89.98050172200747 -122.2238122804037 0
vertex 89.78541140000318 -122.24302700000041 0
endloop
endfacet
facet normal -0.2902846772544199 0.9569403357322217 0
outer loop
vertex 89.98050172201877 -122.2238122804037 1
vertex 90.16809483237242 -122.1669065325072 1
vertex 90.16809483236872 -122.1669065325072 0
endloop
endfacet
facet normal -0.2902846772544199 0.9569403357322217 0
outer loop
vertex 89.98050172201877 -122.2238122804037 1
vertex 90.16809483236872 -122.1669065325072 0
vertex 89.98050172200747 -122.2238122804037 0
endloop
endfacet
facet normal -0.47139673682601946 0.8819212643483434 0
outer loop
vertex 90.16809483237242 -122.1669065325072 1
vertex 90.34098163300943 -122.07449661230643 1
vertex 90.34098163302042 -122.07449661230635 0
endloop
endfacet
facet normal -0.47139673682601946 0.8819212643483434 0
outer loop
vertex 90.16809483237242 -122.1669065325072 1
vertex 90.34098163302042 -122.07449661230635 0
vertex 90.16809483236872 -122.1669065325072 0
endloop
endfacet
facet normal -0.6343932841636208 0.7730104533627572 0
outer loop
vertex 90.34098163300943 -122.07449661230643 1
vertex 90.4925181811909 -121.95013378118584 1
vertex 90.49251818118583 -121.950133781186 0
endloop
endfacet
facet normal -0.6343932841636208 0.7730104533627572 0
outer loop
vertex 90.34098163300943 -122.07449661230643 1
vertex 90.49251818118583 -121.950133781186 0
vertex 90.34098163302042 -122.07449661230635 0
endloop
endfacet
facet normal -0.7730104533627572 0.6343932841636208 0
outer loop
vertex 90.4925181811909 -121.95013378118584 1
vertex 90.61688101229791 -121.79859723302427 1
vertex 90.6168810123035 -121.79859723302417 0
endloop
endfacet
facet normal -0.7730104533627572 0.6343932841636208 0
outer loop
vertex 90.4925181811909 -121.95013378118584 1
vertex 90.6168810123035 -121.79859723302417 0
vertex 90.49251818118583 -121.950133781186 0
endloop
endfacet
facet normal -0.8819212643483434 0.47139673682601946 0
outer loop
vertex 90.61688101229791 -121.79859723302427 1
vertex 90.70929093251102 -121.62571043236794 1
vertex 90.70929093250912 -121.625710432368 0
endloop
endfacet
facet normal -0.8819212643483434 0.47139673682601946 0
outer loop
vertex 90.61688101229791 -121.79859723302427 1
vertex 90.70929093250912 -121.625710432368 0
vertex 90.6168810123035 -121.79859723302417 0
endloop
endfacet
facet normal -0.9569403357322217 0.2902846772544199 0
outer loop
vertex 90.70929093251102 -121.62571043236794 1
vertex 90.76619668040377 -121.43811732201218 1
vertex 90.7661966804037 -121.43811732201226 0
endloop
endfacet
facet normal -0.9569403357322217 0.2902846772544199 0
outer loop
vertex 90.70929093251102 -121.62571043236794 1
vertex 90.7661966804037 -121.43811732201226 0
vertex 90.70929093250912 -121.625710432368 0
endloop
endfacet
facet normal 0 0 1
outer loop
vertex 73.5002207999995 -108.35940219999942 1
vertex 74.35444345406825 -103.51486449999997 1
vertex 74.35783152735584 -103.49564978040205 1
endloop
endfacet
facet normal 0 0 1
outer loop
vertex 73.5002207999995 -108.35940219999942 1
vertex 74.35783152735584 -103.49564978040205 1
vertex 74.36786554546127 -103.43874403251223 1
endloop
endfacet
facet normal 0 0 1
outer loop
vertex 73.5002207999995 -108.35940219999942 1
vertex 74.36786554546127 -103.43874403251223 1
vertex 74.38415990669799 -103.34633411229677 1
endloop
endfacet
facet normal 0 0 1
outer loop
vertex 73.5002207999995 -108.35940219999942 1
vertex 74.38415990669799 -103.34633411229677 1
vertex 74.40608842789702 -103.22197128119188 1
endloop
endfacet
facet normal 0 0 1
outer loop
vertex 73.5002207999995 -108.35940219999942 1
vertex 74.40608842789702 -103.22197128119188 1
vertex 74.43280840829424 -103.07043473300863 1
endloop
endfacet
facet normal 0 0 1
outer loop
vertex 73.5002207999995 -108.35940219999942 1
vertex 74.43280840829424 -103.07043473300863 1
vertex 74.46329301401654 -102.89754793237418 1
endloop
endfacet
facet normal 0 0 1
outer loop
vertex 73.5002207999995 -108.35940219999942 1
vertex 74.46329301401654 -102.89754793237418 1
vertex 74.496370738773 -102.70995482201882 1
endloop
endfacet
facet normal 0 0 1
outer loop
vertex 73.5002207999995 -108.35940219999942 1
vertex 74.496370738773 -102.70995482201882 1
vertex 74.53077042414593 -102.51486450000087 1
endloop
endfacet
facet normal 0 0 1
outer loop
vertex 73.5002207999995 -108.35940219999942 1
vertex 74.53077042414593 -102.51486450000087 1
vertex 74.5421097999995 -102.4505556999995 1
endloop
endfacet
facet normal 0 0 1
outer loop
vertex 73.5002207999995 -108.35940219999942 1
vertex 74.5421097999995 -102.4505556999995 1
vertex 74.54210979999951 -102.45055569999948 0
endloop
endfacet
facet normal 0 0 1
outer loop
vertex 73.5002207999995 -108.35940219999942 1
vertex 74.54210979999951 -102.45055569999948 0
vertex 74.53077042414594 -102.5148645000008 0
endloop
endfacet
facet normal 0 0 1
outer loop
vertex 73.5002207999995 -108.35940219999942 1
vertex 74.53077042414594 -102.5148645000008 0
vertex 74.49637073877297 -102.70995482201884 0
endloop
endfacet
facet normal 0 0 1
outer loop
vertex 73.5002207999995 -108.35940219999942 1
vertex 74.49637073877297 -102.70995482201884 0
vertex 74.46329301401657 -102.89754793237407 0
endloop
endfacet
facet normal 0 0 1
outer loop
vertex 73.5002207999995 -108.35940219999942 1
vertex 74.46329301401657 -102.89754793237407 0
vertex 74.43280840829422 -103.0704347330087 0
endloop
endfacet
facet normal 0 0 1
outer loop
vertex 73.5002207999995 -108.35940219999942 1
vertex 74.43280840829422 -103.0704347330087 0
vertex 74.40608842789702 -103.22197128119194 0
endloop
endfacet
facet normal 0 0 1
outer loop
vertex 73.5002207999995 -108.35940219999942 1
vertex 74.40608842789702 -103.22197128119194 0
vertex 74.384159906698 -103.3463341122968 0
endloop
endfacet
facet normal 0 0 1
outer loop
vertex 73.5002207999995 -108.35940219999942 1
vertex 74.384159906698 -103.3463341122968 0
vertex 74.36786554546127 -103.43874403251223 0
endloop
endfacet
facet normal 0 0 1
outer loop
vertex 73.5002207999995 -108.35940219999942 1
vertex 74.36786554546127 -103.43874403251223 0
vertex 74.35783152735584 -103.49564978040206 0
endloop
endfacet
facet normal 0 0 1
outer loop
vertex 73.5002207999995 -108.35940219999942 1
vertex 74.35783152735584 -103.49564978040206 0
vertex 74.35444345406825 -103.51486449999997 0
endloop
endfacet
facet normal 0 0 1
outer loop
vertex 73.5002207999995 -108.35940219999942 1
vertex 74.35444345406825 -103.51486449999997 0
vertex 73.50022079999945 -108.35940219999944 0
endloop
endfacet
facet normal 0 0 1
outer loop
vertex 74.88940619999974 -100.48094019999952 1
vertex 75.68336003926996 -95.97820430000012 1
vertex 75.68674811281745 -95.95898958040358 1
endloop
endfacet
facet normal 0 0 1
outer loop
vertex 74.88940619999974 -100.48094019999952 1
vertex 75.68674811281745 -95.95898958040358 1
vertex 75.6967821316935 -95.90208383251289 1
endloop
endfacet
facet normal 0 0 1
outer loop
vertex 74.88940619999974 -100.48094019999952 1
vertex 75.6967821316935 -95.90208383251289 1
vertex 75.71307649418179 -95.80967391229498 1
endloop
endfacet
facet normal 0 0 1
outer loop
vertex 74.88940619999974 -100.48094019999952 1
vertex 75.71307649418179 -95.80967391229498 1
vertex 75.73500501706437 -95.68531108119119 1
endloop
endfacet
facet normal 0 0 1
outer loop
vertex 74.88940619999974 -100.48094019999952 1
vertex 75.73500501706437 -95.68531108119119 1
vertex 75.76172499951126 -95.53377453301918 1
endloop
endfacet
facet normal 0 0 1
outer loop
vertex 74.88940619999974 -100.48094019999952 1
vertex 75.76172499951126 -95.53377453301918 1
vertex 75.79220960757812 -95.36088773236301 1
endloop
endfacet
facet normal 0 0 1
outer loop
vertex 74.88940619999974 -100.48094019999952 1
vertex 75.79220960757812 -95.36088773236301 1
vertex 75.8252873348725 -95.17329462201833 1
endloop
endfacet
facet normal 0 0 1
outer loop
vertex 74.88940619999974 -100.48094019999952 1
vertex 75.8252873348725 -95.17329462201833 1
vertex 75.85968702288697 -94.97820429999928 1
endloop
endfacet
facet normal 0 0 1
outer loop
vertex 74.88940619999974 -100.48094019999952 1
vertex 75.85968702288697 -94.97820429999928 1
vertex 75.89408671090204 -94.78311397797671 1
endloop
endfacet
facet normal 0 0 1
outer loop
vertex 74.88940619999974 -100.48094019999952 1
vertex 75.89408671090204 -94.78311397797671 1
vertex 75.92716443819529 -94.59552086763848 1
endloop
endfacet
facet normal 0 0 1
outer loop
vertex 74.88940619999974 -100.48094019999952 1
vertex 75.92716443819529 -94.59552086763848 1
vertex 75.95764904626256 -94.42263406698004 1
endloop
endfacet
facet normal 0 0 1
outer loop
vertex 74.88940619999974 -100.48094019999952 1
vertex 75.95764904626256 -94.42263406698004 1
vertex 75.98436902870743 -94.27109751881945 1
endloop
endfacet
facet normal 0 0 1
outer loop
vertex 74.88940619999974 -100.48094019999952 1
vertex 75.98436902870743 -94.27109751881945 1
vertex 76.00629755159359 -94.14673468769547 1
endloop
endfacet
facet normal 0 0 1
outer loop
vertex 74.88940619999974 -100.48094019999952 1
vertex 76.00629755159359 -94.14673468769547 1
vertex 76.02259191407965 -94.05432476749004 1
endloop
endfacet
facet normal 0 0 1
outer loop
vertex 74.88940619999974 -100.48094019999952 1
vertex 76.02259191407965 -94.05432476749004 1
vertex 76.0326259329562 -93.99741901959658 1
endloop
endfacet
facet normal 0 0 1
outer loop
vertex 74.88940619999974 -100.48094019999952 1
vertex 76.0326259329562 -93.99741901959658 1
vertex 76.03601400650369 -93.97820430000003 1
endloop
endfacet
facet normal 0 0 1
outer loop
vertex 74.88940619999974 -100.48094019999952 1
vertex 76.03601400650369 -93.97820430000003 1
vertex 76.6258879999998 -90.63286269999934 1
endloop
endfacet
facet normal 0 0 1
outer loop
vertex 74.88940619999974 -100.48094019999952 1
vertex 76.6258879999998 -90.63286269999934 1
vertex 76.62588799999982 -90.63286269999935 0
endloop
endfacet
facet normal 0 0 1
outer loop
vertex 74.88940619999974 -100.48094019999952 1
vertex 76.62588799999982 -90.63286269999935 0
vertex 76.03601400650369 -93.97820430000004 0
endloop
endfacet
facet normal 0 0 1
outer loop
vertex 74.88940619999974 -100.48094019999952 1
vertex 76.03601400650369 -93.97820430000004 0
vertex 76.0326259329562 -93.99741901959658 0
endloop
endfacet
facet normal 0 0 1
outer loop
vertex 74.88940619999974 -100.48094019999952 1
vertex 76.0326259329562 -93.99741901959658 0
vertex 76.02259191407967 -94.05432476749004 0
endloop
endfacet
facet normal 0 0 1
outer loop
vertex 74.88940619999974 -100.48094019999952 1
vertex 76.02259191407967 -94.05432476749004 0
vertex 76.00629755159358 -94.14673468769544 0
endloop
endfacet
facet normal 0 0 1
outer loop
vertex 74.88940619999974 -100.48094019999952 1
vertex 76.00629755159358 -94.14673468769544 0
vertex 75.98436902870743 -94.27109751881945 0
endloop
endfacet
facet normal 0 0 1
outer loop
vertex 74.88940619999974 -100.48094019999952 1
vertex 75.98436902870743 -94.27109751881945 0
vertex 75.95764904626257 -94.42263406698 0
endloop
endfacet
facet normal 0 0 1
outer loop
vertex 74.88940619999974 -100.48094019999952 1
vertex 75.95764904626257 -94.42263406698 0
vertex 75.92716443819528 -94.59552086763858 0
endloop
endfacet
facet normal 0 0 1
outer loop
vertex 74.88940619999974 -100.48094019999952 1
vertex 75.92716443819528 -94.59552086763858 0
vertex 75.89408671090206 -94.78311397797665 0
endloop
endfacet
facet normal 0 0 1
outer loop
vertex 74.88940619999974 -100.48094019999952 1
vertex 75.89408671090206 -94.78311397797665 0
vertex 75.85968702288697 -94.9782042999993 0
endloop
endfacet
facet normal 0 0 1
outer loop
vertex 74.88940619999974 -100.48094019999952 1
vertex 75.85968702288697 -94.9782042999993 0
vertex 75.82528733487253 -95.1732946220183 0
endloop
endfacet
facet normal 0 0 1
outer loop
vertex 74.88940619999974 -100.48094019999952 1
vertex 75.82528733487253 -95.1732946220183 0
vertex 75.79220960757814 -95.36088773236297 0
endloop
endfacet
facet normal 0 0 1
outer loop
vertex 74.88940619999974 -100.48094019999952 1
vertex 75.79220960757814 -95.36088773236297 0
vertex 75.76172499951124 -95.53377453301914 0
endloop
endfacet
facet normal 0 0 1
outer loop
vertex 74.88940619999974 -100.48094019999952 1
vertex 75.76172499951124 -95.53377453301914 0
vertex 75.73500501706437 -95.68531108119119 0
endloop
endfacet
facet normal 0 0 1
outer loop
vertex 74.88940619999974 -100.48094019999952 1
vertex 75.73500501706437 -95.68531108119119 0
vertex 75.71307649418179 -95.80967391229495 0
endloop
endfacet
facet normal 0 0 1
outer loop
vertex 74.88940619999974 -100.48094019999952 1
vertex 75.71307649418179 -95.80967391229495 0
vertex 75.6967821316935 -95.90208383251284 0
endloop
endfacet
facet normal 0 0 1
outer loop
vertex 74.88940619999974 -100.48094019999952 1
vertex 75.6967821316935 -95.90208383251284 0
vertex 75.68674811281747 -95.9589895804036 0
endloop
endfacet
facet normal 0 0 1
outer loop
vertex 74.88940619999974 -100.48094019999952 1
vertex 75.68674811281747 -95.9589895804036 0
vertex 75.68336003926997 -95.97820430000012 0
endloop
endfacet
facet normal 0 0 1
outer loop
vertex 74.88940619999974 -100.48094019999952 1
vertex 75.68336003926997 -95.97820430000012 0
vertex 74.88940619999975 -100.48094019999952 0
endloop
endfacet
facet normal 0 0 -1
outer loop
vertex 76.6258879999998 -90.63286269999934 1
vertex 75.3896364529897 -90.41487819999999 1
vertex 75.28066436172884 -90.3956634804028 1
endloop
endfacet
facet normal 0 0 -1
outer loop
vertex 76.6258879999998 -90.63286269999934 1
vertex 75.28066436172884 -90.3956634804028 1
vertex 75.05364338036357 -90.35563355669355 1
endloop
endfacet
facet normal 0 0 -1
outer loop
vertex 76.6258879999998 -90.63286269999934 1
vertex 75.05364338036357 -90.35563355669355 1
vertex 75.05364338036358 -90.35563355669356 0
endloop
endfacet
facet normal 0 0 -1
outer loop
vertex 76.6258879999998 -90.63286269999934 1
vertex 75.05364338036358 -90.35563355669356 0
vertex 75.28066436172892 -90.39566348040282 0
endloop
endfacet
facet normal 0 0 -1
outer loop
vertex 76.6258879999998 -90.63286269999934 1
vertex 75.28066436172892 -90.39566348040282 0
vertex 75.38963645298966 -90.41487819999999 0
endloop
endfacet
facet normal 0 0 -1
outer loop
vertex 76.6258879999998 -90.63286269999934 1
vertex 75.38963645298966 -90.41487819999999 0
vertex 76.62588799999982 -90.63286269999935 0
endloop
endfacet
facet normal -0.17364817559553214 -0.9848077533774515 -2.305454182140691e-15
outer loop
vertex 75.05364338036357 -90.35563355669355 1
vertex 75.05364338036358 -90.35563355669356 6
vertex 73.47794992096878 -90.07779628989368 6
endloop
endfacet
facet normal -0.17364817559553214 -0.9848077533774515 -2.305454182140691e-15
outer loop
vertex 75.05364338036357 -90.35563355669355 1
vertex 73.47794992096878 -90.07779628989368 6
vertex 73.47794992096804 -90.07779628989356 0
endloop
endfacet
facet normal -0.17364817559553214 -0.9848077533774515 -2.305454182140691e-15
outer loop
vertex 75.05364338036357 -90.35563355669355 1
vertex 73.47794992096804 -90.07779628989356 0
vertex 73.72855644559337 -90.12198498118308 0
endloop
endfacet
facet normal -0.17364817559553214 -0.9848077533774515 -2.305454182140691e-15
outer loop
vertex 75.05364338036357 -90.35563355669355 1
vertex 73.72855644559337 -90.12198498118308 0
vertex 74.43385311742915 -90.246347812302 0
endloop
endfacet
facet normal -0.17364817559553214 -0.9848077533774515 -2.305454182140691e-15
outer loop
vertex 75.05364338036357 -90.35563355669355 1
vertex 74.43385311742915 -90.246347812302 0
vertex 74.95793582427213 -90.33875773250453 0
endloop
endfacet
facet normal -0.17364817559553214 -0.9848077533774515 -2.305454182140691e-15
outer loop
vertex 75.05364338036357 -90.35563355669355 1
vertex 74.95793582427213 -90.33875773250453 0
vertex 75.05364338036358 -90.35563355669356 0
endloop
endfacet
facet normal 0 0 -1
outer loop
vertex 75.05364338036358 -90.35563355669356 6
vertex 73.3171620075614 -100.20371113202069 6
vertex 71.74146813073672 -99.92587379161667 6
endloop
endfacet
facet normal 0 0 -1
outer loop
vertex 75.05364338036358 -90.35563355669356 6
vertex 71.74146813073672 -99.92587379161667 6
vertex 73.47794992096878 -90.07779628989368 6
endloop
endfacet
facet normal 0 0 -1
outer loop
vertex 72.96986573179483 -102.17332665392638 6
vertex 71.92797691052591 -108.08217318544152 6
vertex 70.35228269975732 -107.80433578615416 6
endloop
endfacet
facet normal 0 0 -1
outer loop
vertex 72.96986573179483 -102.17332665392638 6
vertex 70.35228269975732 -107.80433578615416 6
vertex 71.39417177148421 -101.89548929880152 6
endloop
endfacet
facet normal 0.17364817559552792 0.9848077533774522 8.462667102556284e-14
outer loop
vertex 71.74146813073672 -99.92587379161667 6
vertex 73.3171620075614 -100.20371113202069 6
vertex 73.31716200756149 -100.20371113202027 1
endloop
endfacet
facet normal 0.17364817559552792 0.9848077533774522 8.462667102556284e-14
outer loop
vertex 71.74146813073672 -99.92587379161667 6
vertex 73.31716200756149 -100.20371113202027 1
vertex 73.31716200756146 -100.20371113202027 0
endloop
endfacet
facet normal 0.17364817559552792 0.9848077533774522 8.462667102556284e-14
outer loop
vertex 71.74146813073672 -99.92587379161667 6
vertex 73.31716200756146 -100.20371113202027 0
vertex 71.74146813073605 -99.92587379161611 0
endloop
endfacet
facet normal 0.1736481755955311 0.9848077533774516 0
outer loop
vertex 73.31716200756149 -100.20371113202027 1
vertex 74.88940619999974 -100.48094019999952 1
vertex 74.88940619999975 -100.48094019999952 0
endloop
endfacet
facet normal 0.1736481755955311 0.9848077533774516 0
outer loop
vertex 73.31716200756149 -100.20371113202027 1
vertex 74.88940619999975 -100.48094019999952 0
vertex 73.31716200756146 -100.20371113202027 0
endloop
endfacet
facet normal 0.9848077600550513 -0.17364813772497653 2.3302570951113444e-14
outer loop
vertex 79.50134639999959 -65.1314503000028 8.5
vertex 75.05364338036352 -90.35563355669355 8.500000000000007
vertex 75.05364338036358 -90.35563355669356 6
endloop
endfacet
facet normal 0.9848077600550513 -0.17364813772497653 2.3302570951113444e-14
outer loop
vertex 79.50134639999959 -65.1314503000028 8.5
vertex 75.05364338036358 -90.35563355669356 6
vertex 75.05364338036357 -90.35563355669355 1
endloop
endfacet
facet normal 0.9848077600550513 -0.17364813772497653 2.3302570951113444e-14
outer loop
vertex 79.50134639999959 -65.1314503000028 8.5
vertex 75.05364338036357 -90.35563355669355 1
vertex 75.05661904278405 -90.33875773250456 1
endloop
endfacet
facet normal 0.9848077600550513 -0.17364813772497653 2.3302570951113444e-14
outer loop
vertex 79.50134639999959 -65.1314503000028 8.5
vertex 75.05661904278405 -90.33875773250456 1
vertex 75.07291340113638 -90.24634781230198 1
endloop
endfacet
facet normal 0.9848077600550513 -0.17364813772497653 2.3302570951113444e-14
outer loop
vertex 79.50134639999959 -65.1314503000028 8.5
vertex 75.07291340113638 -90.24634781230198 1
vertex 75.09484191845921 -90.12198498118299 1
endloop
endfacet
facet normal 0.9848077600550513 -0.17364813772497653 2.3302570951113444e-14
outer loop
vertex 79.50134639999959 -65.1314503000028 8.5
vertex 75.09484191845921 -90.12198498118299 1
vertex 75.12156189412673 -89.97044843301947 1
endloop
endfacet
facet normal 0.9848077600550513 -0.17364813772497653 2.3302570951113444e-14
outer loop
vertex 79.50134639999959 -65.1314503000028 8.5
vertex 75.12156189412673 -89.97044843301947 1
vertex 75.15204649445734 -89.79756163238298 1
endloop
endfacet
facet normal 0.9848077600550513 -0.17364813772497653 2.3302570951113444e-14
outer loop
vertex 79.50134639999959 -65.1314503000028 8.5
vertex 75.15204649445734 -89.79756163238298 1
vertex 75.18512421336509 -89.60996852201598 1
endloop
endfacet
facet normal 0.9848077600550513 -0.17364813772497653 2.3302570951113444e-14
outer loop
vertex 79.50134639999959 -65.1314503000028 8.5
vertex 75.18512421336509 -89.60996852201598 1
vertex 75.21952389265125 -89.4148782000104 1
endloop
endfacet
facet normal 0.9848077600550513 -0.17364813772497653 2.3302570951113444e-14
outer loop
vertex 79.50134639999959 -65.1314503000028 8.5
vertex 75.21952389265125 -89.4148782000104 1
vertex 75.25392357194387 -89.21978787796834 1
endloop
endfacet
facet normal 0.9848077600550513 -0.17364813772497653 2.3302570951113444e-14
outer loop
vertex 79.50134639999959 -65.1314503000028 8.5
vertex 75.25392357194387 -89.21978787796834 1
vertex 75.28700129084538 -89.03219476763664 1
endloop
endfacet
facet normal 0.9848077600550513 -0.17364813772497653 2.3302570951113444e-14
outer loop
vertex 79.50134639999959 -65.1314503000028 8.5
vertex 75.28700129084538 -89.03219476763664 1
vertex 75.31748589117846 -88.8593079669861 1
endloop
endfacet
facet normal 0.9848077600550513 -0.17364813772497653 2.3302570951113444e-14
outer loop
vertex 79.50134639999959 -65.1314503000028 8.5
vertex 75.31748589117846 -88.8593079669861 1
vertex 75.34420586684703 -88.70777141881672 1
endloop
endfacet
facet normal 0.9848077600550513 -0.17364813772497653 2.3302570951113444e-14
outer loop
vertex 79.50134639999959 -65.1314503000028 8.5
vertex 75.34420586684703 -88.70777141881672 1
vertex 75.36613438416838 -88.58340858770607 1
endloop
endfacet
facet normal 0.9848077600550513 -0.17364813772497653 2.3302570951113444e-14
outer loop
vertex 79.50134639999959 -65.1314503000028 8.5
vertex 75.36613438416838 -88.58340858770607 1
vertex 75.38242874252556 -88.49099866747596 1
endloop
endfacet
facet normal 0.9848077600550513 -0.17364813772497653 2.3302570951113444e-14
outer loop
vertex 79.50134639999959 -65.1314503000028 8.5
vertex 75.38242874252556 -88.49099866747596 1
vertex 75.39246275885434 -88.43409291959661 1
endloop
endfacet
facet normal 0.9848077600550513 -0.17364813772497653 2.3302570951113444e-14
outer loop
vertex 79.50134639999959 -65.1314503000028 8.5
vertex 75.39246275885434 -88.43409291959661 1
vertex 75.39585083154249 -88.4148781999996 1
endloop
endfacet
facet normal 0.9848077600550513 -0.17364813772497653 2.3302570951113444e-14
outer loop
vertex 79.50134639999959 -65.1314503000028 8.5
vertex 75.39585083154249 -88.4148781999996 1
vertex 76.22523400875818 -83.71121134999996 1
endloop
endfacet
facet normal 0.9848077600550513 -0.17364813772497653 2.3302570951113444e-14
outer loop
vertex 79.50134639999959 -65.1314503000028 8.5
vertex 76.22523400875818 -83.71121134999996 1
vertex 76.23932666712398 -83.63128789386462 1
endloop
endfacet
facet normal 0.9848077600550513 -0.17364813772497653 2.3302570951113444e-14
outer loop
vertex 79.50134639999959 -65.1314503000028 8.5
vertex 76.23932666712398 -83.63128789386462 1
vertex 76.26183994202485 -83.50360873693778 1
endloop
endfacet
facet normal 0.9848077600550513 -0.17364813772497653 2.3302570951113444e-14
outer loop
vertex 79.50134639999959 -65.1314503000028 8.5
vertex 76.26183994202485 -83.50360873693778 1
vertex 76.2922048849406 -83.33140054738371 1
endloop
endfacet
facet normal 0.9848077600550513 -0.17364813772497653 2.3302570951113444e-14
outer loop
vertex 79.50134639999959 -65.1314503000028 8.5
vertex 76.2922048849406 -83.33140054738371 1
vertex 76.32965412242531 -83.11901531730715 1
endloop
endfacet
facet normal 0.9848077600550513 -0.17364813772497653 2.3302570951113444e-14
outer loop
vertex 79.50134639999959 -65.1314503000028 8.5
vertex 76.32965412242531 -83.11901531730715 1
vertex 76.37324124893183 -82.87182038055451 1
endloop
endfacet
facet normal 0.9848077600550513 -0.17364813772497653 2.3302570951113444e-14
outer loop
vertex 79.50134639999959 -65.1314503000028 8.5
vertex 76.37324124893183 -82.87182038055451 1
vertex 76.42186474408015 -82.59606277111268 1
endloop
endfacet
facet normal 0.9848077600550513 -0.17364813772497653 2.3302570951113444e-14
outer loop
vertex 79.50134639999959 -65.1314503000028 8.5
vertex 76.42186474408015 -82.59606277111268 1
vertex 76.474295571898 -82.29871269999995 1
endloop
endfacet
facet normal 0.9848077600550513 -0.17364813772497653 2.3302570951113444e-14
outer loop
vertex 79.50134639999959 -65.1314503000028 8.5
vertex 76.474295571898 -82.29871269999995 1
vertex 77.63399123671296 -75.72175019999999 1
endloop
endfacet
facet normal 0.9848077600550513 -0.17364813772497653 2.3302570951113444e-14
outer loop
vertex 79.50134639999959 -65.1314503000028 8.5
vertex 77.63399123671296 -75.72175019999999 1
vertex 77.64808389507877 -75.6418267438646 1
endloop
endfacet
facet normal 0.9848077600550513 -0.17364813772497653 2.3302570951113444e-14
outer loop
vertex 79.50134639999959 -65.1314503000028 8.5
vertex 77.64808389507877 -75.6418267438646 1
vertex 77.67059716997963 -75.51414758693782 1
endloop
endfacet
facet normal 0.9848077600550513 -0.17364813772497653 2.3302570951113444e-14
outer loop
vertex 79.50134639999959 -65.1314503000028 8.5
vertex 77.67059716997963 -75.51414758693782 1
vertex 77.70096211289538 -75.3419393973837 1
endloop
endfacet
facet normal 0.9848077600550513 -0.17364813772497653 2.3302570951113444e-14
outer loop
vertex 79.50134639999959 -65.1314503000028 8.5
vertex 77.70096211289538 -75.3419393973837 1
vertex 77.73841135038012 -75.12955416730702 1
endloop
endfacet
facet normal 0.9848077600550513 -0.17364813772497653 2.3302570951113444e-14
outer loop
vertex 79.50134639999959 -65.1314503000028 8.5
vertex 77.73841135038012 -75.12955416730702 1
vertex 77.78199847688666 -74.88235923055439 1
endloop
endfacet
facet normal 0.9848077600550513 -0.17364813772497653 2.3302570951113444e-14
outer loop
vertex 79.50134639999959 -65.1314503000028 8.5
vertex 77.78199847688666 -74.88235923055439 1
vertex 77.83062197203492 -74.60660162111283 1
endloop
endfacet
facet normal 0.9848077600550513 -0.17364813772497653 2.3302570951113444e-14
outer loop
vertex 79.50134639999959 -65.1314503000028 8.5
vertex 77.83062197203492 -74.60660162111283 1
vertex 77.88305300262877 -74.30925039999991 1
endloop
endfacet
facet normal 0.9848077600550513 -0.17364813772497653 2.3302570951113444e-14
outer loop
vertex 79.50134639999959 -65.1314503000028 8.5
vertex 77.88305300262877 -74.30925039999991 1
vertex 78.48494970132556 -70.89572378581337 1
endloop
endfacet
facet normal 0.9848077600550513 -0.17364813772497653 2.3302570951113444e-14
outer loop
vertex 79.50134639999959 -65.1314503000028 8.5
vertex 78.48494970132556 -70.89572378581337 1
vertex 78.49026539178539 -70.865577 1
endloop
endfacet
facet normal 0.9848077600550513 -0.17364813772497653 2.3302570951113444e-14
outer loop
vertex 79.50134639999959 -65.1314503000028 8.5
vertex 78.49026539178539 -70.865577 1
vertex 78.69922972412269 -69.68048109999998 1
endloop
endfacet
facet normal 0.9848077600550513 -0.17364813772497653 2.3302570951113444e-14
outer loop
vertex 79.50134639999959 -65.1314503000028 8.5
vertex 78.69922972412269 -69.68048109999998 1
vertex 79.50134639999995 -65.13145030000024 1
endloop
endfacet
facet normal 0.984807760055053 -0.17364813772496765 0
outer loop
vertex 75.05364338036352 -90.35563355669355 8.500000000000007
vertex 73.31716200756148 -100.20371113202029 8.500000000000007
vertex 73.3171620075614 -100.20371113202069 6
endloop
endfacet
facet normal 0.984807760055053 -0.17364813772496765 0
outer loop
vertex 75.05364338036352 -90.35563355669355 8.500000000000007
vertex 73.3171620075614 -100.20371113202069 6
vertex 75.05364338036358 -90.35563355669356 6
endloop
endfacet
facet normal 0.9848077600550523 -0.17364813772497092 -5.9497932854306165e-15
outer loop
vertex 73.3171620075614 -100.20371113202069 6
vertex 73.31716200756148 -100.20371113202029 8.500000000000007
vertex 72.96986573179493 -102.17332665392598 8.500000000000007
endloop
endfacet
facet normal 0.9848077600550523 -0.17364813772497092 -5.9497932854306165e-15
outer loop
vertex 73.3171620075614 -100.20371113202069 6
vertex 72.96986573179493 -102.17332665392598 8.500000000000007
vertex 72.96986573179483 -102.17332665392638 6
endloop
endfacet
facet normal 0.9848077600550523 -0.17364813772497092 -5.9497932854306165e-15
outer loop
vertex 73.3171620075614 -100.20371113202069 6
vertex 72.96986573179483 -102.17332665392638 6
vertex 72.96986573179494 -102.173326653926 1
endloop
endfacet
facet normal 0.9848077600550523 -0.17364813772497092 -5.9497932854306165e-15
outer loop
vertex 73.3171620075614 -100.20371113202069 6
vertex 72.96986573179494 -102.173326653926 1
vertex 72.97712080707565 -102.13218106762811 1
endloop
endfacet
facet normal 0.9848077600550523 -0.17364813772497092 -5.9497932854306165e-15
outer loop
vertex 73.3171620075614 -100.20371113202069 6
vertex 72.97712080707565 -102.13218106762811 1
vertex 73.00760540741076 -101.95929426696608 1
endloop
endfacet
facet normal 0.9848077600550523 -0.17364813772497092 -5.9497932854306165e-15
outer loop
vertex 73.3171620075614 -100.20371113202069 6
vertex 73.00760540741076 -101.95929426696608 1
vertex 73.03432538307561 -101.80775771881778 1
endloop
endfacet
facet normal 0.9848077600550523 -0.17364813772497092 -5.9497932854306165e-15
outer loop
vertex 73.3171620075614 -100.20371113202069 6
vertex 73.03432538307561 -101.80775771881778 1
vertex 73.05625390039742 -101.68339488770448 1
endloop
endfacet
facet normal 0.9848077600550523 -0.17364813772497092 -5.9497932854306165e-15
outer loop
vertex 73.3171620075614 -100.20371113202069 6
vertex 73.05625390039742 -101.68339488770448 1
vertex 73.07254825875285 -101.59098496748439 1
endloop
endfacet
facet normal 0.9848077600550523 -0.17364813772497092 -5.9497932854306165e-15
outer loop
vertex 73.3171620075614 -100.20371113202069 6
vertex 73.07254825875285 -101.59098496748439 1
vertex 73.08258227508315 -101.53407921959628 1
endloop
endfacet
facet normal 0.9848077600550523 -0.17364813772497092 -5.9497932854306165e-15
outer loop
vertex 73.3171620075614 -100.20371113202069 6
vertex 73.08258227508315 -101.53407921959628 1
vertex 73.08597034777122 -101.51486449999982 1
endloop
endfacet
facet normal 0.9848077600550523 -0.17364813772497092 -5.9497932854306165e-15
outer loop
vertex 73.3171620075614 -100.20371113202069 6
vertex 73.08597034777122 -101.51486449999982 1
vertex 73.26827905463357 -100.48094019999952 1
endloop
endfacet
facet normal 0.9848077600550523 -0.17364813772497092 -5.9497932854306165e-15
outer loop
vertex 73.3171620075614 -100.20371113202069 6
vertex 73.26827905463357 -100.48094019999952 1
vertex 73.31716200756149 -100.20371113202027 1
endloop
endfacet
facet normal 0.984807760055053 -0.17364813772496765 0
outer loop
vertex 72.96986573179493 -102.17332665392598 8.500000000000007
vertex 71.92797691052603 -108.08217318544106 8.500000000000005
vertex 71.92797691052591 -108.08217318544152 6
endloop
endfacet
facet normal 0.984807760055053 -0.17364813772496765 0
outer loop
vertex 72.96986573179493 -102.17332665392598 8.500000000000007
vertex 71.92797691052591 -108.08217318544152 6
vertex 72.96986573179483 -102.17332665392638 6
endloop
endfacet
facet normal 0.984807760055056 -0.17364813772495005 -1.3197459755031339e-14
outer loop
vertex 71.92797691052591 -108.08217318544152 6
vertex 71.92797691052603 -108.08217318544106 8.500000000000005
vertex 69.41936795000059 -122.30920494999843 8.5
endloop
endfacet
facet normal 0.984807760055056 -0.17364813772495005 -1.3197459755031339e-14
outer loop
vertex 71.92797691052591 -108.08217318544152 6
vertex 69.41936795000059 -122.30920494999843 8.5
vertex 69.41936795 -122.30920494999998 1
endloop
endfacet
facet normal 0.984807760055056 -0.17364813772495005 -1.3197459755031339e-14
outer loop
vertex 71.92797691052591 -108.08217318544152 6
vertex 69.41936795 -122.30920494999998 1
vertex 69.43103690534538 -122.24302700000042 1
endloop
endfacet
facet normal 0.984807760055056 -0.17364813772495005 -1.3197459755031339e-14
outer loop
vertex 71.92797691052591 -108.08217318544152 6
vertex 69.43103690534538 -122.24302700000042 1
vertex 69.43442497803349 -122.2238122804037 1
endloop
endfacet
facet normal 0.984807760055056 -0.17364813772495005 -1.3197459755031339e-14
outer loop
vertex 71.92797691052591 -108.08217318544152 6
vertex 69.43442497803349 -122.2238122804037 1
vertex 69.44445899436529 -122.1669065325072 1
endloop
endfacet
facet normal 0.984807760055056 -0.17364813772495005 -1.3197459755031339e-14
outer loop
vertex 71.92797691052591 -108.08217318544152 6
vertex 69.44445899436529 -122.1669065325072 1
vertex 69.4607533527173 -122.07449661230643 1
endloop
endfacet
facet normal 0.984807760055056 -0.17364813772495005 -1.3197459755031339e-14
outer loop
vertex 71.92797691052591 -108.08217318544152 6
vertex 69.4607533527173 -122.07449661230643 1
vertex 69.48268187004041 -121.95013378118584 1
endloop
endfacet
facet normal 0.984807760055056 -0.17364813772495005 -1.3197459755031339e-14
outer loop
vertex 71.92797691052591 -108.08217318544152 6
vertex 69.48268187004041 -121.95013378118584 1
vertex 69.5094018457076 -121.79859723302427 1
endloop
endfacet
facet normal 0.984807760055056 -0.17364813772495005 -1.3197459755031339e-14
outer loop
vertex 71.92797691052591 -108.08217318544152 6
vertex 69.5094018457076 -121.79859723302427 1
vertex 69.53988644604169 -121.62571043236794 1
endloop
endfacet
facet normal 0.984807760055056 -0.17364813772495005 -1.3197459755031339e-14
outer loop
vertex 71.92797691052591 -108.08217318544152 6
vertex 69.53988644604169 -121.62571043236794 1
vertex 69.57296416494745 -121.43811732201218 1
endloop
endfacet
facet normal 0.984807760055056 -0.17364813772495005 -1.3197459755031339e-14
outer loop
vertex 71.92797691052591 -108.08217318544152 6
vertex 69.57296416494745 -121.43811732201218 1
vertex 69.60736384423477 -121.24302700000021 1
endloop
endfacet
facet normal 0.984807760055056 -0.17364813772495005 -1.3197459755031339e-14
outer loop
vertex 71.92797691052591 -108.08217318544152 6
vertex 69.60736384423477 -121.24302700000021 1
vertex 69.64176352352061 -121.04793667799652 1
endloop
endfacet
facet normal 0.984807760055056 -0.17364813772495005 -1.3197459755031339e-14
outer loop
vertex 71.92797691052591 -108.08217318544152 6
vertex 69.64176352352061 -121.04793667799652 1
vertex 69.67484124242961 -120.86034356762237 1
endloop
endfacet
facet normal 0.984807760055056 -0.17364813772495005 -1.3197459755031339e-14
outer loop
vertex 71.92797691052591 -108.08217318544152 6
vertex 69.67484124242961 -120.86034356762237 1
vertex 69.7053258427615 -120.6874567669786 1
endloop
endfacet
facet normal 0.984807760055056 -0.17364813772495005 -1.3197459755031339e-14
outer loop
vertex 71.92797691052591 -108.08217318544152 6
vertex 69.7053258427615 -120.6874567669786 1
vertex 69.73204581842849 -120.53592021881812 1
endloop
endfacet
facet normal 0.984807760055056 -0.17364813772495005 -1.3197459755031339e-14
outer loop
vertex 71.92797691052591 -108.08217318544152 6
vertex 69.73204581842849 -120.53592021881812 1
vertex 69.75397433575294 -120.4115573876899 1
endloop
endfacet
facet normal 0.984807760055056 -0.17364813772495005 -1.3197459755031339e-14
outer loop
vertex 71.92797691052591 -108.08217318544152 6
vertex 69.75397433575294 -120.4115573876899 1
vertex 69.77026869410372 -120.31914746749614 1
endloop
endfacet
facet normal 0.984807760055056 -0.17364813772495005 -1.3197459755031339e-14
outer loop
vertex 71.92797691052591 -108.08217318544152 6
vertex 69.77026869410372 -120.31914746749614 1
vertex 69.78030271043606 -120.26224171959655 1
endloop
endfacet
facet normal 0.984807760055056 -0.17364813772495005 -1.3197459755031339e-14
outer loop
vertex 71.92797691052591 -108.08217318544152 6
vertex 69.78030271043606 -120.26224171959655 1
vertex 69.7836907831241 -120.24302700000025 1
endloop
endfacet
facet normal 0.984807760055056 -0.17364813772495005 -1.3197459755031339e-14
outer loop
vertex 71.92797691052591 -108.08217318544152 6
vertex 69.7836907831241 -120.24302700000025 1
vertex 71.87909396701764 -108.35940219999942 1
endloop
endfacet
facet normal 0.984807760055056 -0.17364813772495005 -1.3197459755031339e-14
outer loop
vertex 71.92797691052591 -108.08217318544152 6
vertex 71.87909396701764 -108.35940219999942 1
vertex 71.92797691052603 -108.08217318544104 1
endloop
endfacet
facet normal 0 0 1
outer loop
vertex 67.56583820000003 -123.60704764999974 8.5
vertex 67.61283122402355 -123.34053697005646 8.5
vertex 67.67220795402154 -123.00379480431172 8.5
endloop
endfacet
facet normal 0 0 1
outer loop
vertex 67.56583820000003 -123.60704764999974 8.5
vertex 67.67220795402154 -123.00379480431172 8.5
vertex 67.73344539279748 -122.6565000348158 8.5
endloop
endfacet
facet normal 0 0 1
outer loop
vertex 67.56583820000003 -123.60704764999974 8.5
vertex 67.73344539279748 -122.6565000348158 8.5
vertex 67.7946828871731 -122.30920494999843 8.5
endloop
endfacet
facet normal 0 0 1
outer loop
vertex 67.56583820000003 -123.60704764999974 8.5
vertex 67.7946828871731 -122.30920494999843 8.5
vertex 70.35228269975741 -107.80433578615371 8.5
endloop
endfacet
facet normal 0 0 1
outer loop
vertex 67.56583820000003 -123.60704764999974 8.5
vertex 70.35228269975741 -107.80433578615371 8.5
vertex 70.35228269975732 -107.80433578615416 6
endloop
endfacet
facet normal 0 0 1
outer loop
vertex 67.56583820000003 -123.60704764999974 8.5
vertex 70.35228269975732 -107.80433578615416 6
vertex 70.35228269975664 -107.80433578615357 0
endloop
endfacet
facet normal 0 0 1
outer loop
vertex 67.56583820000003 -123.60704764999974 8.5
vertex 70.35228269975664 -107.80433578615357 0
vertex 70.25440951386385 -108.35940219999944 0
endloop
endfacet
facet normal 0 0 1
outer loop
vertex 67.56583820000003 -123.60704764999974 8.5
vertex 70.25440951386385 -108.35940219999944 0
vertex 68.15900581059883 -120.24302700000027 0
endloop
endfacet
facet normal 0 0 1
outer loop
vertex 67.56583820000003 -123.60704764999974 8.5
vertex 68.15900581059883 -120.24302700000027 0
vertex 68.15561773707101 -120.26224171959657 0
endloop
endfacet
facet normal 0 0 1
outer loop
vertex 67.56583820000003 -123.60704764999974 8.5
vertex 68.15561773707101 -120.26224171959657 0
vertex 68.14558371825163 -120.31914746749612 0
endloop
endfacet
facet normal 0 0 1
outer loop
vertex 67.56583820000003 -123.60704764999974 8.5
vertex 68.14558371825163 -120.31914746749612 0
vertex 68.12928935586208 -120.41155738768991 0
endloop
endfacet
facet normal 0 0 1
outer loop
vertex 67.56583820000003 -123.60704764999974 8.5
vertex 68.12928935586208 -120.41155738768991 0
vertex 68.10736083310239 -120.53592021881813 0
endloop
endfacet
facet normal 0 0 1
outer loop
vertex 67.56583820000003 -123.60704764999974 8.5
vertex 68.10736083310239 -120.53592021881813 0
vertex 68.08064085081253 -120.68745676697858 0
endloop
endfacet
facet normal 0 0 1
outer loop
vertex 67.56583820000003 -123.60704764999974 8.5
vertex 68.08064085081253 -120.68745676697858 0
vertex 68.05015624292464 -120.86034356762238 0
endloop
endfacet
facet normal 0 0 1
outer loop
vertex 67.56583820000003 -123.60704764999974 8.5
vertex 68.05015624292464 -120.86034356762238 0
vertex 68.01707851581695 -121.04793667799639 0
endloop
endfacet
facet normal 0 0 1
outer loop
vertex 67.56583820000003 -123.60704764999974 8.5
vertex 68.01707851581695 -121.04793667799639 0
vertex 67.9826788280047 -121.24302700000021 0
endloop
endfacet
facet normal 0 0 1
outer loop
vertex 67.56583820000003 -123.60704764999974 8.5
vertex 67.9826788280047 -121.24302700000021 0
vertex 67.94827914019099 -121.43811732201226 0
endloop
endfacet
facet normal 0 0 1
outer loop
vertex 67.56583820000003 -123.60704764999974 8.5
vertex 67.94827914019099 -121.43811732201226 0
vertex 67.91520141308652 -121.625710432368 0
endloop
endfacet
facet normal 0 0 1
outer loop
vertex 67.56583820000003 -123.60704764999974 8.5
vertex 67.91520141308652 -121.625710432368 0
vertex 67.88471680519646 -121.79859723302417 0
endloop
endfacet
facet normal 0 0 1
outer loop
vertex 67.56583820000003 -123.60704764999974 8.5
vertex 67.88471680519646 -121.79859723302417 0
vertex 67.85799682290636 -121.950133781186 0
endloop
endfacet
facet normal 0 0 1
outer loop
vertex 67.56583820000003 -123.60704764999974 8.5
vertex 67.85799682290636 -121.950133781186 0
vertex 67.83606830014804 -122.07449661230635 0
endloop
endfacet
facet normal 0 0 1
outer loop
vertex 67.56583820000003 -123.60704764999974 8.5
vertex 67.83606830014804 -122.07449661230635 0
vertex 67.81977393775726 -122.1669065325072 0
endloop
endfacet
facet normal 0 0 1
outer loop
vertex 67.56583820000003 -123.60704764999974 8.5
vertex 67.81977393775726 -122.1669065325072 0
vertex 67.8097399189384 -122.2238122804037 0
endloop
endfacet
facet normal 0 0 1
outer loop
vertex 67.56583820000003 -123.60704764999974 8.5
vertex 67.8097399189384 -122.2238122804037 0
vertex 67.80635184541052 -122.24302700000041 0
endloop
endfacet
facet normal 0 0 1
outer loop
vertex 67.56583820000003 -123.60704764999974 8.5
vertex 67.80635184541052 -122.24302700000041 0
vertex 67.56583820000002 -123.60704764999987 0
endloop
endfacet
facet normal -0.9848077526946378 0.1736481794679606 0
outer loop
vertex 70.35228269975741 -107.80433578615371 8.5
vertex 71.39417177148427 -101.89548929880115 8.5
vertex 71.39417177148421 -101.89548929880152 6
endloop
endfacet
facet normal -0.9848077526946378 0.1736481794679606 0
outer loop
vertex 70.35228269975741 -107.80433578615371 8.5
vertex 71.39417177148421 -101.89548929880152 6
vertex 70.35228269975732 -107.80433578615416 6
endloop
endfacet
facet normal -0.9848077526946383 0.17364817946795785 -3.2720302862591735e-15
outer loop
vertex 71.39417177148421 -101.89548929880152 6
vertex 71.39417177148427 -101.89548929880115 8.5
vertex 71.74146813073679 -99.9258737916163 8.5
endloop
endfacet
facet normal -0.9848077526946383 0.17364817946795785 -3.2720302862591735e-15
outer loop
vertex 71.39417177148421 -101.89548929880152 6
vertex 71.74146813073679 -99.9258737916163 8.5
vertex 71.74146813073672 -99.92587379161667 6
endloop
endfacet
facet normal -0.9848077526946383 0.17364817946795785 -3.2720302862591735e-15
outer loop
vertex 71.39417177148421 -101.89548929880152 6
vertex 71.74146813073672 -99.92587379161667 6
vertex 71.74146813073605 -99.92587379161611 0
endloop
endfacet
facet normal -0.9848077526946383 0.17364817946795785 -3.2720302862591735e-15
outer loop
vertex 71.39417177148421 -101.89548929880152 6
vertex 71.74146813073605 -99.92587379161611 0
vertex 71.64359494580644 -100.48094019999952 0
endloop
endfacet
facet normal -0.9848077526946383 0.17364817946795785 -3.2720302862591735e-15
outer loop
vertex 71.39417177148421 -101.89548929880152 6
vertex 71.64359494580644 -100.48094019999952 0
vertex 71.46128619375662 -101.51486449999982 0
endloop
endfacet
facet normal -0.9848077526946383 0.17364817946795785 -3.2720302862591735e-15
outer loop
vertex 71.39417177148421 -101.89548929880152 6
vertex 71.46128619375662 -101.51486449999982 0
vertex 71.45789812022878 -101.5340792195963 0
endloop
endfacet
facet normal -0.9848077526946383 0.17364817946795785 -3.2720302862591735e-15
outer loop
vertex 71.39417177148421 -101.89548929880152 6
vertex 71.45789812022878 -101.5340792195963 0
vertex 71.44786410141141 -101.59098496748436 0
endloop
endfacet
facet normal -0.9848077526946383 0.17364817946795785 -3.2720302862591735e-15
outer loop
vertex 71.39417177148421 -101.89548929880152 6
vertex 71.44786410141141 -101.59098496748436 0
vertex 71.43156973901723 -101.68339488770451 0
endloop
endfacet
facet normal -0.9848077526946383 0.17364817946795785 -3.2720302862591735e-15
outer loop
vertex 71.39417177148421 -101.89548929880152 6
vertex 71.43156973901723 -101.68339488770451 0
vertex 71.40964121626016 -101.80775771881781 0
endloop
endfacet
facet normal -0.9848077526946383 0.17364817946795785 -3.2720302862591735e-15
outer loop
vertex 71.39417177148421 -101.89548929880152 6
vertex 71.40964121626016 -101.80775771881781 0
vertex 71.39417177148351 -101.89548929880098 0
endloop
endfacet
facet normal -0.9848077526946378 0.1736481794679606 0
outer loop
vertex 71.74146813073679 -99.9258737916163 8.5
vertex 73.47794992096877 -90.0777962898937 8.5
vertex 73.47794992096878 -90.07779628989368 6
endloop
endfacet
facet normal -0.9848077526946378 0.1736481794679606 0
outer loop
vertex 71.74146813073679 -99.9258737916163 8.5
vertex 73.47794992096878 -90.07779628989368 6
vertex 71.74146813073672 -99.92587379161667 6
endloop
endfacet
facet normal -0.9848077526946403 0.17364817946794675 -4.610908338387921e-15
outer loop
vertex 73.47794992096878 -90.07779628989368 6
vertex 73.47794992096877 -90.0777962898937 8.5
vertex 77.87666383611527 -65.1314503000028 8.5
endloop
endfacet
facet normal -0.9848077526946403 0.17364817946794675 -4.610908338387921e-15
outer loop
vertex 73.47794992096878 -90.07779628989368 6
vertex 77.87666383611527 -65.1314503000028 8.5
vertex 77.93595771582325 -64.79517800159647 8.5
endloop
endfacet
facet normal -0.9848077526946403 0.17364817946794675 -4.610908338387921e-15
outer loop
vertex 73.47794992096878 -90.07779628989368 6
vertex 77.93595771582325 -64.79517800159647 8.5
vertex 77.99159978497576 -64.47961614978063 8.5
endloop
endfacet
facet normal -0.9848077526946403 0.17364817946794675 -4.610908338387921e-15
outer loop
vertex 73.47794992096878 -90.07779628989368 6
vertex 77.99159978497576 -64.47961614978063 8.5
vertex 78.04190426169679 -64.19432528855819 8.5
endloop
endfacet
facet normal -0.9848077526946403 0.17364817946794675 -4.610908338387921e-15
outer loop
vertex 73.47794992096878 -90.07779628989368 6
vertex 78.04190426169679 -64.19432528855819 8.5
vertex 78.08534705267043 -63.9479489805508 8.5
endloop
endfacet
facet normal -0.9848077526946403 0.17364817946794675 -4.610908338387921e-15
outer loop
vertex 73.47794992096878 -90.07779628989368 6
vertex 78.08534705267043 -63.9479489805508 8.5
vertex 78.12061195561007 -63.74795177977737 8.5
endloop
endfacet
facet normal -0.9848077526946403 0.17364817946794675 -4.610908338387921e-15
outer loop
vertex 73.47794992096878 -90.07779628989368 6
vertex 78.12061195561007 -63.74795177977737 8.5
vertex 78.14663053672035 -63.60039307533241 8.5
endloop
endfacet
facet normal -0.9848077526946403 0.17364817946794675 -4.610908338387921e-15
outer loop
vertex 73.47794992096878 -90.07779628989368 6
vertex 78.14663053672035 -63.60039307533241 8.5
vertex 78.1626145014392 -63.50974350778648 8.5
endloop
endfacet
facet normal -0.9848077526946403 0.17364817946794675 -4.610908338387921e-15
outer loop
vertex 73.47794992096878 -90.07779628989368 6
vertex 78.1626145014392 -63.50974350778648 8.5
vertex 78.16807957768168 -63.47874952058111 8.5
endloop
endfacet
facet normal -0.9848077526946403 0.17364817946794675 -4.610908338387921e-15
outer loop
vertex 73.47794992096878 -90.07779628989368 6
vertex 78.16807957768168 -63.47874952058111 8.5
vertex 78.20349109999998 -63.277920800000025 8.5
endloop
endfacet
facet normal -0.9848077526946403 0.17364817946794675 -4.610908338387921e-15
outer loop
vertex 73.47794992096878 -90.07779628989368 6
vertex 78.20349109999998 -63.277920800000025 8.5
vertex 78.20349109999998 -63.277920800000025 0
endloop
endfacet
facet normal -0.9848077526946403 0.17364817946794675 -4.610908338387921e-15
outer loop
vertex 73.47794992096878 -90.07779628989368 6
vertex 78.20349109999998 -63.277920800000025 0
vertex 77.4013742253077 -67.8269516 0
endloop
endfacet
facet normal -0.9848077526946403 0.17364817946794675 -4.610908338387921e-15
outer loop
vertex 73.47794992096878 -90.07779628989368 6
vertex 77.4013742253077 -67.8269516 0
vertex 77.19240984117603 -69.0120475 0
endloop
endfacet
facet normal -0.9848077526946403 0.17364817946794675 -4.610908338387921e-15
outer loop
vertex 73.47794992096878 -90.07779628989368 6
vertex 77.19240984117603 -69.0120475 0
vertex 77.18709470393608 -69.04219114087532 0
endloop
endfacet
facet normal -0.9848077526946403 0.17364817946794675 -4.610908338387921e-15
outer loop
vertex 73.47794992096878 -90.07779628989368 6
vertex 77.18709470393608 -69.04219114087532 0
vertex 76.48721694652286 -73.01139510000041 0
endloop
endfacet
facet normal -0.9848077526946403 0.17364817946794675 -4.610908338387921e-15
outer loop
vertex 73.47794992096878 -90.07779628989368 6
vertex 76.48721694652286 -73.01139510000041 0
vertex 76.43478631730181 -73.30874397111299 0
endloop
endfacet
facet normal -0.9848077526946403 0.17364817946794675 -4.610908338387921e-15
outer loop
vertex 73.47794992096878 -90.07779628989368 6
vertex 76.43478631730181 -73.30874397111299 0
vertex 76.38616281010164 -73.58450158055439 0
endloop
endfacet
facet normal -0.9848077526946403 0.17364817946794675 -4.610908338387921e-15
outer loop
vertex 73.47794992096878 -90.07779628989368 6
vertex 76.38616281010164 -73.58450158055439 0
vertex 76.3425756727915 -73.83169651730707 0
endloop
endfacet
facet normal -0.9848077526946403 0.17364817946794675 -4.610908338387921e-15
outer loop
vertex 73.47794992096878 -90.07779628989368 6
vertex 76.3425756727915 -73.83169651730707 0
vertex 76.30512642602451 -74.0440817473837 0
endloop
endfacet
facet normal -0.9848077526946403 0.17364817946794675 -4.610908338387921e-15
outer loop
vertex 73.47794992096878 -90.07779628989368 6
vertex 76.30512642602451 -74.0440817473837 0
vertex 76.27476147558245 -74.21628993693776 0
endloop
endfacet
facet normal -0.9848077526946403 0.17364817946794675 -4.610908338387921e-15
outer loop
vertex 73.47794992096878 -90.07779628989368 6
vertex 76.27476147558245 -74.21628993693776 0
vertex 76.25224819510137 -74.34396909386463 0
endloop
endfacet
facet normal -0.9848077526946403 0.17364817946794675 -4.610908338387921e-15
outer loop
vertex 73.47794992096878 -90.07779628989368 6
vertex 76.25224819510137 -74.34396909386463 0
vertex 76.23815553324253 -74.42389254999998 0
endloop
endfacet
facet normal -0.9848077526946403 0.17364817946794675 -4.610908338387921e-15
outer loop
vertex 73.47794992096878 -90.07779628989368 6
vertex 76.23815553324253 -74.42389254999998 0
vertex 75.0784591666144 -81.00085739999982 0
endloop
endfacet
facet normal -0.9848077526946403 0.17364817946794675 -4.610908338387921e-15
outer loop
vertex 73.47794992096878 -90.07779628989368 6
vertex 75.0784591666144 -81.00085739999982 0
vertex 75.02602785853438 -81.29821012111279 0
endloop
endfacet
facet normal -0.9848077526946403 0.17364817946794675 -4.610908338387921e-15
outer loop
vertex 73.47794992096878 -90.07779628989368 6
vertex 75.02602785853438 -81.29821012111279 0
vertex 74.9774043513342 -81.57396773055427 0
endloop
endfacet
facet normal -0.9848077526946403 0.17364817946794675 -4.610908338387921e-15
outer loop
vertex 73.47794992096878 -90.07779628989368 6
vertex 74.9774043513342 -81.57396773055427 0
vertex 74.933817214024 -81.82116266730722 0
endloop
endfacet
facet normal -0.9848077526946403 0.17364817946794675 -4.610908338387921e-15
outer loop
vertex 73.47794992096878 -90.07779628989368 6
vertex 74.933817214024 -81.82116266730722 0
vertex 74.89636796725705 -82.03354789738371 0
endloop
endfacet
facet normal -0.9848077526946403 0.17364817946794675 -4.610908338387921e-15
outer loop
vertex 73.47794992096878 -90.07779628989368 6
vertex 74.89636796725705 -82.03354789738371 0
vertex 74.866003016815 -82.20575608693773 0
endloop
endfacet
facet normal -0.9848077526946403 0.17364817946794675 -4.610908338387921e-15
outer loop
vertex 73.47794992096878 -90.07779628989368 6
vertex 74.866003016815 -82.20575608693773 0
vertex 74.84348973633391 -82.33343524386461 0
endloop
endfacet
facet normal -0.9848077526946403 0.17364817946794675 -4.610908338387921e-15
outer loop
vertex 73.47794992096878 -90.07779628989368 6
vertex 74.84348973633391 -82.33343524386461 0
vertex 74.82939707447505 -82.41335870000003 0
endloop
endfacet
facet normal -0.9848077526946403 0.17364817946794675 -4.610908338387921e-15
outer loop
vertex 73.47794992096878 -90.07779628989368 6
vertex 74.82939707447505 -82.41335870000003 0
vertex 73.77116725006024 -88.4148781999996 0
endloop
endfacet
facet normal -0.9848077526946403 0.17364817946794675 -4.610908338387921e-15
outer loop
vertex 73.47794992096878 -90.07779628989368 6
vertex 73.77116725006024 -88.4148781999996 0
vertex 73.76777917653231 -88.43409291959661 0
endloop
endfacet
facet normal -0.9848077526946403 0.17364817946794675 -4.610908338387921e-15
outer loop
vertex 73.47794992096878 -90.07779628989368 6
vertex 73.76777917653231 -88.43409291959661 0
vertex 73.75774515771649 -88.49099866747595 0
endloop
endfacet
facet normal -0.9848077526946403 0.17364817946794675 -4.610908338387921e-15
outer loop
vertex 73.47794992096878 -90.07779628989368 6
vertex 73.75774515771649 -88.49099866747595 0
vertex 73.74145079532055 -88.58340858770606 0
endloop
endfacet
facet normal -0.9848077526946403 0.17364817946794675 -4.610908338387921e-15
outer loop
vertex 73.47794992096878 -90.07779628989368 6
vertex 73.74145079532055 -88.58340858770606 0
vertex 73.71952227256394 -88.70777141881673 0
endloop
endfacet
facet normal -0.9848077526946403 0.17364817946794675 -4.610908338387921e-15
outer loop
vertex 73.47794992096878 -90.07779628989368 6
vertex 73.71952227256394 -88.70777141881673 0
vertex 73.69280229027251 -88.85930796698602 0
endloop
endfacet
facet normal -0.9848077526946403 0.17364817946794675 -4.610908338387921e-15
outer loop
vertex 73.47794992096878 -90.07779628989368 6
vertex 73.69280229027251 -88.85930796698602 0
vertex 73.66231768238343 -89.03219476763668 0
endloop
endfacet
facet normal -0.9848077526946403 0.17364817946794675 -4.610908338387921e-15
outer loop
vertex 73.47794992096878 -90.07779628989368 6
vertex 73.66231768238343 -89.03219476763668 0
vertex 73.6292399552832 -89.21978787796832 0
endloop
endfacet
facet normal -0.9848077526946403 0.17364817946794675 -4.610908338387921e-15
outer loop
vertex 73.47794992096878 -90.07779628989368 6
vertex 73.6292399552832 -89.21978787796832 0
vertex 73.59484026746418 -89.4148782000105 0
endloop
endfacet
facet normal -0.9848077526946403 0.17364817946794675 -4.610908338387921e-15
outer loop
vertex 73.47794992096878 -90.07779628989368 6
vertex 73.59484026746418 -89.4148782000105 0
vertex 73.56044057965163 -89.60996852201609 0
endloop
endfacet
facet normal -0.9848077526946403 0.17364817946794675 -4.610908338387921e-15
outer loop
vertex 73.47794992096878 -90.07779628989368 6
vertex 73.56044057965163 -89.60996852201609 0
vertex 73.52736285254517 -89.79756163238306 0
endloop
endfacet
facet normal -0.9848077526946403 0.17364817946794675 -4.610908338387921e-15
outer loop
vertex 73.47794992096878 -90.07779628989368 6
vertex 73.52736285254517 -89.79756163238306 0
vertex 73.49687824465862 -89.97044843301934 0
endloop
endfacet
facet normal -0.9848077526946403 0.17364817946794675 -4.610908338387921e-15
outer loop
vertex 73.47794992096878 -90.07779628989368 6
vertex 73.49687824465862 -89.97044843301934 0
vertex 73.47794992096804 -90.07779628989356 0
endloop
endfacet
facet normal 0 0 1
outer loop
vertex 74.5421097999995 -102.4505556999995 1
vertex 73.80041092272721 -102.31977417798377 1
vertex 72.96986573179494 -102.173326653926 1
endloop
endfacet
facet normal 0 0 1
outer loop
vertex 74.5421097999995 -102.4505556999995 1
vertex 72.96986573179494 -102.173326653926 1
vertex 72.9698657317949 -102.17332665392597 0
endloop
endfacet
facet normal 0 0 1
outer loop
vertex 74.5421097999995 -102.4505556999995 1
vertex 72.9698657317949 -102.17332665392597 0
vertex 73.80041092272668 -102.31977417798367 0
endloop
endfacet
facet normal 0 0 1
outer loop
vertex 74.5421097999995 -102.4505556999995 1
vertex 73.80041092272668 -102.31977417798367 0
vertex 74.54210979999951 -102.45055569999948 0
endloop
endfacet
facet normal -0.17364817559553733 -0.9848077533774506 -7.952108588243466e-14
outer loop
vertex 72.96986573179494 -102.173326653926 1
vertex 72.96986573179483 -102.17332665392638 6
vertex 71.39417177148421 -101.89548929880152 6
endloop
endfacet
facet normal -0.17364817559553733 -0.9848077533774506 -7.952108588243466e-14
outer loop
vertex 72.96986573179494 -102.173326653926 1
vertex 71.39417177148421 -101.89548929880152 6
vertex 71.39417177148351 -101.89548929880098 0
endloop
endfacet
facet normal -0.17364817559553733 -0.9848077533774506 -7.952108588243466e-14
outer loop
vertex 72.96986573179494 -102.173326653926 1
vertex 71.39417177148351 -101.89548929880098 0
vertex 71.75602773188986 -101.95929426696604 0
endloop
endfacet
facet normal -0.17364817559553733 -0.9848077533774506 -7.952108588243466e-14
outer loop
vertex 72.96986573179494 -102.173326653926 1
vertex 71.75602773188986 -101.95929426696604 0
vertex 72.73651751339621 -102.13218106762811 0
endloop
endfacet
facet normal -0.17364817559553733 -0.9848077533774506 -7.952108588243466e-14
outer loop
vertex 72.96986573179494 -102.173326653926 1
vertex 72.73651751339621 -102.13218106762811 0
vertex 72.9698657317949 -102.17332665392597 0
endloop
endfacet
facet normal 0.1736481755955417 0.9848077533774497 9.911504696139624e-14
outer loop
vertex 70.35228269975732 -107.80433578615416 6
vertex 71.92797691052591 -108.08217318544152 6
vertex 71.92797691052603 -108.08217318544104 1
endloop
endfacet
facet normal 0.1736481755955417 0.9848077533774497 9.911504696139624e-14
outer loop
vertex 70.35228269975732 -107.80433578615416 6
vertex 71.92797691052603 -108.08217318544104 1
vertex 71.92797691052601 -108.08217318544105 0
endloop
endfacet
facet normal 0.1736481755955417 0.9848077533774497 9.911504696139624e-14
outer loop
vertex 70.35228269975732 -107.80433578615416 6
vertex 71.92797691052601 -108.08217318544105 0
vertex 70.35228269975664 -107.80433578615357 0
endloop
endfacet
facet normal 0.17364817559553083 0.9848077533774517 0
outer loop
vertex 71.92797691052603 -108.08217318544104 1
vertex 73.5002207999995 -108.35940219999942 1
vertex 73.50022079999945 -108.35940219999944 0
endloop
endfacet
facet normal 0.17364817559553083 0.9848077533774517 0
outer loop
vertex 71.92797691052603 -108.08217318544104 1
vertex 73.50022079999945 -108.35940219999944 0
vertex 71.92797691052601 -108.08217318544105 0
endloop
endfacet
endsolid csg.js
