solid csg.js
facet normal 0 0 -1
outer loop
vertex 80.51595554999999 -61.654820400000006 0
vertex 115.98758549999998 -67.8269516 0
vertex 77.40137422530856 -67.8269516 0
endloop
endfacet
facet normal 0 0 -1
outer loop
vertex 80.51595554999999 -61.654820400000006 0
vertex 77.40137422530856 -67.8269516 0
vertex 78.20349109999998 -63.277920800000025 0
endloop
endfacet
facet normal 0 0 -1
outer loop
vertex 80.51595554999999 -61.654820400000006 0
vertex 78.20349109999998 -63.277920800000025 0
vertex 78.29355397540584 -62.94164825159785 0
endloop
endfacet
facet normal 0 0 -1
outer loop
vertex 80.51595554999999 -61.654820400000006 0
vertex 78.29355397540584 -62.94164825159785 0
vertex 78.44055804152573 -62.62608639978138 0
endloop
endfacet
facet normal 0 0 -1
outer loop
vertex 80.51595554999999 -61.654820400000006 0
vertex 78.44055804152573 -62.62608639978138 0
vertex 78.64005391185857 -62.34079553855778 0
endloop
endfacet
facet normal 0 0 -1
outer loop
vertex 80.51595554999999 -61.654820400000006 0
vertex 78.64005391185857 -62.34079553855778 0
vertex 78.88599738631832 -62.09441923054849 0
endloop
endfacet
facet normal 0 0 -1
outer loop
vertex 80.51595554999999 -61.654820400000006 0
vertex 78.88599738631832 -62.09441923054849 0
vertex 79.17093702459667 -61.89442202977978 0
endloop
endfacet
facet normal 0 0 -1
outer loop
vertex 80.51595554999999 -61.654820400000006 0
vertex 79.17093702459667 -61.89442202977978 0
vertex 79.48623990520375 -61.746863325330956 0
endloop
endfacet
facet normal 0 0 -1
outer loop
vertex 80.51595554999999 -61.654820400000006 0
vertex 79.48623990520375 -61.746863325330956 0
vertex 79.82235318027834 -61.65621375778569 0
endloop
endfacet
facet normal 0 0 -1
outer loop
vertex 80.51595554999999 -61.654820400000006 0
vertex 79.82235318027834 -61.65621375778569 0
vertex 80.16909350175082 -61.62521977058174 0
endloop
endfacet
facet normal 0 0 -1
outer loop
vertex 124.7090990411601 -67.8269516 0
vertex 115.98758549999998 -67.8269516 0
vertex 117.24488249999997 -66.5108088 0
endloop
endfacet
facet normal 0 0 -1
outer loop
vertex 137.01550624999996 -65.1609283 0
vertex 154.38091883224737 -68.22292374999981 0
vertex 133.39185585000016 -68.22292374999981 0
endloop
endfacet
facet normal 0 0 -1
outer loop
vertex 137.01550624999996 -65.1609283 0
vertex 133.39185585000016 -68.22292374999981 0
vertex 135.0537625000001 -65.9500665999999 0
endloop
endfacet
facet normal 0 0 -1
outer loop
vertex 137.01550624999996 -65.1609283 0
vertex 135.0537625000001 -65.9500665999999 0
vertex 135.26123342371167 -65.70914577067369 0
endloop
endfacet
facet normal 0 0 -1
outer loop
vertex 137.01550624999996 -65.1609283 0
vertex 135.26123342371167 -65.70914577067369 0
vertex 135.5042574482521 -65.50414426628643 0
endloop
endfacet
facet normal 0 0 -1
outer loop
vertex 137.01550624999996 -65.1609283 0
vertex 135.5042574482521 -65.50414426628643 0
vertex 135.77669672416494 -65.3402444973884 0
endloop
endfacet
facet normal 0 0 -1
outer loop
vertex 137.01550624999996 -65.1609283 0
vertex 135.77669672416494 -65.3402444973884 0
vertex 136.07166628231244 -65.22158846900722 0
endloop
endfacet
facet normal 0 0 -1
outer loop
vertex 137.01550624999996 -65.1609283 0
vertex 136.07166628231244 -65.22158846900722 0
vertex 136.38171177787663 -65.15117480566485 0
endloop
endfacet
facet normal 0 0 -1
outer loop
vertex 137.01550624999996 -65.1609283 0
vertex 136.38171177787663 -65.15117480566485 0
vertex 136.69899787338167 -65.13078297141764 0
endloop
endfacet
facet normal 0 0 -1
outer loop
vertex 154.38091883224737 -68.22292374999981 0
vertex 155.7472383812094 -68.46384311902415 0
vertex 133.1843869253224 -68.46384311902415 0
endloop
endfacet
facet normal 0 0 -1
outer loop
vertex 154.38091883224737 -68.22292374999981 0
vertex 133.1843869253224 -68.46384311902415 0
vertex 133.39185585000016 -68.22292374999981 0
endloop
endfacet
facet normal 0 0 -1
outer loop
vertex 155.7472383812094 -68.46384311902415 0
vertex 156.90983950440008 -68.668841378208 0
vertex 132.9413618014988 -68.668841378208 0
endloop
endfacet
facet normal 0 0 -1
outer loop
vertex 155.7472383812094 -68.46384311902415 0
vertex 132.9413618014988 -68.668841378208 0
vertex 133.1843869253224 -68.46384311902415 0
endloop
endfacet
facet normal 0 0 -1
outer loop
vertex 156.90983950440008 -68.668841378208 0
vertex 157.83934167370938 -68.83273793981898 0
vertex 132.66892205739043 -68.83273793981898 0
endloop
endfacet
facet normal 0 0 -1
outer loop
vertex 156.90983950440008 -68.668841378208 0
vertex 132.66892205739043 -68.83273793981898 0
vertex 132.9413618014988 -68.668841378208 0
endloop
endfacet
facet normal 0 0 -1
outer loop
vertex 157.83934167370938 -68.83273793981898 0
vertex 158.19081690000002 -68.89471260000002 0
vertex 158.40905200548613 -68.95139091250749 0
endloop
endfacet
facet normal 0 0 -1
outer loop
vertex 157.83934167370938 -68.83273793981898 0
vertex 158.40905200548613 -68.95139091250749 0
vertex 132.37395261973583 -68.95139091250749 0
endloop
endfacet
facet normal 0 0 -1
outer loop
vertex 157.83934167370938 -68.83273793981898 0
vertex 132.37395261973583 -68.95139091250749 0
vertex 132.66892205739043 -68.83273793981898 0
endloop
endfacet
facet normal 0 0 -1
outer loop
vertex 115.98758549999998 -67.8269516 0
vertex 124.7090990411601 -67.8269516 0
vertex 131.43011169999997 -69.01204750000001 0
endloop
endfacet
facet normal 0 0 -1
outer loop
vertex 115.98758549999998 -67.8269516 0
vertex 131.43011169999997 -69.01204750000001 0
vertex 77.19240984117684 -69.01204750000001 0
endloop
endfacet
facet normal 0 0 -1
outer loop
vertex 115.98758549999998 -67.8269516 0
vertex 77.19240984117684 -69.01204750000001 0
vertex 77.40137422530856 -67.8269516 0
endloop
endfacet
facet normal 0 0 -1
outer loop
vertex 158.40905200548613 -68.95139091250749 0
vertex 158.49855048279815 -68.97463475613537 0
vertex 158.6061170696993 -69.02180177259213 0
endloop
endfacet
facet normal 0 0 -1
outer loop
vertex 158.40905200548613 -68.95139091250749 0
vertex 158.6061170696993 -69.02180177259213 0
vertex 132.06390777159325 -69.02180177259213 0
endloop
endfacet
facet normal 0 0 -1
outer loop
vertex 158.40905200548613 -68.95139091250749 0
vertex 132.06390777159325 -69.02180177259213 0
vertex 132.37395261973583 -68.95139091250749 0
endloop
endfacet
facet normal 0 0 -1
outer loop
vertex 131.43011169999997 -69.01204750000001 0
vertex 131.7466227723592 -69.04219114087532 0
vertex 77.18709470393689 -69.04219114087532 0
endloop
endfacet
facet normal 0 0 -1
outer loop
vertex 131.43011169999997 -69.01204750000001 0
vertex 77.18709470393689 -69.04219114087532 0
vertex 77.19240984117684 -69.01204750000001 0
endloop
endfacet
facet normal 0 0 -1
outer loop
vertex 158.6061170696993 -69.02180177259213 0
vertex 158.65261597762378 -69.04219114087532 0
vertex 131.7466227723592 -69.04219114087532 0
endloop
endfacet
facet normal 0 0 -1
outer loop
vertex 158.6061170696993 -69.02180177259213 0
vertex 131.7466227723592 -69.04219114087532 0
vertex 132.06390777159325 -69.02180177259213 0
endloop
endfacet
facet normal 0 0 -1
outer loop
vertex 131.7466227723592 -69.04219114087532 0
vertex 158.65261597762378 -69.04219114087532 0
vertex 158.78972877137264 -69.10231391306225 0
endloop
endfacet
facet normal 0 0 -1
outer loop
vertex 131.7466227723592 -69.04219114087532 0
vertex 158.78972877137264 -69.10231391306225 0
vertex 159.05699474807224 -69.27452210261622 0
endloop
endfacet
facet normal 0 0 -1
outer loop
vertex 131.7466227723592 -69.04219114087532 0
vertex 159.05699474807224 -69.27452210261622 0
vertex 159.29359414979606 -69.48690733269291 0
endloop
endfacet
facet normal 0 0 -1
outer loop
vertex 131.7466227723592 -69.04219114087532 0
vertex 159.29359414979606 -69.48690733269291 0
vertex 159.49354770964058 -69.73410226944557 0
endloop
endfacet
facet normal 0 0 -1
outer loop
vertex 131.7466227723592 -69.04219114087532 0
vertex 159.49354770964058 -69.73410226944557 0
vertex 159.65180226308487 -70.00985987888737 0
endloop
endfacet
facet normal 0 0 -1
outer loop
vertex 131.7466227723592 -69.04219114087532 0
vertex 159.65180226308487 -70.00985987888737 0
vertex 159.7643584500001 -70.30721130000016 0
endloop
endfacet
facet normal 0 0 -1
outer loop
vertex 131.7466227723592 -69.04219114087532 0
vertex 159.7643584500001 -70.30721130000016 0
vertex 160.5486757000002 -73.01139510000057 0
endloop
endfacet
facet normal 0 0 -1
outer loop
vertex 131.7466227723592 -69.04219114087532 0
vertex 160.5486757000002 -73.01139510000057 0
vertex 76.48721694652355 -73.01139510000057 0
endloop
endfacet
facet normal 0 0 -1
outer loop
vertex 131.7466227723592 -69.04219114087532 0
vertex 76.48721694652355 -73.01139510000057 0
vertex 77.18709470393689 -69.04219114087532 0
endloop
endfacet
facet normal 0 0 -1
outer loop
vertex 160.5486757000002 -73.01139510000057 0
vertex 160.66123403691526 -73.3087439711129 0
vertex 76.43478631730252 -73.3087439711129 0
endloop
endfacet
facet normal 0 0 -1
outer loop
vertex 160.5486757000002 -73.01139510000057 0
vertex 76.43478631730252 -73.3087439711129 0
vertex 76.48721694652355 -73.01139510000057 0
endloop
endfacet
facet normal 0 0 -1
outer loop
vertex 160.66123403691526 -73.3087439711129 0
vertex 160.81948859035936 -73.58450158055433 0
vertex 76.38616281010233 -73.58450158055433 0
endloop
endfacet
facet normal 0 0 -1
outer loop
vertex 160.66123403691526 -73.3087439711129 0
vertex 76.38616281010233 -73.58450158055433 0
vertex 76.43478631730252 -73.3087439711129 0
endloop
endfacet
facet normal 0 0 -1
outer loop
vertex 160.81948859035936 -73.58450158055433 0
vertex 161.01944215020401 -73.83169651730718 0
vertex 76.34257567279215 -73.83169651730718 0
endloop
endfacet
facet normal 0 0 -1
outer loop
vertex 160.81948859035936 -73.58450158055433 0
vertex 76.34257567279215 -73.83169651730718 0
vertex 76.38616281010233 -73.58450158055433 0
endloop
endfacet
facet normal 0 0 -1
outer loop
vertex 161.01944215020401 -73.83169651730718 0
vertex 161.2560415519276 -74.0440817473837 0
vertex 76.3051264260252 -74.0440817473837 0
endloop
endfacet
facet normal 0 0 -1
outer loop
vertex 161.01944215020401 -73.83169651730718 0
vertex 76.3051264260252 -74.0440817473837 0
vertex 76.34257567279215 -73.83169651730718 0
endloop
endfacet
facet normal 0 0 -1
outer loop
vertex 161.2560415519276 -74.0440817473837 0
vertex 161.52330752862738 -74.21628993693777 0
vertex 76.27476147558312 -74.21628993693777 0
endloop
endfacet
facet normal 0 0 -1
outer loop
vertex 161.2560415519276 -74.0440817473837 0
vertex 76.27476147558312 -74.21628993693777 0
vertex 76.3051264260252 -74.0440817473837 0
endloop
endfacet
facet normal 0 0 -1
outer loop
vertex 161.52330752862738 -74.21628993693777 0
vertex 161.8144858172018 -74.34396909386463 0
vertex 76.25224819510204 -74.34396909386463 0
endloop
endfacet
facet normal 0 0 -1
outer loop
vertex 161.52330752862738 -74.21628993693777 0
vertex 76.25224819510204 -74.34396909386463 0
vertex 76.27476147558312 -74.21628993693777 0
endloop
endfacet
facet normal 0 0 -1
outer loop
vertex 161.8144858172018 -74.34396909386463 0
vertex 162.12221784999988 -74.42389254999998 0
vertex 76.2381555332432 -74.42389254999998 0
endloop
endfacet
facet normal 0 0 -1
outer loop
vertex 161.8144858172018 -74.34396909386463 0
vertex 76.2381555332432 -74.42389254999998 0
vertex 76.25224819510204 -74.34396909386463 0
endloop
endfacet
facet normal 0 0 -1
outer loop
vertex 162.12221784999988 -74.42389254999998 0
vertex 176.07516480000012 -76.88417500000003 0
vertex 176.38289943279815 -76.96409595613538 0
endloop
endfacet
facet normal 0 0 -1
outer loop
vertex 162.12221784999988 -74.42389254999998 0
vertex 176.38289943279815 -76.96409595613538 0
vertex 176.6740777213726 -77.09177511306224 0
endloop
endfacet
facet normal 0 0 -1
outer loop
vertex 162.12221784999988 -74.42389254999998 0
vertex 176.6740777213726 -77.09177511306224 0
vertex 176.94134369807236 -77.2639833026163 0
endloop
endfacet
facet normal 0 0 -1
outer loop
vertex 162.12221784999988 -74.42389254999998 0
vertex 176.94134369807236 -77.2639833026163 0
vertex 177.177943099796 -77.47636853269289 0
endloop
endfacet
facet normal 0 0 -1
outer loop
vertex 162.12221784999988 -74.42389254999998 0
vertex 177.177943099796 -77.47636853269289 0
vertex 177.37789665964058 -77.72356346944561 0
endloop
endfacet
facet normal 0 0 -1
outer loop
vertex 162.12221784999988 -74.42389254999998 0
vertex 177.37789665964058 -77.72356346944561 0
vertex 177.53615121308476 -77.99932107888718 0
endloop
endfacet
facet normal 0 0 -1
outer loop
vertex 162.12221784999988 -74.42389254999998 0
vertex 177.53615121308476 -77.99932107888718 0
vertex 177.64870740000003 -78.29667250000007 0
endloop
endfacet
facet normal 0 0 -1
outer loop
vertex 162.12221784999988 -74.42389254999998 0
vertex 177.64870740000003 -78.29667250000007 0
vertex 178.43302349999996 -81.00085739999987 0
endloop
endfacet
facet normal 0 0 -1
outer loop
vertex 162.12221784999988 -74.42389254999998 0
vertex 178.43302349999996 -81.00085739999987 0
vertex 75.07845916661486 -81.00085739999987 0
endloop
endfacet
facet normal 0 0 -1
outer loop
vertex 162.12221784999988 -74.42389254999998 0
vertex 75.07845916661486 -81.00085739999987 0
vertex 76.2381555332432 -74.42389254999998 0
endloop
endfacet
facet normal 0 0 -1
outer loop
vertex 178.43302349999996 -81.00085739999987 0
vertex 178.54558293691522 -81.2982101211128 0
vertex 75.02602785853486 -81.2982101211128 0
endloop
endfacet
facet normal 0 0 -1
outer loop
vertex 178.43302349999996 -81.00085739999987 0
vertex 75.02602785853486 -81.2982101211128 0
vertex 75.07845916661486 -81.00085739999987 0
endloop
endfacet
facet normal 0 0 -1
outer loop
vertex 178.54558293691522 -81.2982101211128 0
vertex 178.7038374903593 -81.57396773055419 0
vertex 74.97740435133467 -81.57396773055419 0
endloop
endfacet
facet normal 0 0 -1
outer loop
vertex 178.54558293691522 -81.2982101211128 0
vertex 74.97740435133467 -81.57396773055419 0
vertex 75.02602785853486 -81.2982101211128 0
endloop
endfacet
facet normal 0 0 -1
outer loop
vertex 178.7038374903593 -81.57396773055419 0
vertex 178.90379105020403 -81.82116266730714 0
vertex 74.93381721402447 -81.82116266730714 0
endloop
endfacet
facet normal 0 0 -1
outer loop
vertex 178.7038374903593 -81.57396773055419 0
vertex 74.93381721402447 -81.82116266730714 0
vertex 74.97740435133467 -81.57396773055419 0
endloop
endfacet
facet normal 0 0 -1
outer loop
vertex 178.90379105020403 -81.82116266730714 0
vertex 179.14039045192771 -82.03354789738374 0
vertex 74.8963679672575 -82.03354789738374 0
endloop
endfacet
facet normal 0 0 -1
outer loop
vertex 178.90379105020403 -81.82116266730714 0
vertex 74.8963679672575 -82.03354789738374 0
vertex 74.93381721402447 -81.82116266730714 0
endloop
endfacet
facet normal 0 0 -1
outer loop
vertex 179.14039045192771 -82.03354789738374 0
vertex 179.4076564286273 -82.2057560869377 0
vertex 74.86600301681544 -82.2057560869377 0
endloop
endfacet
facet normal 0 0 -1
outer loop
vertex 179.14039045192771 -82.03354789738374 0
vertex 74.86600301681544 -82.2057560869377 0
vertex 74.8963679672575 -82.03354789738374 0
endloop
endfacet
facet normal 0 0 -1
outer loop
vertex 179.4076564286273 -82.2057560869377 0
vertex 179.69883471720192 -82.33343524386463 0
vertex 74.84348973633435 -82.33343524386463 0
endloop
endfacet
facet normal 0 0 -1
outer loop
vertex 179.4076564286273 -82.2057560869377 0
vertex 74.84348973633435 -82.33343524386463 0
vertex 74.86600301681544 -82.2057560869377 0
endloop
endfacet
facet normal 0 0 -1
outer loop
vertex 179.69883471720192 -82.33343524386463 0
vertex 180.00656675000005 -82.4133587 0
vertex 74.82939707447551 -82.4133587 0
endloop
endfacet
facet normal 0 0 -1
outer loop
vertex 179.69883471720192 -82.33343524386463 0
vertex 74.82939707447551 -82.4133587 0
vertex 74.84348973633435 -82.33343524386463 0
endloop
endfacet
facet normal 0 0 -1
outer loop
vertex 180.00656675000005 -82.4133587 0
vertex 193.21649070000012 -84.74262240000003 0
vertex 193.5532328633772 -84.8328561744138 0
endloop
endfacet
facet normal 0 0 -1
outer loop
vertex 180.00656675000005 -82.4133587 0
vertex 193.5532328633772 -84.8328561744138 0
vertex 193.86919133752465 -84.9801898474584 0
endloop
endfacet
facet normal 0 0 -1
outer loop
vertex 180.00656675000005 -82.4133587 0
vertex 193.86919133752465 -84.9801898474584 0
vertex 194.15476561365446 -85.18015059713511 0
endloop
endfacet
facet normal 0 0 -1
outer loop
vertex 180.00656675000005 -82.4133587 0
vertex 194.15476561365446 -85.18015059713511 0
vertex 194.4012787338091 -85.42666276760542 0
endloop
endfacet
facet normal 0 0 -1
outer loop
vertex 180.00656675000005 -82.4133587 0
vertex 194.4012787338091 -85.42666276760542 0
vertex 194.6012405836526 -85.71223627338877 0
endloop
endfacet
facet normal 0 0 -1
outer loop
vertex 180.00656675000005 -82.4133587 0
vertex 194.6012405836526 -85.71223627338877 0
vertex 194.74857547391906 -86.0281941799346 0
endloop
endfacet
facet normal 0 0 -1
outer loop
vertex 180.00656675000005 -82.4133587 0
vertex 194.74857547391906 -86.0281941799346 0
vertex 194.83880674562488 -86.36493634569992 0
endloop
endfacet
facet normal 0 0 -1
outer loop
vertex 180.00656675000005 -82.4133587 0
vertex 194.83880674562488 -86.36493634569992 0
vertex 194.86919278996163 -86.71223111517965 0
endloop
endfacet
facet normal 0 0 -1
outer loop
vertex 180.00656675000005 -82.4133587 0
vertex 194.86919278996163 -86.71223111517965 0
vertex 194.83881035 -87.0595262 0
endloop
endfacet
facet normal 0 0 -1
outer loop
vertex 180.00656675000005 -82.4133587 0
vertex 194.83881035 -87.0595262 0
vertex 194.8133704 -87.2038086 0
endloop
endfacet
facet normal 0 0 -1
outer loop
vertex 180.00656675000005 -82.4133587 0
vertex 194.8133704 -87.2038086 0
vertex 73.98471149834 -87.2038086 0
endloop
endfacet
facet normal 0 0 -1
outer loop
vertex 180.00656675000005 -82.4133587 0
vertex 73.98471149834 -87.2038086 0
vertex 74.82939707447551 -82.4133587 0
endloop
endfacet
facet normal 0 0 -1
outer loop
vertex 194.8133704 -87.2038086 0
vertex 214.26050260658164 -90.63286269999934 0
vertex 76.62588799999982 -90.63286269999934 0
endloop
endfacet
facet normal 0 0 -1
outer loop
vertex 194.8133704 -87.2038086 0
vertex 76.62588799999982 -90.63286269999934 0
vertex 75.05364338036317 -90.35563355669349 0
endloop
endfacet
facet normal 0 0 -1
outer loop
vertex 194.8133704 -87.2038086 0
vertex 75.05364338036317 -90.35563355669349 0
vertex 73.47794992096833 -90.0777962898936 0
endloop
endfacet
facet normal 0 0 -1
outer loop
vertex 194.8133704 -87.2038086 0
vertex 73.47794992096833 -90.0777962898936 0
vertex 73.98471149834 -87.2038086 0
endloop
endfacet
facet normal 0 0 -1
outer loop
vertex 73.31716200756182 -100.20371113202033 0
vertex 74.88940619999971 -100.48094019999951 0
vertex 71.64359494580665 -100.48094019999951 0
endloop
endfacet
facet normal 0 0 -1
outer loop
vertex 73.31716200756182 -100.20371113202033 0
vertex 71.64359494580665 -100.48094019999951 0
vertex 71.74146813073627 -99.92587379161614 0
endloop
endfacet
facet normal 0 0 -1
outer loop
vertex 214.26050260658164 -90.63286269999934 0
vertex 258.28767690000006 -98.39604140000002 0
vertex 258.6674785346416 -98.49426351469951 0
endloop
endfacet
facet normal 0 0 -1
outer loop
vertex 214.26050260658164 -90.63286269999934 0
vertex 258.6674785346416 -98.49426351469951 0
vertex 259.0272372098825 -98.6506908819033 0
endloop
endfacet
facet normal 0 0 -1
outer loop
vertex 214.26050260658164 -90.63286269999934 0
vertex 259.0272372098825 -98.6506908819033 0
vertex 259.35809601838616 -98.86147103859898 0
endloop
endfacet
facet normal 0 0 -1
outer loop
vertex 214.26050260658164 -90.63286269999934 0
vertex 259.35809601838616 -98.86147103859898 0
vertex 259.651908113833 -99.12141387498835 0
endloop
endfacet
facet normal 0 0 -1
outer loop
vertex 214.26050260658164 -90.63286269999934 0
vertex 259.651908113833 -99.12141387498835 0
vertex 259.9014388634224 -99.42411873228461 0
endloop
endfacet
facet normal 0 0 -1
outer loop
vertex 214.26050260658164 -90.63286269999934 0
vertex 259.9014388634224 -99.42411873228461 0
vertex 260.1005439886378 -99.76213200825782 0
endloop
endfacet
facet normal 0 0 -1
outer loop
vertex 214.26050260658164 -90.63286269999934 0
vertex 260.1005439886378 -99.76213200825782 0
vertex 260.24432085785855 -100.12713068976029 0
endloop
endfacet
facet normal 0 0 -1
outer loop
vertex 214.26050260658164 -90.63286269999934 0
vertex 260.24432085785855 -100.12713068976029 0
vertex 260.3227585793207 -100.48094019999951 0
endloop
endfacet
facet normal 0 0 -1
outer loop
vertex 214.26050260658164 -90.63286269999934 0
vertex 260.3227585793207 -100.48094019999951 0
vertex 74.88940619999971 -100.48094019999951 0
endloop
endfacet
facet normal 0 0 -1
outer loop
vertex 214.26050260658164 -90.63286269999934 0
vertex 74.88940619999971 -100.48094019999951 0
vertex 76.62588799999982 -90.63286269999934 0
endloop
endfacet
facet normal 0 0 -1
outer loop
vertex 74.88940619999971 -100.48094019999951 0
vertex 260.3227585793207 -100.48094019999951 0
vertex 260.3292292054853 -100.51012729304063 0
endloop
endfacet
facet normal 0 0 -1
outer loop
vertex 74.88940619999971 -100.48094019999951 0
vertex 260.3292292054853 -100.51012729304063 0
vertex 260.35317830507677 -100.90169116554426 0
endloop
endfacet
facet normal 0 0 -1
outer loop
vertex 74.88940619999971 -100.48094019999951 0
vertex 260.35317830507677 -100.90169116554426 0
vertex 260.31557845000003 -101.2921807 0
endloop
endfacet
facet normal 0 0 -1
outer loop
vertex 74.88940619999971 -100.48094019999951 0
vertex 260.31557845000003 -101.2921807 0
vertex 260.1113256236529 -102.45055569999948 0
endloop
endfacet
facet normal 0 0 -1
outer loop
vertex 74.88940619999971 -100.48094019999951 0
vertex 260.1113256236529 -102.45055569999948 0
vertex 74.5421097999995 -102.45055569999948 0
endloop
endfacet
facet normal 0 0 -1
outer loop
vertex 74.88940619999971 -100.48094019999951 0
vertex 74.5421097999995 -102.45055569999948 0
vertex 72.96986573179524 -102.17332665392604 0
endloop
endfacet
facet normal 0 0 -1
outer loop
vertex 74.88940619999971 -100.48094019999951 0
vertex 72.96986573179524 -102.17332665392604 0
vertex 71.39417177148371 -101.89548929880102 0
endloop
endfacet
facet normal 0 0 -1
outer loop
vertex 74.88940619999971 -100.48094019999951 0
vertex 71.39417177148371 -101.89548929880102 0
vertex 71.64359494580665 -100.48094019999951 0
endloop
endfacet
facet normal 0 0 -1
outer loop
vertex 71.92797691052635 -108.0821731854411 0
vertex 73.50022079999944 -108.35940219999942 0
vertex 70.254409513864 -108.35940219999942 0
endloop
endfacet
facet normal 0 0 -1
outer loop
vertex 71.92797691052635 -108.0821731854411 0
vertex 70.254409513864 -108.35940219999942 0
vertex 70.3522826997568 -107.80433578615359 0
endloop
endfacet
facet normal 0 0 -1
outer loop
vertex 260.1113256236529 -102.45055569999948 0
vertex 259.069436254427 -108.35940219999942 0
vertex 73.50022079999944 -108.35940219999942 0
endloop
endfacet
facet normal 0 0 -1
outer loop
vertex 260.1113256236529 -102.45055569999948 0
vertex 73.50022079999944 -108.35940219999942 0
vertex 74.5421097999995 -102.45055569999948 0
endloop
endfacet
facet normal 0 0 -1
outer loop
vertex 73.50022079999944 -108.35940219999942 0
vertex 259.069436254427 -108.35940219999942 0
vertex 255.6849192295393 -127.55394642647242 0
endloop
endfacet
facet normal 0 0 -1
outer loop
vertex 73.50022079999944 -108.35940219999942 0
vertex 255.6849192295393 -127.55394642647242 0
vertex 133.13902567220245 -127.55394642647242 0
endloop
endfacet
facet normal 0 0 -1
outer loop
vertex 73.50022079999944 -108.35940219999942 0
vertex 133.13902567220245 -127.55394642647242 0
vertex 78.43225034515531 -127.55394642647242 0
endloop
endfacet
facet normal 0 0 -1
outer loop
vertex 73.50022079999944 -108.35940219999942 0
vertex 78.43225034515531 -127.55394642647242 0
vertex 69.18815639999991 -125.92396529999998 0
endloop
endfacet
facet normal 0 0 -1
outer loop
vertex 73.50022079999944 -108.35940219999942 0
vertex 69.18815639999991 -125.92396529999998 0
vertex 68.88431720143129 -125.845389307563 0
endloop
endfacet
facet normal 0 0 -1
outer loop
vertex 73.50022079999944 -108.35940219999942 0
vertex 68.88431720143129 -125.845389307563 0
vertex 68.59650941401736 -125.72024704525575 0
endloop
endfacet
facet normal 0 0 -1
outer loop
vertex 73.50022079999944 -108.35940219999942 0
vertex 68.59650941401736 -125.72024704525575 0
vertex 68.33182166621475 -125.55162230070583 0
endloop
endfacet
facet normal 0 0 -1
outer loop
vertex 73.50022079999944 -108.35940219999942 0
vertex 68.33182166621475 -125.55162230070583 0
vertex 68.09677149071395 -125.34366720144521 0
endloop
endfacet
facet normal 0 0 -1
outer loop
vertex 73.50022079999944 -108.35940219999942 0
vertex 68.09677149071395 -125.34366720144521 0
vertex 67.89714664012368 -125.10150232509385 0
endloop
endfacet
facet normal 0 0 -1
outer loop
vertex 73.50022079999944 -108.35940219999942 0
vertex 67.89714664012368 -125.10150232509385 0
vertex 67.73786257237667 -124.83109061293372 0
endloop
endfacet
facet normal 0 0 -1
outer loop
vertex 73.50022079999944 -108.35940219999942 0
vertex 67.73786257237667 -124.83109061293372 0
vertex 67.6228414150639 -124.53909054156071 0
endloop
endfacet
facet normal 0 0 -1
outer loop
vertex 73.50022079999944 -108.35940219999942 0
vertex 67.6228414150639 -124.53909054156071 0
vertex 67.55491538901596 -124.23269216803907 0
endloop
endfacet
facet normal 0 0 -1
outer loop
vertex 73.50022079999944 -108.35940219999942 0
vertex 67.55491538901596 -124.23269216803907 0
vertex 67.5357570691782 -123.91944008569573 0
endloop
endfacet
facet normal 0 0 -1
outer loop
vertex 73.50022079999944 -108.35940219999942 0
vertex 67.5357570691782 -123.91944008569573 0
vertex 67.56583820000002 -123.60704764999986 0
endloop
endfacet
facet normal 0 0 -1
outer loop
vertex 73.50022079999944 -108.35940219999942 0
vertex 67.56583820000002 -123.60704764999986 0
vertex 70.254409513864 -108.35940219999942 0
endloop
endfacet
facet normal 0 0 -1
outer loop
vertex 133.13902567220245 -127.55394642647242 0
vertex 132.82173633462588 -127.57433634957422 0
vertex 78.5478874906574 -127.57433634957422 0
endloop
endfacet
facet normal 0 0 -1
outer loop
vertex 133.13902567220245 -127.55394642647242 0
vertex 78.5478874906574 -127.57433634957422 0
vertex 78.43225034515531 -127.55394642647242 0
endloop
endfacet
facet normal 0 0 -1
outer loop
vertex 255.6849192295393 -127.55394642647242 0
vertex 255.6796024628269 -127.58409929999999 0
vertex 133.4555337999999 -127.58409929999999 0
endloop
endfacet
facet normal 0 0 -1
outer loop
vertex 255.6849192295393 -127.55394642647242 0
vertex 133.4555337999999 -127.58409929999999 0
vertex 133.13902567220245 -127.55394642647242 0
endloop
endfacet
facet normal 0 0 -1
outer loop
vertex 132.82173633462588 -127.57433634957422 0
vertex 132.51168744504108 -127.64474912377872 0
vertex 78.947218678678 -127.64474912377872 0
endloop
endfacet
facet normal 0 0 -1
outer loop
vertex 132.82173633462588 -127.57433634957422 0
vertex 78.947218678678 -127.64474912377872 0
vertex 78.5478874906574 -127.57433634957422 0
endloop
endfacet
facet normal 0 0 -1
outer loop
vertex 132.51168744504108 -127.64474912377872 0
vertex 132.216714580124 -127.76340527265559 0
vertex 79.62015198420768 -127.76340527265559 0
endloop
endfacet
facet normal 0 0 -1
outer loop
vertex 132.51168744504108 -127.64474912377872 0
vertex 79.62015198420768 -127.76340527265559 0
vertex 78.947218678678 -127.64474912377872 0
endloop
endfacet
facet normal 0 0 -1
outer loop
vertex 132.216714580124 -127.76340527265559 0
vertex 131.94427231422634 -127.92730610992109 0
vertex 80.54968099087225 -127.92730610992109 0
endloop
endfacet
facet normal 0 0 -1
outer loop
vertex 132.216714580124 -127.76340527265559 0
vertex 80.54968099087225 -127.92730610992109 0
vertex 79.62015198420768 -127.76340527265559 0
endloop
endfacet
facet normal 0 0 -1
outer loop
vertex 131.94427231422634 -127.92730610992109 0
vertex 131.70124582686583 -128.13230952244183 0
vertex 81.71231457824416 -128.13230952244183 0
endloop
endfacet
facet normal 0 0 -1
outer loop
vertex 131.94427231422634 -127.92730610992109 0
vertex 81.71231457824416 -128.13230952244183 0
vertex 80.54968099087225 -127.92730610992109 0
endloop
endfacet
facet normal 0 0 -1
outer loop
vertex 131.70124582686583 -128.13230952244183 0
vertex 131.49377689999994 -128.37323465000006 0
vertex 83.07867059103843 -128.37323465000006 0
endloop
endfacet
facet normal 0 0 -1
outer loop
vertex 131.70124582686583 -128.13230952244183 0
vertex 83.07867059103843 -128.37323465000006 0
vertex 81.71231457824416 -128.13230952244183 0
endloop
endfacet
facet normal 0 0 -1
outer loop
vertex 255.6796024628269 -127.58409929999999 0
vertex 255.4703407232819 -128.77088125 0
vertex 140.18612219999991 -128.77088125 0
endloop
endfacet
facet normal 0 0 -1
outer loop
vertex 255.6796024628269 -127.58409929999999 0
vertex 140.18612219999991 -128.77088125 0
vertex 133.4555337999999 -127.58409929999999 0
endloop
endfacet
facet normal 0 0 -1
outer loop
vertex 255.4703407232819 -128.77088125 0
vertex 255.4562480574292 -128.85080470613545 0
vertex 140.49385423279824 -128.85080470613545 0
endloop
endfacet
facet normal 0 0 -1
outer loop
vertex 255.4703407232819 -128.77088125 0
vertex 140.49385423279824 -128.85080470613545 0
vertex 140.18612219999991 -128.77088125 0
endloop
endfacet
facet normal 0 0 -1
outer loop
vertex 131.49377689999994 -128.37323465000006 0
vertex 131.07585977300653 -128.94478805912465 0
vertex 113.6006766276409 -128.94478805912465 0
endloop
endfacet
facet normal 0 0 -1
outer loop
vertex 131.49377689999994 -128.37323465000006 0
vertex 113.6006766276409 -128.94478805912465 0
vertex 86.32011512239686 -128.94478805912465 0
endloop
endfacet
facet normal 0 0 -1
outer loop
vertex 131.49377689999994 -128.37323465000006 0
vertex 86.32011512239686 -128.94478805912465 0
vertex 83.07867059103843 -128.37323465000006 0
endloop
endfacet
facet normal 0 0 -1
outer loop
vertex 113.6006766276409 -128.94478805912465 0
vertex 113.28339162840669 -128.96517742740787 0
vertex 86.43574912136245 -128.96517742740787 0
endloop
endfacet
facet normal 0 0 -1
outer loop
vertex 113.6006766276409 -128.94478805912465 0
vertex 86.43574912136245 -128.96517742740787 0
vertex 86.32011512239686 -128.94478805912465 0
endloop
endfacet
facet normal 0 0 -1
outer loop
vertex 131.07585977300653 -128.94478805912465 0
vertex 131.05381947151088 -128.97493089999998 0
vertex 113.9171870999998 -128.97493089999998 0
endloop
endfacet
facet normal 0 0 -1
outer loop
vertex 131.07585977300653 -128.94478805912465 0
vertex 113.9171870999998 -128.97493089999998 0
vertex 113.6006766276409 -128.94478805912465 0
endloop
endfacet
facet normal 0 0 -1
outer loop
vertex 255.4562480574292 -128.85080470613545 0
vertex 255.43373477056795 -128.97848386306217 0
vertex 140.78503252137247 -128.97848386306217 0
endloop
endfacet
facet normal 0 0 -1
outer loop
vertex 255.4562480574292 -128.85080470613545 0
vertex 140.78503252137247 -128.97848386306217 0
vertex 140.49385423279824 -128.85080470613545 0
endloop
endfacet
facet normal 0 0 -1
outer loop
vertex 113.28339162840669 -128.96517742740787 0
vertex 112.97334678026408 -129.0355882874925 0
vertex 86.83506945385615 -129.0355882874925 0
endloop
endfacet
facet normal 0 0 -1
outer loop
vertex 113.28339162840669 -128.96517742740787 0
vertex 86.83506945385615 -129.0355882874925 0
vertex 86.43574912136245 -128.96517742740787 0
endloop
endfacet
facet normal 0 0 -1
outer loop
vertex 255.43373477056795 -128.97848386306217 0
vertex 255.4033698115205 -129.15069205261636 0
vertex 141.0522984980724 -129.15069205261636 0
endloop
endfacet
facet normal 0 0 -1
outer loop
vertex 255.43373477056795 -128.97848386306217 0
vertex 141.0522984980724 -129.15069205261636 0
vertex 140.78503252137247 -128.97848386306217 0
endloop
endfacet
facet normal 0 0 -1
outer loop
vertex 112.97334678026408 -129.0355882874925 0
vertex 112.67837734260978 -129.1542412601809 0
vertex 87.50798474630334 -129.1542412601809 0
endloop
endfacet
facet normal 0 0 -1
outer loop
vertex 112.97334678026408 -129.0355882874925 0
vertex 87.50798474630334 -129.1542412601809 0
vertex 86.83506945385615 -129.0355882874925 0
endloop
endfacet
facet normal 0 0 -1
outer loop
vertex 112.67837734260978 -129.1542412601809 0
vertex 112.40593759850103 -129.31813782179213 0
vertex 88.43748950449714 -129.31813782179213 0
endloop
endfacet
facet normal 0 0 -1
outer loop
vertex 112.67837734260978 -129.1542412601809 0
vertex 88.43748950449714 -129.31813782179213 0
vertex 87.50798474630334 -129.1542412601809 0
endloop
endfacet
facet normal 0 0 -1
outer loop
vertex 255.4033698115205 -129.15069205261636 0
vertex 255.3659205541405 -129.36307728269296 0
vertex 141.2888978997961 -129.36307728269296 0
endloop
endfacet
facet normal 0 0 -1
outer loop
vertex 255.4033698115205 -129.15069205261636 0
vertex 141.2888978997961 -129.36307728269296 0
vertex 141.0522984980724 -129.15069205261636 0
endloop
endfacet
facet normal 0 0 -1
outer loop
vertex 112.40593759850103 -129.31813782179213 0
vertex 112.16291247467748 -129.52313608097592 0
vertex 89.60009386580613 -129.52313608097592 0
endloop
endfacet
facet normal 0 0 -1
outer loop
vertex 112.40593759850103 -129.31813782179213 0
vertex 89.60009386580613 -129.52313608097592 0
vertex 88.43748950449714 -129.31813782179213 0
endloop
endfacet
facet normal 0 0 -1
outer loop
vertex 255.3659205541405 -129.36307728269296 0
vertex 255.32233340447786 -129.6102722194456 0
vertex 141.48885145964059 -129.6102722194456 0
endloop
endfacet
facet normal 0 0 -1
outer loop
vertex 255.3659205541405 -129.36307728269296 0
vertex 141.48885145964059 -129.6102722194456 0
vertex 141.2888978997961 -129.36307728269296 0
endloop
endfacet
facet normal 0 0 -1
outer loop
vertex 112.16291247467748 -129.52313608097592 0
vertex 111.95544355000015 -129.76405544999977 0
vertex 90.96641722028808 -129.76405544999977 0
endloop
endfacet
facet normal 0 0 -1
outer loop
vertex 112.16291247467748 -129.52313608097592 0
vertex 90.96641722028808 -129.76405544999977 0
vertex 89.60009386580613 -129.52313608097592 0
endloop
endfacet
facet normal 0 0 -1
outer loop
vertex 255.32233340447786 -129.6102722194456 0
vertex 255.27370988349787 -129.8860298288871 0
vertex 141.6471060130847 -129.8860298288871 0
endloop
endfacet
facet normal 0 0 -1
outer loop
vertex 255.32233340447786 -129.6102722194456 0
vertex 141.6471060130847 -129.8860298288871 0
vertex 141.48885145964059 -129.6102722194456 0
endloop
endfacet
facet normal 0 0 -1
outer loop
vertex 255.27370988349787 -129.8860298288871 0
vertex 255.22127860464076 -130.18338229999978 0
vertex 141.75966440000002 -130.18338229999978 0
endloop
endfacet
facet normal 0 0 -1
outer loop
vertex 255.27370988349787 -129.8860298288871 0
vertex 141.75966440000002 -130.18338229999978 0
vertex 141.6471060130847 -129.8860298288871 0
endloop
endfacet
facet normal 0 0 -1
outer loop
vertex 131.05381947151088 -128.97493089999998 0
vertex 129.83188299999998 -130.64608030000005 0
vertex 129.624415822153 -130.8870071172571 0
endloop
endfacet
facet normal 0 0 -1
outer loop
vertex 131.05381947151088 -128.97493089999998 0
vertex 129.624415822153 -130.8870071172571 0
vertex 129.38138823550022 -131.0920072845716 0
endloop
endfacet
facet normal 0 0 -1
outer loop
vertex 131.05381947151088 -128.97493089999998 0
vertex 129.38138823550022 -131.0920072845716 0
vertex 129.10894550140324 -131.25590491454622 0
endloop
endfacet
facet normal 0 0 -1
outer loop
vertex 131.05381947151088 -128.97493089999998 0
vertex 129.10894550140324 -131.25590491454622 0
vertex 128.8139727569813 -131.374558007727 0
endloop
endfacet
facet normal 0 0 -1
outer loop
vertex 131.05381947151088 -128.97493089999998 0
vertex 128.8139727569813 -131.374558007727 0
vertex 128.50392451482372 -131.44496797867293 0
endloop
endfacet
facet normal 0 0 -1
outer loop
vertex 131.05381947151088 -128.97493089999998 0
vertex 128.50392451482372 -131.44496797867293 0
vertex 128.18663627352808 -131.4653554358134 0
endloop
endfacet
facet normal 0 0 -1
outer loop
vertex 131.05381947151088 -128.97493089999998 0
vertex 128.18663627352808 -131.4653554358134 0
vertex 127.87012649999997 -131.43520514999997 0
endloop
endfacet
facet normal 0 0 -1
outer loop
vertex 131.05381947151088 -128.97493089999998 0
vertex 127.87012649999997 -131.43520514999997 0
vertex 113.9171870999998 -128.97493089999998 0
endloop
endfacet
facet normal 0 0 -1
outer loop
vertex 111.95544355000015 -129.76405544999977 0
vertex 110.29353620000015 -132.03691179999984 0
vertex 110.08606417532242 -132.27783526902417 0
endloop
endfacet
facet normal 0 0 -1
outer loop
vertex 111.95544355000015 -129.76405544999977 0
vertex 110.08606417532242 -132.27783526902417 0
vertex 109.843039051499 -132.48283352820783 0
endloop
endfacet
facet normal 0 0 -1
outer loop
vertex 111.95544355000015 -129.76405544999977 0
vertex 109.843039051499 -132.48283352820783 0
vertex 109.57059930739021 -132.6467300898191 0
endloop
endfacet
facet normal 0 0 -1
outer loop
vertex 111.95544355000015 -129.76405544999977 0
vertex 109.57059930739021 -132.6467300898191 0
vertex 109.27562986973619 -132.7653830625074 0
endloop
endfacet
facet normal 0 0 -1
outer loop
vertex 111.95544355000015 -129.76405544999977 0
vertex 109.27562986973619 -132.7653830625074 0
vertex 108.96558502159301 -132.83579392259216 0
endloop
endfacet
facet normal 0 0 -1
outer loop
vertex 111.95544355000015 -129.76405544999977 0
vertex 108.96558502159301 -132.83579392259216 0
vertex 108.64830002235922 -132.85618329087535 0
endloop
endfacet
facet normal 0 0 -1
outer loop
vertex 111.95544355000015 -129.76405544999977 0
vertex 108.64830002235922 -132.85618329087535 0
vertex 108.33179310000001 -132.82603590000002 0
endloop
endfacet
facet normal 0 0 -1
outer loop
vertex 111.95544355000015 -129.76405544999977 0
vertex 108.33179310000001 -132.82603590000002 0
vertex 90.96641722028808 -129.76405544999977 0
endloop
endfacet
facet normal 0 0 -1
outer loop
vertex 255.22127860464076 -130.18338229999978 0
vertex 254.22427966459267 -135.8376425999999 0
vertex 152.83756834999946 -135.8376425999999 0
endloop
endfacet
facet normal 0 0 -1
outer loop
vertex 255.22127860464076 -130.18338229999978 0
vertex 152.83756834999946 -135.8376425999999 0
vertex 144.1175231999997 -134.3000648999999 0
endloop
endfacet
facet normal 0 0 -1
outer loop
vertex 255.22127860464076 -130.18338229999978 0
vertex 144.1175231999997 -134.3000648999999 0
vertex 143.80978956720173 -134.2201439938646 0
endloop
endfacet
facet normal 0 0 -1
outer loop
vertex 255.22127860464076 -130.18338229999978 0
vertex 143.80978956720173 -134.2201439938646 0
vertex 143.51861127862725 -134.09246483693775 0
endloop
endfacet
facet normal 0 0 -1
outer loop
vertex 255.22127860464076 -130.18338229999978 0
vertex 143.51861127862725 -134.09246483693775 0
vertex 143.25134530192767 -133.92025664738375 0
endloop
endfacet
facet normal 0 0 -1
outer loop
vertex 255.22127860464076 -130.18338229999978 0
vertex 143.25134530192767 -133.92025664738375 0
vertex 143.0147459002039 -133.7078714173071 0
endloop
endfacet
facet normal 0 0 -1
outer loop
vertex 255.22127860464076 -130.18338229999978 0
vertex 143.0147459002039 -133.7078714173071 0
vertex 142.81479234035933 -133.46067648055435 0
endloop
endfacet
facet normal 0 0 -1
outer loop
vertex 255.22127860464076 -130.18338229999978 0
vertex 142.81479234035933 -133.46067648055435 0
vertex 142.65653778691524 -133.1849188711129 0
endloop
endfacet
facet normal 0 0 -1
outer loop
vertex 255.22127860464076 -130.18338229999978 0
vertex 142.65653778691524 -133.1849188711129 0
vertex 142.54398159999988 -132.88756744999978 0
endloop
endfacet
facet normal 0 0 -1
outer loop
vertex 255.22127860464076 -130.18338229999978 0
vertex 142.54398159999988 -132.88756744999978 0
vertex 141.75966440000002 -130.18338229999978 0
endloop
endfacet
facet normal 0 0 -1
outer loop
vertex 254.22427966459267 -135.8376425999999 0
vertex 254.21033419302626 -135.91673127610127 0
vertex 153.14288847751047 -135.91673127610127 0
endloop
endfacet
facet normal 0 0 -1
outer loop
vertex 254.22427966459267 -135.8376425999999 0
vertex 153.14288847751047 -135.91673127610127 0
vertex 152.83756834999946 -135.8376425999999 0
endloop
endfacet
facet normal 0 0 -1
outer loop
vertex 254.21033419302626 -135.91673127610127 0
vertex 254.18809866591985 -136.04283517964322 0
vertex 153.43197878253943 -136.04283517964322 0
endloop
endfacet
facet normal 0 0 -1
outer loop
vertex 254.21033419302626 -135.91673127610127 0
vertex 153.43197878253943 -136.04283517964322 0
vertex 153.14288847751047 -135.91673127610127 0
endloop
endfacet
facet normal 0 0 -1
outer loop
vertex 254.18809866591985 -136.04283517964322 0
vertex 254.15812605525593 -136.21281825159735 0
vertex 153.69764992173074 -136.21281825159735 0
endloop
endfacet
facet normal 0 0 -1
outer loop
vertex 254.18809866591985 -136.04283517964322 0
vertex 153.69764992173074 -136.21281825159735 0
vertex 153.43197878253943 -136.04283517964322 0
endloop
endfacet
facet normal 0 0 -1
outer loop
vertex 254.15812605525593 -136.21281825159735 0
vertex 254.12116174538525 -136.42245320848969 0
vertex 153.9332949594447 -136.42245320848969 0
endloop
endfacet
facet normal 0 0 -1
outer loop
vertex 254.15812605525593 -136.21281825159735 0
vertex 153.9332949594447 -136.42245320848969 0
vertex 153.69764992173074 -136.21281825159735 0
endloop
endfacet
facet normal 0 0 -1
outer loop
vertex 254.12116174538525 -136.42245320848969 0
vertex 254.07812499617575 -136.666526670077 0
vertex 154.13305367464633 -136.666526670077 0
endloop
endfacet
facet normal 0 0 -1
outer loop
vertex 254.12116174538525 -136.42245320848969 0
vertex 154.13305367464633 -136.666526670077 0
vertex 153.9332949594447 -136.42245320848969 0
endloop
endfacet
facet normal 0 0 -1
outer loop
vertex 254.07812499617575 -136.666526670077 0
vertex 254.03008608207656 -136.93896881011878 0
vertex 154.29195829786406 -136.93896881011878 0
endloop
endfacet
facet normal 0 0 -1
outer loop
vertex 254.07812499617575 -136.666526670077 0
vertex 154.29195829786406 -136.93896881011878 0
vertex 154.13305367464633 -136.666526670077 0
endloop
endfacet
facet normal 0 0 -1
outer loop
vertex 254.03008608207656 -136.93896881011878 0
vertex 253.9782396756242 -137.23300430597118 0
vertex 154.40605705389996 -137.23300430597118 0
endloop
endfacet
facet normal 0 0 -1
outer loop
vertex 254.03008608207656 -136.93896881011878 0
vertex 154.40605705389996 -137.23300430597118 0
vertex 154.29195829786406 -136.93896881011878 0
endloop
endfacet
facet normal 0 0 -1
outer loop
vertex 253.9782396756242 -137.23300430597118 0
vertex 253.92387513730995 -137.5413208330712 0
vertex 154.4725124379353 -137.5413208330712 0
endloop
endfacet
facet normal 0 0 -1
outer loop
vertex 253.9782396756242 -137.23300430597118 0
vertex 154.4725124379353 -137.5413208330712 0
vertex 154.40605705389996 -137.23300430597118 0
endloop
endfacet
facet normal 0 0 -1
outer loop
vertex 253.92387513730995 -137.5413208330712 0
vertex 253.86834445066827 -137.85625091403458 0
vertex 154.48967178101014 -137.85625091403458 0
endloop
endfacet
facet normal 0 0 -1
outer loop
vertex 253.92387513730995 -137.5413208330712 0
vertex 154.48967178101014 -137.85625091403458 0
vertex 154.4725124379353 -137.5413208330712 0
endloop
endfacet
facet normal 0 0 -1
outer loop
vertex 253.86834445066827 -137.85625091403458 0
vertex 253.81302814155066 -138.16996520000083 0
vertex 154.45710669999988 -138.16996520000083 0
endloop
endfacet
facet normal 0 0 -1
outer loop
vertex 253.86834445066827 -137.85625091403458 0
vertex 154.45710669999988 -138.16996520000083 0
vertex 154.48967178101014 -137.85625091403458 0
endloop
endfacet
facet normal 0 0 -1
outer loop
vertex 253.81302814155066 -138.16996520000083 0
vertex 253.61374800201241 -139.30013870000002 0
vertex 185.62738180000002 -139.30013870000002 0
endloop
endfacet
facet normal 0 0 -1
outer loop
vertex 253.81302814155066 -138.16996520000083 0
vertex 185.62738180000002 -139.30013870000002 0
vertex 154.24869037522836 -139.30013870000002 0
endloop
endfacet
facet normal 0 0 -1
outer loop
vertex 253.81302814155066 -138.16996520000083 0
vertex 154.24869037522836 -139.30013870000002 0
vertex 154.45710669999988 -138.16996520000083 0
endloop
endfacet
facet normal 0 0 -1
outer loop
vertex 185.62738180000002 -139.30013870000002 0
vertex 185.22562279999997 -141.57862720000028 0
vertex 153.8285122351423 -141.57862720000028 0
endloop
endfacet
facet normal 0 0 -1
outer loop
vertex 185.62738180000002 -139.30013870000002 0
vertex 153.8285122351423 -141.57862720000028 0
vertex 154.24869037522836 -139.30013870000002 0
endloop
endfacet
facet normal 0 0 -1
outer loop
vertex 185.22562279999997 -141.57862720000028 0
vertex 185.19608527170178 -141.8678222573414 0
vertex 153.7751815111489 -141.8678222573414 0
endloop
endfacet
facet normal 0 0 -1
outer loop
vertex 185.22562279999997 -141.57862720000028 0
vertex 153.7751815111489 -141.8678222573414 0
vertex 153.8285122351423 -141.57862720000028 0
endloop
endfacet
facet normal 0 0 -1
outer loop
vertex 185.19608527170178 -141.8678222573414 0
vertex 185.20877913089763 -142.15824353005848 0
vertex 153.72162465966088 -142.15824353005848 0
endloop
endfacet
facet normal 0 0 -1
outer loop
vertex 185.19608527170178 -141.8678222573414 0
vertex 153.72162465966088 -142.15824353005848 0
vertex 153.7751815111489 -141.8678222573414 0
endloop
endfacet
facet normal 0 0 -1
outer loop
vertex 185.20877913089763 -142.15824353005848 0
vertex 185.26343980188278 -142.44375685856534 0
vertex 153.668972886636 -142.44375685856534 0
endloop
endfacet
facet normal 0 0 -1
outer loop
vertex 185.20877913089763 -142.15824353005848 0
vertex 153.668972886636 -142.44375685856534 0
vertex 153.72162465966088 -142.15824353005848 0
endloop
endfacet
facet normal 0 0 -1
outer loop
vertex 185.26343980188278 -142.44375685856534 0
vertex 185.35891250077853 -142.71833037053108 0
vertex 153.61833853514614 -142.71833037053108 0
endloop
endfacet
facet normal 0 0 -1
outer loop
vertex 185.26343980188278 -142.44375685856534 0
vertex 153.61833853514614 -142.71833037053108 0
vertex 153.668972886636 -142.44375685856534 0
endloop
endfacet
facet normal 0 0 -1
outer loop
vertex 185.35891250077853 -142.71833037053108 0
vertex 185.4931802319727 -142.9761633127008 0
vertex 153.57079132738372 -142.9761633127008 0
endloop
endfacet
facet normal 0 0 -1
outer loop
vertex 185.35891250077853 -142.71833037053108 0
vertex 153.57079132738372 -142.9761633127008 0
vertex 153.61833853514614 -142.71833037053108 0
endloop
endfacet
facet normal 0 0 -1
outer loop
vertex 185.4931802319727 -142.9761633127008 0
vertex 185.6634063999999 -143.21180859999987 0
vertex 153.5273357652699 -143.21180859999987 0
endloop
endfacet
facet normal 0 0 -1
outer loop
vertex 185.4931802319727 -142.9761633127008 0
vertex 153.5273357652699 -143.21180859999987 0
vertex 153.57079132738372 -142.9761633127008 0
endloop
endfacet
facet normal 0 0 -1
outer loop
vertex 253.61374800201241 -139.30013870000002 0
vertex 251.9978282000001 -148.46447259999945 0
vertex 251.89960628530034 -148.84427138464187 0
endloop
endfacet
facet normal 0 0 -1
outer loop
vertex 253.61374800201241 -139.30013870000002 0
vertex 251.89960628530034 -148.84427138464187 0
vertex 251.74317891809676 -149.2040300598824 0
endloop
endfacet
facet normal 0 0 -1
outer loop
vertex 253.61374800201241 -139.30013870000002 0
vertex 251.74317891809676 -149.2040300598824 0
vertex 251.53239876140086 -149.53488886838636 0
endloop
endfacet
facet normal 0 0 -1
outer loop
vertex 253.61374800201241 -139.30013870000002 0
vertex 251.53239876140086 -149.53488886838636 0
vertex 251.2724559250119 -149.82870096383272 0
endloop
endfacet
facet normal 0 0 -1
outer loop
vertex 253.61374800201241 -139.30013870000002 0
vertex 251.2724559250119 -149.82870096383272 0
vertex 250.96975106771526 -150.07823171342247 0
endloop
endfacet
facet normal 0 0 -1
outer loop
vertex 253.61374800201241 -139.30013870000002 0
vertex 250.96975106771526 -150.07823171342247 0
vertex 250.6317377917419 -150.27733683863792 0
endloop
endfacet
facet normal 0 0 -1
outer loop
vertex 253.61374800201241 -139.30013870000002 0
vertex 250.6317377917419 -150.27733683863792 0
vertex 250.2667391102401 -150.4211137078584 0
endloop
endfacet
facet normal 0 0 -1
outer loop
vertex 253.61374800201241 -139.30013870000002 0
vertex 250.2667391102401 -150.4211137078584 0
vertex 249.8837425069593 -150.5060220554853 0
endloop
endfacet
facet normal 0 0 -1
outer loop
vertex 253.61374800201241 -139.30013870000002 0
vertex 249.8837425069593 -150.5060220554853 0
vertex 249.49217863445568 -150.52997115507668 0
endloop
endfacet
facet normal 0 0 -1
outer loop
vertex 253.61374800201241 -139.30013870000002 0
vertex 249.49217863445568 -150.52997115507668 0
vertex 249.1016890999996 -150.49237129999995 0
endloop
endfacet
facet normal 0 0 -1
outer loop
vertex 253.61374800201241 -139.30013870000002 0
vertex 249.1016890999996 -150.49237129999995 0
vertex 185.62738180000002 -139.30013870000002 0
endloop
endfacet
facet normal 0 0 -1
outer loop
vertex 185.6634063999999 -143.21180859999987 0
vertex 198.36915709999994 -158.34769779999993 0
vertex 198.5591468663979 -158.61605740112282 0
endloop
endfacet
facet normal 0 0 -1
outer loop
vertex 185.6634063999999 -143.21180859999987 0
vertex 198.5591468663979 -158.61605740112282 0
vertex 198.70259693819878 -158.91192325924644 0
endloop
endfacet
facet normal 0 0 -1
outer loop
vertex 185.6634063999999 -143.21180859999987 0
vertex 198.70259693819878 -158.91192325924644 0
vertex 198.7956315061615 -159.22729462488758 0
endloop
endfacet
facet normal 0 0 -1
outer loop
vertex 185.6634063999999 -143.21180859999987 0
vertex 198.7956315061615 -159.22729462488758 0
vertex 198.83573597316004 -159.5536474413754 0
endloop
endfacet
facet normal 0 0 -1
outer loop
vertex 185.6634063999999 -143.21180859999987 0
vertex 198.83573597316004 -159.5536474413754 0
vertex 198.82182637030323 -159.88216083844037 0
endloop
endfacet
facet normal 0 0 -1
outer loop
vertex 185.6634063999999 -143.21180859999987 0
vertex 198.82182637030323 -159.88216083844037 0
vertex 198.7542786551318 -160.20395554827496 0
endloop
endfacet
facet normal 0 0 -1
outer loop
vertex 185.6634063999999 -143.21180859999987 0
vertex 198.7542786551318 -160.20395554827496 0
vertex 198.63491854999984 -160.51033390000032 0
endloop
endfacet
facet normal 0 0 -1
outer loop
vertex 185.6634063999999 -143.21180859999987 0
vertex 198.63491854999984 -160.51033390000032 0
vertex 195.8770506616571 -166.16479759999987 0
endloop
endfacet
facet normal 0 0 -1
outer loop
vertex 185.6634063999999 -143.21180859999987 0
vertex 195.8770506616571 -166.16479759999987 0
vertex 165.19722679999956 -166.16479759999987 0
endloop
endfacet
facet normal 0 0 -1
outer loop
vertex 185.6634063999999 -143.21180859999987 0
vertex 165.19722679999956 -166.16479759999987 0
vertex 151.82752869999985 -162.58239899999995 0
endloop
endfacet
facet normal 0 0 -1
outer loop
vertex 185.6634063999999 -143.21180859999987 0
vertex 151.82752869999985 -162.58239899999995 0
vertex 151.5159618923965 -162.47055326443368 0
endloop
endfacet
facet normal 0 0 -1
outer loop
vertex 185.6634063999999 -143.21180859999987 0
vertex 151.5159618923965 -162.47055326443368 0
vertex 151.2271112586701 -162.30884620693794 0
endloop
endfacet
facet normal 0 0 -1
outer loop
vertex 185.6634063999999 -143.21180859999987 0
vertex 151.2271112586701 -162.30884620693794 0
vertex 150.96889079074907 -162.10170844844305 0
endloop
endfacet
facet normal 0 0 -1
outer loop
vertex 185.6634063999999 -143.21180859999987 0
vertex 150.96889079074907 -162.10170844844305 0
vertex 150.74837468760157 -161.85481472778437 0
endloop
endfacet
facet normal 0 0 -1
outer loop
vertex 185.6634063999999 -143.21180859999987 0
vertex 150.74837468760157 -161.85481472778437 0
vertex 150.57160420072967 -161.5749289367571 0
endloop
endfacet
facet normal 0 0 -1
outer loop
vertex 185.6634063999999 -143.21180859999987 0
vertex 150.57160420072967 -161.5749289367571 0
vertex 150.44342212825097 -161.2697188167694 0
endloop
endfacet
facet normal 0 0 -1
outer loop
vertex 185.6634063999999 -143.21180859999987 0
vertex 150.44342212825097 -161.2697188167694 0
vertex 150.36734014177026 -160.9475458936659 0
endloop
endfacet
facet normal 0 0 -1
outer loop
vertex 185.6634063999999 -143.21180859999987 0
vertex 150.36734014177026 -160.9475458936659 0
vertex 150.3454425807462 -160.6172364056561 0
endloop
endfacet
facet normal 0 0 -1
outer loop
vertex 185.6634063999999 -143.21180859999987 0
vertex 150.3454425807462 -160.6172364056561 0
vertex 150.37832934999994 -160.28783950000036 0
endloop
endfacet
facet normal 0 0 -1
outer loop
vertex 185.6634063999999 -143.21180859999987 0
vertex 150.37832934999994 -160.28783950000036 0
vertex 153.5273357652699 -143.21180859999987 0
endloop
endfacet
facet normal 0 0 -1
outer loop
vertex 195.8770506616571 -166.16479759999987 0
vertex 195.82849575396864 -166.26434985344255 0
vertex 165.4812622928981 -166.26434985344255 0
endloop
endfacet
facet normal 0 0 -1
outer loop
vertex 195.8770506616571 -166.16479759999987 0
vertex 165.4812622928981 -166.26434985344255 0
vertex 165.19722679999956 -166.16479759999987 0
endloop
endfacet
facet normal 0 0 -1
outer loop
vertex 195.82849575396864 -166.26434985344255 0
vertex 195.75970209892137 -166.40539766320157 0
vertex 165.74714258128648 -166.40539766320157 0
endloop
endfacet
facet normal 0 0 -1
outer loop
vertex 195.82849575396864 -166.26434985344255 0
vertex 165.74714258128648 -166.40539766320157 0
vertex 165.4812622928981 -166.26434985344255 0
endloop
endfacet
facet normal 0 0 -1
outer loop
vertex 195.75970209892137 -166.40539766320157 0
vertex 195.67222764599617 -166.5847467614068 0
vertex 165.98884635321437 -166.5847467614068 0
endloop
endfacet
facet normal 0 0 -1
outer loop
vertex 195.75970209892137 -166.40539766320157 0
vertex 165.98884635321437 -166.5847467614068 0
vertex 165.74714258128648 -166.40539766320157 0
endloop
endfacet
facet normal 0 0 -1
outer loop
vertex 195.67222764599617 -166.5847467614068 0
vertex 195.568053403157 -166.79833548228052 0
vertex 166.20089981512163 -166.79833548228052 0
endloop
endfacet
facet normal 0 0 -1
outer loop
vertex 195.67222764599617 -166.5847467614068 0
vertex 166.20089981512163 -166.79833548228052 0
vertex 165.98884635321437 -166.5847467614068 0
endloop
endfacet
facet normal 0 0 -1
outer loop
vertex 195.568053403157 -166.79833548228052 0
vertex 195.44953857355193 -167.04132674547586 0
vertex 166.3785006552153 -167.04132674547586 0
endloop
endfacet
facet normal 0 0 -1
outer loop
vertex 195.568053403157 -166.79833548228052 0
vertex 166.3785006552153 -167.04132674547586 0
vertex 166.20089981512163 -166.79833548228052 0
endloop
endfacet
facet normal 0 0 -1
outer loop
vertex 195.44953857355193 -167.04132674547586 0
vertex 195.31936829789868 -167.30821519999986 0
vertex 166.51762359999995 -167.30821519999986 0
endloop
endfacet
facet normal 0 0 -1
outer loop
vertex 195.44953857355193 -167.04132674547586 0
vertex 166.51762359999995 -167.30821519999986 0
vertex 166.3785006552153 -167.04132674547586 0
endloop
endfacet
facet normal 0 0 -1
outer loop
vertex 195.31936829789868 -167.30821519999986 0
vertex 189.5633098000001 -179.1098768999999 0
vertex 189.3837504185089 -179.40870429591345 0
endloop
endfacet
facet normal 0 0 -1
outer loop
vertex 195.31936829789868 -167.30821519999986 0
vertex 189.3837504185089 -179.40870429591345 0
vertex 189.15503345149472 -179.67181120766082 0
endloop
endfacet
facet normal 0 0 -1
outer loop
vertex 195.31936829789868 -167.30821519999986 0
vertex 189.15503345149472 -179.67181120766082 0
vertex 188.8841033751949 -179.89120489892292 0
endloop
endfacet
facet normal 0 0 -1
outer loop
vertex 195.31936829789868 -167.30821519999986 0
vertex 188.8841033751949 -179.89120489892292 0
vertex 188.57919217632565 -180.0602192734997 0
endloop
endfacet
facet normal 0 0 -1
outer loop
vertex 195.31936829789868 -167.30821519999986 0
vertex 188.57919217632565 -180.0602192734997 0
vertex 188.2495643299611 -180.1737189691406 0
endloop
endfacet
facet normal 0 0 -1
outer loop
vertex 195.31936829789868 -167.30821519999986 0
vertex 188.2495643299611 -180.1737189691406 0
vertex 187.90523530610614 -180.22825539128723 0
endloop
endfacet
facet normal 0 0 -1
outer loop
vertex 195.31936829789868 -167.30821519999986 0
vertex 187.90523530610614 -180.22825539128723 0
vertex 187.55666725790792 -180.22217149577241 0
endloop
endfacet
facet normal 0 0 -1
outer loop
vertex 195.31936829789868 -167.30821519999986 0
vertex 187.55666725790792 -180.22217149577241 0
vertex 187.2144511377686 -180.15565213673915 0
endloop
endfacet
facet normal 0 0 -1
outer loop
vertex 195.31936829789868 -167.30821519999986 0
vertex 187.2144511377686 -180.15565213673915 0
vertex 186.8889849000001 -180.03071845000005 0
endloop
endfacet
facet normal 0 0 -1
outer loop
vertex 195.31936829789868 -167.30821519999986 0
vertex 186.8889849000001 -180.03071845000005 0
vertex 168.69747939999962 -171.1581352999998 0
endloop
endfacet
facet normal 0 0 -1
outer loop
vertex 195.31936829789868 -167.30821519999986 0
vertex 168.69747939999962 -171.1581352999998 0
vertex 168.45130667545024 -171.01556026114497 0
endloop
endfacet
facet normal 0 0 -1
outer loop
vertex 195.31936829789868 -167.30821519999986 0
vertex 168.45130667545024 -171.01556026114497 0
vertex 168.22785747812472 -170.8394992934712 0
endloop
endfacet
facet normal 0 0 -1
outer loop
vertex 195.31936829789868 -167.30821519999986 0
vertex 168.22785747812472 -170.8394992934712 0
vertex 168.0316478767759 -170.63351676881948 0
endloop
endfacet
facet normal 0 0 -1
outer loop
vertex 195.31936829789868 -167.30821519999986 0
vertex 168.0316478767759 -170.63351676881948 0
vertex 167.86664753540356 -170.4017800745505 0
endloop
endfacet
facet normal 0 0 -1
outer loop
vertex 195.31936829789868 -167.30821519999986 0
vertex 167.86664753540356 -170.4017800745505 0
vertex 167.73619469999983 -170.14897764999964 0
endloop
endfacet
facet normal 0 0 -1
outer loop
vertex 195.31936829789868 -167.30821519999986 0
vertex 167.73619469999983 -170.14897764999964 0
vertex 166.51762359999995 -167.30821519999986 0
endloop
endfacet
facet normal 0 0 1
outer loop
vertex 178.93390966352817 -150.22481354070564 6.5
vertex 179.2621976066389 -150.1252284818947 6.5
vertex 179.5647495077843 -149.96351112152945 6.5
endloop
endfacet
facet normal 0 0 1
outer loop
vertex 178.93390966352817 -150.22481354070564 6.5
vertex 179.5647495077843 -149.96351112152945 6.5
vertex 179.82993846707637 -149.74587616707655 6.5
endloop
endfacet
facet normal 0 0 1
outer loop
vertex 178.93390966352817 -150.22481354070564 6.5
vertex 179.82993846707637 -149.74587616707655 6.5
vertex 180.02479786804727 -149.50843929999954 6.5
endloop
endfacet
facet normal 0 0 1
outer loop
vertex 178.93390966352817 -150.22481354070564 6.5
vertex 180.02479786804727 -149.50843929999954 6.5
vertex 178.592501599978 -149.50843929999954 6.5
endloop
endfacet
facet normal 0 0 1
outer loop
vertex 178.93390966352817 -150.22481354070564 6.5
vertex 178.592501599978 -149.50843929999954 6.5
vertex 177.16020533195277 -149.50843929999954 6.5
endloop
endfacet
facet normal 0 0 1
outer loop
vertex 178.93390966352817 -150.22481354070564 6.5
vertex 177.16020533195277 -149.50843929999954 6.5
vertex 177.35506473292364 -149.74587616707655 6.5
endloop
endfacet
facet normal 0 0 1
outer loop
vertex 178.93390966352817 -150.22481354070564 6.5
vertex 177.35506473292364 -149.74587616707655 6.5
vertex 177.62025369221564 -149.96351112152945 6.5
endloop
endfacet
facet normal 0 0 1
outer loop
vertex 178.93390966352817 -150.22481354070564 6.5
vertex 177.62025369221564 -149.96351112152945 6.5
vertex 177.92280559336112 -150.1252284818947 6.5
endloop
endfacet
facet normal 0 0 1
outer loop
vertex 178.93390966352817 -150.22481354070564 6.5
vertex 177.92280559336112 -150.1252284818947 6.5
vertex 178.25109353647184 -150.22481354070564 6.5
endloop
endfacet
facet normal 0 0 1
outer loop
vertex 178.93390966352817 -150.22481354070564 6.5
vertex 178.25109353647184 -150.22481354070564 6.5
vertex 178.59250160000002 -150.2584393 6.5
endloop
endfacet
facet normal 0 0 1
outer loop
vertex 178.592501599978 -149.50843929999954 6.5
vertex 178.39741127799763 -149.4892245804063 6.5
vertex 177.14443621911087 -149.4892245804063 6.5
endloop
endfacet
facet normal 0 0 1
outer loop
vertex 178.592501599978 -149.50843929999954 6.5
vertex 177.14443621911087 -149.4892245804063 6.5
vertex 177.16020533195277 -149.50843929999954 6.5
endloop
endfacet
facet normal 0 0 1
outer loop
vertex 180.02479786804727 -149.50843929999954 6.5
vertex 180.04056698088917 -149.4892245804063 6.5
vertex 178.7875919219582 -149.4892245804063 6.5
endloop
endfacet
facet normal 0 0 1
outer loop
vertex 180.02479786804727 -149.50843929999954 6.5
vertex 178.7875919219582 -149.4892245804063 6.5
vertex 178.592501599978 -149.50843929999954 6.5
endloop
endfacet
facet normal 0 0 1
outer loop
vertex 178.39741127799763 -149.4892245804063 6.5
vertex 178.20981816763 -149.43231883250868 6.5
vertex 177.1115763432579 -149.43231883250868 6.5
endloop
endfacet
facet normal 0 0 1
outer loop
vertex 178.39741127799763 -149.4892245804063 6.5
vertex 177.1115763432579 -149.43231883250868 6.5
vertex 177.13742977847053 -149.48068720778423 6.5
endloop
endfacet
facet normal 0 0 1
outer loop
vertex 178.39741127799763 -149.4892245804063 6.5
vertex 177.13742977847053 -149.48068720778423 6.5
vertex 177.14443621911087 -149.4892245804063 6.5
endloop
endfacet
facet normal 0 0 1
outer loop
vertex 180.04056698088917 -149.4892245804063 6.5
vertex 180.0475734215295 -149.48068720778423 6.5
vertex 180.07342685674212 -149.43231883250868 6.5
endloop
endfacet
facet normal 0 0 1
outer loop
vertex 180.04056698088917 -149.4892245804063 6.5
vertex 180.07342685674212 -149.43231883250868 6.5
vertex 178.9751850323875 -149.43231883250868 6.5
endloop
endfacet
facet normal 0 0 1
outer loop
vertex 180.04056698088917 -149.4892245804063 6.5
vertex 178.9751850323875 -149.43231883250868 6.5
vertex 178.7875919219582 -149.4892245804063 6.5
endloop
endfacet
facet normal 0 0 1
outer loop
vertex 178.20981816763 -149.43231883250868 6.5
vertex 178.03693136699272 -149.33990891230917 6.5
vertex 177.06218221183894 -149.33990891230917 6.5
endloop
endfacet
facet normal 0 0 1
outer loop
vertex 178.20981816763 -149.43231883250868 6.5
vertex 177.06218221183894 -149.33990891230917 6.5
vertex 177.1115763432579 -149.43231883250868 6.5
endloop
endfacet
facet normal 0 0 1
outer loop
vertex 180.07342685674212 -149.43231883250868 6.5
vertex 180.12282098816107 -149.33990891230917 6.5
vertex 179.14807183300147 -149.33990891230917 6.5
endloop
endfacet
facet normal 0 0 1
outer loop
vertex 180.07342685674212 -149.43231883250868 6.5
vertex 179.14807183300147 -149.33990891230917 6.5
vertex 178.9751850323875 -149.43231883250868 6.5
endloop
endfacet
facet normal 0 0 1
outer loop
vertex 178.03693136699272 -149.33990891230917 6.5
vertex 177.88539481879218 -149.2155460811656 6.5
vertex 176.99570889369434 -149.2155460811656 6.5
endloop
endfacet
facet normal 0 0 1
outer loop
vertex 178.03693136699272 -149.33990891230917 6.5
vertex 176.99570889369434 -149.2155460811656 6.5
vertex 177.06218221183894 -149.33990891230917 6.5
endloop
endfacet
facet normal 0 0 1
outer loop
vertex 180.12282098816107 -149.33990891230917 6.5
vertex 180.18929430630567 -149.2155460811656 6.5
vertex 179.29960838122196 -149.2155460811656 6.5
endloop
endfacet
facet normal 0 0 1
outer loop
vertex 180.12282098816107 -149.33990891230917 6.5
vertex 179.29960838122196 -149.2155460811656 6.5
vertex 179.14807183300147 -149.33990891230917 6.5
endloop
endfacet
facet normal 0 0 1
outer loop
vertex 177.88539481879218 -149.2155460811656 6.5
vertex 177.76103198771094 -149.064009533041 6.5
vertex 176.9410927431702 -149.064009533041 6.5
endloop
endfacet
facet normal 0 0 1
outer loop
vertex 177.88539481879218 -149.2155460811656 6.5
vertex 176.9410927431702 -149.064009533041 6.5
vertex 176.97571241810522 -149.17813530663878 6.5
endloop
endfacet
facet normal 0 0 1
outer loop
vertex 177.88539481879218 -149.2155460811656 6.5
vertex 176.97571241810522 -149.17813530663878 6.5
vertex 176.99570889369434 -149.2155460811656 6.5
endloop
endfacet
facet normal 0 0 1
outer loop
vertex 180.18929430630567 -149.2155460811656 6.5
vertex 180.2092907818948 -149.17813530663878 6.5
vertex 180.2439104568298 -149.064009533041 6.5
endloop
endfacet
facet normal 0 0 1
outer loop
vertex 180.18929430630567 -149.2155460811656 6.5
vertex 180.2439104568298 -149.064009533041 6.5
vertex 179.42397121227572 -149.064009533041 6.5
endloop
endfacet
facet normal 0 0 1
outer loop
vertex 180.18929430630567 -149.2155460811656 6.5
vertex 179.42397121227572 -149.064009533041 6.5
vertex 179.29960838122196 -149.2155460811656 6.5
endloop
endfacet
facet normal 0 0 1
outer loop
vertex 177.76103198771094 -149.064009533041 6.5
vertex 177.6686220674903 -148.89112273236424 6.5
vertex 176.88864810554537 -148.89112273236424 6.5
endloop
endfacet
facet normal 0 0 1
outer loop
vertex 177.76103198771094 -149.064009533041 6.5
vertex 176.88864810554537 -148.89112273236424 6.5
vertex 176.9410927431702 -149.064009533041 6.5
endloop
endfacet
facet normal 0 0 1
outer loop
vertex 180.2439104568298 -149.064009533041 6.5
vertex 180.29635509445458 -148.89112273236424 6.5
vertex 179.516381132516 -148.89112273236424 6.5
endloop
endfacet
facet normal 0 0 1
outer loop
vertex 180.2439104568298 -149.064009533041 6.5
vertex 179.516381132516 -148.89112273236424 6.5
vertex 179.42397121227572 -149.064009533041 6.5
endloop
endfacet
facet normal 0 0 1
outer loop
vertex 177.6686220674903 -148.89112273236424 6.5
vertex 177.611716319598 -148.7035296220142 6.5
vertex 176.86171631959658 -148.7035296220142 6.5
endloop
endfacet
facet normal 0 0 1
outer loop
vertex 177.6686220674903 -148.89112273236424 6.5
vertex 176.86171631959658 -148.7035296220142 6.5
vertex 176.87612735929434 -148.84984736352843 6.5
endloop
endfacet
facet normal 0 0 1
outer loop
vertex 177.6686220674903 -148.89112273236424 6.5
vertex 176.87612735929434 -148.84984736352843 6.5
vertex 176.88864810554537 -148.89112273236424 6.5
endloop
endfacet
facet normal 0 0 1
outer loop
vertex 180.29635509445458 -148.89112273236424 6.5
vertex 180.3088758407056 -148.84984736352843 6.5
vertex 180.3232868804034 -148.7035296220142 6.5
endloop
endfacet
facet normal 0 0 1
outer loop
vertex 180.29635509445458 -148.89112273236424 6.5
vertex 180.3232868804034 -148.7035296220142 6.5
vertex 179.57328688040337 -148.7035296220142 6.5
endloop
endfacet
facet normal 0 0 1
outer loop
vertex 180.29635509445458 -148.89112273236424 6.5
vertex 179.57328688040337 -148.7035296220142 6.5
vertex 179.516381132516 -148.89112273236424 6.5
endloop
endfacet
facet normal 0 0 1
outer loop
vertex 177.611716319598 -148.7035296220142 6.5
vertex 177.5925016000006 -148.50843929999974 6.5
vertex 176.8425016 -148.50843929999974 6.5
endloop
endfacet
facet normal 0 0 1
outer loop
vertex 177.611716319598 -148.7035296220142 6.5
vertex 176.8425016 -148.50843929999974 6.5
vertex 176.86171631959658 -148.7035296220142 6.5
endloop
endfacet
facet normal 0 0 1
outer loop
vertex 180.3232868804034 -148.7035296220142 6.5
vertex 180.3425016 -148.50843929999974 6.5
vertex 179.59250159999985 -148.50843929999974 6.5
endloop
endfacet
facet normal 0 0 1
outer loop
vertex 180.3232868804034 -148.7035296220142 6.5
vertex 179.59250159999985 -148.50843929999974 6.5
vertex 179.57328688040337 -148.7035296220142 6.5
endloop
endfacet
facet normal 0 0 1
outer loop
vertex 177.5925016000006 -148.50843929999974 6.5
vertex 177.6117163195971 -148.31334897798027 6.5
vertex 176.86171631959712 -148.31334897798027 6.5
endloop
endfacet
facet normal 0 0 1
outer loop
vertex 177.5925016000006 -148.50843929999974 6.5
vertex 176.86171631959712 -148.31334897798027 6.5
vertex 176.8425016 -148.50843929999974 6.5
endloop
endfacet
facet normal 0 0 1
outer loop
vertex 180.3425016 -148.50843929999974 6.5
vertex 180.3232868804029 -148.31334897798027 6.5
vertex 179.5732868804029 -148.31334897798027 6.5
endloop
endfacet
facet normal 0 0 1
outer loop
vertex 180.3425016 -148.50843929999974 6.5
vertex 179.5732868804029 -148.31334897798027 6.5
vertex 179.59250159999985 -148.50843929999974 6.5
endloop
endfacet
facet normal 0 0 1
outer loop
vertex 177.6117163195971 -148.31334897798027 6.5
vertex 177.66862206748536 -148.12575586763015 6.5
vertex 176.88864810554713 -148.12575586763015 6.5
endloop
endfacet
facet normal 0 0 1
outer loop
vertex 177.6117163195971 -148.31334897798027 6.5
vertex 176.88864810554713 -148.12575586763015 6.5
vertex 176.87612735929434 -148.16703123647184 6.5
endloop
endfacet
facet normal 0 0 1
outer loop
vertex 177.6117163195971 -148.31334897798027 6.5
vertex 176.87612735929434 -148.16703123647184 6.5
vertex 176.86171631959712 -148.31334897798027 6.5
endloop
endfacet
facet normal 0 0 1
outer loop
vertex 180.3232868804029 -148.31334897798027 6.5
vertex 180.30887584070567 -148.16703123647184 6.5
vertex 180.29635509445288 -148.12575586763015 6.5
endloop
endfacet
facet normal 0 0 1
outer loop
vertex 180.3232868804029 -148.31334897798027 6.5
vertex 180.29635509445288 -148.12575586763015 6.5
vertex 179.51638113251067 -148.12575586763015 6.5
endloop
endfacet
facet normal 0 0 1
outer loop
vertex 180.3232868804029 -148.31334897798027 6.5
vertex 179.51638113251067 -148.12575586763015 6.5
vertex 179.5732868804029 -148.31334897798027 6.5
endloop
endfacet
facet normal 0 0 1
outer loop
vertex 177.66862206748536 -148.12575586763015 6.5
vertex 177.76103198769638 -147.95286906700775 6.5
vertex 176.94109274315542 -147.95286906700775 6.5
endloop
endfacet
facet normal 0 0 1
outer loop
vertex 177.66862206748536 -148.12575586763015 6.5
vertex 176.94109274315542 -147.95286906700775 6.5
vertex 176.88864810554713 -148.12575586763015 6.5
endloop
endfacet
facet normal 0 0 1
outer loop
vertex 180.29635509445288 -148.12575586763015 6.5
vertex 180.2439104568446 -147.95286906700775 6.5
vertex 179.42397121231912 -147.95286906700775 6.5
endloop
endfacet
facet normal 0 0 1
outer loop
vertex 180.29635509445288 -148.12575586763015 6.5
vertex 179.42397121231912 -147.95286906700775 6.5
vertex 179.51638113251067 -148.12575586763015 6.5
endloop
endfacet
facet normal 0 0 1
outer loop
vertex 177.76103198769638 -147.95286906700775 6.5
vertex 177.88539481881443 -147.801332518798 6.5
vertex 176.99570889371378 -147.801332518798 6.5
endloop
endfacet
facet normal 0 0 1
outer loop
vertex 177.76103198769638 -147.95286906700775 6.5
vertex 176.99570889371378 -147.801332518798 6.5
vertex 176.97571241810525 -147.83874329336115 6.5
endloop
endfacet
facet normal 0 0 1
outer loop
vertex 177.76103198769638 -147.95286906700775 6.5
vertex 176.97571241810525 -147.83874329336115 6.5
vertex 176.94109274315542 -147.95286906700775 6.5
endloop
endfacet
facet normal 0 0 1
outer loop
vertex 180.2439104568446 -147.95286906700775 6.5
vertex 180.20929078189477 -147.83874329336115 6.5
vertex 180.18929430628623 -147.801332518798 6.5
endloop
endfacet
facet normal 0 0 1
outer loop
vertex 180.2439104568446 -147.95286906700775 6.5
vertex 180.18929430628623 -147.801332518798 6.5
vertex 179.29960838116799 -147.801332518798 6.5
endloop
endfacet
facet normal 0 0 1
outer loop
vertex 180.2439104568446 -147.95286906700775 6.5
vertex 179.29960838116799 -147.801332518798 6.5
vertex 179.42397121231912 -147.95286906700775 6.5
endloop
endfacet
facet normal 0 0 1
outer loop
vertex 177.88539481881443 -147.801332518798 6.5
vertex 178.03693136698203 -147.67696968769795 6.5
vertex 177.06218221183514 -147.67696968769795 6.5
endloop
endfacet
facet normal 0 0 1
outer loop
vertex 177.88539481881443 -147.801332518798 6.5
vertex 177.06218221183514 -147.67696968769795 6.5
vertex 176.99570889371378 -147.801332518798 6.5
endloop
endfacet
facet normal 0 0 1
outer loop
vertex 180.18929430628623 -147.801332518798 6.5
vertex 180.12282098816488 -147.67696968769795 6.5
vertex 179.14807183302045 -147.67696968769795 6.5
endloop
endfacet
facet normal 0 0 1
outer loop
vertex 180.18929430628623 -147.801332518798 6.5
vertex 179.14807183302045 -147.67696968769795 6.5
vertex 179.29960838116799 -147.801332518798 6.5
endloop
endfacet
facet normal 0 0 1
outer loop
vertex 178.03693136698203 -147.67696968769795 6.5
vertex 178.20981816763447 -147.5845597674861 6.5
vertex 177.11157634326068 -147.5845597674861 6.5
endloop
endfacet
facet normal 0 0 1
outer loop
vertex 178.03693136698203 -147.67696968769795 6.5
vertex 177.11157634326068 -147.5845597674861 6.5
vertex 177.06218221183514 -147.67696968769795 6.5
endloop
endfacet
facet normal 0 0 1
outer loop
vertex 180.12282098816488 -147.67696968769795 6.5
vertex 180.07342685673933 -147.5845597674861 6.5
vertex 178.97518503236012 -147.5845597674861 6.5
endloop
endfacet
facet normal 0 0 1
outer loop
vertex 180.12282098816488 -147.67696968769795 6.5
vertex 178.97518503236012 -147.5845597674861 6.5
vertex 179.14807183302045 -147.67696968769795 6.5
endloop
endfacet
facet normal 0 0 1
outer loop
vertex 178.20981816763447 -147.5845597674861 6.5
vertex 178.3974112779914 -147.52765401959869 6.5
vertex 177.1444362191067 -147.52765401959869 6.5
endloop
endfacet
facet normal 0 0 1
outer loop
vertex 178.20981816763447 -147.5845597674861 6.5
vertex 177.1444362191067 -147.52765401959869 6.5
vertex 177.13742977847056 -147.53619139221564 6.5
endloop
endfacet
facet normal 0 0 1
outer loop
vertex 178.20981816763447 -147.5845597674861 6.5
vertex 177.13742977847056 -147.53619139221564 6.5
vertex 177.11157634326068 -147.5845597674861 6.5
endloop
endfacet
facet normal 0 0 1
outer loop
vertex 180.07342685673933 -147.5845597674861 6.5
vertex 180.04757342152942 -147.53619139221564 6.5
vertex 180.0405669808933 -147.52765401959869 6.5
endloop
endfacet
facet normal 0 0 1
outer loop
vertex 180.07342685673933 -147.5845597674861 6.5
vertex 180.0405669808933 -147.52765401959869 6.5
vertex 178.78759192202617 -147.52765401959869 6.5
endloop
endfacet
facet normal 0 0 1
outer loop
vertex 180.07342685673933 -147.5845597674861 6.5
vertex 178.78759192202617 -147.52765401959869 6.5
vertex 178.97518503236012 -147.5845597674861 6.5
endloop
endfacet
facet normal 0 0 1
outer loop
vertex 178.3974112779914 -147.52765401959869 6.5
vertex 178.59250159998558 -147.5084392999995 6.5
vertex 177.16020533195348 -147.5084392999995 6.5
endloop
endfacet
facet normal 0 0 1
outer loop
vertex 178.3974112779914 -147.52765401959869 6.5
vertex 177.16020533195348 -147.5084392999995 6.5
vertex 177.1444362191067 -147.52765401959869 6.5
endloop
endfacet
facet normal 0 0 1
outer loop
vertex 180.0405669808933 -147.52765401959869 6.5
vertex 180.02479786804653 -147.5084392999995 6.5
vertex 178.59250159998558 -147.5084392999995 6.5
endloop
endfacet
facet normal 0 0 1
outer loop
vertex 180.0405669808933 -147.52765401959869 6.5
vertex 178.59250159998558 -147.5084392999995 6.5
vertex 178.78759192202617 -147.52765401959869 6.5
endloop
endfacet
facet normal 0 0 1
outer loop
vertex 178.59250159998558 -147.5084392999995 6.5
vertex 180.02479786804653 -147.5084392999995 6.5
vertex 179.82993846707652 -147.27100243292355 6.5
endloop
endfacet
facet normal 0 0 1
outer loop
vertex 178.59250159998558 -147.5084392999995 6.5
vertex 179.82993846707652 -147.27100243292355 6.5
vertex 179.56474950778426 -147.05336747847048 6.5
endloop
endfacet
facet normal 0 0 1
outer loop
vertex 178.59250159998558 -147.5084392999995 6.5
vertex 179.56474950778426 -147.05336747847048 6.5
vertex 179.26219760663915 -146.89165011810533 6.5
endloop
endfacet
facet normal 0 0 1
outer loop
vertex 178.59250159998558 -147.5084392999995 6.5
vertex 179.26219760663915 -146.89165011810533 6.5
vertex 178.93390966352825 -146.79206505929437 6.5
endloop
endfacet
facet normal 0 0 1
outer loop
vertex 178.59250159998558 -147.5084392999995 6.5
vertex 178.93390966352825 -146.79206505929437 6.5
vertex 178.59250159999985 -146.7584393 6.5
endloop
endfacet
facet normal 0 0 1
outer loop
vertex 178.59250159998558 -147.5084392999995 6.5
vertex 178.59250159999985 -146.7584393 6.5
vertex 178.25109353647187 -146.79206505929437 6.5
endloop
endfacet
facet normal 0 0 1
outer loop
vertex 178.59250159998558 -147.5084392999995 6.5
vertex 178.25109353647187 -146.79206505929437 6.5
vertex 177.92280559336092 -146.89165011810533 6.5
endloop
endfacet
facet normal 0 0 1
outer loop
vertex 178.59250159998558 -147.5084392999995 6.5
vertex 177.92280559336092 -146.89165011810533 6.5
vertex 177.62025369221584 -147.05336747847048 6.5
endloop
endfacet
facet normal 0 0 1
outer loop
vertex 178.59250159998558 -147.5084392999995 6.5
vertex 177.62025369221584 -147.05336747847048 6.5
vertex 177.35506473292355 -147.27100243292355 6.5
endloop
endfacet
facet normal 0 0 1
outer loop
vertex 178.59250159998558 -147.5084392999995 6.5
vertex 177.35506473292355 -147.27100243292355 6.5
vertex 177.16020533195348 -147.5084392999995 6.5
endloop
endfacet
facet normal 0 0 1
outer loop
vertex 90.12681946352826 -122.95940124070565 6.5
vertex 90.45510740663876 -122.8598161818948 6.5
vertex 90.7576593077844 -122.6980988215294 6.5
endloop
endfacet
facet normal 0 0 1
outer loop
vertex 90.12681946352826 -122.95940124070565 6.5
vertex 90.7576593077844 -122.6980988215294 6.5
vertex 91.02284826707644 -122.48046386707647 6.5
endloop
endfacet
facet normal 0 0 1
outer loop
vertex 90.12681946352826 -122.95940124070565 6.5
vertex 91.02284826707644 -122.48046386707647 6.5
vertex 91.21770766804659 -122.24302700000042 6.5
endloop
endfacet
facet normal 0 0 1
outer loop
vertex 90.12681946352826 -122.95940124070565 6.5
vertex 91.21770766804659 -122.24302700000042 6.5
vertex 89.78541140000314 -122.24302700000042 6.5
endloop
endfacet
facet normal 0 0 1
outer loop
vertex 90.12681946352826 -122.95940124070565 6.5
vertex 89.78541140000314 -122.24302700000042 6.5
vertex 88.35311513195339 -122.24302700000042 6.5
endloop
endfacet
facet normal 0 0 1
outer loop
vertex 90.12681946352826 -122.95940124070565 6.5
vertex 88.35311513195339 -122.24302700000042 6.5
vertex 88.54797453292358 -122.48046386707647 6.5
endloop
endfacet
facet normal 0 0 1
outer loop
vertex 90.12681946352826 -122.95940124070565 6.5
vertex 88.54797453292358 -122.48046386707647 6.5
vertex 88.81316349221571 -122.6980988215294 6.5
endloop
endfacet
facet normal 0 0 1
outer loop
vertex 90.12681946352826 -122.95940124070565 6.5
vertex 88.81316349221571 -122.6980988215294 6.5
vertex 89.11571539336106 -122.8598161818948 6.5
endloop
endfacet
facet normal 0 0 1
outer loop
vertex 90.12681946352826 -122.95940124070565 6.5
vertex 89.11571539336106 -122.8598161818948 6.5
vertex 89.44400333647178 -122.95940124070565 6.5
endloop
endfacet
facet normal 0 0 1
outer loop
vertex 90.12681946352826 -122.95940124070565 6.5
vertex 89.44400333647178 -122.95940124070565 6.5
vertex 89.78541140000006 -122.993027 6.5
endloop
endfacet
facet normal 0 0 1
outer loop
vertex 89.78541140000314 -122.24302700000042 6.5
vertex 89.59032107798787 -122.22381228040373 6.5
vertex 88.33734601910864 -122.22381228040373 6.5
endloop
endfacet
facet normal 0 0 1
outer loop
vertex 89.78541140000314 -122.24302700000042 6.5
vertex 88.33734601910864 -122.22381228040373 6.5
vertex 88.35311513195339 -122.24302700000042 6.5
endloop
endfacet
facet normal 0 0 1
outer loop
vertex 91.21770766804659 -122.24302700000042 6.5
vertex 91.23347678089131 -122.22381228040373 6.5
vertex 89.98050172201843 -122.22381228040373 6.5
endloop
endfacet
facet normal 0 0 1
outer loop
vertex 91.21770766804659 -122.24302700000042 6.5
vertex 89.98050172201843 -122.22381228040373 6.5
vertex 89.78541140000314 -122.24302700000042 6.5
endloop
endfacet
facet normal 0 0 1
outer loop
vertex 89.59032107798787 -122.22381228040373 6.5
vertex 89.40272796762366 -122.16690653250717 6.5
vertex 88.30448614325702 -122.16690653250717 6.5
endloop
endfacet
facet normal 0 0 1
outer loop
vertex 89.59032107798787 -122.22381228040373 6.5
vertex 88.30448614325702 -122.16690653250717 6.5
vertex 88.33033957847051 -122.21527490778436 6.5
endloop
endfacet
facet normal 0 0 1
outer loop
vertex 89.59032107798787 -122.22381228040373 6.5
vertex 88.33033957847051 -122.21527490778436 6.5
vertex 88.33734601910864 -122.22381228040373 6.5
endloop
endfacet
facet normal 0 0 1
outer loop
vertex 91.23347678089131 -122.22381228040373 6.5
vertex 91.24048322152943 -122.21527490778436 6.5
vertex 91.26633665674294 -122.16690653250717 6.5
endloop
endfacet
facet normal 0 0 1
outer loop
vertex 91.23347678089131 -122.22381228040373 6.5
vertex 91.26633665674294 -122.16690653250717 6.5
vertex 90.16809483237257 -122.16690653250717 6.5
endloop
endfacet
facet normal 0 0 1
outer loop
vertex 91.23347678089131 -122.22381228040373 6.5
vertex 90.16809483237257 -122.16690653250717 6.5
vertex 89.98050172201843 -122.22381228040373 6.5
endloop
endfacet
facet normal 0 0 1
outer loop
vertex 89.40272796762366 -122.16690653250717 6.5
vertex 89.22984116698407 -122.0744966123064 6.5
vertex 88.25509201183742 -122.0744966123064 6.5
endloop
endfacet
facet normal 0 0 1
outer loop
vertex 89.40272796762366 -122.16690653250717 6.5
vertex 88.25509201183742 -122.0744966123064 6.5
vertex 88.30448614325702 -122.16690653250717 6.5
endloop
endfacet
facet normal 0 0 1
outer loop
vertex 91.26633665674294 -122.16690653250717 6.5
vertex 91.31573078816255 -122.0744966123064 6.5
vertex 90.34098163300945 -122.0744966123064 6.5
endloop
endfacet
facet normal 0 0 1
outer loop
vertex 91.26633665674294 -122.16690653250717 6.5
vertex 90.34098163300945 -122.0744966123064 6.5
vertex 90.16809483237257 -122.16690653250717 6.5
endloop
endfacet
facet normal 0 0 1
outer loop
vertex 89.22984116698407 -122.0744966123064 6.5
vertex 89.07830461881164 -121.95013378118591 6.5
vertex 88.1886186937052 -121.95013378118591 6.5
endloop
endfacet
facet normal 0 0 1
outer loop
vertex 89.22984116698407 -122.0744966123064 6.5
vertex 88.1886186937052 -121.95013378118591 6.5
vertex 88.25509201183742 -122.0744966123064 6.5
endloop
endfacet
facet normal 0 0 1
outer loop
vertex 91.31573078816255 -122.0744966123064 6.5
vertex 91.38220410629482 -121.95013378118591 6.5
vertex 90.49251818119077 -121.95013378118591 6.5
endloop
endfacet
facet normal 0 0 1
outer loop
vertex 91.31573078816255 -122.0744966123064 6.5
vertex 90.49251818119077 -121.95013378118591 6.5
vertex 90.34098163300945 -122.0744966123064 6.5
endloop
endfacet
facet normal 0 0 1
outer loop
vertex 89.07830461881164 -121.95013378118591 6.5
vertex 88.95394178769993 -121.79859723302418 6.5
vertex 88.13400254316511 -121.79859723302418 6.5
endloop
endfacet
facet normal 0 0 1
outer loop
vertex 89.07830461881164 -121.95013378118591 6.5
vertex 88.13400254316511 -121.79859723302418 6.5
vertex 88.16862221810526 -121.91272300663886 6.5
endloop
endfacet
facet normal 0 0 1
outer loop
vertex 89.07830461881164 -121.95013378118591 6.5
vertex 88.16862221810526 -121.91272300663886 6.5
vertex 88.1886186937052 -121.95013378118591 6.5
endloop
endfacet
facet normal 0 0 1
outer loop
vertex 91.38220410629482 -121.95013378118591 6.5
vertex 91.40220058189477 -121.91272300663886 6.5
vertex 91.4368202568349 -121.79859723302418 6.5
endloop
endfacet
facet normal 0 0 1
outer loop
vertex 91.38220410629482 -121.95013378118591 6.5
vertex 91.4368202568349 -121.79859723302418 6.5
vertex 90.61688101229801 -121.79859723302418 6.5
endloop
endfacet
facet normal 0 0 1
outer loop
vertex 91.38220410629482 -121.95013378118591 6.5
vertex 90.61688101229801 -121.79859723302418 6.5
vertex 90.49251818119077 -121.95013378118591 6.5
endloop
endfacet
facet normal 0 0 1
outer loop
vertex 88.95394178769993 -121.79859723302418 6.5
vertex 88.86153186749033 -121.62571043236805 6.5
vertex 88.08155790554659 -121.62571043236805 6.5
endloop
endfacet
facet normal 0 0 1
outer loop
vertex 88.95394178769993 -121.79859723302418 6.5
vertex 88.08155790554659 -121.62571043236805 6.5
vertex 88.13400254316511 -121.79859723302418 6.5
endloop
endfacet
facet normal 0 0 1
outer loop
vertex 91.4368202568349 -121.79859723302418 6.5
vertex 91.48926489445343 -121.62571043236805 6.5
vertex 90.70929093251098 -121.62571043236805 6.5
endloop
endfacet
facet normal 0 0 1
outer loop
vertex 91.4368202568349 -121.79859723302418 6.5
vertex 90.70929093251098 -121.62571043236805 6.5
vertex 90.61688101229801 -121.79859723302418 6.5
endloop
endfacet
facet normal 0 0 1
outer loop
vertex 88.86153186749033 -121.62571043236805 6.5
vertex 88.80462611959629 -121.43811732201218 6.5
vertex 88.05462611959639 -121.43811732201218 6.5
endloop
endfacet
facet normal 0 0 1
outer loop
vertex 88.86153186749033 -121.62571043236805 6.5
vertex 88.05462611959639 -121.43811732201218 6.5
vertex 88.06903715929437 -121.58443506352822 6.5
endloop
endfacet
facet normal 0 0 1
outer loop
vertex 88.86153186749033 -121.62571043236805 6.5
vertex 88.06903715929437 -121.58443506352822 6.5
vertex 88.08155790554659 -121.62571043236805 6.5
endloop
endfacet
facet normal 0 0 1
outer loop
vertex 91.48926489445343 -121.62571043236805 6.5
vertex 91.50178564070566 -121.58443506352822 6.5
vertex 91.51619668040362 -121.43811732201218 6.5
endloop
endfacet
facet normal 0 0 1
outer loop
vertex 91.48926489445343 -121.62571043236805 6.5
vertex 91.51619668040362 -121.43811732201218 6.5
vertex 90.76619668040374 -121.43811732201218 6.5
endloop
endfacet
facet normal 0 0 1
outer loop
vertex 91.48926489445343 -121.62571043236805 6.5
vertex 90.76619668040374 -121.43811732201218 6.5
vertex 90.70929093251098 -121.62571043236805 6.5
endloop
endfacet
facet normal 0 0 1
outer loop
vertex 88.80462611959629 -121.43811732201218 6.5
vertex 88.78541139999999 -121.24302700000008 6.5
vertex 88.0354114 -121.24302700000008 6.5
endloop
endfacet
facet normal 0 0 1
outer loop
vertex 88.80462611959629 -121.43811732201218 6.5
vertex 88.0354114 -121.24302700000008 6.5
vertex 88.05462611959639 -121.43811732201218 6.5
endloop
endfacet
facet normal 0 0 1
outer loop
vertex 91.51619668040362 -121.43811732201218 6.5
vertex 91.5354114 -121.24302700000008 6.5
vertex 90.78541140000006 -121.24302700000008 6.5
endloop
endfacet
facet normal 0 0 1
outer loop
vertex 91.51619668040362 -121.43811732201218 6.5
vertex 90.78541140000006 -121.24302700000008 6.5
vertex 90.76619668040374 -121.43811732201218 6.5
endloop
endfacet
facet normal 0 0 1
outer loop
vertex 88.78541139999999 -121.24302700000008 6.5
vertex 88.80462611959712 -121.04793667799647 6.5
vertex 88.05462611959553 -121.04793667799647 6.5
endloop
endfacet
facet normal 0 0 1
outer loop
vertex 88.78541139999999 -121.24302700000008 6.5
vertex 88.05462611959553 -121.04793667799647 6.5
vertex 88.0354114 -121.24302700000008 6.5
endloop
endfacet
facet normal 0 0 1
outer loop
vertex 91.5354114 -121.24302700000008 6.5
vertex 91.51619668040446 -121.04793667799647 6.5
vertex 90.76619668040452 -121.04793667799647 6.5
endloop
endfacet
facet normal 0 0 1
outer loop
vertex 91.5354114 -121.24302700000008 6.5
vertex 90.76619668040452 -121.04793667799647 6.5
vertex 90.78541140000006 -121.24302700000008 6.5
endloop
endfacet
facet normal 0 0 1
outer loop
vertex 88.80462611959712 -121.04793667799647 6.5
vertex 88.8615318674859 -120.86034356762234 6.5
vertex 88.08155790554949 -120.86034356762234 6.5
endloop
endfacet
facet normal 0 0 1
outer loop
vertex 88.80462611959712 -121.04793667799647 6.5
vertex 88.08155790554949 -120.86034356762234 6.5
vertex 88.06903715929434 -120.90161893647176 6.5
endloop
endfacet
facet normal 0 0 1
outer loop
vertex 88.80462611959712 -121.04793667799647 6.5
vertex 88.06903715929434 -120.90161893647176 6.5
vertex 88.05462611959553 -121.04793667799647 6.5
endloop
endfacet
facet normal 0 0 1
outer loop
vertex 91.51619668040446 -121.04793667799647 6.5
vertex 91.50178564070563 -120.90161893647176 6.5
vertex 91.48926489445049 -120.86034356762234 6.5
endloop
endfacet
facet normal 0 0 1
outer loop
vertex 91.51619668040446 -121.04793667799647 6.5
vertex 91.48926489445049 -120.86034356762234 6.5
vertex 90.70929093250494 -120.86034356762234 6.5
endloop
endfacet
facet normal 0 0 1
outer loop
vertex 91.51619668040446 -121.04793667799647 6.5
vertex 90.70929093250494 -120.86034356762234 6.5
vertex 90.76619668040452 -121.04793667799647 6.5
endloop
endfacet
facet normal 0 0 1
outer loop
vertex 88.8615318674859 -120.86034356762234 6.5
vertex 88.95394178770141 -120.6874567669787 6.5
vertex 88.13400254316424 -120.6874567669787 6.5
endloop
endfacet
facet normal 0 0 1
outer loop
vertex 88.8615318674859 -120.86034356762234 6.5
vertex 88.13400254316424 -120.6874567669787 6.5
vertex 88.08155790554949 -120.86034356762234 6.5
endloop
endfacet
facet normal 0 0 1
outer loop
vertex 91.48926489445049 -120.86034356762234 6.5
vertex 91.43682025683576 -120.6874567669787 6.5
vertex 90.616881012302 -120.6874567669787 6.5
endloop
endfacet
facet normal 0 0 1
outer loop
vertex 91.48926489445049 -120.86034356762234 6.5
vertex 90.616881012302 -120.6874567669787 6.5
vertex 90.70929093250494 -120.86034356762234 6.5
endloop
endfacet
facet normal 0 0 1
outer loop
vertex 88.95394178770141 -120.6874567669787 6.5
vertex 89.0783046188126 -120.53592021881806 6.5
vertex 88.18861869370306 -120.53592021881806 6.5
endloop
endfacet
facet normal 0 0 1
outer loop
vertex 88.95394178770141 -120.6874567669787 6.5
vertex 88.18861869370306 -120.53592021881806 6.5
vertex 88.16862221810527 -120.5733309933611 6.5
endloop
endfacet
facet normal 0 0 1
outer loop
vertex 88.95394178770141 -120.6874567669787 6.5
vertex 88.16862221810527 -120.5733309933611 6.5
vertex 88.13400254316424 -120.6874567669787 6.5
endloop
endfacet
facet normal 0 0 1
outer loop
vertex 91.43682025683576 -120.6874567669787 6.5
vertex 91.40220058189473 -120.5733309933611 6.5
vertex 91.38220410629694 -120.53592021881806 6.5
endloop
endfacet
facet normal 0 0 1
outer loop
vertex 91.43682025683576 -120.6874567669787 6.5
vertex 91.38220410629694 -120.53592021881806 6.5
vertex 90.4925181811912 -120.53592021881806 6.5
endloop
endfacet
facet normal 0 0 1
outer loop
vertex 91.43682025683576 -120.6874567669787 6.5
vertex 90.4925181811912 -120.53592021881806 6.5
vertex 90.616881012302 -120.6874567669787 6.5
endloop
endfacet
facet normal 0 0 1
outer loop
vertex 89.0783046188126 -120.53592021881806 6.5
vertex 89.2298411669821 -120.4115573876899 6.5
vertex 88.25509201183942 -120.4115573876899 6.5
endloop
endfacet
facet normal 0 0 1
outer loop
vertex 89.0783046188126 -120.53592021881806 6.5
vertex 88.25509201183942 -120.4115573876899 6.5
vertex 88.18861869370306 -120.53592021881806 6.5
endloop
endfacet
facet normal 0 0 1
outer loop
vertex 91.38220410629694 -120.53592021881806 6.5
vertex 91.31573078816058 -120.4115573876899 6.5
vertex 90.34098163300942 -120.4115573876899 6.5
endloop
endfacet
facet normal 0 0 1
outer loop
vertex 91.38220410629694 -120.53592021881806 6.5
vertex 90.34098163300942 -120.4115573876899 6.5
vertex 90.4925181811912 -120.53592021881806 6.5
endloop
endfacet
facet normal 0 0 1
outer loop
vertex 89.2298411669821 -120.4115573876899 6.5
vertex 89.40272796763388 -120.31914746749615 6.5
vertex 88.30448614325529 -120.31914746749615 6.5
endloop
endfacet
facet normal 0 0 1
outer loop
vertex 89.2298411669821 -120.4115573876899 6.5
vertex 88.30448614325529 -120.31914746749615 6.5
vertex 88.25509201183942 -120.4115573876899 6.5
endloop
endfacet
facet normal 0 0 1
outer loop
vertex 91.31573078816058 -120.4115573876899 6.5
vertex 91.2663366567447 -120.31914746749615 6.5
vertex 90.16809483238299 -120.31914746749615 6.5
endloop
endfacet
facet normal 0 0 1
outer loop
vertex 91.31573078816058 -120.4115573876899 6.5
vertex 90.16809483238299 -120.31914746749615 6.5
vertex 90.34098163300942 -120.4115573876899 6.5
endloop
endfacet
facet normal 0 0 1
outer loop
vertex 89.40272796763388 -120.31914746749615 6.5
vertex 89.5903210779826 -120.26224171959657 6.5
vertex 88.33734601910842 -120.26224171959657 6.5
endloop
endfacet
facet normal 0 0 1
outer loop
vertex 89.40272796763388 -120.31914746749615 6.5
vertex 88.33734601910842 -120.26224171959657 6.5
vertex 88.33033957847056 -120.27077909221563 6.5
endloop
endfacet
facet normal 0 0 1
outer loop
vertex 89.40272796763388 -120.31914746749615 6.5
vertex 88.33033957847056 -120.27077909221563 6.5
vertex 88.30448614325529 -120.31914746749615 6.5
endloop
endfacet
facet normal 0 0 1
outer loop
vertex 91.2663366567447 -120.31914746749615 6.5
vertex 91.24048322152942 -120.27077909221563 6.5
vertex 91.23347678089155 -120.26224171959657 6.5
endloop
endfacet
facet normal 0 0 1
outer loop
vertex 91.2663366567447 -120.31914746749615 6.5
vertex 91.23347678089155 -120.26224171959657 6.5
vertex 89.98050172200882 -120.26224171959657 6.5
endloop
endfacet
facet normal 0 0 1
outer loop
vertex 91.2663366567447 -120.31914746749615 6.5
vertex 89.98050172200882 -120.26224171959657 6.5
vertex 90.16809483238299 -120.31914746749615 6.5
endloop
endfacet
facet normal 0 0 1
outer loop
vertex 89.5903210779826 -120.26224171959657 6.5
vertex 89.78541139999756 -120.24302700000028 6.5
vertex 88.35311513195282 -120.24302700000028 6.5
endloop
endfacet
facet normal 0 0 1
outer loop
vertex 89.5903210779826 -120.26224171959657 6.5
vertex 88.35311513195282 -120.24302700000028 6.5
vertex 88.33734601910842 -120.26224171959657 6.5
endloop
endfacet
facet normal 0 0 1
outer loop
vertex 91.23347678089155 -120.26224171959657 6.5
vertex 91.21770766804715 -120.24302700000028 6.5
vertex 89.78541139999756 -120.24302700000028 6.5
endloop
endfacet
facet normal 0 0 1
outer loop
vertex 91.23347678089155 -120.26224171959657 6.5
vertex 89.78541139999756 -120.24302700000028 6.5
vertex 89.98050172200882 -120.26224171959657 6.5
endloop
endfacet
facet normal 0 0 1
outer loop
vertex 89.78541139999756 -120.24302700000028 6.5
vertex 91.21770766804715 -120.24302700000028 6.5
vertex 91.02284826707651 -120.0055901329236 6.5
endloop
endfacet
facet normal 0 0 1
outer loop
vertex 89.78541139999756 -120.24302700000028 6.5
vertex 91.02284826707651 -120.0055901329236 6.5
vertex 90.75765930778431 -119.78795517847054 6.5
endloop
endfacet
facet normal 0 0 1
outer loop
vertex 89.78541139999756 -120.24302700000028 6.5
vertex 90.75765930778431 -119.78795517847054 6.5
vertex 90.45510740663892 -119.62623781810527 6.5
endloop
endfacet
facet normal 0 0 1
outer loop
vertex 89.78541139999756 -120.24302700000028 6.5
vertex 90.45510740663892 -119.62623781810527 6.5
vertex 90.12681946352815 -119.52665275929434 6.5
endloop
endfacet
facet normal 0 0 1
outer loop
vertex 89.78541139999756 -120.24302700000028 6.5
vertex 90.12681946352815 -119.52665275929434 6.5
vertex 89.78541140000006 -119.493027 6.5
endloop
endfacet
facet normal 0 0 1
outer loop
vertex 89.78541139999756 -120.24302700000028 6.5
vertex 89.78541140000006 -119.493027 6.5
vertex 89.44400333647171 -119.52665275929434 6.5
endloop
endfacet
facet normal 0 0 1
outer loop
vertex 89.78541139999756 -120.24302700000028 6.5
vertex 89.44400333647171 -119.52665275929434 6.5
vertex 89.11571539336121 -119.62623781810527 6.5
endloop
endfacet
facet normal 0 0 1
outer loop
vertex 89.78541139999756 -120.24302700000028 6.5
vertex 89.11571539336121 -119.62623781810527 6.5
vertex 88.81316349221565 -119.78795517847054 6.5
endloop
endfacet
facet normal 0 0 1
outer loop
vertex 89.78541139999756 -120.24302700000028 6.5
vertex 88.81316349221565 -119.78795517847054 6.5
vertex 88.54797453292352 -120.0055901329236 6.5
endloop
endfacet
facet normal 0 0 1
outer loop
vertex 89.78541139999756 -120.24302700000028 6.5
vertex 88.54797453292352 -120.0055901329236 6.5
vertex 88.35311513195282 -120.24302700000028 6.5
endloop
endfacet
facet normal 0 0 1
outer loop
vertex 132.01531106352823 -104.23123874070565 6.5
vertex 132.3435990066389 -104.13165368189475 6.5
vertex 132.64615090778432 -103.96993632152946 6.5
endloop
endfacet
facet normal 0 0 1
outer loop
vertex 132.01531106352823 -104.23123874070565 6.5
vertex 132.64615090778432 -103.96993632152946 6.5
vertex 132.91133986707644 -103.7523013670765 6.5
endloop
endfacet
facet normal 0 0 1
outer loop
vertex 132.01531106352823 -104.23123874070565 6.5
vertex 132.91133986707644 -103.7523013670765 6.5
vertex 133.10619926804694 -103.51486449999997 6.5
endloop
endfacet
facet normal 0 0 1
outer loop
vertex 132.01531106352823 -104.23123874070565 6.5
vertex 133.10619926804694 -103.51486449999997 6.5
vertex 131.6739030000091 -103.51486449999997 6.5
endloop
endfacet
facet normal 0 0 1
outer loop
vertex 132.01531106352823 -104.23123874070565 6.5
vertex 131.6739030000091 -103.51486449999997 6.5
vertex 130.24160673195308 -103.51486449999997 6.5
endloop
endfacet
facet normal 0 0 1
outer loop
vertex 132.01531106352823 -104.23123874070565 6.5
vertex 130.24160673195308 -103.51486449999997 6.5
vertex 130.4364661329235 -103.7523013670765 6.5
endloop
endfacet
facet normal 0 0 1
outer loop
vertex 132.01531106352823 -104.23123874070565 6.5
vertex 130.4364661329235 -103.7523013670765 6.5
vertex 130.70165509221576 -103.96993632152946 6.5
endloop
endfacet
facet normal 0 0 1
outer loop
vertex 132.01531106352823 -104.23123874070565 6.5
vertex 130.70165509221576 -103.96993632152946 6.5
vertex 131.00420699336112 -104.13165368189475 6.5
endloop
endfacet
facet normal 0 0 1
outer loop
vertex 132.01531106352823 -104.23123874070565 6.5
vertex 131.00420699336112 -104.13165368189475 6.5
vertex 131.33249493647182 -104.23123874070565 6.5
endloop
endfacet
facet normal 0 0 1
outer loop
vertex 132.01531106352823 -104.23123874070565 6.5
vertex 131.33249493647182 -104.23123874070565 6.5
vertex 131.67390300000002 -104.2648645 6.5
endloop
endfacet
facet normal 0 0 1
outer loop
vertex 131.6739030000091 -103.51486449999997 6.5
vertex 131.47881267798127 -103.49564978040205 6.5
vertex 130.22583761910735 -103.49564978040205 6.5
endloop
endfacet
facet normal 0 0 1
outer loop
vertex 131.6739030000091 -103.51486449999997 6.5
vertex 130.22583761910735 -103.49564978040205 6.5
vertex 130.24160673195308 -103.51486449999997 6.5
endloop
endfacet
facet normal 0 0 1
outer loop
vertex 133.10619926804694 -103.51486449999997 6.5
vertex 133.1219683808927 -103.49564978040205 6.5
vertex 131.8689933220369 -103.49564978040205 6.5
endloop
endfacet
facet normal 0 0 1
outer loop
vertex 133.10619926804694 -103.51486449999997 6.5
vertex 131.8689933220369 -103.49564978040205 6.5
vertex 131.6739030000091 -103.51486449999997 6.5
endloop
endfacet
facet normal 0 0 1
outer loop
vertex 131.47881267798127 -103.49564978040205 6.5
vertex 131.29121956763936 -103.43874403251226 6.5
vertex 130.19297774325983 -103.43874403251226 6.5
endloop
endfacet
facet normal 0 0 1
outer loop
vertex 131.47881267798127 -103.49564978040205 6.5
vertex 130.19297774325983 -103.43874403251226 6.5
vertex 130.2188311784706 -103.48711240778432 6.5
endloop
endfacet
facet normal 0 0 1
outer loop
vertex 131.47881267798127 -103.49564978040205 6.5
vertex 130.2188311784706 -103.48711240778432 6.5
vertex 130.22583761910735 -103.49564978040205 6.5
endloop
endfacet
facet normal 0 0 1
outer loop
vertex 133.1219683808927 -103.49564978040205 6.5
vertex 133.12897482152945 -103.48711240778432 6.5
vertex 133.15482825674022 -103.43874403251226 6.5
endloop
endfacet
facet normal 0 0 1
outer loop
vertex 133.1219683808927 -103.49564978040205 6.5
vertex 133.15482825674022 -103.43874403251226 6.5
vertex 132.05658643236015 -103.43874403251226 6.5
endloop
endfacet
facet normal 0 0 1
outer loop
vertex 133.1219683808927 -103.49564978040205 6.5
vertex 132.05658643236015 -103.43874403251226 6.5
vertex 131.8689933220369 -103.49564978040205 6.5
endloop
endfacet
facet normal 0 0 1
outer loop
vertex 131.29121956763936 -103.43874403251226 6.5
vertex 131.1183327669723 -103.34633411229679 6.5
vertex 130.14358361183233 -103.34633411229679 6.5
endloop
endfacet
facet normal 0 0 1
outer loop
vertex 131.29121956763936 -103.43874403251226 6.5
vertex 130.14358361183233 -103.34633411229679 6.5
vertex 130.19297774325983 -103.43874403251226 6.5
endloop
endfacet
facet normal 0 0 1
outer loop
vertex 133.15482825674022 -103.43874403251226 6.5
vertex 133.20422238816772 -103.34633411229679 6.5
vertex 132.2294732330314 -103.34633411229679 6.5
endloop
endfacet
facet normal 0 0 1
outer loop
vertex 133.15482825674022 -103.43874403251226 6.5
vertex 132.2294732330314 -103.34633411229679 6.5
vertex 132.05658643236015 -103.43874403251226 6.5
endloop
endfacet
facet normal 0 0 1
outer loop
vertex 131.1183327669723 -103.34633411229679 6.5
vertex 130.96679621881887 -103.22197128119191 6.5
vertex 130.0771102937083 -103.22197128119191 6.5
endloop
endfacet
facet normal 0 0 1
outer loop
vertex 131.1183327669723 -103.34633411229679 6.5
vertex 130.0771102937083 -103.22197128119191 6.5
vertex 130.14358361183233 -103.34633411229679 6.5
endloop
endfacet
facet normal 0 0 1
outer loop
vertex 133.20422238816772 -103.34633411229679 6.5
vertex 133.27069570629163 -103.22197128119191 6.5
vertex 132.38100978117353 -103.22197128119191 6.5
endloop
endfacet
facet normal 0 0 1
outer loop
vertex 133.20422238816772 -103.34633411229679 6.5
vertex 132.38100978117353 -103.22197128119191 6.5
vertex 132.2294732330314 -103.34633411229679 6.5
endloop
endfacet
facet normal 0 0 1
outer loop
vertex 130.96679621881887 -103.22197128119191 6.5
vertex 130.84243338768948 -103.07043473300867 6.5
vertex 130.02249414316037 -103.07043473300867 6.5
endloop
endfacet
facet normal 0 0 1
outer loop
vertex 130.96679621881887 -103.22197128119191 6.5
vertex 130.02249414316037 -103.07043473300867 6.5
vertex 130.05711381810525 -103.1845605066391 6.5
endloop
endfacet
facet normal 0 0 1
outer loop
vertex 130.96679621881887 -103.22197128119191 6.5
vertex 130.05711381810525 -103.1845605066391 6.5
vertex 130.0771102937083 -103.22197128119191 6.5
endloop
endfacet
facet normal 0 0 1
outer loop
vertex 133.27069570629163 -103.22197128119191 6.5
vertex 133.29069218189466 -103.1845605066391 6.5
vertex 133.32531185683956 -103.07043473300867 6.5
endloop
endfacet
facet normal 0 0 1
outer loop
vertex 133.27069570629163 -103.22197128119191 6.5
vertex 133.32531185683956 -103.07043473300867 6.5
vertex 132.5053726123141 -103.07043473300867 6.5
endloop
endfacet
facet normal 0 0 1
outer loop
vertex 133.27069570629163 -103.22197128119191 6.5
vertex 132.5053726123141 -103.07043473300867 6.5
vertex 132.38100978117353 -103.22197128119191 6.5
endloop
endfacet
facet normal 0 0 1
outer loop
vertex 130.84243338768948 -103.07043473300867 6.5
vertex 130.75002346749142 -102.8975479323741 6.5
vertex 129.97004950554845 -102.8975479323741 6.5
endloop
endfacet
facet normal 0 0 1
outer loop
vertex 130.84243338768948 -103.07043473300867 6.5
vertex 129.97004950554845 -102.8975479323741 6.5
vertex 130.02249414316037 -103.07043473300867 6.5
endloop
endfacet
facet normal 0 0 1
outer loop
vertex 133.32531185683956 -103.07043473300867 6.5
vertex 133.37775649445155 -102.8975479323741 6.5
vertex 132.5977825325047 -102.8975479323741 6.5
endloop
endfacet
facet normal 0 0 1
outer loop
vertex 133.32531185683956 -103.07043473300867 6.5
vertex 132.5977825325047 -102.8975479323741 6.5
vertex 132.5053726123141 -103.07043473300867 6.5
endloop
endfacet
facet normal 0 0 1
outer loop
vertex 130.75002346749142 -102.8975479323741 6.5
vertex 130.69311771959752 -102.70995482201879 6.5
vertex 129.94311771959704 -102.70995482201879 6.5
endloop
endfacet
facet normal 0 0 1
outer loop
vertex 130.75002346749142 -102.8975479323741 6.5
vertex 129.94311771959704 -102.70995482201879 6.5
vertex 129.95752875929435 -102.85627256352805 6.5
endloop
endfacet
facet normal 0 0 1
outer loop
vertex 130.75002346749142 -102.8975479323741 6.5
vertex 129.95752875929435 -102.85627256352805 6.5
vertex 129.97004950554845 -102.8975479323741 6.5
endloop
endfacet
facet normal 0 0 1
outer loop
vertex 133.37775649445155 -102.8975479323741 6.5
vertex 133.39027724070567 -102.85627256352805 6.5
vertex 133.40468828040298 -102.70995482201879 6.5
endloop
endfacet
facet normal 0 0 1
outer loop
vertex 133.37775649445155 -102.8975479323741 6.5
vertex 133.40468828040298 -102.70995482201879 6.5
vertex 132.65468828040292 -102.70995482201879 6.5
endloop
endfacet
facet normal 0 0 1
outer loop
vertex 133.37775649445155 -102.8975479323741 6.5
vertex 132.65468828040292 -102.70995482201879 6.5
vertex 132.5977825325047 -102.8975479323741 6.5
endloop
endfacet
facet normal 0 0 1
outer loop
vertex 130.69311771959752 -102.70995482201879 6.5
vertex 130.67390300000005 -102.51486450000004 6.5
vertex 129.923903 -102.51486450000004 6.5
endloop
endfacet
facet normal 0 0 1
outer loop
vertex 130.69311771959752 -102.70995482201879 6.5
vertex 129.923903 -102.51486450000004 6.5
vertex 129.94311771959704 -102.70995482201879 6.5
endloop
endfacet
facet normal 0 0 1
outer loop
vertex 133.40468828040298 -102.70995482201879 6.5
vertex 133.423903 -102.51486450000004 6.5
vertex 132.67390300000008 -102.51486450000004 6.5
endloop
endfacet
facet normal 0 0 1
outer loop
vertex 133.40468828040298 -102.70995482201879 6.5
vertex 132.67390300000008 -102.51486450000004 6.5
vertex 132.65468828040292 -102.70995482201879 6.5
endloop
endfacet
facet normal 0 0 1
outer loop
vertex 130.67390300000005 -102.51486450000004 6.5
vertex 130.69311771959627 -102.31977417798365 6.5
vertex 129.94311771959678 -102.31977417798365 6.5
endloop
endfacet
facet normal 0 0 1
outer loop
vertex 130.67390300000005 -102.51486450000004 6.5
vertex 129.94311771959678 -102.31977417798365 6.5
vertex 129.923903 -102.51486450000004 6.5
endloop
endfacet
facet normal 0 0 1
outer loop
vertex 133.423903 -102.51486450000004 6.5
vertex 133.4046882804032 -102.31977417798365 6.5
vertex 132.6546882804032 -102.31977417798365 6.5
endloop
endfacet
facet normal 0 0 1
outer loop
vertex 133.423903 -102.51486450000004 6.5
vertex 132.6546882804032 -102.31977417798365 6.5
vertex 132.67390300000008 -102.51486450000004 6.5
endloop
endfacet
facet normal 0 0 1
outer loop
vertex 130.69311771959627 -102.31977417798365 6.5
vertex 130.75002346748857 -102.13218106762795 6.5
vertex 129.9700495055478 -102.13218106762795 6.5
endloop
endfacet
facet normal 0 0 1
outer loop
vertex 130.69311771959627 -102.31977417798365 6.5
vertex 129.9700495055478 -102.13218106762795 6.5
vertex 129.95752875929435 -102.17345643647172 6.5
endloop
endfacet
facet normal 0 0 1
outer loop
vertex 130.69311771959627 -102.31977417798365 6.5
vertex 129.95752875929435 -102.17345643647172 6.5
vertex 129.94311771959678 -102.31977417798365 6.5
endloop
endfacet
facet normal 0 0 1
outer loop
vertex 133.4046882804032 -102.31977417798365 6.5
vertex 133.39027724070564 -102.17345643647172 6.5
vertex 133.37775649445223 -102.13218106762795 6.5
endloop
endfacet
facet normal 0 0 1
outer loop
vertex 133.4046882804032 -102.31977417798365 6.5
vertex 133.37775649445223 -102.13218106762795 6.5
vertex 132.59778253250911 -102.13218106762795 6.5
endloop
endfacet
facet normal 0 0 1
outer loop
vertex 133.4046882804032 -102.31977417798365 6.5
vertex 132.59778253250911 -102.13218106762795 6.5
vertex 132.6546882804032 -102.31977417798365 6.5
endloop
endfacet
facet normal 0 0 1
outer loop
vertex 130.75002346748857 -102.13218106762795 6.5
vertex 130.8424333876967 -101.95929426696605 6.5
vertex 130.02249414316805 -101.95929426696605 6.5
endloop
endfacet
facet normal 0 0 1
outer loop
vertex 130.75002346748857 -102.13218106762795 6.5
vertex 130.02249414316805 -101.95929426696605 6.5
vertex 129.9700495055478 -102.13218106762795 6.5
endloop
endfacet
facet normal 0 0 1
outer loop
vertex 133.37775649445223 -102.13218106762795 6.5
vertex 133.32531185683195 -101.95929426696605 6.5
vertex 132.50537261229644 -101.95929426696605 6.5
endloop
endfacet
facet normal 0 0 1
outer loop
vertex 133.37775649445223 -102.13218106762795 6.5
vertex 132.50537261229644 -101.95929426696605 6.5
vertex 132.59778253250911 -102.13218106762795 6.5
endloop
endfacet
facet normal 0 0 1
outer loop
vertex 130.8424333876967 -101.95929426696605 6.5
vertex 130.96679621881418 -101.80775771881774 6.5
vertex 130.07711029370319 -101.80775771881774 6.5
endloop
endfacet
facet normal 0 0 1
outer loop
vertex 130.8424333876967 -101.95929426696605 6.5
vertex 130.07711029370319 -101.80775771881774 6.5
vertex 130.05711381810522 -101.84516849336104 6.5
endloop
endfacet
facet normal 0 0 1
outer loop
vertex 130.8424333876967 -101.95929426696605 6.5
vertex 130.05711381810522 -101.84516849336104 6.5
vertex 130.02249414316805 -101.95929426696605 6.5
endloop
endfacet
facet normal 0 0 1
outer loop
vertex 133.32531185683195 -101.95929426696605 6.5
vertex 133.29069218189474 -101.84516849336104 6.5
vertex 133.2706957062968 -101.80775771881774 6.5
endloop
endfacet
facet normal 0 0 1
outer loop
vertex 133.32531185683195 -101.95929426696605 6.5
vertex 133.2706957062968 -101.80775771881774 6.5
vertex 132.38100978119573 -101.80775771881774 6.5
endloop
endfacet
facet normal 0 0 1
outer loop
vertex 133.32531185683195 -101.95929426696605 6.5
vertex 132.38100978119573 -101.80775771881774 6.5
vertex 132.50537261229644 -101.95929426696605 6.5
endloop
endfacet
facet normal 0 0 1
outer loop
vertex 130.96679621881418 -101.80775771881774 6.5
vertex 131.11833276698079 -101.68339488770452 6.5
vertex 130.1435836118316 -101.68339488770452 6.5
endloop
endfacet
facet normal 0 0 1
outer loop
vertex 130.96679621881418 -101.80775771881774 6.5
vertex 130.1435836118316 -101.68339488770452 6.5
vertex 130.07711029370319 -101.80775771881774 6.5
endloop
endfacet
facet normal 0 0 1
outer loop
vertex 133.2706957062968 -101.80775771881774 6.5
vertex 133.20422238816843 -101.68339488770452 6.5
vertex 132.22947323303217 -101.68339488770452 6.5
endloop
endfacet
facet normal 0 0 1
outer loop
vertex 133.2706957062968 -101.80775771881774 6.5
vertex 132.22947323303217 -101.68339488770452 6.5
vertex 132.38100978119573 -101.80775771881774 6.5
endloop
endfacet
facet normal 0 0 1
outer loop
vertex 131.11833276698079 -101.68339488770452 6.5
vertex 131.2912195676409 -101.59098496748439 6.5
vertex 130.1929777432616 -101.59098496748439 6.5
endloop
endfacet
facet normal 0 0 1
outer loop
vertex 131.11833276698079 -101.68339488770452 6.5
vertex 130.1929777432616 -101.59098496748439 6.5
vertex 130.1435836118316 -101.68339488770452 6.5
endloop
endfacet
facet normal 0 0 1
outer loop
vertex 133.20422238816843 -101.68339488770452 6.5
vertex 133.15482825673843 -101.59098496748439 6.5
vertex 132.05658643235637 -101.59098496748439 6.5
endloop
endfacet
facet normal 0 0 1
outer loop
vertex 133.20422238816843 -101.68339488770452 6.5
vertex 132.05658643235637 -101.59098496748439 6.5
vertex 132.22947323303217 -101.68339488770452 6.5
endloop
endfacet
facet normal 0 0 1
outer loop
vertex 131.2912195676409 -101.59098496748439 6.5
vertex 131.4788126779729 -101.53407921959626 6.5
vertex 130.22583761910877 -101.53407921959626 6.5
endloop
endfacet
facet normal 0 0 1
outer loop
vertex 131.2912195676409 -101.59098496748439 6.5
vertex 130.22583761910877 -101.53407921959626 6.5
vertex 130.2188311784705 -101.54261659221582 6.5
endloop
endfacet
facet normal 0 0 1
outer loop
vertex 131.2912195676409 -101.59098496748439 6.5
vertex 130.2188311784705 -101.54261659221582 6.5
vertex 130.1929777432616 -101.59098496748439 6.5
endloop
endfacet
facet normal 0 0 1
outer loop
vertex 133.15482825673843 -101.59098496748439 6.5
vertex 133.12897482152954 -101.54261659221582 6.5
vertex 133.12196838089127 -101.53407921959626 6.5
endloop
endfacet
facet normal 0 0 1
outer loop
vertex 133.15482825673843 -101.59098496748439 6.5
vertex 133.12196838089127 -101.53407921959626 6.5
vertex 131.86899332201997 -101.53407921959626 6.5
endloop
endfacet
facet normal 0 0 1
outer loop
vertex 133.15482825673843 -101.59098496748439 6.5
vertex 131.86899332201997 -101.53407921959626 6.5
vertex 132.05658643235637 -101.59098496748439 6.5
endloop
endfacet
facet normal 0 0 1
outer loop
vertex 131.4788126779729 -101.53407921959626 6.5
vertex 131.67390300000707 -101.51486449999982 6.5
vertex 130.24160673195328 -101.51486449999982 6.5
endloop
endfacet
facet normal 0 0 1
outer loop
vertex 131.4788126779729 -101.53407921959626 6.5
vertex 130.24160673195328 -101.51486449999982 6.5
vertex 130.22583761910877 -101.53407921959626 6.5
endloop
endfacet
facet normal 0 0 1
outer loop
vertex 133.12196838089127 -101.53407921959626 6.5
vertex 133.10619926804674 -101.51486449999982 6.5
vertex 131.67390300000707 -101.51486449999982 6.5
endloop
endfacet
facet normal 0 0 1
outer loop
vertex 133.12196838089127 -101.53407921959626 6.5
vertex 131.67390300000707 -101.51486449999982 6.5
vertex 131.86899332201997 -101.53407921959626 6.5
endloop
endfacet
facet normal 0 0 1
outer loop
vertex 131.67390300000707 -101.51486449999982 6.5
vertex 133.10619926804674 -101.51486449999982 6.5
vertex 132.91133986707644 -101.27742763292353 6.5
endloop
endfacet
facet normal 0 0 1
outer loop
vertex 131.67390300000707 -101.51486449999982 6.5
vertex 132.91133986707644 -101.27742763292353 6.5
vertex 132.6461509077843 -101.05979267847047 6.5
endloop
endfacet
facet normal 0 0 1
outer loop
vertex 131.67390300000707 -101.51486449999982 6.5
vertex 132.6461509077843 -101.05979267847047 6.5
vertex 132.34359900663887 -100.8980753181053 6.5
endloop
endfacet
facet normal 0 0 1
outer loop
vertex 131.67390300000707 -101.51486449999982 6.5
vertex 132.34359900663887 -100.8980753181053 6.5
vertex 132.01531106352832 -100.79849025929434 6.5
endloop
endfacet
facet normal 0 0 1
outer loop
vertex 131.67390300000707 -101.51486449999982 6.5
vertex 132.01531106352832 -100.79849025929434 6.5
vertex 131.67390299999997 -100.7648645 6.5
endloop
endfacet
facet normal 0 0 1
outer loop
vertex 131.67390300000707 -101.51486449999982 6.5
vertex 131.67390299999997 -100.7648645 6.5
vertex 131.33249493647187 -100.79849025929434 6.5
endloop
endfacet
facet normal 0 0 1
outer loop
vertex 131.67390300000707 -101.51486449999982 6.5
vertex 131.33249493647187 -100.79849025929434 6.5
vertex 131.00420699336098 -100.8980753181053 6.5
endloop
endfacet
facet normal 0 0 1
outer loop
vertex 131.67390300000707 -101.51486449999982 6.5
vertex 131.00420699336098 -100.8980753181053 6.5
vertex 130.70165509221582 -101.05979267847047 6.5
endloop
endfacet
facet normal 0 0 1
outer loop
vertex 131.67390300000707 -101.51486449999982 6.5
vertex 130.70165509221582 -101.05979267847047 6.5
vertex 130.43646613292353 -101.27742763292353 6.5
endloop
endfacet
facet normal 0 0 1
outer loop
vertex 131.67390300000707 -101.51486449999982 6.5
vertex 130.43646613292353 -101.27742763292353 6.5
vertex 130.24160673195328 -101.51486449999982 6.5
endloop
endfacet
facet normal 0 0 1
outer loop
vertex 94.7580163635283 -96.69457854070566 6.5
vertex 95.08630430663888 -96.59499348189476 6.5
vertex 95.38885620778426 -96.43327612152943 6.5
endloop
endfacet
facet normal 0 0 1
outer loop
vertex 94.7580163635283 -96.69457854070566 6.5
vertex 95.38885620778426 -96.43327612152943 6.5
vertex 95.65404516707642 -96.21564116707648 6.5
endloop
endfacet
facet normal 0 0 1
outer loop
vertex 94.7580163635283 -96.69457854070566 6.5
vertex 95.65404516707642 -96.21564116707648 6.5
vertex 95.84890456804679 -95.97820430000013 6.5
endloop
endfacet
facet normal 0 0 1
outer loop
vertex 94.7580163635283 -96.69457854070566 6.5
vertex 95.84890456804679 -95.97820430000013 6.5
vertex 94.41660830000019 -95.97820430000013 6.5
endloop
endfacet
facet normal 0 0 1
outer loop
vertex 94.7580163635283 -96.69457854070566 6.5
vertex 94.41660830000019 -95.97820430000013 6.5
vertex 92.98431203195314 -95.97820430000013 6.5
endloop
endfacet
facet normal 0 0 1
outer loop
vertex 94.7580163635283 -96.69457854070566 6.5
vertex 92.98431203195314 -95.97820430000013 6.5
vertex 93.17917143292361 -96.21564116707648 6.5
endloop
endfacet
facet normal 0 0 1
outer loop
vertex 94.7580163635283 -96.69457854070566 6.5
vertex 93.17917143292361 -96.21564116707648 6.5
vertex 93.44436039221563 -96.43327612152943 6.5
endloop
endfacet
facet normal 0 0 1
outer loop
vertex 94.7580163635283 -96.69457854070566 6.5
vertex 93.44436039221563 -96.43327612152943 6.5
vertex 93.7469122933611 -96.59499348189476 6.5
endloop
endfacet
facet normal 0 0 1
outer loop
vertex 94.7580163635283 -96.69457854070566 6.5
vertex 93.7469122933611 -96.59499348189476 6.5
vertex 94.07520023647177 -96.69457854070566 6.5
endloop
endfacet
facet normal 0 0 1
outer loop
vertex 94.7580163635283 -96.69457854070566 6.5
vertex 94.07520023647177 -96.69457854070566 6.5
vertex 94.4166082999999 -96.7282043 6.5
endloop
endfacet
facet normal 0 0 1
outer loop
vertex 94.41660830000019 -95.97820430000013 6.5
vertex 94.22151797798665 -95.95898958040361 6.5
vertex 92.96854291910854 -95.95898958040361 6.5
endloop
endfacet
facet normal 0 0 1
outer loop
vertex 94.41660830000019 -95.97820430000013 6.5
vertex 92.96854291910854 -95.95898958040361 6.5
vertex 92.98431203195314 -95.97820430000013 6.5
endloop
endfacet
facet normal 0 0 1
outer loop
vertex 95.84890456804679 -95.97820430000013 6.5
vertex 95.86467368089137 -95.95898958040361 6.5
vertex 94.61169862201372 -95.95898958040361 6.5
endloop
endfacet
facet normal 0 0 1
outer loop
vertex 95.84890456804679 -95.97820430000013 6.5
vertex 94.61169862201372 -95.95898958040361 6.5
vertex 94.41660830000019 -95.97820430000013 6.5
endloop
endfacet
facet normal 0 0 1
outer loop
vertex 94.22151797798665 -95.95898958040361 6.5
vertex 94.03392486764159 -95.90208383251286 6.5
vertex 92.93568304326006 -95.90208383251286 6.5
endloop
endfacet
facet normal 0 0 1
outer loop
vertex 94.22151797798665 -95.95898958040361 6.5
vertex 92.93568304326006 -95.90208383251286 6.5
vertex 92.96153647847048 -95.95045220778431 6.5
endloop
endfacet
facet normal 0 0 1
outer loop
vertex 94.22151797798665 -95.95898958040361 6.5
vertex 92.96153647847048 -95.95045220778431 6.5
vertex 92.96854291910854 -95.95898958040361 6.5
endloop
endfacet
facet normal 0 0 1
outer loop
vertex 95.86467368089137 -95.95898958040361 6.5
vertex 95.87168012152944 -95.95045220778431 6.5
vertex 95.89753355673987 -95.90208383251286 6.5
endloop
endfacet
facet normal 0 0 1
outer loop
vertex 95.86467368089137 -95.95898958040361 6.5
vertex 95.89753355673987 -95.90208383251286 6.5
vertex 94.79929173235894 -95.90208383251286 6.5
endloop
endfacet
facet normal 0 0 1
outer loop
vertex 95.86467368089137 -95.95898958040361 6.5
vertex 94.79929173235894 -95.90208383251286 6.5
vertex 94.61169862201372 -95.95898958040361 6.5
endloop
endfacet
facet normal 0 0 1
outer loop
vertex 94.03392486764159 -95.90208383251286 6.5
vertex 93.86103806696998 -95.80967391229498 6.5
vertex 92.88628891183131 -95.80967391229498 6.5
endloop
endfacet
facet normal 0 0 1
outer loop
vertex 94.03392486764159 -95.90208383251286 6.5
vertex 92.88628891183131 -95.80967391229498 6.5
vertex 92.93568304326006 -95.90208383251286 6.5
endloop
endfacet
facet normal 0 0 1
outer loop
vertex 95.89753355673987 -95.90208383251286 6.5
vertex 95.94692768816866 -95.80967391229498 6.5
vertex 94.97217853303525 -95.80967391229498 6.5
endloop
endfacet
facet normal 0 0 1
outer loop
vertex 95.89753355673987 -95.90208383251286 6.5
vertex 94.97217853303525 -95.80967391229498 6.5
vertex 94.79929173235894 -95.90208383251286 6.5
endloop
endfacet
facet normal 0 0 1
outer loop
vertex 93.86103806696998 -95.80967391229498 6.5
vertex 93.70950151881786 -95.68531108119116 6.5
vertex 92.819815593708 -95.68531108119116 6.5
endloop
endfacet
facet normal 0 0 1
outer loop
vertex 93.86103806696998 -95.80967391229498 6.5
vertex 92.819815593708 -95.68531108119116 6.5
vertex 92.88628891183131 -95.80967391229498 6.5
endloop
endfacet
facet normal 0 0 1
outer loop
vertex 95.94692768816866 -95.80967391229498 6.5
vertex 96.01340100629201 -95.68531108119116 6.5
vertex 95.12371508117593 -95.68531108119116 6.5
endloop
endfacet
facet normal 0 0 1
outer loop
vertex 95.94692768816866 -95.80967391229498 6.5
vertex 95.12371508117593 -95.68531108119116 6.5
vertex 94.97217853303525 -95.80967391229498 6.5
endloop
endfacet
facet normal 0 0 1
outer loop
vertex 93.70950151881786 -95.68531108119116 6.5
vertex 93.58513868769772 -95.53377453301917 6.5
vertex 92.76519944316358 -95.53377453301917 6.5
endloop
endfacet
facet normal 0 0 1
outer loop
vertex 93.70950151881786 -95.68531108119116 6.5
vertex 92.76519944316358 -95.53377453301917 6.5
vertex 92.79981911810525 -95.64790030663883 6.5
endloop
endfacet
facet normal 0 0 1
outer loop
vertex 93.70950151881786 -95.68531108119116 6.5
vertex 92.79981911810525 -95.64790030663883 6.5
vertex 92.819815593708 -95.68531108119116 6.5
endloop
endfacet
facet normal 0 0 1
outer loop
vertex 96.01340100629201 -95.68531108119116 6.5
vertex 96.03339748189478 -95.64790030663883 6.5
vertex 96.06801715683642 -95.53377453301917 6.5
endloop
endfacet
facet normal 0 0 1
outer loop
vertex 96.01340100629201 -95.68531108119116 6.5
vertex 96.06801715683642 -95.53377453301917 6.5
vertex 95.24807791230474 -95.53377453301917 6.5
endloop
endfacet
facet normal 0 0 1
outer loop
vertex 96.01340100629201 -95.68531108119116 6.5
vertex 95.24807791230474 -95.53377453301917 6.5
vertex 95.12371508117593 -95.68531108119116 6.5
endloop
endfacet
facet normal 0 0 1
outer loop
vertex 93.58513868769772 -95.53377453301917 6.5
vertex 93.4927287674881 -95.3608877323723 6.5
vertex 92.71275480554786 -95.3608877323723 6.5
endloop
endfacet
facet normal 0 0 1
outer loop
vertex 93.58513868769772 -95.53377453301917 6.5
vertex 92.71275480554786 -95.3608877323723 6.5
vertex 92.76519944316358 -95.53377453301917 6.5
endloop
endfacet
facet normal 0 0 1
outer loop
vertex 96.06801715683642 -95.53377453301917 6.5
vertex 96.12046179445213 -95.3608877323723 6.5
vertex 95.34048783250888 -95.3608877323723 6.5
endloop
endfacet
facet normal 0 0 1
outer loop
vertex 96.06801715683642 -95.53377453301917 6.5
vertex 95.34048783250888 -95.3608877323723 6.5
vertex 95.24807791230474 -95.53377453301917 6.5
endloop
endfacet
facet normal 0 0 1
outer loop
vertex 93.4927287674881 -95.3608877323723 6.5
vertex 93.43582301959745 -95.17329462201826 6.5
vertex 92.68582301959697 -95.17329462201826 6.5
endloop
endfacet
facet normal 0 0 1
outer loop
vertex 93.4927287674881 -95.3608877323723 6.5
vertex 92.68582301959697 -95.17329462201826 6.5
vertex 92.70023405929435 -95.31961236352826 6.5
endloop
endfacet
facet normal 0 0 1
outer loop
vertex 93.4927287674881 -95.3608877323723 6.5
vertex 92.70023405929435 -95.31961236352826 6.5
vertex 92.71275480554786 -95.3608877323723 6.5
endloop
endfacet
facet normal 0 0 1
outer loop
vertex 96.12046179445213 -95.3608877323723 6.5
vertex 96.13298254070563 -95.31961236352826 6.5
vertex 96.147393580403 -95.17329462201826 6.5
endloop
endfacet
facet normal 0 0 1
outer loop
vertex 96.12046179445213 -95.3608877323723 6.5
vertex 96.147393580403 -95.17329462201826 6.5
vertex 95.3973935804032 -95.17329462201826 6.5
endloop
endfacet
facet normal 0 0 1
outer loop
vertex 96.12046179445213 -95.3608877323723 6.5
vertex 95.3973935804032 -95.17329462201826 6.5
vertex 95.34048783250888 -95.3608877323723 6.5
endloop
endfacet
facet normal 0 0 1
outer loop
vertex 93.43582301959745 -95.17329462201826 6.5
vertex 93.41660830000008 -94.97820429999999 6.5
vertex 92.6666083 -94.97820429999999 6.5
endloop
endfacet
facet normal 0 0 1
outer loop
vertex 93.43582301959745 -95.17329462201826 6.5
vertex 92.6666083 -94.97820429999999 6.5
vertex 92.68582301959697 -95.17329462201826 6.5
endloop
endfacet
facet normal 0 0 1
outer loop
vertex 96.147393580403 -95.17329462201826 6.5
vertex 96.1666083 -94.97820429999999 6.5
vertex 95.41660829999974 -94.97820429999999 6.5
endloop
endfacet
facet normal 0 0 1
outer loop
vertex 96.147393580403 -95.17329462201826 6.5
vertex 95.41660829999974 -94.97820429999999 6.5
vertex 95.3973935804032 -95.17329462201826 6.5
endloop
endfacet
facet normal 0 0 1
outer loop
vertex 93.41660830000008 -94.97820429999999 6.5
vertex 93.43582301959664 -94.78311397797668 6.5
vertex 92.68582301959746 -94.78311397797668 6.5
endloop
endfacet
facet normal 0 0 1
outer loop
vertex 93.41660830000008 -94.97820429999999 6.5
vertex 92.68582301959746 -94.78311397797668 6.5
vertex 92.6666083 -94.97820429999999 6.5
endloop
endfacet
facet normal 0 0 1
outer loop
vertex 96.1666083 -94.97820429999999 6.5
vertex 96.14739358040251 -94.78311397797668 6.5
vertex 95.39739358040234 -94.78311397797668 6.5
endloop
endfacet
facet normal 0 0 1
outer loop
vertex 96.1666083 -94.97820429999999 6.5
vertex 95.39739358040234 -94.78311397797668 6.5
vertex 95.41660829999974 -94.97820429999999 6.5
endloop
endfacet
facet normal 0 0 1
outer loop
vertex 93.43582301959664 -94.78311397797668 6.5
vertex 93.49272876748755 -94.59552086763854 6.5
vertex 92.71275480554458 -94.59552086763854 6.5
endloop
endfacet
facet normal 0 0 1
outer loop
vertex 93.43582301959664 -94.78311397797668 6.5
vertex 92.71275480554458 -94.59552086763854 6.5
vertex 92.70023405929433 -94.63679623647182 6.5
endloop
endfacet
facet normal 0 0 1
outer loop
vertex 93.43582301959664 -94.78311397797668 6.5
vertex 92.70023405929433 -94.63679623647182 6.5
vertex 92.68582301959746 -94.78311397797668 6.5
endloop
endfacet
facet normal 0 0 1
outer loop
vertex 96.14739358040251 -94.78311397797668 6.5
vertex 96.13298254070564 -94.63679623647182 6.5
vertex 96.1204617944554 -94.59552086763854 6.5
endloop
endfacet
facet normal 0 0 1
outer loop
vertex 96.14739358040251 -94.78311397797668 6.5
vertex 96.1204617944554 -94.59552086763854 6.5
vertex 95.34048783251374 -94.59552086763854 6.5
endloop
endfacet
facet normal 0 0 1
outer loop
vertex 96.14739358040251 -94.78311397797668 6.5
vertex 95.34048783251374 -94.59552086763854 6.5
vertex 95.39739358040234 -94.78311397797668 6.5
endloop
endfacet
facet normal 0 0 1
outer loop
vertex 93.49272876748755 -94.59552086763854 6.5
vertex 93.58513868769671 -94.42263406698002 6.5
vertex 92.76519944316384 -94.42263406698002 6.5
endloop
endfacet
facet normal 0 0 1
outer loop
vertex 93.49272876748755 -94.59552086763854 6.5
vertex 92.76519944316384 -94.42263406698002 6.5
vertex 92.71275480554458 -94.59552086763854 6.5
endloop
endfacet
facet normal 0 0 1
outer loop
vertex 96.1204617944554 -94.59552086763854 6.5
vertex 96.06801715683615 -94.42263406698002 6.5
vertex 95.24807791230286 -94.42263406698002 6.5
endloop
endfacet
facet normal 0 0 1
outer loop
vertex 96.1204617944554 -94.59552086763854 6.5
vertex 95.24807791230286 -94.42263406698002 6.5
vertex 95.34048783251374 -94.59552086763854 6.5
endloop
endfacet
facet normal 0 0 1
outer loop
vertex 93.58513868769671 -94.42263406698002 6.5
vertex 93.70950151881352 -94.27109751881947 6.5
vertex 92.81981559370227 -94.27109751881947 6.5
endloop
endfacet
facet normal 0 0 1
outer loop
vertex 93.58513868769671 -94.42263406698002 6.5
vertex 92.81981559370227 -94.27109751881947 6.5
vertex 92.79981911810526 -94.30850829336102 6.5
endloop
endfacet
facet normal 0 0 1
outer loop
vertex 93.58513868769671 -94.42263406698002 6.5
vertex 92.79981911810526 -94.30850829336102 6.5
vertex 92.76519944316384 -94.42263406698002 6.5
endloop
endfacet
facet normal 0 0 1
outer loop
vertex 96.06801715683615 -94.42263406698002 6.5
vertex 96.0333974818947 -94.30850829336102 6.5
vertex 96.0134010062977 -94.27109751881947 6.5
endloop
endfacet
facet normal 0 0 1
outer loop
vertex 96.06801715683615 -94.42263406698002 6.5
vertex 96.0134010062977 -94.27109751881947 6.5
vertex 95.12371508119212 -94.27109751881947 6.5
endloop
endfacet
facet normal 0 0 1
outer loop
vertex 96.06801715683615 -94.42263406698002 6.5
vertex 95.12371508119212 -94.27109751881947 6.5
vertex 95.24807791230286 -94.42263406698002 6.5
endloop
endfacet
facet normal 0 0 1
outer loop
vertex 93.70950151881352 -94.27109751881947 6.5
vertex 93.86103806698004 -94.14673468769546 6.5
vertex 92.88628891183644 -94.14673468769546 6.5
endloop
endfacet
facet normal 0 0 1
outer loop
vertex 93.70950151881352 -94.27109751881947 6.5
vertex 92.88628891183644 -94.14673468769546 6.5
vertex 92.81981559370227 -94.27109751881947 6.5
endloop
endfacet
facet normal 0 0 1
outer loop
vertex 96.0134010062977 -94.27109751881947 6.5
vertex 95.94692768816356 -94.14673468769546 6.5
vertex 94.9721785330154 -94.14673468769546 6.5
endloop
endfacet
facet normal 0 0 1
outer loop
vertex 96.0134010062977 -94.27109751881947 6.5
vertex 94.9721785330154 -94.14673468769546 6.5
vertex 95.12371508119212 -94.27109751881947 6.5
endloop
endfacet
facet normal 0 0 1
outer loop
vertex 93.86103806698004 -94.14673468769546 6.5
vertex 94.03392486763487 -94.05432476749004 6.5
vertex 92.93568304325855 -94.05432476749004 6.5
endloop
endfacet
facet normal 0 0 1
outer loop
vertex 93.86103806698004 -94.14673468769546 6.5
vertex 92.93568304325855 -94.05432476749004 6.5
vertex 92.88628891183644 -94.14673468769546 6.5
endloop
endfacet
facet normal 0 0 1
outer loop
vertex 95.94692768816356 -94.14673468769546 6.5
vertex 95.89753355674144 -94.05432476749004 6.5
vertex 94.79929173236712 -94.05432476749004 6.5
endloop
endfacet
facet normal 0 0 1
outer loop
vertex 95.94692768816356 -94.14673468769546 6.5
vertex 94.79929173236712 -94.05432476749004 6.5
vertex 94.9721785330154 -94.14673468769546 6.5
endloop
endfacet
facet normal 0 0 1
outer loop
vertex 94.03392486763487 -94.05432476749004 6.5
vertex 94.22151797798412 -93.99741901959658 6.5
vertex 92.96854291910846 -93.99741901959658 6.5
endloop
endfacet
facet normal 0 0 1
outer loop
vertex 94.03392486763487 -94.05432476749004 6.5
vertex 92.96854291910846 -93.99741901959658 6.5
vertex 92.96153647847052 -94.00595639221572 6.5
endloop
endfacet
facet normal 0 0 1
outer loop
vertex 94.03392486763487 -94.05432476749004 6.5
vertex 92.96153647847052 -94.00595639221572 6.5
vertex 92.93568304325855 -94.05432476749004 6.5
endloop
endfacet
facet normal 0 0 1
outer loop
vertex 95.89753355674144 -94.05432476749004 6.5
vertex 95.87168012152947 -94.00595639221572 6.5
vertex 95.86467368089153 -93.99741901959658 6.5
endloop
endfacet
facet normal 0 0 1
outer loop
vertex 95.89753355674144 -94.05432476749004 6.5
vertex 95.86467368089153 -93.99741901959658 6.5
vertex 94.6116986220131 -93.99741901959658 6.5
endloop
endfacet
facet normal 0 0 1
outer loop
vertex 95.89753355674144 -94.05432476749004 6.5
vertex 94.6116986220131 -93.99741901959658 6.5
vertex 94.79929173236712 -94.05432476749004 6.5
endloop
endfacet
facet normal 0 0 1
outer loop
vertex 94.22151797798412 -93.99741901959658 6.5
vertex 94.41660829999928 -93.97820430000003 6.5
vertex 92.98431203195307 -93.97820430000003 6.5
endloop
endfacet
facet normal 0 0 1
outer loop
vertex 94.22151797798412 -93.99741901959658 6.5
vertex 92.98431203195307 -93.97820430000003 6.5
vertex 92.96854291910846 -93.99741901959658 6.5
endloop
endfacet
facet normal 0 0 1
outer loop
vertex 95.86467368089153 -93.99741901959658 6.5
vertex 95.84890456804692 -93.97820430000003 6.5
vertex 94.41660829999928 -93.97820430000003 6.5
endloop
endfacet
facet normal 0 0 1
outer loop
vertex 95.86467368089153 -93.99741901959658 6.5
vertex 94.41660829999928 -93.97820430000003 6.5
vertex 94.6116986220131 -93.99741901959658 6.5
endloop
endfacet
facet normal 0 0 1
outer loop
vertex 94.41660829999928 -93.97820430000003 6.5
vertex 95.84890456804692 -93.97820430000003 6.5
vertex 95.65404516707645 -93.74076743292356 6.5
endloop
endfacet
facet normal 0 0 1
outer loop
vertex 94.41660829999928 -93.97820430000003 6.5
vertex 95.65404516707645 -93.74076743292356 6.5
vertex 95.38885620778424 -93.5231324784705 6.5
endloop
endfacet
facet normal 0 0 1
outer loop
vertex 94.41660829999928 -93.97820430000003 6.5
vertex 95.38885620778424 -93.5231324784705 6.5
vertex 95.08630430663894 -93.36141511810527 6.5
endloop
endfacet
facet normal 0 0 1
outer loop
vertex 94.41660829999928 -93.97820430000003 6.5
vertex 95.08630430663894 -93.36141511810527 6.5
vertex 94.75801636352821 -93.26183005929435 6.5
endloop
endfacet
facet normal 0 0 1
outer loop
vertex 94.41660829999928 -93.97820430000003 6.5
vertex 94.75801636352821 -93.26183005929435 6.5
vertex 94.41660829999998 -93.2282043 6.5
endloop
endfacet
facet normal 0 0 1
outer loop
vertex 94.41660829999928 -93.97820430000003 6.5
vertex 94.41660829999998 -93.2282043 6.5
vertex 94.07520023647179 -93.26183005929435 6.5
endloop
endfacet
facet normal 0 0 1
outer loop
vertex 94.41660829999928 -93.97820430000003 6.5
vertex 94.07520023647179 -93.26183005929435 6.5
vertex 93.74691229336108 -93.36141511810527 6.5
endloop
endfacet
facet normal 0 0 1
outer loop
vertex 94.41660829999928 -93.97820430000003 6.5
vertex 93.74691229336108 -93.36141511810527 6.5
vertex 93.44436039221567 -93.5231324784705 6.5
endloop
endfacet
facet normal 0 0 1
outer loop
vertex 94.41660829999928 -93.97820430000003 6.5
vertex 93.44436039221567 -93.5231324784705 6.5
vertex 93.17917143292361 -93.74076743292356 6.5
endloop
endfacet
facet normal 0 0 1
outer loop
vertex 94.41660829999928 -93.97820430000003 6.5
vertex 93.17917143292361 -93.74076743292356 6.5
vertex 92.98431203195307 -93.97820430000003 6.5
endloop
endfacet
facet normal 0 0 1
outer loop
vertex 172.9114033635282 -91.13125244070568 6.5
vertex 173.239691306639 -91.03166738189474 6.5
vertex 173.54224320778434 -90.86995002152945 6.5
endloop
endfacet
facet normal 0 0 1
outer loop
vertex 172.9114033635282 -91.13125244070568 6.5
vertex 173.54224320778434 -90.86995002152945 6.5
vertex 173.8074321670763 -90.6523150670766 6.5
endloop
endfacet
facet normal 0 0 1
outer loop
vertex 172.9114033635282 -91.13125244070568 6.5
vertex 173.8074321670763 -90.6523150670766 6.5
vertex 174.00229156804693 -90.41487819999999 6.5
endloop
endfacet
facet normal 0 0 1
outer loop
vertex 172.9114033635282 -91.13125244070568 6.5
vertex 174.00229156804693 -90.41487819999999 6.5
vertex 172.56999530001147 -90.41487819999999 6.5
endloop
endfacet
facet normal 0 0 1
outer loop
vertex 172.9114033635282 -91.13125244070568 6.5
vertex 172.56999530001147 -90.41487819999999 6.5
vertex 171.1376990319531 -90.41487819999999 6.5
endloop
endfacet
facet normal 0 0 1
outer loop
vertex 172.9114033635282 -91.13125244070568 6.5
vertex 171.1376990319531 -90.41487819999999 6.5
vertex 171.33255843292346 -90.6523150670766 6.5
endloop
endfacet
facet normal 0 0 1
outer loop
vertex 172.9114033635282 -91.13125244070568 6.5
vertex 171.33255843292346 -90.6523150670766 6.5
vertex 171.59774739221575 -90.86995002152945 6.5
endloop
endfacet
facet normal 0 0 1
outer loop
vertex 172.9114033635282 -91.13125244070568 6.5
vertex 171.59774739221575 -90.86995002152945 6.5
vertex 171.90029929336106 -91.03166738189474 6.5
endloop
endfacet
facet normal 0 0 1
outer loop
vertex 172.9114033635282 -91.13125244070568 6.5
vertex 171.90029929336106 -91.03166738189474 6.5
vertex 172.22858723647184 -91.13125244070568 6.5
endloop
endfacet
facet normal 0 0 1
outer loop
vertex 172.9114033635282 -91.13125244070568 6.5
vertex 172.22858723647184 -91.13125244070568 6.5
vertex 172.56999529999985 -91.1648782 6.5
endloop
endfacet
facet normal 0 0 1
outer loop
vertex 172.56999530001147 -90.41487819999999 6.5
vertex 172.37490497799115 -90.3956634804028 6.5
vertex 171.121929919108 -90.3956634804028 6.5
endloop
endfacet
facet normal 0 0 1
outer loop
vertex 172.56999530001147 -90.41487819999999 6.5
vertex 171.121929919108 -90.3956634804028 6.5
vertex 171.1376990319531 -90.41487819999999 6.5
endloop
endfacet
facet normal 0 0 1
outer loop
vertex 174.00229156804693 -90.41487819999999 6.5
vertex 174.01806068089206 -90.3956634804028 6.5
vertex 172.76508562203185 -90.3956634804028 6.5
endloop
endfacet
facet normal 0 0 1
outer loop
vertex 174.00229156804693 -90.41487819999999 6.5
vertex 172.76508562203185 -90.3956634804028 6.5
vertex 172.56999530001147 -90.41487819999999 6.5
endloop
endfacet
facet normal 0 0 1
outer loop
vertex 172.37490497799115 -90.3956634804028 6.5
vertex 172.18731186762122 -90.33875773250452 6.5
vertex 171.0890700432557 -90.33875773250452 6.5
endloop
endfacet
facet normal 0 0 1
outer loop
vertex 172.37490497799115 -90.3956634804028 6.5
vertex 171.0890700432557 -90.33875773250452 6.5
vertex 171.11492347847062 -90.38712610778433 6.5
endloop
endfacet
facet normal 0 0 1
outer loop
vertex 172.37490497799115 -90.3956634804028 6.5
vertex 171.11492347847062 -90.38712610778433 6.5
vertex 171.121929919108 -90.3956634804028 6.5
endloop
endfacet
facet normal 0 0 1
outer loop
vertex 174.01806068089206 -90.3956634804028 6.5
vertex 174.02506712152945 -90.38712610778433 6.5
vertex 174.05092055674436 -90.33875773250452 6.5
endloop
endfacet
facet normal 0 0 1
outer loop
vertex 174.01806068089206 -90.3956634804028 6.5
vertex 174.05092055674436 -90.33875773250452 6.5
vertex 172.95267873237879 -90.33875773250452 6.5
endloop
endfacet
facet normal 0 0 1
outer loop
vertex 174.01806068089206 -90.3956634804028 6.5
vertex 172.95267873237879 -90.33875773250452 6.5
vertex 172.76508562203185 -90.3956634804028 6.5
endloop
endfacet
facet normal 0 0 1
outer loop
vertex 172.18731186762122 -90.33875773250452 6.5
vertex 172.0144250669784 -90.24634781230202 6.5
vertex 171.03967591183513 -90.24634781230202 6.5
endloop
endfacet
facet normal 0 0 1
outer loop
vertex 172.18731186762122 -90.33875773250452 6.5
vertex 171.03967591183513 -90.24634781230202 6.5
vertex 171.0890700432557 -90.33875773250452 6.5
endloop
endfacet
facet normal 0 0 1
outer loop
vertex 174.05092055674436 -90.33875773250452 6.5
vertex 174.1003146881649 -90.24634781230202 6.5
vertex 173.1255655330131 -90.24634781230202 6.5
endloop
endfacet
facet normal 0 0 1
outer loop
vertex 174.05092055674436 -90.33875773250452 6.5
vertex 173.1255655330131 -90.24634781230202 6.5
vertex 172.95267873237879 -90.33875773250452 6.5
endloop
endfacet
facet normal 0 0 1
outer loop
vertex 172.0144250669784 -90.24634781230202 6.5
vertex 171.86288851880786 -90.12198498118309 6.5
vertex 170.9732025937037 -90.12198498118309 6.5
endloop
endfacet
facet normal 0 0 1
outer loop
vertex 172.0144250669784 -90.24634781230202 6.5
vertex 170.9732025937037 -90.12198498118309 6.5
vertex 171.03967591183513 -90.24634781230202 6.5
endloop
endfacet
facet normal 0 0 1
outer loop
vertex 174.1003146881649 -90.24634781230202 6.5
vertex 174.16678800629631 -90.12198498118309 6.5
vertex 173.27710208118995 -90.12198498118309 6.5
endloop
endfacet
facet normal 0 0 1
outer loop
vertex 174.1003146881649 -90.24634781230202 6.5
vertex 173.27710208118995 -90.12198498118309 6.5
vertex 173.1255655330131 -90.24634781230202 6.5
endloop
endfacet
facet normal 0 0 1
outer loop
vertex 171.86288851880786 -90.12198498118309 6.5
vertex 171.7385256876945 -89.97044843301934 6.5
vertex 170.91858644316363 -89.97044843301934 6.5
endloop
endfacet
facet normal 0 0 1
outer loop
vertex 171.86288851880786 -90.12198498118309 6.5
vertex 170.91858644316363 -89.97044843301934 6.5
vertex 170.95320611810521 -90.08457420663879 6.5
endloop
endfacet
facet normal 0 0 1
outer loop
vertex 171.86288851880786 -90.12198498118309 6.5
vertex 170.95320611810521 -90.08457420663879 6.5
vertex 170.9732025937037 -90.12198498118309 6.5
endloop
endfacet
facet normal 0 0 1
outer loop
vertex 174.16678800629631 -90.12198498118309 6.5
vertex 174.1867844818948 -90.08457420663879 6.5
vertex 174.22140415683637 -89.97044843301934 6.5
endloop
endfacet
facet normal 0 0 1
outer loop
vertex 174.16678800629631 -90.12198498118309 6.5
vertex 174.22140415683637 -89.97044843301934 6.5
vertex 173.4014649122997 -89.97044843301934 6.5
endloop
endfacet
facet normal 0 0 1
outer loop
vertex 174.16678800629631 -90.12198498118309 6.5
vertex 173.4014649122997 -89.97044843301934 6.5
vertex 173.27710208118995 -90.12198498118309 6.5
endloop
endfacet
facet normal 0 0 1
outer loop
vertex 171.7385256876945 -89.97044843301934 6.5
vertex 171.64611576749542 -89.79756163238288 6.5
vertex 170.86614180555102 -89.79756163238288 6.5
endloop
endfacet
facet normal 0 0 1
outer loop
vertex 171.7385256876945 -89.97044843301934 6.5
vertex 170.86614180555102 -89.79756163238288 6.5
vertex 170.91858644316363 -89.97044843301934 6.5
endloop
endfacet
facet normal 0 0 1
outer loop
vertex 174.22140415683637 -89.97044843301934 6.5
vertex 174.27384879444892 -89.79756163238288 6.5
vertex 173.49387483250248 -89.79756163238288 6.5
endloop
endfacet
facet normal 0 0 1
outer loop
vertex 174.22140415683637 -89.97044843301934 6.5
vertex 173.49387483250248 -89.79756163238288 6.5
vertex 173.4014649122997 -89.97044843301934 6.5
endloop
endfacet
facet normal 0 0 1
outer loop
vertex 171.64611576749542 -89.79756163238288 6.5
vertex 171.58921001959806 -89.60996852201615 6.5
vertex 170.83921001959675 -89.60996852201615 6.5
endloop
endfacet
facet normal 0 0 1
outer loop
vertex 171.64611576749542 -89.79756163238288 6.5
vertex 170.83921001959675 -89.60996852201615 6.5
vertex 170.8536210592943 -89.7562862635283 6.5
endloop
endfacet
facet normal 0 0 1
outer loop
vertex 171.64611576749542 -89.79756163238288 6.5
vertex 170.8536210592943 -89.7562862635283 6.5
vertex 170.86614180555102 -89.79756163238288 6.5
endloop
endfacet
facet normal 0 0 1
outer loop
vertex 174.27384879444892 -89.79756163238288 6.5
vertex 174.28636954070564 -89.7562862635283 6.5
vertex 174.30078058040323 -89.60996852201615 6.5
endloop
endfacet
facet normal 0 0 1
outer loop
vertex 174.27384879444892 -89.79756163238288 6.5
vertex 174.30078058040323 -89.60996852201615 6.5
vertex 173.55078058040462 -89.60996852201615 6.5
endloop
endfacet
facet normal 0 0 1
outer loop
vertex 174.27384879444892 -89.79756163238288 6.5
vertex 173.55078058040462 -89.60996852201615 6.5
vertex 173.49387483250248 -89.79756163238288 6.5
endloop
endfacet
facet normal 0 0 1
outer loop
vertex 171.58921001959806 -89.60996852201615 6.5
vertex 171.5699953000005 -89.41487819999996 6.5
vertex 170.8199953 -89.41487819999996 6.5
endloop
endfacet
facet normal 0 0 1
outer loop
vertex 171.58921001959806 -89.60996852201615 6.5
vertex 170.8199953 -89.41487819999996 6.5
vertex 170.83921001959675 -89.60996852201615 6.5
endloop
endfacet
facet normal 0 0 1
outer loop
vertex 174.30078058040323 -89.60996852201615 6.5
vertex 174.3199953 -89.41487819999996 6.5
vertex 173.5699953000008 -89.41487819999996 6.5
endloop
endfacet
facet normal 0 0 1
outer loop
vertex 174.30078058040323 -89.60996852201615 6.5
vertex 173.5699953000008 -89.41487819999996 6.5
vertex 173.55078058040462 -89.60996852201615 6.5
endloop
endfacet
facet normal 0 0 1
outer loop
vertex 171.5699953000005 -89.41487819999996 6.5
vertex 171.58921001959678 -89.2197878779683 6.5
vertex 170.8392100195983 -89.2197878779683 6.5
endloop
endfacet
facet normal 0 0 1
outer loop
vertex 171.5699953000005 -89.41487819999996 6.5
vertex 170.8392100195983 -89.2197878779683 6.5
vertex 170.8199953 -89.41487819999996 6.5
endloop
endfacet
facet normal 0 0 1
outer loop
vertex 174.3199953 -89.41487819999996 6.5
vertex 174.3007805804017 -89.2197878779683 6.5
vertex 173.55078058040135 -89.2197878779683 6.5
endloop
endfacet
facet normal 0 0 1
outer loop
vertex 174.3199953 -89.41487819999996 6.5
vertex 173.55078058040135 -89.2197878779683 6.5
vertex 173.5699953000008 -89.41487819999996 6.5
endloop
endfacet
facet normal 0 0 1
outer loop
vertex 171.58921001959678 -89.2197878779683 6.5
vertex 171.64611576748644 -89.03219476763672 6.5
vertex 170.86614180554514 -89.03219476763672 6.5
endloop
endfacet
facet normal 0 0 1
outer loop
vertex 171.58921001959678 -89.2197878779683 6.5
vertex 170.86614180554514 -89.03219476763672 6.5
vertex 170.85362105929437 -89.07347013647176 6.5
endloop
endfacet
facet normal 0 0 1
outer loop
vertex 171.58921001959678 -89.2197878779683 6.5
vertex 170.85362105929437 -89.07347013647176 6.5
vertex 170.8392100195983 -89.2197878779683 6.5
endloop
endfacet
facet normal 0 0 1
outer loop
vertex 174.3007805804017 -89.2197878779683 6.5
vertex 174.28636954070564 -89.07347013647176 6.5
vertex 174.27384879445486 -89.03219476763672 6.5
endloop
endfacet
facet normal 0 0 1
outer loop
vertex 174.3007805804017 -89.2197878779683 6.5
vertex 174.27384879445486 -89.03219476763672 6.5
vertex 173.49387483251377 -89.03219476763672 6.5
endloop
endfacet
facet normal 0 0 1
outer loop
vertex 174.3007805804017 -89.2197878779683 6.5
vertex 173.49387483251377 -89.03219476763672 6.5
vertex 173.55078058040135 -89.2197878779683 6.5
endloop
endfacet
facet normal 0 0 1
outer loop
vertex 171.64611576748644 -89.03219476763672 6.5
vertex 171.73852568769857 -88.85930796698614 6.5
vertex 170.91858644316196 -88.85930796698614 6.5
endloop
endfacet
facet normal 0 0 1
outer loop
vertex 171.64611576748644 -89.03219476763672 6.5
vertex 170.91858644316196 -88.85930796698614 6.5
vertex 170.86614180554514 -89.03219476763672 6.5
endloop
endfacet
facet normal 0 0 1
outer loop
vertex 174.27384879445486 -89.03219476763672 6.5
vertex 174.22140415683802 -88.85930796698614 6.5
vertex 173.40146491230715 -88.85930796698614 6.5
endloop
endfacet
facet normal 0 0 1
outer loop
vertex 174.27384879445486 -89.03219476763672 6.5
vertex 173.40146491230715 -88.85930796698614 6.5
vertex 173.49387483251377 -89.03219476763672 6.5
endloop
endfacet
facet normal 0 0 1
outer loop
vertex 171.73852568769857 -88.85930796698614 6.5
vertex 171.86288851881312 -88.70777141881665 6.5
vertex 170.9732025937038 -88.70777141881665 6.5
endloop
endfacet
facet normal 0 0 1
outer loop
vertex 171.73852568769857 -88.85930796698614 6.5
vertex 170.9732025937038 -88.70777141881665 6.5
vertex 170.95320611810524 -88.74518219336113 6.5
endloop
endfacet
facet normal 0 0 1
outer loop
vertex 171.73852568769857 -88.85930796698614 6.5
vertex 170.95320611810524 -88.74518219336113 6.5
vertex 170.91858644316196 -88.85930796698614 6.5
endloop
endfacet
facet normal 0 0 1
outer loop
vertex 174.22140415683802 -88.85930796698614 6.5
vertex 174.18678448189473 -88.74518219336113 6.5
vertex 174.16678800629617 -88.70777141881665 6.5
endloop
endfacet
facet normal 0 0 1
outer loop
vertex 174.22140415683802 -88.85930796698614 6.5
vertex 174.16678800629617 -88.70777141881665 6.5
vertex 173.27710208118907 -88.70777141881665 6.5
endloop
endfacet
facet normal 0 0 1
outer loop
vertex 174.22140415683802 -88.85930796698614 6.5
vertex 173.27710208118907 -88.70777141881665 6.5
vertex 173.40146491230715 -88.85930796698614 6.5
endloop
endfacet
facet normal 0 0 1
outer loop
vertex 171.86288851881312 -88.70777141881665 6.5
vertex 172.01442506696975 -88.58340858770609 6.5
vertex 171.03967591183076 -88.58340858770609 6.5
endloop
endfacet
facet normal 0 0 1
outer loop
vertex 171.86288851881312 -88.70777141881665 6.5
vertex 171.03967591183076 -88.58340858770609 6.5
vertex 170.9732025937038 -88.70777141881665 6.5
endloop
endfacet
facet normal 0 0 1
outer loop
vertex 174.16678800629617 -88.70777141881665 6.5
vertex 174.10031468816922 -88.58340858770609 6.5
vertex 173.12556553302875 -88.58340858770609 6.5
endloop
endfacet
facet normal 0 0 1
outer loop
vertex 174.16678800629617 -88.70777141881665 6.5
vertex 173.12556553302875 -88.58340858770609 6.5
vertex 173.27710208118907 -88.70777141881665 6.5
endloop
endfacet
facet normal 0 0 1
outer loop
vertex 172.01442506696975 -88.58340858770609 6.5
vertex 172.18731186765936 -88.49099866747594 6.5
vertex 171.08907004326602 -88.49099866747594 6.5
endloop
endfacet
facet normal 0 0 1
outer loop
vertex 172.01442506696975 -88.58340858770609 6.5
vertex 171.08907004326602 -88.49099866747594 6.5
vertex 171.03967591183076 -88.58340858770609 6.5
endloop
endfacet
facet normal 0 0 1
outer loop
vertex 174.10031468816922 -88.58340858770609 6.5
vertex 174.05092055673387 -88.49099866747594 6.5
vertex 172.9526787323342 -88.49099866747594 6.5
endloop
endfacet
facet normal 0 0 1
outer loop
vertex 174.10031468816922 -88.58340858770609 6.5
vertex 172.9526787323342 -88.49099866747594 6.5
vertex 173.12556553302875 -88.58340858770609 6.5
endloop
endfacet
facet normal 0 0 1
outer loop
vertex 172.18731186765936 -88.49099866747594 6.5
vertex 172.3749049779672 -88.43409291959661 6.5
vertex 171.1219299191083 -88.43409291959661 6.5
endloop
endfacet
facet normal 0 0 1
outer loop
vertex 172.18731186765936 -88.49099866747594 6.5
vertex 171.1219299191083 -88.43409291959661 6.5
vertex 171.11492347847047 -88.44263029221563 6.5
endloop
endfacet
facet normal 0 0 1
outer loop
vertex 172.18731186765936 -88.49099866747594 6.5
vertex 171.11492347847047 -88.44263029221563 6.5
vertex 171.08907004326602 -88.49099866747594 6.5
endloop
endfacet
facet normal 0 0 1
outer loop
vertex 174.05092055673387 -88.49099866747594 6.5
vertex 174.0250671215294 -88.44263029221563 6.5
vertex 174.01806068089155 -88.43409291959661 6.5
endloop
endfacet
facet normal 0 0 1
outer loop
vertex 174.05092055673387 -88.49099866747594 6.5
vertex 174.01806068089155 -88.43409291959661 6.5
vertex 172.7650856220268 -88.43409291959661 6.5
endloop
endfacet
facet normal 0 0 1
outer loop
vertex 174.05092055673387 -88.49099866747594 6.5
vertex 172.7650856220268 -88.43409291959661 6.5
vertex 172.9526787323342 -88.49099866747594 6.5
endloop
endfacet
facet normal 0 0 1
outer loop
vertex 172.3749049779672 -88.43409291959661 6.5
vertex 172.56999530000832 -88.4148781999996 6.5
vertex 171.1376990319533 -88.4148781999996 6.5
endloop
endfacet
facet normal 0 0 1
outer loop
vertex 172.3749049779672 -88.43409291959661 6.5
vertex 171.1376990319533 -88.4148781999996 6.5
vertex 171.1219299191083 -88.43409291959661 6.5
endloop
endfacet
facet normal 0 0 1
outer loop
vertex 174.01806068089155 -88.43409291959661 6.5
vertex 174.0022915680466 -88.4148781999996 6.5
vertex 172.56999530000832 -88.4148781999996 6.5
endloop
endfacet
facet normal 0 0 1
outer loop
vertex 174.01806068089155 -88.43409291959661 6.5
vertex 172.56999530000832 -88.4148781999996 6.5
vertex 172.7650856220268 -88.43409291959661 6.5
endloop
endfacet
facet normal 0 0 1
outer loop
vertex 172.56999530000832 -88.4148781999996 6.5
vertex 174.0022915680466 -88.4148781999996 6.5
vertex 173.80743216707643 -88.17744133292351 6.5
endloop
endfacet
facet normal 0 0 1
outer loop
vertex 172.56999530000832 -88.4148781999996 6.5
vertex 173.80743216707643 -88.17744133292351 6.5
vertex 173.54224320778437 -87.95980637847059 6.5
endloop
endfacet
facet normal 0 0 1
outer loop
vertex 172.56999530000832 -88.4148781999996 6.5
vertex 173.54224320778437 -87.95980637847059 6.5
vertex 173.23969130663892 -87.79808901810527 6.5
endloop
endfacet
facet normal 0 0 1
outer loop
vertex 172.56999530000832 -88.4148781999996 6.5
vertex 173.23969130663892 -87.79808901810527 6.5
vertex 172.91140336352817 -87.69850395929434 6.5
endloop
endfacet
facet normal 0 0 1
outer loop
vertex 172.56999530000832 -88.4148781999996 6.5
vertex 172.91140336352817 -87.69850395929434 6.5
vertex 172.56999529999996 -87.66487819999999 6.5
endloop
endfacet
facet normal 0 0 1
outer loop
vertex 172.56999530000832 -88.4148781999996 6.5
vertex 172.56999529999996 -87.66487819999999 6.5
vertex 172.22858723647187 -87.69850395929434 6.5
endloop
endfacet
facet normal 0 0 1
outer loop
vertex 172.56999530000832 -88.4148781999996 6.5
vertex 172.22858723647187 -87.69850395929434 6.5
vertex 171.90029929336094 -87.79808901810527 6.5
endloop
endfacet
facet normal 0 0 1
outer loop
vertex 172.56999530000832 -88.4148781999996 6.5
vertex 171.90029929336094 -87.79808901810527 6.5
vertex 171.59774739221584 -87.95980637847059 6.5
endloop
endfacet
facet normal 0 0 1
outer loop
vertex 172.56999530000832 -88.4148781999996 6.5
vertex 171.59774739221584 -87.95980637847059 6.5
vertex 171.33255843292352 -88.17744133292351 6.5
endloop
endfacet
facet normal 0 0 1
outer loop
vertex 172.56999530000832 -88.4148781999996 6.5
vertex 171.33255843292352 -88.17744133292351 6.5
vertex 171.1376990319533 -88.4148781999996 6.5
endloop
endfacet
facet normal 0 0 -1
outer loop
vertex 174.3199953 -89.41487819999996 6.5
vertex 174.30078058040323 -89.60996852201615 6.5
vertex 174.28636954070564 -89.7562862635283 6.5
endloop
endfacet
facet normal 0 0 -1
outer loop
vertex 174.3199953 -89.41487819999996 6.5
vertex 174.28636954070564 -89.7562862635283 6.5
vertex 174.28636954070558 -89.75628626352842 1
endloop
endfacet
facet normal 0 0 -1
outer loop
vertex 174.3199953 -89.41487819999996 6.5
vertex 174.28636954070558 -89.75628626352842 1
vertex 174.31999529999996 -89.41487820000002 1
endloop
endfacet
facet normal 0 0 -1
outer loop
vertex 174.28636954070564 -89.07347013647176 6.5
vertex 174.3007805804017 -89.2197878779683 6.5
vertex 174.3199953 -89.41487819999996 6.5
endloop
endfacet
facet normal 0 0 -1
outer loop
vertex 174.28636954070564 -89.07347013647176 6.5
vertex 174.3199953 -89.41487819999996 6.5
vertex 174.31999529999996 -89.41487820000002 1
endloop
endfacet
facet normal 0 0 -1
outer loop
vertex 174.28636954070564 -89.07347013647176 6.5
vertex 174.31999529999996 -89.41487820000002 1
vertex 174.28636954070558 -89.07347013647164 1
endloop
endfacet
facet normal 0 0 -1
outer loop
vertex 174.18678448189473 -88.74518219336113 6.5
vertex 174.22140415683802 -88.85930796698614 6.5
vertex 174.27384879445486 -89.03219476763672 6.5
endloop
endfacet
facet normal 0 0 -1
outer loop
vertex 174.18678448189473 -88.74518219336113 6.5
vertex 174.27384879445486 -89.03219476763672 6.5
vertex 174.28636954070564 -89.07347013647176 6.5
endloop
endfacet
facet normal 0 0 -1
outer loop
vertex 174.18678448189473 -88.74518219336113 6.5
vertex 174.28636954070564 -89.07347013647176 6.5
vertex 174.28636954070558 -89.07347013647164 1
endloop
endfacet
facet normal 0 0 -1
outer loop
vertex 174.18678448189473 -88.74518219336113 6.5
vertex 174.28636954070558 -89.07347013647164 1
vertex 174.1867844818947 -88.74518219336106 1
endloop
endfacet
facet normal 0 0 1
outer loop
vertex 174.0250671215294 -88.44263029221563 6.5
vertex 174.05092055673387 -88.49099866747594 6.5
vertex 174.10031468816922 -88.58340858770609 6.5
endloop
endfacet
facet normal 0 0 1
outer loop
vertex 174.0250671215294 -88.44263029221563 6.5
vertex 174.10031468816922 -88.58340858770609 6.5
vertex 174.16678800629617 -88.70777141881665 6.5
endloop
endfacet
facet normal 0 0 1
outer loop
vertex 174.0250671215294 -88.44263029221563 6.5
vertex 174.16678800629617 -88.70777141881665 6.5
vertex 174.18678448189473 -88.74518219336113 6.5
endloop
endfacet
facet normal 0 0 1
outer loop
vertex 174.0250671215294 -88.44263029221563 6.5
vertex 174.18678448189473 -88.74518219336113 6.5
vertex 174.1867844818947 -88.74518219336106 1
endloop
endfacet
facet normal 0 0 1
outer loop
vertex 174.0250671215294 -88.44263029221563 6.5
vertex 174.1867844818947 -88.74518219336106 1
vertex 174.02506712152947 -88.44263029221574 1
endloop
endfacet
facet normal 0 0 -1
outer loop
vertex 173.80743216707643 -88.17744133292351 6.5
vertex 174.0022915680466 -88.4148781999996 6.5
vertex 174.01806068089155 -88.43409291959661 6.5
endloop
endfacet
facet normal 0 0 -1
outer loop
vertex 173.80743216707643 -88.17744133292351 6.5
vertex 174.01806068089155 -88.43409291959661 6.5
vertex 174.0250671215294 -88.44263029221563 6.5
endloop
endfacet
facet normal 0 0 -1
outer loop
vertex 173.80743216707643 -88.17744133292351 6.5
vertex 174.0250671215294 -88.44263029221563 6.5
vertex 174.02506712152947 -88.44263029221574 1
endloop
endfacet
facet normal 0 0 -1
outer loop
vertex 173.80743216707643 -88.17744133292351 6.5
vertex 174.02506712152947 -88.44263029221574 1
vertex 173.8074321670764 -88.1774413329235 1
endloop
endfacet
facet normal 0.6343932841636208 0.7730104533627572 0
outer loop
vertex 173.54224320778437 -87.95980637847059 6.5
vertex 173.80743216707643 -88.17744133292351 6.5
vertex 173.8074321670764 -88.1774413329235 1
endloop
endfacet
facet normal 0.6343932841636208 0.7730104533627572 0
outer loop
vertex 173.54224320778437 -87.95980637847059 6.5
vertex 173.8074321670764 -88.1774413329235 1
vertex 173.54224320778434 -87.95980637847057 1
endloop
endfacet
facet normal 0.47139673682597505 0.881921264348367 -1.54456708595526e-16
outer loop
vertex 173.23969130663892 -87.79808901810527 6.5
vertex 173.54224320778437 -87.95980637847059 6.5
vertex 173.54224320778434 -87.95980637847057 1
endloop
endfacet
facet normal 0.47139673682597505 0.881921264348367 -1.54456708595526e-16
outer loop
vertex 173.23969130663892 -87.79808901810527 6.5
vertex 173.54224320778434 -87.95980637847057 1
vertex 173.34817329699376 -87.85607385 1
endloop
endfacet
facet normal 0.47139673682597505 0.881921264348367 -1.54456708595526e-16
outer loop
vertex 173.23969130663892 -87.79808901810527 6.5
vertex 173.34817329699376 -87.85607385 1
vertex 173.23969130663892 -87.79808901810527 1
endloop
endfacet
facet normal 0.29028467725447593 0.9569403357322048 0
outer loop
vertex 172.91140336352817 -87.69850395929434 6.5
vertex 173.23969130663892 -87.79808901810527 6.5
vertex 173.23969130663892 -87.79808901810527 1
endloop
endfacet
facet normal 0.29028467725447593 0.9569403357322048 0
outer loop
vertex 172.91140336352817 -87.69850395929434 6.5
vertex 173.23969130663892 -87.79808901810527 1
vertex 172.91140336352822 -87.69850395929436 1
endloop
endfacet
facet normal 0.09801714032957423 0.9951847266721956 0
outer loop
vertex 172.56999529999996 -87.66487819999999 6.5
vertex 172.91140336352817 -87.69850395929434 6.5
vertex 172.91140336352822 -87.69850395929436 1
endloop
endfacet
facet normal 0.09801714032957423 0.9951847266721956 0
outer loop
vertex 172.56999529999996 -87.66487819999999 6.5
vertex 172.91140336352822 -87.69850395929436 1
vertex 172.56999530000002 -87.6648782 1
endloop
endfacet
facet normal -0.09801714032957415 0.9951847266721956 0
outer loop
vertex 172.22858723647187 -87.69850395929434 6.5
vertex 172.56999529999996 -87.66487819999999 6.5
vertex 172.56999530000002 -87.6648782 1
endloop
endfacet
facet normal -0.09801714032957415 0.9951847266721956 0
outer loop
vertex 172.22858723647187 -87.69850395929434 6.5
vertex 172.56999530000002 -87.6648782 1
vertex 172.22858723647178 -87.69850395929436 1
endloop
endfacet
facet normal -0.29028467725447593 0.9569403357322048 0
outer loop
vertex 171.90029929336094 -87.79808901810527 6.5
vertex 172.22858723647187 -87.69850395929434 6.5
vertex 172.22858723647178 -87.69850395929436 1
endloop
endfacet
facet normal -0.29028467725447593 0.9569403357322048 0
outer loop
vertex 171.90029929336094 -87.79808901810527 6.5
vertex 172.22858723647178 -87.69850395929436 1
vertex 171.9002992933611 -87.79808901810527 1
endloop
endfacet
facet normal -0.47139673682596933 0.8819212643483701 0
outer loop
vertex 171.59774739221584 -87.95980637847059 6.5
vertex 171.90029929336094 -87.79808901810527 6.5
vertex 171.9002992933611 -87.79808901810527 1
endloop
endfacet
facet normal -0.47139673682596933 0.8819212643483701 0
outer loop
vertex 171.59774739221584 -87.95980637847059 6.5
vertex 171.9002992933611 -87.79808901810527 1
vertex 171.59774739221572 -87.95980637847057 1
endloop
endfacet
facet normal -0.6343932841636208 0.7730104533627572 0
outer loop
vertex 171.33255843292352 -88.17744133292351 6.5
vertex 171.59774739221584 -87.95980637847059 6.5
vertex 171.59774739221572 -87.95980637847057 1
endloop
endfacet
facet normal -0.6343932841636208 0.7730104533627572 0
outer loop
vertex 171.33255843292352 -88.17744133292351 6.5
vertex 171.59774739221572 -87.95980637847057 1
vertex 171.33255843292343 -88.1774413329235 1
endloop
endfacet
facet normal 0 0 1
outer loop
vertex 171.11492347847047 -88.44263029221563 6.5
vertex 171.1219299191083 -88.43409291959661 6.5
vertex 171.1376990319533 -88.4148781999996 6.5
endloop
endfacet
facet normal 0 0 1
outer loop
vertex 171.11492347847047 -88.44263029221563 6.5
vertex 171.1376990319533 -88.4148781999996 6.5
vertex 171.33255843292352 -88.17744133292351 6.5
endloop
endfacet
facet normal 0 0 1
outer loop
vertex 171.11492347847047 -88.44263029221563 6.5
vertex 171.33255843292352 -88.17744133292351 6.5
vertex 171.33255843292343 -88.1774413329235 1
endloop
endfacet
facet normal 0 0 1
outer loop
vertex 171.11492347847047 -88.44263029221563 6.5
vertex 171.33255843292343 -88.1774413329235 1
vertex 171.11492347847056 -88.44263029221574 1
endloop
endfacet
facet normal 0 0 -1
outer loop
vertex 170.95320611810524 -88.74518219336113 6.5
vertex 170.9732025937038 -88.70777141881665 6.5
vertex 171.03967591183076 -88.58340858770609 6.5
endloop
endfacet
facet normal 0 0 -1
outer loop
vertex 170.95320611810524 -88.74518219336113 6.5
vertex 171.03967591183076 -88.58340858770609 6.5
vertex 171.08907004326602 -88.49099866747594 6.5
endloop
endfacet
facet normal 0 0 -1
outer loop
vertex 170.95320611810524 -88.74518219336113 6.5
vertex 171.08907004326602 -88.49099866747594 6.5
vertex 171.11492347847047 -88.44263029221563 6.5
endloop
endfacet
facet normal 0 0 -1
outer loop
vertex 170.95320611810524 -88.74518219336113 6.5
vertex 171.11492347847047 -88.44263029221563 6.5
vertex 171.11492347847056 -88.44263029221574 1
endloop
endfacet
facet normal 0 0 -1
outer loop
vertex 170.95320611810524 -88.74518219336113 6.5
vertex 171.11492347847056 -88.44263029221574 1
vertex 170.9532061181053 -88.74518219336106 1
endloop
endfacet
facet normal 0 0 1
outer loop
vertex 170.85362105929437 -89.07347013647176 6.5
vertex 170.86614180554514 -89.03219476763672 6.5
vertex 170.91858644316196 -88.85930796698614 6.5
endloop
endfacet
facet normal 0 0 1
outer loop
vertex 170.85362105929437 -89.07347013647176 6.5
vertex 170.91858644316196 -88.85930796698614 6.5
vertex 170.95320611810524 -88.74518219336113 6.5
endloop
endfacet
facet normal 0 0 1
outer loop
vertex 170.85362105929437 -89.07347013647176 6.5
vertex 170.95320611810524 -88.74518219336113 6.5
vertex 170.9532061181053 -88.74518219336106 1
endloop
endfacet
facet normal 0 0 1
outer loop
vertex 170.85362105929437 -89.07347013647176 6.5
vertex 170.9532061181053 -88.74518219336106 1
vertex 170.85362105929434 -89.07347013647164 1
endloop
endfacet
facet normal 0 0 1
outer loop
vertex 170.8199953 -89.41487819999996 6.5
vertex 170.8392100195983 -89.2197878779683 6.5
vertex 170.85362105929437 -89.07347013647176 6.5
endloop
endfacet
facet normal 0 0 1
outer loop
vertex 170.8199953 -89.41487819999996 6.5
vertex 170.85362105929437 -89.07347013647176 6.5
vertex 170.85362105929434 -89.07347013647164 1
endloop
endfacet
facet normal 0 0 1
outer loop
vertex 170.8199953 -89.41487819999996 6.5
vertex 170.85362105929434 -89.07347013647164 1
vertex 170.8199953 -89.41487820000002 1
endloop
endfacet
facet normal 0 0 1
outer loop
vertex 170.8536210592943 -89.7562862635283 6.5
vertex 170.83921001959675 -89.60996852201615 6.5
vertex 170.8199953 -89.41487819999996 6.5
endloop
endfacet
facet normal 0 0 1
outer loop
vertex 170.8536210592943 -89.7562862635283 6.5
vertex 170.8199953 -89.41487819999996 6.5
vertex 170.8199953 -89.41487820000002 1
endloop
endfacet
facet normal 0 0 1
outer loop
vertex 170.8536210592943 -89.7562862635283 6.5
vertex 170.8199953 -89.41487820000002 1
vertex 170.8536210592943 -89.75628626352842 1
endloop
endfacet
facet normal 0 0 1
outer loop
vertex 170.95320611810521 -90.08457420663879 6.5
vertex 170.91858644316363 -89.97044843301934 6.5
vertex 170.86614180555102 -89.79756163238288 6.5
endloop
endfacet
facet normal 0 0 1
outer loop
vertex 170.95320611810521 -90.08457420663879 6.5
vertex 170.86614180555102 -89.79756163238288 6.5
vertex 170.8536210592943 -89.7562862635283 6.5
endloop
endfacet
facet normal 0 0 1
outer loop
vertex 170.95320611810521 -90.08457420663879 6.5
vertex 170.8536210592943 -89.7562862635283 6.5
vertex 170.8536210592943 -89.75628626352842 1
endloop
endfacet
facet normal 0 0 1
outer loop
vertex 170.95320611810521 -90.08457420663879 6.5
vertex 170.8536210592943 -89.75628626352842 1
vertex 170.95320611810524 -90.08457420663876 1
endloop
endfacet
facet normal 0 0 -1
outer loop
vertex 171.11492347847062 -90.38712610778433 6.5
vertex 171.0890700432557 -90.33875773250452 6.5
vertex 171.03967591183513 -90.24634781230202 6.5
endloop
endfacet
facet normal 0 0 -1
outer loop
vertex 171.11492347847062 -90.38712610778433 6.5
vertex 171.03967591183513 -90.24634781230202 6.5
vertex 170.9732025937037 -90.12198498118309 6.5
endloop
endfacet
facet normal 0 0 -1
outer loop
vertex 171.11492347847062 -90.38712610778433 6.5
vertex 170.9732025937037 -90.12198498118309 6.5
vertex 170.95320611810521 -90.08457420663879 6.5
endloop
endfacet
facet normal 0 0 -1
outer loop
vertex 171.11492347847062 -90.38712610778433 6.5
vertex 170.95320611810521 -90.08457420663879 6.5
vertex 170.95320611810524 -90.08457420663876 1
endloop
endfacet
facet normal 0 0 -1
outer loop
vertex 171.11492347847062 -90.38712610778433 6.5
vertex 170.95320611810524 -90.08457420663876 1
vertex 171.11492347847053 -90.38712610778434 1
endloop
endfacet
facet normal 0 0 -1
outer loop
vertex 171.33255843292346 -90.6523150670766 6.5
vertex 171.1376990319531 -90.41487819999999 6.5
vertex 171.121929919108 -90.3956634804028 6.5
endloop
endfacet
facet normal 0 0 -1
outer loop
vertex 171.33255843292346 -90.6523150670766 6.5
vertex 171.121929919108 -90.3956634804028 6.5
vertex 171.11492347847062 -90.38712610778433 6.5
endloop
endfacet
facet normal 0 0 -1
outer loop
vertex 171.33255843292346 -90.6523150670766 6.5
vertex 171.11492347847062 -90.38712610778433 6.5
vertex 171.11492347847053 -90.38712610778434 1
endloop
endfacet
facet normal 0 0 -1
outer loop
vertex 171.33255843292346 -90.6523150670766 6.5
vertex 171.11492347847053 -90.38712610778434 1
vertex 171.31659428783192 -90.63286269999935 1
endloop
endfacet
facet normal 0 0 -1
outer loop
vertex 171.33255843292346 -90.6523150670766 6.5
vertex 171.31659428783192 -90.63286269999935 1
vertex 171.33255843292355 -90.65231506707649 1
endloop
endfacet
facet normal -0.6343932841636208 -0.7730104533627572 0
outer loop
vertex 171.59774739221575 -90.86995002152945 6.5
vertex 171.33255843292346 -90.6523150670766 6.5
vertex 171.33255843292355 -90.65231506707649 1
endloop
endfacet
facet normal -0.6343932841636208 -0.7730104533627572 0
outer loop
vertex 171.59774739221575 -90.86995002152945 6.5
vertex 171.33255843292355 -90.65231506707649 1
vertex 171.59774739221572 -90.86995002152949 1
endloop
endfacet
facet normal -0.4713967368259693 -0.8819212643483703 0
outer loop
vertex 171.90029929336106 -91.03166738189474 6.5
vertex 171.59774739221575 -90.86995002152945 6.5
vertex 171.59774739221572 -90.86995002152949 1
endloop
endfacet
facet normal -0.4713967368259693 -0.8819212643483703 0
outer loop
vertex 171.90029929336106 -91.03166738189474 6.5
vertex 171.59774739221572 -90.86995002152949 1
vertex 171.90029929336103 -91.03166738189472 1
endloop
endfacet
facet normal -0.29028467725447593 -0.9569403357322048 0
outer loop
vertex 172.22858723647184 -91.13125244070568 6.5
vertex 171.90029929336106 -91.03166738189474 6.5
vertex 171.90029929336103 -91.03166738189472 1
endloop
endfacet
facet normal -0.29028467725447593 -0.9569403357322048 0
outer loop
vertex 172.22858723647184 -91.13125244070568 6.5
vertex 171.90029929336103 -91.03166738189472 1
vertex 172.22858723647187 -91.13125244070568 1
endloop
endfacet
facet normal -0.09801714032957415 -0.9951847266721956 0
outer loop
vertex 172.56999529999985 -91.1648782 6.5
vertex 172.22858723647184 -91.13125244070568 6.5
vertex 172.22858723647187 -91.13125244070568 1
endloop
endfacet
facet normal -0.09801714032957415 -0.9951847266721956 0
outer loop
vertex 172.56999529999985 -91.1648782 6.5
vertex 172.22858723647187 -91.13125244070568 1
vertex 172.56999529999987 -91.1648782 1
endloop
endfacet
facet normal 0.09801714032957415 -0.9951847266721956 0
outer loop
vertex 172.9114033635282 -91.13125244070568 6.5
vertex 172.56999529999985 -91.1648782 6.5
vertex 172.56999529999987 -91.1648782 1
endloop
endfacet
facet normal 0.09801714032957415 -0.9951847266721956 0
outer loop
vertex 172.9114033635282 -91.13125244070568 6.5
vertex 172.56999529999987 -91.1648782 1
vertex 172.91140336352828 -91.13125244070568 1
endloop
endfacet
facet normal 0.29028467725447593 -0.9569403357322048 0
outer loop
vertex 173.239691306639 -91.03166738189474 6.5
vertex 172.9114033635282 -91.13125244070568 6.5
vertex 172.91140336352828 -91.13125244070568 1
endloop
endfacet
facet normal 0.29028467725447593 -0.9569403357322048 0
outer loop
vertex 173.239691306639 -91.03166738189474 6.5
vertex 172.91140336352828 -91.13125244070568 1
vertex 173.23969130663892 -91.03166738189472 1
endloop
endfacet
facet normal 0.47139673682596933 -0.8819212643483701 0
outer loop
vertex 173.54224320778434 -90.86995002152945 6.5
vertex 173.239691306639 -91.03166738189474 6.5
vertex 173.23969130663892 -91.03166738189472 1
endloop
endfacet
facet normal 0.47139673682596933 -0.8819212643483701 0
outer loop
vertex 173.54224320778434 -90.86995002152945 6.5
vertex 173.23969130663892 -91.03166738189472 1
vertex 173.54224320778425 -90.86995002152949 1
endloop
endfacet
facet normal 0.6343932841636208 -0.7730104533627572 0
outer loop
vertex 173.8074321670763 -90.6523150670766 6.5
vertex 173.54224320778434 -90.86995002152945 6.5
vertex 173.54224320778425 -90.86995002152949 1
endloop
endfacet
facet normal 0.6343932841636208 -0.7730104533627572 0
outer loop
vertex 173.8074321670763 -90.6523150670766 6.5
vertex 173.54224320778425 -90.86995002152949 1
vertex 173.8074321670764 -90.65231506707649 1
endloop
endfacet
facet normal 0 0 -1
outer loop
vertex 174.02506712152945 -90.38712610778433 6.5
vertex 174.01806068089206 -90.3956634804028 6.5
vertex 174.00229156804693 -90.41487819999999 6.5
endloop
endfacet
facet normal 0 0 -1
outer loop
vertex 174.02506712152945 -90.38712610778433 6.5
vertex 174.00229156804693 -90.41487819999999 6.5
vertex 173.8074321670763 -90.6523150670766 6.5
endloop
endfacet
facet normal 0 0 -1
outer loop
vertex 174.02506712152945 -90.38712610778433 6.5
vertex 173.8074321670763 -90.6523150670766 6.5
vertex 173.8074321670764 -90.65231506707649 1
endloop
endfacet
facet normal 0 0 -1
outer loop
vertex 174.02506712152945 -90.38712610778433 6.5
vertex 173.8074321670764 -90.65231506707649 1
vertex 174.0250671215294 -90.38712610778434 1
endloop
endfacet
facet normal 0 0 1
outer loop
vertex 174.1867844818948 -90.08457420663879 6.5
vertex 174.16678800629631 -90.12198498118309 6.5
vertex 174.1003146881649 -90.24634781230202 6.5
endloop
endfacet
facet normal 0 0 1
outer loop
vertex 174.1867844818948 -90.08457420663879 6.5
vertex 174.1003146881649 -90.24634781230202 6.5
vertex 174.05092055674436 -90.33875773250452 6.5
endloop
endfacet
facet normal 0 0 1
outer loop
vertex 174.1867844818948 -90.08457420663879 6.5
vertex 174.05092055674436 -90.33875773250452 6.5
vertex 174.02506712152945 -90.38712610778433 6.5
endloop
endfacet
facet normal 0 0 1
outer loop
vertex 174.1867844818948 -90.08457420663879 6.5
vertex 174.02506712152945 -90.38712610778433 6.5
vertex 174.0250671215294 -90.38712610778434 1
endloop
endfacet
facet normal 0 0 1
outer loop
vertex 174.1867844818948 -90.08457420663879 6.5
vertex 174.0250671215294 -90.38712610778434 1
vertex 174.1867844818948 -90.08457420663876 1
endloop
endfacet
facet normal 0 0 1
outer loop
vertex 174.28636954070564 -89.7562862635283 6.5
vertex 174.27384879444892 -89.79756163238288 6.5
vertex 174.22140415683637 -89.97044843301934 6.5
endloop
endfacet
facet normal 0 0 1
outer loop
vertex 174.28636954070564 -89.7562862635283 6.5
vertex 174.22140415683637 -89.97044843301934 6.5
vertex 174.1867844818948 -90.08457420663879 6.5
endloop
endfacet
facet normal 0 0 1
outer loop
vertex 174.28636954070564 -89.7562862635283 6.5
vertex 174.1867844818948 -90.08457420663879 6.5
vertex 174.1867844818948 -90.08457420663876 1
endloop
endfacet
facet normal 0 0 1
outer loop
vertex 174.28636954070564 -89.7562862635283 6.5
vertex 174.1867844818948 -90.08457420663876 1
vertex 174.28636954070558 -89.75628626352842 1
endloop
endfacet
facet normal 0 0 -1
outer loop
vertex 180.3425016 -148.50843929999974 6.5
vertex 180.3232868804034 -148.7035296220142 6.5
vertex 180.3088758407056 -148.84984736352843 6.5
endloop
endfacet
facet normal 0 0 -1
outer loop
vertex 180.3425016 -148.50843929999974 6.5
vertex 180.3088758407056 -148.84984736352843 6.5
vertex 180.3088758407056 -148.8498473635284 1
endloop
endfacet
facet normal 0 0 -1
outer loop
vertex 180.3425016 -148.50843929999974 6.5
vertex 180.3088758407056 -148.8498473635284 1
vertex 180.3425016 -148.5084392999998 1
endloop
endfacet
facet normal 0 0 -1
outer loop
vertex 180.30887584070567 -148.16703123647184 6.5
vertex 180.3232868804029 -148.31334897798027 6.5
vertex 180.3425016 -148.50843929999974 6.5
endloop
endfacet
facet normal 0 0 -1
outer loop
vertex 180.30887584070567 -148.16703123647184 6.5
vertex 180.3425016 -148.50843929999974 6.5
vertex 180.3425016 -148.5084392999998 1
endloop
endfacet
facet normal 0 0 -1
outer loop
vertex 180.30887584070567 -148.16703123647184 6.5
vertex 180.3425016 -148.5084392999998 1
vertex 180.30887584070567 -148.16703123647181 1
endloop
endfacet
facet normal 0 0 -1
outer loop
vertex 180.20929078189477 -147.83874329336115 6.5
vertex 180.2439104568446 -147.95286906700775 6.5
vertex 180.29635509445288 -148.12575586763015 6.5
endloop
endfacet
facet normal 0 0 -1
outer loop
vertex 180.20929078189477 -147.83874329336115 6.5
vertex 180.29635509445288 -148.12575586763015 6.5
vertex 180.30887584070567 -148.16703123647184 6.5
endloop
endfacet
facet normal 0 0 -1
outer loop
vertex 180.20929078189477 -147.83874329336115 6.5
vertex 180.30887584070567 -148.16703123647184 6.5
vertex 180.30887584070567 -148.16703123647181 1
endloop
endfacet
facet normal 0 0 -1
outer loop
vertex 180.20929078189477 -147.83874329336115 6.5
vertex 180.30887584070567 -148.16703123647181 1
vertex 180.20929078189477 -147.83874329336118 1
endloop
endfacet
facet normal 0 0 -1
outer loop
vertex 180.04757342152942 -147.53619139221564 6.5
vertex 180.07342685673933 -147.5845597674861 6.5
vertex 180.12282098816488 -147.67696968769795 6.5
endloop
endfacet
facet normal 0 0 -1
outer loop
vertex 180.04757342152942 -147.53619139221564 6.5
vertex 180.12282098816488 -147.67696968769795 6.5
vertex 180.18929430628623 -147.801332518798 6.5
endloop
endfacet
facet normal 0 0 -1
outer loop
vertex 180.04757342152942 -147.53619139221564 6.5
vertex 180.18929430628623 -147.801332518798 6.5
vertex 180.20929078189477 -147.83874329336115 6.5
endloop
endfacet
facet normal 0 0 -1
outer loop
vertex 180.04757342152942 -147.53619139221564 6.5
vertex 180.20929078189477 -147.83874329336115 6.5
vertex 180.20929078189477 -147.83874329336118 1
endloop
endfacet
facet normal 0 0 -1
outer loop
vertex 180.04757342152942 -147.53619139221564 6.5
vertex 180.20929078189477 -147.83874329336118 1
vertex 180.0475734215294 -147.53619139221564 1
endloop
endfacet
facet normal 0 0 -1
outer loop
vertex 179.82993846707652 -147.27100243292355 6.5
vertex 180.02479786804653 -147.5084392999995 6.5
vertex 180.0405669808933 -147.52765401959869 6.5
endloop
endfacet
facet normal 0 0 -1
outer loop
vertex 179.82993846707652 -147.27100243292355 6.5
vertex 180.0405669808933 -147.52765401959869 6.5
vertex 180.04757342152942 -147.53619139221564 6.5
endloop
endfacet
facet normal 0 0 -1
outer loop
vertex 179.82993846707652 -147.27100243292355 6.5
vertex 180.04757342152942 -147.53619139221564 6.5
vertex 180.0475734215294 -147.53619139221564 1
endloop
endfacet
facet normal 0 0 -1
outer loop
vertex 179.82993846707652 -147.27100243292355 6.5
vertex 180.0475734215294 -147.53619139221564 1
vertex 179.82993846707646 -147.27100243292352 1
endloop
endfacet
facet normal 0.634393284163621 0.7730104533627572 0
outer loop
vertex 179.56474950778426 -147.05336747847048 6.5
vertex 179.82993846707652 -147.27100243292355 6.5
vertex 179.82993846707646 -147.27100243292352 1
endloop
endfacet
facet normal 0.634393284163621 0.7730104533627572 0
outer loop
vertex 179.56474950778426 -147.05336747847048 6.5
vertex 179.82993846707646 -147.27100243292352 1
vertex 179.56474950778423 -147.05336747847048 1
endloop
endfacet
facet normal 0.47139673682598043 0.8819212643483643 0
outer loop
vertex 179.26219760663915 -146.89165011810533 6.5
vertex 179.56474950778426 -147.05336747847048 6.5
vertex 179.56474950778423 -147.05336747847048 1
endloop
endfacet
facet normal 0.47139673682598043 0.8819212643483643 0
outer loop
vertex 179.26219760663915 -146.89165011810533 6.5
vertex 179.56474950778423 -147.05336747847048 1
vertex 179.26219760663906 -146.8916501181053 1
endloop
endfacet
facet normal 0.29028467725447593 0.9569403357322048 0
outer loop
vertex 178.93390966352825 -146.79206505929437 6.5
vertex 179.26219760663915 -146.89165011810533 6.5
vertex 179.26219760663906 -146.8916501181053 1
endloop
endfacet
facet normal 0.29028467725447593 0.9569403357322048 0
outer loop
vertex 178.93390966352825 -146.79206505929437 6.5
vertex 179.26219760663906 -146.8916501181053 1
vertex 178.9339096635281 -146.79206505929432 1
endloop
endfacet
facet normal 0.09801714032960263 0.9951847266721927 0
outer loop
vertex 178.59250159999985 -146.7584393 6.5
vertex 178.93390966352825 -146.79206505929437 6.5
vertex 178.9339096635281 -146.79206505929432 1
endloop
endfacet
facet normal 0.09801714032960263 0.9951847266721927 0
outer loop
vertex 178.59250159999985 -146.7584393 6.5
vertex 178.9339096635281 -146.79206505929432 1
vertex 178.5925016 -146.7584393 1
endloop
endfacet
facet normal -0.09801714032957415 0.9951847266721956 0
outer loop
vertex 178.25109353647187 -146.79206505929437 6.5
vertex 178.59250159999985 -146.7584393 6.5
vertex 178.5925016 -146.7584393 1
endloop
endfacet
facet normal -0.09801714032957415 0.9951847266721956 0
outer loop
vertex 178.25109353647187 -146.79206505929437 6.5
vertex 178.5925016 -146.7584393 1
vertex 178.25109353647179 -146.79206505929432 1
endloop
endfacet
facet normal -0.29028467725447593 0.9569403357322049 0
outer loop
vertex 177.92280559336092 -146.89165011810533 6.5
vertex 178.25109353647187 -146.79206505929437 6.5
vertex 178.25109353647179 -146.79206505929432 1
endloop
endfacet
facet normal -0.29028467725447593 0.9569403357322049 0
outer loop
vertex 177.92280559336092 -146.89165011810533 6.5
vertex 178.25109353647179 -146.79206505929432 1
vertex 177.9228055933611 -146.8916501181053 1
endloop
endfacet
facet normal -0.47139673682596933 0.8819212643483701 0
outer loop
vertex 177.62025369221584 -147.05336747847048 6.5
vertex 177.92280559336092 -146.89165011810533 6.5
vertex 177.9228055933611 -146.8916501181053 1
endloop
endfacet
facet normal -0.47139673682596933 0.8819212643483701 0
outer loop
vertex 177.62025369221584 -147.05336747847048 6.5
vertex 177.9228055933611 -146.8916501181053 1
vertex 177.62025369221567 -147.05336747847048 1
endloop
endfacet
facet normal -0.6343932841636208 0.7730104533627572 0
outer loop
vertex 177.35506473292355 -147.27100243292355 6.5
vertex 177.62025369221584 -147.05336747847048 6.5
vertex 177.62025369221567 -147.05336747847048 1
endloop
endfacet
facet normal -0.6343932841636208 0.7730104533627572 0
outer loop
vertex 177.35506473292355 -147.27100243292355 6.5
vertex 177.62025369221567 -147.05336747847048 1
vertex 177.35506473292358 -147.27100243292352 1
endloop
endfacet
facet normal 0 0 -1
outer loop
vertex 177.13742977847056 -147.53619139221564 6.5
vertex 177.1444362191067 -147.52765401959869 6.5
vertex 177.16020533195348 -147.5084392999995 6.5
endloop
endfacet
facet normal 0 0 -1
outer loop
vertex 177.13742977847056 -147.53619139221564 6.5
vertex 177.16020533195348 -147.5084392999995 6.5
vertex 177.35506473292355 -147.27100243292355 6.5
endloop
endfacet
facet normal 0 0 -1
outer loop
vertex 177.13742977847056 -147.53619139221564 6.5
vertex 177.35506473292355 -147.27100243292355 6.5
vertex 177.35506473292358 -147.27100243292352 1
endloop
endfacet
facet normal 0 0 -1
outer loop
vertex 177.13742977847056 -147.53619139221564 6.5
vertex 177.35506473292358 -147.27100243292352 1
vertex 177.13742977847048 -147.53619139221564 1
endloop
endfacet
facet normal 0 0 -1
outer loop
vertex 176.97571241810525 -147.83874329336115 6.5
vertex 176.99570889371378 -147.801332518798 6.5
vertex 177.06218221183514 -147.67696968769795 6.5
endloop
endfacet
facet normal 0 0 -1
outer loop
vertex 176.97571241810525 -147.83874329336115 6.5
vertex 177.06218221183514 -147.67696968769795 6.5
vertex 177.11157634326068 -147.5845597674861 6.5
endloop
endfacet
facet normal 0 0 -1
outer loop
vertex 176.97571241810525 -147.83874329336115 6.5
vertex 177.11157634326068 -147.5845597674861 6.5
vertex 177.13742977847056 -147.53619139221564 6.5
endloop
endfacet
facet normal 0 0 -1
outer loop
vertex 176.97571241810525 -147.83874329336115 6.5
vertex 177.13742977847056 -147.53619139221564 6.5
vertex 177.13742977847048 -147.53619139221564 1
endloop
endfacet
facet normal 0 0 -1
outer loop
vertex 176.97571241810525 -147.83874329336115 6.5
vertex 177.13742977847048 -147.53619139221564 1
vertex 176.9757124181053 -147.83874329336118 1
endloop
endfacet
facet normal 0 0 -1
outer loop
vertex 176.87612735929434 -148.16703123647184 6.5
vertex 176.88864810554713 -148.12575586763015 6.5
vertex 176.94109274315542 -147.95286906700775 6.5
endloop
endfacet
facet normal 0 0 -1
outer loop
vertex 176.87612735929434 -148.16703123647184 6.5
vertex 176.94109274315542 -147.95286906700775 6.5
vertex 176.97571241810525 -147.83874329336115 6.5
endloop
endfacet
facet normal 0 0 -1
outer loop
vertex 176.87612735929434 -148.16703123647184 6.5
vertex 176.97571241810525 -147.83874329336115 6.5
vertex 176.9757124181053 -147.83874329336118 1
endloop
endfacet
facet normal 0 0 -1
outer loop
vertex 176.87612735929434 -148.16703123647184 6.5
vertex 176.9757124181053 -147.83874329336118 1
vertex 176.8761273592944 -148.16703123647181 1
endloop
endfacet
facet normal 0 0 1
outer loop
vertex 176.8425016 -148.50843929999974 6.5
vertex 176.86171631959712 -148.31334897798027 6.5
vertex 176.87612735929434 -148.16703123647184 6.5
endloop
endfacet
facet normal 0 0 1
outer loop
vertex 176.8425016 -148.50843929999974 6.5
vertex 176.87612735929434 -148.16703123647184 6.5
vertex 176.8761273592944 -148.16703123647181 1
endloop
endfacet
facet normal 0 0 1
outer loop
vertex 176.8425016 -148.50843929999974 6.5
vertex 176.8761273592944 -148.16703123647181 1
vertex 176.8425016 -148.5084392999998 1
endloop
endfacet
facet normal 0 0 1
outer loop
vertex 176.87612735929434 -148.84984736352843 6.5
vertex 176.86171631959658 -148.7035296220142 6.5
vertex 176.8425016 -148.50843929999974 6.5
endloop
endfacet
facet normal 0 0 1
outer loop
vertex 176.87612735929434 -148.84984736352843 6.5
vertex 176.8425016 -148.50843929999974 6.5
vertex 176.8425016 -148.5084392999998 1
endloop
endfacet
facet normal 0 0 1
outer loop
vertex 176.87612735929434 -148.84984736352843 6.5
vertex 176.8425016 -148.5084392999998 1
vertex 176.87612735929432 -148.8498473635284 1
endloop
endfacet
facet normal 0 0 1
outer loop
vertex 176.97571241810522 -149.17813530663878 6.5
vertex 176.9410927431702 -149.064009533041 6.5
vertex 176.88864810554537 -148.89112273236424 6.5
endloop
endfacet
facet normal 0 0 1
outer loop
vertex 176.97571241810522 -149.17813530663878 6.5
vertex 176.88864810554537 -148.89112273236424 6.5
vertex 176.87612735929434 -148.84984736352843 6.5
endloop
endfacet
facet normal 0 0 1
outer loop
vertex 176.97571241810522 -149.17813530663878 6.5
vertex 176.87612735929434 -148.84984736352843 6.5
vertex 176.87612735929432 -148.8498473635284 1
endloop
endfacet
facet normal 0 0 1
outer loop
vertex 176.97571241810522 -149.17813530663878 6.5
vertex 176.87612735929432 -148.8498473635284 1
vertex 176.97571241810522 -149.17813530663886 1
endloop
endfacet
facet normal 0 0 -1
outer loop
vertex 177.13742977847053 -149.48068720778423 6.5
vertex 177.1115763432579 -149.43231883250868 6.5
vertex 177.06218221183894 -149.33990891230917 6.5
endloop
endfacet
facet normal 0 0 -1
outer loop
vertex 177.13742977847053 -149.48068720778423 6.5
vertex 177.06218221183894 -149.33990891230917 6.5
vertex 176.99570889369434 -149.2155460811656 6.5
endloop
endfacet
facet normal 0 0 -1
outer loop
vertex 177.13742977847053 -149.48068720778423 6.5
vertex 176.99570889369434 -149.2155460811656 6.5
vertex 176.97571241810522 -149.17813530663878 6.5
endloop
endfacet
facet normal 0 0 -1
outer loop
vertex 177.13742977847053 -149.48068720778423 6.5
vertex 176.97571241810522 -149.17813530663878 6.5
vertex 176.97571241810522 -149.17813530663886 1
endloop
endfacet
facet normal 0 0 -1
outer loop
vertex 177.13742977847053 -149.48068720778423 6.5
vertex 176.97571241810522 -149.17813530663886 1
vertex 177.1374297784706 -149.4806872077842 1
endloop
endfacet
facet normal 0 0 1
outer loop
vertex 177.35506473292364 -149.74587616707655 6.5
vertex 177.16020533195277 -149.50843929999954 6.5
vertex 177.14443621911087 -149.4892245804063 6.5
endloop
endfacet
facet normal 0 0 1
outer loop
vertex 177.35506473292364 -149.74587616707655 6.5
vertex 177.14443621911087 -149.4892245804063 6.5
vertex 177.13742977847053 -149.48068720778423 6.5
endloop
endfacet
facet normal 0 0 1
outer loop
vertex 177.35506473292364 -149.74587616707655 6.5
vertex 177.13742977847053 -149.48068720778423 6.5
vertex 177.1374297784706 -149.4806872077842 1
endloop
endfacet
facet normal 0 0 1
outer loop
vertex 177.35506473292364 -149.74587616707655 6.5
vertex 177.1374297784706 -149.4806872077842 1
vertex 177.35506473292352 -149.7458761670766 1
endloop
endfacet
facet normal -0.6343932841636208 -0.7730104533627573 0
outer loop
vertex 177.62025369221564 -149.96351112152945 6.5
vertex 177.35506473292364 -149.74587616707655 6.5
vertex 177.35506473292352 -149.7458761670766 1
endloop
endfacet
facet normal -0.6343932841636208 -0.7730104533627573 0
outer loop
vertex 177.62025369221564 -149.96351112152945 6.5
vertex 177.35506473292352 -149.7458761670766 1
vertex 177.62025369221567 -149.96351112152942 1
endloop
endfacet
facet normal -0.4713967368259944 -0.8819212643483568 0
outer loop
vertex 177.92280559336112 -150.1252284818947 6.5
vertex 177.62025369221564 -149.96351112152945 6.5
vertex 177.62025369221567 -149.96351112152942 1
endloop
endfacet
facet normal -0.4713967368259944 -0.8819212643483568 0
outer loop
vertex 177.92280559336112 -150.1252284818947 6.5
vertex 177.62025369221567 -149.96351112152942 1
vertex 177.9228055933611 -150.12522848189474 1
endloop
endfacet
facet normal -0.29028467725447593 -0.9569403357322048 0
outer loop
vertex 178.25109353647184 -150.22481354070564 6.5
vertex 177.92280559336112 -150.1252284818947 6.5
vertex 177.9228055933611 -150.12522848189474 1
endloop
endfacet
facet normal -0.29028467725447593 -0.9569403357322048 0
outer loop
vertex 178.25109353647184 -150.22481354070564 6.5
vertex 177.9228055933611 -150.12522848189474 1
vertex 178.2510935364718 -150.22481354070567 1
endloop
endfacet
facet normal -0.09801714032957415 -0.9951847266721956 0
outer loop
vertex 178.59250160000002 -150.2584393 6.5
vertex 178.25109353647184 -150.22481354070564 6.5
vertex 178.2510935364718 -150.22481354070567 1
endloop
endfacet
facet normal -0.09801714032957415 -0.9951847266721956 0
outer loop
vertex 178.59250160000002 -150.2584393 6.5
vertex 178.2510935364718 -150.22481354070567 1
vertex 178.5925015999998 -150.2584393 1
endloop
endfacet
facet normal 0.09801714032957415 -0.9951847266721956 0
outer loop
vertex 178.93390966352817 -150.22481354070564 6.5
vertex 178.59250160000002 -150.2584393 6.5
vertex 178.5925015999998 -150.2584393 1
endloop
endfacet
facet normal 0.09801714032957415 -0.9951847266721956 0
outer loop
vertex 178.93390966352817 -150.22481354070564 6.5
vertex 178.5925015999998 -150.2584393 1
vertex 178.93390966352825 -150.22481354070567 1
endloop
endfacet
facet normal 0.29028467725447593 -0.9569403357322049 0
outer loop
vertex 179.2621976066389 -150.1252284818947 6.5
vertex 178.93390966352817 -150.22481354070564 6.5
vertex 178.93390966352825 -150.22481354070567 1
endloop
endfacet
facet normal 0.29028467725447593 -0.9569403357322049 0
outer loop
vertex 179.2621976066389 -150.1252284818947 6.5
vertex 178.93390966352825 -150.22481354070567 1
vertex 179.2621976066389 -150.12522848189474 1
endloop
endfacet
facet normal 0.47139673682596933 -0.8819212643483701 0
outer loop
vertex 179.5647495077843 -149.96351112152945 6.5
vertex 179.2621976066389 -150.1252284818947 6.5
vertex 179.2621976066389 -150.12522848189474 1
endloop
endfacet
facet normal 0.47139673682596933 -0.8819212643483701 0
outer loop
vertex 179.5647495077843 -149.96351112152945 6.5
vertex 179.2621976066389 -150.12522848189474 1
vertex 179.56474950778437 -149.96351112152942 1
endloop
endfacet
facet normal 0.63439328416359 -0.7730104533627825 0
outer loop
vertex 179.82993846707637 -149.74587616707655 6.5
vertex 179.5647495077843 -149.96351112152945 6.5
vertex 179.56474950778437 -149.96351112152942 1
endloop
endfacet
facet normal 0.63439328416359 -0.7730104533627825 0
outer loop
vertex 179.82993846707637 -149.74587616707655 6.5
vertex 179.56474950778437 -149.96351112152942 1
vertex 179.82993846707635 -149.7458761670766 1
endloop
endfacet
facet normal 0 0 1
outer loop
vertex 180.0475734215295 -149.48068720778423 6.5
vertex 180.04056698088917 -149.4892245804063 6.5
vertex 180.02479786804727 -149.50843929999954 6.5
endloop
endfacet
facet normal 0 0 1
outer loop
vertex 180.0475734215295 -149.48068720778423 6.5
vertex 180.02479786804727 -149.50843929999954 6.5
vertex 179.82993846707637 -149.74587616707655 6.5
endloop
endfacet
facet normal 0 0 1
outer loop
vertex 180.0475734215295 -149.48068720778423 6.5
vertex 179.82993846707637 -149.74587616707655 6.5
vertex 179.82993846707635 -149.7458761670766 1
endloop
endfacet
facet normal 0 0 1
outer loop
vertex 180.0475734215295 -149.48068720778423 6.5
vertex 179.82993846707635 -149.7458761670766 1
vertex 180.0475734215295 -149.4806872077842 1
endloop
endfacet
facet normal 0 0 -1
outer loop
vertex 180.2092907818948 -149.17813530663878 6.5
vertex 180.18929430630567 -149.2155460811656 6.5
vertex 180.12282098816107 -149.33990891230917 6.5
endloop
endfacet
facet normal 0 0 -1
outer loop
vertex 180.2092907818948 -149.17813530663878 6.5
vertex 180.12282098816107 -149.33990891230917 6.5
vertex 180.07342685674212 -149.43231883250868 6.5
endloop
endfacet
facet normal 0 0 -1
outer loop
vertex 180.2092907818948 -149.17813530663878 6.5
vertex 180.07342685674212 -149.43231883250868 6.5
vertex 180.0475734215295 -149.48068720778423 6.5
endloop
endfacet
facet normal 0 0 -1
outer loop
vertex 180.2092907818948 -149.17813530663878 6.5
vertex 180.0475734215295 -149.48068720778423 6.5
vertex 180.0475734215295 -149.4806872077842 1
endloop
endfacet
facet normal 0 0 -1
outer loop
vertex 180.2092907818948 -149.17813530663878 6.5
vertex 180.0475734215295 -149.4806872077842 1
vertex 180.20929078189477 -149.17813530663886 1
endloop
endfacet
facet normal 0 0 1
outer loop
vertex 180.3088758407056 -148.84984736352843 6.5
vertex 180.29635509445458 -148.89112273236424 6.5
vertex 180.2439104568298 -149.064009533041 6.5
endloop
endfacet
facet normal 0 0 1
outer loop
vertex 180.3088758407056 -148.84984736352843 6.5
vertex 180.2439104568298 -149.064009533041 6.5
vertex 180.2092907818948 -149.17813530663878 6.5
endloop
endfacet
facet normal 0 0 1
outer loop
vertex 180.3088758407056 -148.84984736352843 6.5
vertex 180.2092907818948 -149.17813530663878 6.5
vertex 180.20929078189477 -149.17813530663886 1
endloop
endfacet
facet normal 0 0 1
outer loop
vertex 180.3088758407056 -148.84984736352843 6.5
vertex 180.20929078189477 -149.17813530663886 1
vertex 180.3088758407056 -148.8498473635284 1
endloop
endfacet
facet normal 0 0 -1
outer loop
vertex 133.423903 -102.51486450000004 6.5
vertex 133.40468828040298 -102.70995482201879 6.5
vertex 133.39027724070567 -102.85627256352805 6.5
endloop
endfacet
facet normal 0 0 -1
outer loop
vertex 133.423903 -102.51486450000004 6.5
vertex 133.39027724070567 -102.85627256352805 6.5
vertex 133.39027724070561 -102.85627256352824 1
endloop
endfacet
facet normal 0 0 -1
outer loop
vertex 133.423903 -102.51486450000004 6.5
vertex 133.39027724070561 -102.85627256352824 1
vertex 133.42390299999997 -102.51486449999999 1
endloop
endfacet
facet normal 0 0 -1
outer loop
vertex 133.39027724070564 -102.17345643647172 6.5
vertex 133.4046882804032 -102.31977417798365 6.5
vertex 133.423903 -102.51486450000004 6.5
endloop
endfacet
facet normal 0 0 -1
outer loop
vertex 133.39027724070564 -102.17345643647172 6.5
vertex 133.423903 -102.51486450000004 6.5
vertex 133.42390299999997 -102.51486449999999 1
endloop
endfacet
facet normal 0 0 -1
outer loop
vertex 133.39027724070564 -102.17345643647172 6.5
vertex 133.42390299999997 -102.51486449999999 1
vertex 133.39027724070561 -102.17345643647164 1
endloop
endfacet
facet normal 0 0 1
outer loop
vertex 133.29069218189474 -101.84516849336104 6.5
vertex 133.32531185683195 -101.95929426696605 6.5
vertex 133.37775649445223 -102.13218106762795 6.5
endloop
endfacet
facet normal 0 0 1
outer loop
vertex 133.29069218189474 -101.84516849336104 6.5
vertex 133.37775649445223 -102.13218106762795 6.5
vertex 133.39027724070564 -102.17345643647172 6.5
endloop
endfacet
facet normal 0 0 1
outer loop
vertex 133.29069218189474 -101.84516849336104 6.5
vertex 133.39027724070564 -102.17345643647172 6.5
vertex 133.39027724070561 -102.17345643647164 1
endloop
endfacet
facet normal 0 0 1
outer loop
vertex 133.29069218189474 -101.84516849336104 6.5
vertex 133.39027724070561 -102.17345643647164 1
vertex 133.29069218189477 -101.84516849336109 1
endloop
endfacet
facet normal 0 0 1
outer loop
vertex 133.12897482152954 -101.54261659221582 6.5
vertex 133.15482825673843 -101.59098496748439 6.5
vertex 133.20422238816843 -101.68339488770452 6.5
endloop
endfacet
facet normal 0 0 1
outer loop
vertex 133.12897482152954 -101.54261659221582 6.5
vertex 133.20422238816843 -101.68339488770452 6.5
vertex 133.2706957062968 -101.80775771881774 6.5
endloop
endfacet
facet normal 0 0 1
outer loop
vertex 133.12897482152954 -101.54261659221582 6.5
vertex 133.2706957062968 -101.80775771881774 6.5
vertex 133.29069218189474 -101.84516849336104 6.5
endloop
endfacet
facet normal 0 0 1
outer loop
vertex 133.12897482152954 -101.54261659221582 6.5
vertex 133.29069218189474 -101.84516849336104 6.5
vertex 133.29069218189477 -101.84516849336109 1
endloop
endfacet
facet normal 0 0 1
outer loop
vertex 133.12897482152954 -101.54261659221582 6.5
vertex 133.29069218189477 -101.84516849336109 1
vertex 133.12897482152954 -101.5426165922158 1
endloop
endfacet
facet normal 0 0 1
outer loop
vertex 132.91133986707644 -101.27742763292353 6.5
vertex 133.10619926804674 -101.51486449999982 6.5
vertex 133.12196838089127 -101.53407921959626 6.5
endloop
endfacet
facet normal 0 0 1
outer loop
vertex 132.91133986707644 -101.27742763292353 6.5
vertex 133.12196838089127 -101.53407921959626 6.5
vertex 133.12897482152954 -101.54261659221582 6.5
endloop
endfacet
facet normal 0 0 1
outer loop
vertex 132.91133986707644 -101.27742763292353 6.5
vertex 133.12897482152954 -101.54261659221582 6.5
vertex 133.12897482152954 -101.5426165922158 1
endloop
endfacet
facet normal 0 0 1
outer loop
vertex 132.91133986707644 -101.27742763292353 6.5
vertex 133.12897482152954 -101.5426165922158 1
vertex 132.91133986707644 -101.27742763292352 1
endloop
endfacet
facet normal 0.6343932841636208 0.7730104533627573 0
outer loop
vertex 132.6461509077843 -101.05979267847047 6.5
vertex 132.91133986707644 -101.27742763292353 6.5
vertex 132.91133986707644 -101.27742763292352 1
endloop
endfacet
facet normal 0.6343932841636208 0.7730104533627573 0
outer loop
vertex 132.6461509077843 -101.05979267847047 6.5
vertex 132.91133986707644 -101.27742763292352 1
vertex 132.6461509077843 -101.05979267847052 1
endloop
endfacet
facet normal 0.4713967368259586 0.8819212643483759 0
outer loop
vertex 132.34359900663887 -100.8980753181053 6.5
vertex 132.6461509077843 -101.05979267847047 6.5
vertex 132.6461509077843 -101.05979267847052 1
endloop
endfacet
facet normal 0.4713967368259586 0.8819212643483759 0
outer loop
vertex 132.34359900663887 -100.8980753181053 6.5
vertex 132.6461509077843 -101.05979267847052 1
vertex 132.34359900663887 -100.89807531810523 1
endloop
endfacet
facet normal 0.2902846772544974 0.9569403357321982 0
outer loop
vertex 132.01531106352832 -100.79849025929434 6.5
vertex 132.34359900663887 -100.8980753181053 6.5
vertex 132.34359900663887 -100.89807531810523 1
endloop
endfacet
facet normal 0.2902846772544974 0.9569403357321982 0
outer loop
vertex 132.01531106352832 -100.79849025929434 6.5
vertex 132.34359900663887 -100.89807531810523 1
vertex 132.01531106352823 -100.79849025929437 1
endloop
endfacet
facet normal 0.09801714032957423 0.9951847266721956 0
outer loop
vertex 131.67390299999997 -100.7648645 6.5
vertex 132.01531106352832 -100.79849025929434 6.5
vertex 132.01531106352823 -100.79849025929437 1
endloop
endfacet
facet normal 0.09801714032957423 0.9951847266721956 0
outer loop
vertex 131.67390299999997 -100.7648645 6.5
vertex 132.01531106352823 -100.79849025929437 1
vertex 131.67390299999994 -100.76486450000002 1
endloop
endfacet
facet normal -0.09801714032957415 0.9951847266721956 0
outer loop
vertex 131.33249493647187 -100.79849025929434 6.5
vertex 131.67390299999997 -100.7648645 6.5
vertex 131.67390299999994 -100.76486450000002 1
endloop
endfacet
facet normal -0.09801714032957415 0.9951847266721956 0
outer loop
vertex 131.33249493647187 -100.79849025929434 6.5
vertex 131.67390299999994 -100.76486450000002 1
vertex 131.3324949364717 -100.79849025929437 1
endloop
endfacet
facet normal -0.29028467725447593 0.9569403357322048 0
outer loop
vertex 131.00420699336098 -100.8980753181053 6.5
vertex 131.33249493647187 -100.79849025929434 6.5
vertex 131.3324949364717 -100.79849025929437 1
endloop
endfacet
facet normal -0.29028467725447593 0.9569403357322048 0
outer loop
vertex 131.00420699336098 -100.8980753181053 6.5
vertex 131.3324949364717 -100.79849025929437 1
vertex 131.00420699336115 -100.89807531810523 1
endloop
endfacet
facet normal -0.47139673682596933 0.8819212643483701 0
outer loop
vertex 130.70165509221582 -101.05979267847047 6.5
vertex 131.00420699336098 -100.8980753181053 6.5
vertex 131.00420699336115 -100.89807531810523 1
endloop
endfacet
facet normal -0.47139673682596933 0.8819212643483701 0
outer loop
vertex 130.70165509221582 -101.05979267847047 6.5
vertex 131.00420699336115 -100.89807531810523 1
vertex 130.70165509221576 -101.05979267847052 1
endloop
endfacet
facet normal -0.6343932841636364 0.7730104533627445 0
outer loop
vertex 130.43646613292353 -101.27742763292353 6.5
vertex 130.70165509221582 -101.05979267847047 6.5
vertex 130.70165509221576 -101.05979267847052 1
endloop
endfacet
facet normal -0.6343932841636364 0.7730104533627445 0
outer loop
vertex 130.43646613292353 -101.27742763292353 6.5
vertex 130.70165509221576 -101.05979267847052 1
vertex 130.4364661329236 -101.27742763292352 1
endloop
endfacet
facet normal 0 0 -1
outer loop
vertex 130.2188311784705 -101.54261659221582 6.5
vertex 130.22583761910877 -101.53407921959626 6.5
vertex 130.24160673195328 -101.51486449999982 6.5
endloop
endfacet
facet normal 0 0 -1
outer loop
vertex 130.2188311784705 -101.54261659221582 6.5
vertex 130.24160673195328 -101.51486449999982 6.5
vertex 130.43646613292353 -101.27742763292353 6.5
endloop
endfacet
facet normal 0 0 -1
outer loop
vertex 130.2188311784705 -101.54261659221582 6.5
vertex 130.43646613292353 -101.27742763292353 6.5
vertex 130.4364661329236 -101.27742763292352 1
endloop
endfacet
facet normal 0 0 -1
outer loop
vertex 130.2188311784705 -101.54261659221582 6.5
vertex 130.4364661329236 -101.27742763292352 1
vertex 130.21883117847045 -101.5426165922158 1
endloop
endfacet
facet normal 0 0 1
outer loop
vertex 130.05711381810522 -101.84516849336104 6.5
vertex 130.07711029370319 -101.80775771881774 6.5
vertex 130.1435836118316 -101.68339488770452 6.5
endloop
endfacet
facet normal 0 0 1
outer loop
vertex 130.05711381810522 -101.84516849336104 6.5
vertex 130.1435836118316 -101.68339488770452 6.5
vertex 130.1929777432616 -101.59098496748439 6.5
endloop
endfacet
facet normal 0 0 1
outer loop
vertex 130.05711381810522 -101.84516849336104 6.5
vertex 130.1929777432616 -101.59098496748439 6.5
vertex 130.2188311784705 -101.54261659221582 6.5
endloop
endfacet
facet normal 0 0 1
outer loop
vertex 130.05711381810522 -101.84516849336104 6.5
vertex 130.2188311784705 -101.54261659221582 6.5
vertex 130.21883117847045 -101.5426165922158 1
endloop
endfacet
facet normal 0 0 1
outer loop
vertex 130.05711381810522 -101.84516849336104 6.5
vertex 130.21883117847045 -101.5426165922158 1
vertex 130.0571138181052 -101.84516849336109 1
endloop
endfacet
facet normal 0 0 1
outer loop
vertex 129.95752875929435 -102.17345643647172 6.5
vertex 129.9700495055478 -102.13218106762795 6.5
vertex 130.02249414316805 -101.95929426696605 6.5
endloop
endfacet
facet normal 0 0 1
outer loop
vertex 129.95752875929435 -102.17345643647172 6.5
vertex 130.02249414316805 -101.95929426696605 6.5
vertex 130.05711381810522 -101.84516849336104 6.5
endloop
endfacet
facet normal 0 0 1
outer loop
vertex 129.95752875929435 -102.17345643647172 6.5
vertex 130.05711381810522 -101.84516849336104 6.5
vertex 130.0571138181052 -101.84516849336109 1
endloop
endfacet
facet normal 0 0 1
outer loop
vertex 129.95752875929435 -102.17345643647172 6.5
vertex 130.0571138181052 -101.84516849336109 1
vertex 129.95752875929435 -102.17345643647164 1
endloop
endfacet
facet normal 0 0 -1
outer loop
vertex 129.923903 -102.51486450000004 6.5
vertex 129.94311771959678 -102.31977417798365 6.5
vertex 129.95752875929435 -102.17345643647172 6.5
endloop
endfacet
facet normal 0 0 -1
outer loop
vertex 129.923903 -102.51486450000004 6.5
vertex 129.95752875929435 -102.17345643647172 6.5
vertex 129.95752875929435 -102.17345643647164 1
endloop
endfacet
facet normal 0 0 -1
outer loop
vertex 129.923903 -102.51486450000004 6.5
vertex 129.95752875929435 -102.17345643647164 1
vertex 129.93023686396026 -102.45055569999948 1
endloop
endfacet
facet normal 0 0 -1
outer loop
vertex 129.923903 -102.51486450000004 6.5
vertex 129.93023686396026 -102.45055569999948 1
vertex 129.923903 -102.51486449999999 1
endloop
endfacet
facet normal 0 0 1
outer loop
vertex 129.95752875929435 -102.85627256352805 6.5
vertex 129.94311771959704 -102.70995482201879 6.5
vertex 129.923903 -102.51486450000004 6.5
endloop
endfacet
facet normal 0 0 1
outer loop
vertex 129.95752875929435 -102.85627256352805 6.5
vertex 129.923903 -102.51486450000004 6.5
vertex 129.923903 -102.51486449999999 1
endloop
endfacet
facet normal 0 0 1
outer loop
vertex 129.95752875929435 -102.85627256352805 6.5
vertex 129.923903 -102.51486449999999 1
vertex 129.95752875929435 -102.85627256352824 1
endloop
endfacet
facet normal 0 0 1
outer loop
vertex 130.05711381810525 -103.1845605066391 6.5
vertex 130.02249414316037 -103.07043473300867 6.5
vertex 129.97004950554845 -102.8975479323741 6.5
endloop
endfacet
facet normal 0 0 1
outer loop
vertex 130.05711381810525 -103.1845605066391 6.5
vertex 129.97004950554845 -102.8975479323741 6.5
vertex 129.95752875929435 -102.85627256352805 6.5
endloop
endfacet
facet normal 0 0 1
outer loop
vertex 130.05711381810525 -103.1845605066391 6.5
vertex 129.95752875929435 -102.85627256352805 6.5
vertex 129.95752875929435 -102.85627256352824 1
endloop
endfacet
facet normal 0 0 1
outer loop
vertex 130.05711381810525 -103.1845605066391 6.5
vertex 129.95752875929435 -102.85627256352824 1
vertex 130.05711381810525 -103.18456050663899 1
endloop
endfacet
facet normal 0 0 1
outer loop
vertex 130.2188311784706 -103.48711240778432 6.5
vertex 130.19297774325983 -103.43874403251226 6.5
vertex 130.14358361183233 -103.34633411229679 6.5
endloop
endfacet
facet normal 0 0 1
outer loop
vertex 130.2188311784706 -103.48711240778432 6.5
vertex 130.14358361183233 -103.34633411229679 6.5
vertex 130.0771102937083 -103.22197128119191 6.5
endloop
endfacet
facet normal 0 0 1
outer loop
vertex 130.2188311784706 -103.48711240778432 6.5
vertex 130.0771102937083 -103.22197128119191 6.5
vertex 130.05711381810525 -103.1845605066391 6.5
endloop
endfacet
facet normal 0 0 1
outer loop
vertex 130.2188311784706 -103.48711240778432 6.5
vertex 130.05711381810525 -103.1845605066391 6.5
vertex 130.05711381810525 -103.18456050663899 1
endloop
endfacet
facet normal 0 0 1
outer loop
vertex 130.2188311784706 -103.48711240778432 6.5
vertex 130.05711381810525 -103.18456050663899 1
vertex 130.21883117847057 -103.48711240778435 1
endloop
endfacet
facet normal 0 0 1
outer loop
vertex 130.4364661329235 -103.7523013670765 6.5
vertex 130.24160673195308 -103.51486449999997 6.5
vertex 130.22583761910735 -103.49564978040205 6.5
endloop
endfacet
facet normal 0 0 1
outer loop
vertex 130.4364661329235 -103.7523013670765 6.5
vertex 130.22583761910735 -103.49564978040205 6.5
vertex 130.2188311784706 -103.48711240778432 6.5
endloop
endfacet
facet normal 0 0 1
outer loop
vertex 130.4364661329235 -103.7523013670765 6.5
vertex 130.2188311784706 -103.48711240778432 6.5
vertex 130.21883117847057 -103.48711240778435 1
endloop
endfacet
facet normal 0 0 1
outer loop
vertex 130.4364661329235 -103.7523013670765 6.5
vertex 130.21883117847057 -103.48711240778435 1
vertex 130.43646613292356 -103.75230136707646 1
endloop
endfacet
facet normal -0.6343932841636211 -0.7730104533627572 0
outer loop
vertex 130.70165509221576 -103.96993632152946 6.5
vertex 130.4364661329235 -103.7523013670765 6.5
vertex 130.43646613292356 -103.75230136707646 1
endloop
endfacet
facet normal -0.6343932841636211 -0.7730104533627572 0
outer loop
vertex 130.70165509221576 -103.96993632152946 6.5
vertex 130.43646613292356 -103.75230136707646 1
vertex 130.7016550922157 -103.96993632152952 1
endloop
endfacet
facet normal -0.47139673682598043 -0.8819212643483643 0
outer loop
vertex 131.00420699336112 -104.13165368189475 6.5
vertex 130.70165509221576 -103.96993632152946 6.5
vertex 130.7016550922157 -103.96993632152952 1
endloop
endfacet
facet normal -0.47139673682598043 -0.8819212643483643 0
outer loop
vertex 131.00420699336112 -104.13165368189475 6.5
vertex 130.7016550922157 -103.96993632152952 1
vertex 131.00420699336107 -104.13165368189473 1
endloop
endfacet
facet normal -0.2902846772544834 -0.9569403357322025 0
outer loop
vertex 131.33249493647182 -104.23123874070565 6.5
vertex 131.00420699336112 -104.13165368189475 6.5
vertex 131.00420699336107 -104.13165368189473 1
endloop
endfacet
facet normal -0.2902846772544834 -0.9569403357322025 0
outer loop
vertex 131.33249493647182 -104.23123874070565 6.5
vertex 131.00420699336107 -104.13165368189473 1
vertex 131.3324949364718 -104.23123874070565 1
endloop
endfacet
facet normal -0.09801714032957415 -0.9951847266721956 0
outer loop
vertex 131.67390300000002 -104.2648645 6.5
vertex 131.33249493647182 -104.23123874070565 6.5
vertex 131.3324949364718 -104.23123874070565 1
endloop
endfacet
facet normal -0.09801714032957415 -0.9951847266721956 0
outer loop
vertex 131.67390300000002 -104.2648645 6.5
vertex 131.3324949364718 -104.23123874070565 1
vertex 131.673903 -104.2648645 1
endloop
endfacet
facet normal 0.09801714032957415 -0.9951847266721956 0
outer loop
vertex 132.01531106352823 -104.23123874070565 6.5
vertex 131.67390300000002 -104.2648645 6.5
vertex 131.673903 -104.2648645 1
endloop
endfacet
facet normal 0.09801714032957415 -0.9951847266721956 0
outer loop
vertex 132.01531106352823 -104.23123874070565 6.5
vertex 131.673903 -104.2648645 1
vertex 132.01531106352826 -104.23123874070565 1
endloop
endfacet
facet normal 0.29028467725447593 -0.9569403357322048 0
outer loop
vertex 132.3435990066389 -104.13165368189475 6.5
vertex 132.01531106352823 -104.23123874070565 6.5
vertex 132.01531106352826 -104.23123874070565 1
endloop
endfacet
facet normal 0.29028467725447593 -0.9569403357322048 0
outer loop
vertex 132.3435990066389 -104.13165368189475 6.5
vertex 132.01531106352826 -104.23123874070565 1
vertex 132.3435990066389 -104.13165368189473 1
endloop
endfacet
facet normal 0.47139673682596933 -0.8819212643483703 0
outer loop
vertex 132.64615090778432 -103.96993632152946 6.5
vertex 132.3435990066389 -104.13165368189475 6.5
vertex 132.3435990066389 -104.13165368189473 1
endloop
endfacet
facet normal 0.47139673682596933 -0.8819212643483703 0
outer loop
vertex 132.64615090778432 -103.96993632152946 6.5
vertex 132.3435990066389 -104.13165368189473 1
vertex 132.64615090778423 -103.96993632152952 1
endloop
endfacet
facet normal 0.6343932841636364 -0.7730104533627445 0
outer loop
vertex 132.91133986707644 -103.7523013670765 6.5
vertex 132.64615090778432 -103.96993632152946 6.5
vertex 132.64615090778423 -103.96993632152952 1
endloop
endfacet
facet normal 0.6343932841636364 -0.7730104533627445 0
outer loop
vertex 132.91133986707644 -103.7523013670765 6.5
vertex 132.64615090778423 -103.96993632152952 1
vertex 132.91133986707646 -103.75230136707646 1
endloop
endfacet
facet normal 0 0 -1
outer loop
vertex 133.12897482152945 -103.48711240778432 6.5
vertex 133.1219683808927 -103.49564978040205 6.5
vertex 133.10619926804694 -103.51486449999997 6.5
endloop
endfacet
facet normal 0 0 -1
outer loop
vertex 133.12897482152945 -103.48711240778432 6.5
vertex 133.10619926804694 -103.51486449999997 6.5
vertex 132.91133986707644 -103.7523013670765 6.5
endloop
endfacet
facet normal 0 0 -1
outer loop
vertex 133.12897482152945 -103.48711240778432 6.5
vertex 132.91133986707644 -103.7523013670765 6.5
vertex 132.91133986707646 -103.75230136707646 1
endloop
endfacet
facet normal 0 0 -1
outer loop
vertex 133.12897482152945 -103.48711240778432 6.5
vertex 132.91133986707646 -103.75230136707646 1
vertex 133.12897482152943 -103.48711240778435 1
endloop
endfacet
facet normal 0 0 1
outer loop
vertex 133.29069218189466 -103.1845605066391 6.5
vertex 133.27069570629163 -103.22197128119191 6.5
vertex 133.20422238816772 -103.34633411229679 6.5
endloop
endfacet
facet normal 0 0 1
outer loop
vertex 133.29069218189466 -103.1845605066391 6.5
vertex 133.20422238816772 -103.34633411229679 6.5
vertex 133.15482825674022 -103.43874403251226 6.5
endloop
endfacet
facet normal 0 0 1
outer loop
vertex 133.29069218189466 -103.1845605066391 6.5
vertex 133.15482825674022 -103.43874403251226 6.5
vertex 133.12897482152945 -103.48711240778432 6.5
endloop
endfacet
facet normal 0 0 1
outer loop
vertex 133.29069218189466 -103.1845605066391 6.5
vertex 133.12897482152945 -103.48711240778432 6.5
vertex 133.12897482152943 -103.48711240778435 1
endloop
endfacet
facet normal 0 0 1
outer loop
vertex 133.29069218189466 -103.1845605066391 6.5
vertex 133.12897482152943 -103.48711240778435 1
vertex 133.2906921818947 -103.18456050663899 1
endloop
endfacet
facet normal 0 0 1
outer loop
vertex 133.39027724070567 -102.85627256352805 6.5
vertex 133.37775649445155 -102.8975479323741 6.5
vertex 133.32531185683956 -103.07043473300867 6.5
endloop
endfacet
facet normal 0 0 1
outer loop
vertex 133.39027724070567 -102.85627256352805 6.5
vertex 133.32531185683956 -103.07043473300867 6.5
vertex 133.29069218189466 -103.1845605066391 6.5
endloop
endfacet
facet normal 0 0 1
outer loop
vertex 133.39027724070567 -102.85627256352805 6.5
vertex 133.29069218189466 -103.1845605066391 6.5
vertex 133.2906921818947 -103.18456050663899 1
endloop
endfacet
facet normal 0 0 1
outer loop
vertex 133.39027724070567 -102.85627256352805 6.5
vertex 133.2906921818947 -103.18456050663899 1
vertex 133.39027724070561 -102.85627256352824 1
endloop
endfacet
facet normal 0 0 1
outer loop
vertex 96.13298254070564 -94.63679623647182 6.5
vertex 96.14739358040251 -94.78311397797668 6.5
vertex 96.1666083 -94.97820429999999 6.5
endloop
endfacet
facet normal 0 0 1
outer loop
vertex 96.13298254070564 -94.63679623647182 6.5
vertex 96.1666083 -94.97820429999999 6.5
vertex 96.1666083 -94.97820430000002 1
endloop
endfacet
facet normal 0 0 1
outer loop
vertex 96.13298254070564 -94.63679623647182 6.5
vertex 96.1666083 -94.97820430000002 1
vertex 96.13298254070564 -94.63679623647181 1
endloop
endfacet
facet normal 0 0 -1
outer loop
vertex 96.0333974818947 -94.30850829336102 6.5
vertex 96.06801715683615 -94.42263406698002 6.5
vertex 96.1204617944554 -94.59552086763854 6.5
endloop
endfacet
facet normal 0 0 -1
outer loop
vertex 96.0333974818947 -94.30850829336102 6.5
vertex 96.1204617944554 -94.59552086763854 6.5
vertex 96.13298254070564 -94.63679623647182 6.5
endloop
endfacet
facet normal 0 0 -1
outer loop
vertex 96.0333974818947 -94.30850829336102 6.5
vertex 96.13298254070564 -94.63679623647182 6.5
vertex 96.13298254070564 -94.63679623647181 1
endloop
endfacet
facet normal 0 0 -1
outer loop
vertex 96.0333974818947 -94.30850829336102 6.5
vertex 96.13298254070564 -94.63679623647181 1
vertex 96.03339748189471 -94.30850829336102 1
endloop
endfacet
facet normal 0 0 1
outer loop
vertex 95.87168012152947 -94.00595639221572 6.5
vertex 95.89753355674144 -94.05432476749004 6.5
vertex 95.94692768816356 -94.14673468769546 6.5
endloop
endfacet
facet normal 0 0 1
outer loop
vertex 95.87168012152947 -94.00595639221572 6.5
vertex 95.94692768816356 -94.14673468769546 6.5
vertex 96.0134010062977 -94.27109751881947 6.5
endloop
endfacet
facet normal 0 0 1
outer loop
vertex 95.87168012152947 -94.00595639221572 6.5
vertex 96.0134010062977 -94.27109751881947 6.5
vertex 96.0333974818947 -94.30850829336102 6.5
endloop
endfacet
facet normal 0 0 1
outer loop
vertex 95.87168012152947 -94.00595639221572 6.5
vertex 96.0333974818947 -94.30850829336102 6.5
vertex 96.03339748189471 -94.30850829336102 1
endloop
endfacet
facet normal 0 0 1
outer loop
vertex 95.87168012152947 -94.00595639221572 6.5
vertex 96.03339748189471 -94.30850829336102 1
vertex 95.87168012152948 -94.00595639221572 1
endloop
endfacet
facet normal 0 0 1
outer loop
vertex 95.65404516707645 -93.74076743292356 6.5
vertex 95.84890456804692 -93.97820430000003 6.5
vertex 95.86467368089153 -93.99741901959658 6.5
endloop
endfacet
facet normal 0 0 1
outer loop
vertex 95.65404516707645 -93.74076743292356 6.5
vertex 95.86467368089153 -93.99741901959658 6.5
vertex 95.87168012152947 -94.00595639221572 6.5
endloop
endfacet
facet normal 0 0 1
outer loop
vertex 95.65404516707645 -93.74076743292356 6.5
vertex 95.87168012152947 -94.00595639221572 6.5
vertex 95.87168012152948 -94.00595639221572 1
endloop
endfacet
facet normal 0 0 1
outer loop
vertex 95.65404516707645 -93.74076743292356 6.5
vertex 95.87168012152948 -94.00595639221572 1
vertex 95.65404516707648 -93.74076743292358 1
endloop
endfacet
facet normal 0.6343932841636822 0.7730104533627069 0
outer loop
vertex 95.38885620778424 -93.5231324784705 6.5
vertex 95.65404516707645 -93.74076743292356 6.5
vertex 95.65404516707648 -93.74076743292358 1
endloop
endfacet
facet normal 0.6343932841636822 0.7730104533627069 0
outer loop
vertex 95.38885620778424 -93.5231324784705 6.5
vertex 95.65404516707648 -93.74076743292358 1
vertex 95.38885620778426 -93.52313247847052 1
endloop
endfacet
facet normal 0.47139673682592287 0.881921264348395 0
outer loop
vertex 95.08630430663894 -93.36141511810527 6.5
vertex 95.38885620778424 -93.5231324784705 6.5
vertex 95.38885620778426 -93.52313247847052 1
endloop
endfacet
facet normal 0.47139673682592287 0.881921264348395 0
outer loop
vertex 95.08630430663894 -93.36141511810527 6.5
vertex 95.38885620778426 -93.52313247847052 1
vertex 95.0863043066389 -93.36141511810524 1
endloop
endfacet
facet normal 0.29028467725447593 0.9569403357322048 0
outer loop
vertex 94.75801636352821 -93.26183005929435 6.5
vertex 95.08630430663894 -93.36141511810527 6.5
vertex 95.0863043066389 -93.36141511810524 1
endloop
endfacet
facet normal 0.29028467725447593 0.9569403357322048 0
outer loop
vertex 94.75801636352821 -93.26183005929435 6.5
vertex 95.0863043066389 -93.36141511810524 1
vertex 94.75801636352827 -93.26183005929437 1
endloop
endfacet
facet normal 0.09801714032957423 0.9951847266721956 0
outer loop
vertex 94.41660829999998 -93.2282043 6.5
vertex 94.75801636352821 -93.26183005929435 6.5
vertex 94.75801636352827 -93.26183005929437 1
endloop
endfacet
facet normal 0.09801714032957423 0.9951847266721956 0
outer loop
vertex 94.41660829999998 -93.2282043 6.5
vertex 94.75801636352827 -93.26183005929437 1
vertex 94.41660829999988 -93.2282043 1
endloop
endfacet
facet normal -0.09801714032957415 0.9951847266721956 0
outer loop
vertex 94.07520023647179 -93.26183005929435 6.5
vertex 94.41660829999998 -93.2282043 6.5
vertex 94.41660829999988 -93.2282043 1
endloop
endfacet
facet normal -0.09801714032957415 0.9951847266721956 0
outer loop
vertex 94.07520023647179 -93.26183005929435 6.5
vertex 94.41660829999988 -93.2282043 1
vertex 94.0752002364718 -93.26183005929437 1
endloop
endfacet
facet normal -0.2902846772544479 0.9569403357322133 0
outer loop
vertex 93.74691229336108 -93.36141511810527 6.5
vertex 94.07520023647179 -93.26183005929435 6.5
vertex 94.0752002364718 -93.26183005929437 1
endloop
endfacet
facet normal -0.2902846772544479 0.9569403357322133 0
outer loop
vertex 93.74691229336108 -93.36141511810527 6.5
vertex 94.0752002364718 -93.26183005929437 1
vertex 93.74691229336113 -93.36141511810524 1
endloop
endfacet
facet normal -0.4713967368259664 0.8819212643483717 0
outer loop
vertex 93.44436039221567 -93.5231324784705 6.5
vertex 93.74691229336108 -93.36141511810527 6.5
vertex 93.74691229336113 -93.36141511810524 1
endloop
endfacet
facet normal -0.4713967368259664 0.8819212643483717 0
outer loop
vertex 93.44436039221567 -93.5231324784705 6.5
vertex 93.74691229336113 -93.36141511810524 1
vertex 93.4443603922157 -93.52313247847052 1
endloop
endfacet
facet normal -0.6343932841636672 0.7730104533627191 0
outer loop
vertex 93.17917143292361 -93.74076743292356 6.5
vertex 93.44436039221567 -93.5231324784705 6.5
vertex 93.4443603922157 -93.52313247847052 1
endloop
endfacet
facet normal -0.6343932841636672 0.7730104533627191 0
outer loop
vertex 93.17917143292361 -93.74076743292356 6.5
vertex 93.4443603922157 -93.52313247847052 1
vertex 93.17917143292357 -93.74076743292358 1
endloop
endfacet
facet normal 0 0 1
outer loop
vertex 92.96153647847052 -94.00595639221572 6.5
vertex 92.96854291910846 -93.99741901959658 6.5
vertex 92.98431203195307 -93.97820430000003 6.5
endloop
endfacet
facet normal 0 0 1
outer loop
vertex 92.96153647847052 -94.00595639221572 6.5
vertex 92.98431203195307 -93.97820430000003 6.5
vertex 93.17917143292361 -93.74076743292356 6.5
endloop
endfacet
facet normal 0 0 1
outer loop
vertex 92.96153647847052 -94.00595639221572 6.5
vertex 93.17917143292361 -93.74076743292356 6.5
vertex 93.17917143292357 -93.74076743292358 1
endloop
endfacet
facet normal 0 0 1
outer loop
vertex 92.96153647847052 -94.00595639221572 6.5
vertex 93.17917143292357 -93.74076743292358 1
vertex 92.96153647847052 -94.00595639221572 1
endloop
endfacet
facet normal 0 0 1
outer loop
vertex 92.79981911810526 -94.30850829336102 6.5
vertex 92.81981559370227 -94.27109751881947 6.5
vertex 92.88628891183644 -94.14673468769546 6.5
endloop
endfacet
facet normal 0 0 1
outer loop
vertex 92.79981911810526 -94.30850829336102 6.5
vertex 92.88628891183644 -94.14673468769546 6.5
vertex 92.93568304325855 -94.05432476749004 6.5
endloop
endfacet
facet normal 0 0 1
outer loop
vertex 92.79981911810526 -94.30850829336102 6.5
vertex 92.93568304325855 -94.05432476749004 6.5
vertex 92.96153647847052 -94.00595639221572 6.5
endloop
endfacet
facet normal 0 0 1
outer loop
vertex 92.79981911810526 -94.30850829336102 6.5
vertex 92.96153647847052 -94.00595639221572 6.5
vertex 92.96153647847052 -94.00595639221572 1
endloop
endfacet
facet normal 0 0 1
outer loop
vertex 92.79981911810526 -94.30850829336102 6.5
vertex 92.96153647847052 -94.00595639221572 1
vertex 92.79981911810522 -94.30850829336102 1
endloop
endfacet
facet normal 0 0 -1
outer loop
vertex 92.70023405929433 -94.63679623647182 6.5
vertex 92.71275480554458 -94.59552086763854 6.5
vertex 92.76519944316384 -94.42263406698002 6.5
endloop
endfacet
facet normal 0 0 -1
outer loop
vertex 92.70023405929433 -94.63679623647182 6.5
vertex 92.76519944316384 -94.42263406698002 6.5
vertex 92.79981911810526 -94.30850829336102 6.5
endloop
endfacet
facet normal 0 0 -1
outer loop
vertex 92.70023405929433 -94.63679623647182 6.5
vertex 92.79981911810526 -94.30850829336102 6.5
vertex 92.79981911810522 -94.30850829336102 1
endloop
endfacet
facet normal 0 0 -1
outer loop
vertex 92.70023405929433 -94.63679623647182 6.5
vertex 92.79981911810522 -94.30850829336102 1
vertex 92.70023405929435 -94.63679623647181 1
endloop
endfacet
facet normal 0 0 -1
outer loop
vertex 92.6666083 -94.97820429999999 6.5
vertex 92.68582301959746 -94.78311397797668 6.5
vertex 92.70023405929433 -94.63679623647182 6.5
endloop
endfacet
facet normal 0 0 -1
outer loop
vertex 92.6666083 -94.97820429999999 6.5
vertex 92.70023405929433 -94.63679623647182 6.5
vertex 92.70023405929435 -94.63679623647181 1
endloop
endfacet
facet normal 0 0 -1
outer loop
vertex 92.6666083 -94.97820429999999 6.5
vertex 92.70023405929435 -94.63679623647181 1
vertex 92.6666083 -94.97820430000002 1
endloop
endfacet
facet normal 0 0 -1
outer loop
vertex 92.70023405929435 -95.31961236352826 6.5
vertex 92.68582301959697 -95.17329462201826 6.5
vertex 92.6666083 -94.97820429999999 6.5
endloop
endfacet
facet normal 0 0 -1
outer loop
vertex 92.70023405929435 -95.31961236352826 6.5
vertex 92.6666083 -94.97820429999999 6.5
vertex 92.6666083 -94.97820430000002 1
endloop
endfacet
facet normal 0 0 -1
outer loop
vertex 92.70023405929435 -95.31961236352826 6.5
vertex 92.6666083 -94.97820430000002 1
vertex 92.70023405929433 -95.31961236352826 1
endloop
endfacet
facet normal 0 0 -1
outer loop
vertex 92.96153647847048 -95.95045220778431 6.5
vertex 92.93568304326006 -95.90208383251286 6.5
vertex 92.88628891183131 -95.80967391229498 6.5
endloop
endfacet
facet normal 0 0 -1
outer loop
vertex 92.96153647847048 -95.95045220778431 6.5
vertex 92.88628891183131 -95.80967391229498 6.5
vertex 92.819815593708 -95.68531108119116 6.5
endloop
endfacet
facet normal 0 0 -1
outer loop
vertex 92.96153647847048 -95.95045220778431 6.5
vertex 92.819815593708 -95.68531108119116 6.5
vertex 92.79981911810525 -95.64790030663883 6.5
endloop
endfacet
facet normal 0 0 -1
outer loop
vertex 92.96153647847048 -95.95045220778431 6.5
vertex 92.79981911810525 -95.64790030663883 6.5
vertex 92.79981911810529 -95.6479003066388 1
endloop
endfacet
facet normal 0 0 -1
outer loop
vertex 92.96153647847048 -95.95045220778431 6.5
vertex 92.79981911810529 -95.6479003066388 1
vertex 92.96153647847049 -95.95045220778427 1
endloop
endfacet
facet normal 0 0 1
outer loop
vertex 93.17917143292361 -96.21564116707648 6.5
vertex 92.98431203195314 -95.97820430000013 6.5
vertex 92.96854291910854 -95.95898958040361 6.5
endloop
endfacet
facet normal 0 0 1
outer loop
vertex 93.17917143292361 -96.21564116707648 6.5
vertex 92.96854291910854 -95.95898958040361 6.5
vertex 92.96153647847048 -95.95045220778431 6.5
endloop
endfacet
facet normal 0 0 1
outer loop
vertex 93.17917143292361 -96.21564116707648 6.5
vertex 92.96153647847048 -95.95045220778431 6.5
vertex 92.96153647847049 -95.95045220778427 1
endloop
endfacet
facet normal 0 0 1
outer loop
vertex 93.17917143292361 -96.21564116707648 6.5
vertex 92.96153647847049 -95.95045220778427 1
vertex 93.17917143292357 -96.21564116707653 1
endloop
endfacet
facet normal -0.634393284163652 -0.7730104533627318 0
outer loop
vertex 93.44436039221563 -96.43327612152943 6.5
vertex 93.17917143292361 -96.21564116707648 6.5
vertex 93.17917143292357 -96.21564116707653 1
endloop
endfacet
facet normal -0.634393284163652 -0.7730104533627318 0
outer loop
vertex 93.44436039221563 -96.43327612152943 6.5
vertex 93.17917143292357 -96.21564116707653 1
vertex 93.44436039221573 -96.43327612152942 1
endloop
endfacet
facet normal -0.4713967368259579 -0.8819212643483763 0
outer loop
vertex 93.7469122933611 -96.59499348189476 6.5
vertex 93.44436039221563 -96.43327612152943 6.5
vertex 93.44436039221573 -96.43327612152942 1
endloop
endfacet
facet normal -0.4713967368259579 -0.8819212643483763 0
outer loop
vertex 93.7469122933611 -96.59499348189476 6.5
vertex 93.44436039221573 -96.43327612152942 1
vertex 93.74691229336106 -96.59499348189478 1
endloop
endfacet
facet normal -0.29028467725447593 -0.9569403357322048 0
outer loop
vertex 94.07520023647177 -96.69457854070566 6.5
vertex 93.7469122933611 -96.59499348189476 6.5
vertex 93.74691229336106 -96.59499348189478 1
endloop
endfacet
facet normal -0.29028467725447593 -0.9569403357322048 0
outer loop
vertex 94.07520023647177 -96.69457854070566 6.5
vertex 93.74691229336106 -96.59499348189478 1
vertex 94.07520023647183 -96.69457854070563 1
endloop
endfacet
facet normal -0.09801714032957415 -0.9951847266721956 0
outer loop
vertex 94.4166082999999 -96.7282043 6.5
vertex 94.07520023647177 -96.69457854070566 6.5
vertex 94.07520023647183 -96.69457854070563 1
endloop
endfacet
facet normal -0.09801714032957415 -0.9951847266721956 0
outer loop
vertex 94.4166082999999 -96.7282043 6.5
vertex 94.07520023647183 -96.69457854070563 1
vertex 94.4166082999999 -96.7282043 1
endloop
endfacet
facet normal 0.09801714032957415 -0.9951847266721956 0
outer loop
vertex 94.7580163635283 -96.69457854070566 6.5
vertex 94.4166082999999 -96.7282043 6.5
vertex 94.4166082999999 -96.7282043 1
endloop
endfacet
facet normal 0.09801714032957415 -0.9951847266721956 0
outer loop
vertex 94.7580163635283 -96.69457854070566 6.5
vertex 94.4166082999999 -96.7282043 1
vertex 94.75801636352833 -96.69457854070563 1
endloop
endfacet
facet normal 0.2902846772544629 -0.9569403357322087 0
outer loop
vertex 95.08630430663888 -96.59499348189476 6.5
vertex 94.7580163635283 -96.69457854070566 6.5
vertex 94.75801636352833 -96.69457854070563 1
endloop
endfacet
facet normal 0.2902846772544629 -0.9569403357322087 0
outer loop
vertex 95.08630430663888 -96.59499348189476 6.5
vertex 94.75801636352833 -96.69457854070563 1
vertex 95.08630430663884 -96.59499348189478 1
endloop
endfacet
facet normal 0.4713967368259664 -0.8819212643483717 0
outer loop
vertex 95.38885620778426 -96.43327612152943 6.5
vertex 95.08630430663888 -96.59499348189476 6.5
vertex 95.08630430663884 -96.59499348189478 1
endloop
endfacet
facet normal 0.4713967368259664 -0.8819212643483717 0
outer loop
vertex 95.38885620778426 -96.43327612152943 6.5
vertex 95.08630430663884 -96.59499348189478 1
vertex 95.38885620778437 -96.43327612152942 1
endloop
endfacet
facet normal 0.6343932841636603 -0.7730104533627248 0
outer loop
vertex 95.65404516707642 -96.21564116707648 6.5
vertex 95.38885620778426 -96.43327612152943 6.5
vertex 95.38885620778437 -96.43327612152942 1
endloop
endfacet
facet normal 0.6343932841636603 -0.7730104533627248 0
outer loop
vertex 95.65404516707642 -96.21564116707648 6.5
vertex 95.38885620778437 -96.43327612152942 1
vertex 95.65404516707638 -96.21564116707653 1
endloop
endfacet
facet normal 0 0 1
outer loop
vertex 95.87168012152944 -95.95045220778431 6.5
vertex 95.86467368089137 -95.95898958040361 6.5
vertex 95.84890456804679 -95.97820430000013 6.5
endloop
endfacet
facet normal 0 0 1
outer loop
vertex 95.87168012152944 -95.95045220778431 6.5
vertex 95.84890456804679 -95.97820430000013 6.5
vertex 95.65404516707642 -96.21564116707648 6.5
endloop
endfacet
facet normal 0 0 1
outer loop
vertex 95.87168012152944 -95.95045220778431 6.5
vertex 95.65404516707642 -96.21564116707648 6.5
vertex 95.65404516707638 -96.21564116707653 1
endloop
endfacet
facet normal 0 0 1
outer loop
vertex 95.87168012152944 -95.95045220778431 6.5
vertex 95.65404516707638 -96.21564116707653 1
vertex 95.87168012152947 -95.95045220778427 1
endloop
endfacet
facet normal 0 0 1
outer loop
vertex 96.03339748189478 -95.64790030663883 6.5
vertex 96.01340100629201 -95.68531108119116 6.5
vertex 95.94692768816866 -95.80967391229498 6.5
endloop
endfacet
facet normal 0 0 1
outer loop
vertex 96.03339748189478 -95.64790030663883 6.5
vertex 95.94692768816866 -95.80967391229498 6.5
vertex 95.89753355673987 -95.90208383251286 6.5
endloop
endfacet
facet normal 0 0 1
outer loop
vertex 96.03339748189478 -95.64790030663883 6.5
vertex 95.89753355673987 -95.90208383251286 6.5
vertex 95.87168012152944 -95.95045220778431 6.5
endloop
endfacet
facet normal 0 0 1
outer loop
vertex 96.03339748189478 -95.64790030663883 6.5
vertex 95.87168012152944 -95.95045220778431 6.5
vertex 95.87168012152947 -95.95045220778427 1
endloop
endfacet
facet normal 0 0 1
outer loop
vertex 96.03339748189478 -95.64790030663883 6.5
vertex 95.87168012152947 -95.95045220778427 1
vertex 96.03339748189478 -95.6479003066388 1
endloop
endfacet
facet normal 0 0 -1
outer loop
vertex 96.13298254070563 -95.31961236352826 6.5
vertex 96.12046179445213 -95.3608877323723 6.5
vertex 96.06801715683642 -95.53377453301917 6.5
endloop
endfacet
facet normal 0 0 -1
outer loop
vertex 96.13298254070563 -95.31961236352826 6.5
vertex 96.06801715683642 -95.53377453301917 6.5
vertex 96.03339748189478 -95.64790030663883 6.5
endloop
endfacet
facet normal 0 0 -1
outer loop
vertex 96.13298254070563 -95.31961236352826 6.5
vertex 96.03339748189478 -95.64790030663883 6.5
vertex 96.03339748189478 -95.6479003066388 1
endloop
endfacet
facet normal 0 0 -1
outer loop
vertex 96.13298254070563 -95.31961236352826 6.5
vertex 96.03339748189478 -95.6479003066388 1
vertex 96.13298254070564 -95.31961236352826 1
endloop
endfacet
facet normal 0 0 1
outer loop
vertex 91.5354114 -121.24302700000008 6.5
vertex 91.51619668040362 -121.43811732201218 6.5
vertex 91.50178564070566 -121.58443506352822 6.5
endloop
endfacet
facet normal 0 0 1
outer loop
vertex 91.5354114 -121.24302700000008 6.5
vertex 91.50178564070566 -121.58443506352822 6.5
vertex 91.50178564070563 -121.58443506352832 1
endloop
endfacet
facet normal 0 0 1
outer loop
vertex 91.5354114 -121.24302700000008 6.5
vertex 91.50178564070563 -121.58443506352832 1
vertex 91.5354114 -121.24302699999998 1
endloop
endfacet
facet normal 0 0 -1
outer loop
vertex 91.50178564070563 -120.90161893647176 6.5
vertex 91.51619668040446 -121.04793667799647 6.5
vertex 91.5354114 -121.24302700000008 6.5
endloop
endfacet
facet normal 0 0 -1
outer loop
vertex 91.50178564070563 -120.90161893647176 6.5
vertex 91.5354114 -121.24302700000008 6.5
vertex 91.5354114 -121.24302699999998 1
endloop
endfacet
facet normal 0 0 -1
outer loop
vertex 91.50178564070563 -120.90161893647176 6.5
vertex 91.5354114 -121.24302699999998 1
vertex 91.50178564070565 -120.90161893647179 1
endloop
endfacet
facet normal 0 0 -1
outer loop
vertex 91.40220058189473 -120.5733309933611 6.5
vertex 91.43682025683576 -120.6874567669787 6.5
vertex 91.48926489445049 -120.86034356762234 6.5
endloop
endfacet
facet normal 0 0 -1
outer loop
vertex 91.40220058189473 -120.5733309933611 6.5
vertex 91.48926489445049 -120.86034356762234 6.5
vertex 91.50178564070563 -120.90161893647176 6.5
endloop
endfacet
facet normal 0 0 -1
outer loop
vertex 91.40220058189473 -120.5733309933611 6.5
vertex 91.50178564070563 -120.90161893647176 6.5
vertex 91.50178564070565 -120.90161893647179 1
endloop
endfacet
facet normal 0 0 -1
outer loop
vertex 91.40220058189473 -120.5733309933611 6.5
vertex 91.50178564070565 -120.90161893647179 1
vertex 91.40220058189475 -120.57333099336111 1
endloop
endfacet
facet normal 0 0 1
outer loop
vertex 91.24048322152942 -120.27077909221563 6.5
vertex 91.2663366567447 -120.31914746749615 6.5
vertex 91.31573078816058 -120.4115573876899 6.5
endloop
endfacet
facet normal 0 0 1
outer loop
vertex 91.24048322152942 -120.27077909221563 6.5
vertex 91.31573078816058 -120.4115573876899 6.5
vertex 91.38220410629694 -120.53592021881806 6.5
endloop
endfacet
facet normal 0 0 1
outer loop
vertex 91.24048322152942 -120.27077909221563 6.5
vertex 91.38220410629694 -120.53592021881806 6.5
vertex 91.40220058189473 -120.5733309933611 6.5
endloop
endfacet
facet normal 0 0 1
outer loop
vertex 91.24048322152942 -120.27077909221563 6.5
vertex 91.40220058189473 -120.5733309933611 6.5
vertex 91.40220058189475 -120.57333099336111 1
endloop
endfacet
facet normal 0 0 1
outer loop
vertex 91.24048322152942 -120.27077909221563 6.5
vertex 91.40220058189475 -120.57333099336111 1
vertex 91.24048322152943 -120.27077909221566 1
endloop
endfacet
facet normal 0 0 -1
outer loop
vertex 91.02284826707651 -120.0055901329236 6.5
vertex 91.21770766804715 -120.24302700000028 6.5
vertex 91.23347678089155 -120.26224171959657 6.5
endloop
endfacet
facet normal 0 0 -1
outer loop
vertex 91.02284826707651 -120.0055901329236 6.5
vertex 91.23347678089155 -120.26224171959657 6.5
vertex 91.24048322152942 -120.27077909221563 6.5
endloop
endfacet
facet normal 0 0 -1
outer loop
vertex 91.02284826707651 -120.0055901329236 6.5
vertex 91.24048322152942 -120.27077909221563 6.5
vertex 91.24048322152943 -120.27077909221566 1
endloop
endfacet
facet normal 0 0 -1
outer loop
vertex 91.02284826707651 -120.0055901329236 6.5
vertex 91.24048322152943 -120.27077909221566 1
vertex 91.02284826707647 -120.00559013292356 1
endloop
endfacet
facet normal 0.6343932841636754 0.7730104533627125 0
outer loop
vertex 90.75765930778431 -119.78795517847054 6.5
vertex 91.02284826707651 -120.0055901329236 6.5
vertex 91.02284826707647 -120.00559013292356 1
endloop
endfacet
facet normal 0.6343932841636754 0.7730104533627125 0
outer loop
vertex 90.75765930778431 -119.78795517847054 6.5
vertex 91.02284826707647 -120.00559013292356 1
vertex 90.75765930778435 -119.78795517847057 1
endloop
endfacet
facet normal 0.47139673682596495 0.8819212643483726 0
outer loop
vertex 90.45510740663892 -119.62623781810527 6.5
vertex 90.75765930778431 -119.78795517847054 6.5
vertex 90.75765930778435 -119.78795517847057 1
endloop
endfacet
facet normal 0.47139673682596495 0.8819212643483726 0
outer loop
vertex 90.45510740663892 -119.62623781810527 6.5
vertex 90.75765930778435 -119.78795517847057 1
vertex 90.45510740663886 -119.62623781810524 1
endloop
endfacet
facet normal 0.29028467725447593 0.9569403357322048 0
outer loop
vertex 90.12681946352815 -119.52665275929434 6.5
vertex 90.45510740663892 -119.62623781810527 6.5
vertex 90.45510740663886 -119.62623781810524 1
endloop
endfacet
facet normal 0.29028467725447593 0.9569403357322048 0
outer loop
vertex 90.12681946352815 -119.52665275929434 6.5
vertex 90.45510740663886 -119.62623781810524 1
vertex 90.12681946352818 -119.52665275929434 1
endloop
endfacet
facet normal 0.09801714032957415 0.9951847266721956 0
outer loop
vertex 89.78541140000006 -119.493027 6.5
vertex 90.12681946352815 -119.52665275929434 6.5
vertex 90.12681946352818 -119.52665275929434 1
endloop
endfacet
facet normal 0.09801714032957415 0.9951847266721956 0
outer loop
vertex 89.78541140000006 -119.493027 6.5
vertex 90.12681946352818 -119.52665275929434 1
vertex 89.78541140000004 -119.493027 1
endloop
endfacet
facet normal -0.09801714032957415 0.9951847266721956 0
outer loop
vertex 89.44400333647171 -119.52665275929434 6.5
vertex 89.78541140000006 -119.493027 6.5
vertex 89.78541140000004 -119.493027 1
endloop
endfacet
facet normal -0.09801714032957415 0.9951847266721956 0
outer loop
vertex 89.44400333647171 -119.52665275929434 6.5
vertex 89.78541140000004 -119.493027 1
vertex 89.44400333647175 -119.52665275929434 1
endloop
endfacet
facet normal -0.29028467725447593 0.9569403357322048 0
outer loop
vertex 89.11571539336121 -119.62623781810527 6.5
vertex 89.44400333647171 -119.52665275929434 6.5
vertex 89.44400333647175 -119.52665275929434 1
endloop
endfacet
facet normal -0.29028467725447593 0.9569403357322048 0
outer loop
vertex 89.11571539336121 -119.62623781810527 6.5
vertex 89.44400333647175 -119.52665275929434 1
vertex 89.11571539336113 -119.62623781810524 1
endloop
endfacet
facet normal -0.4713967368259635 0.8819212643483734 0
outer loop
vertex 88.81316349221565 -119.78795517847054 6.5
vertex 89.11571539336121 -119.62623781810527 6.5
vertex 89.11571539336113 -119.62623781810524 1
endloop
endfacet
facet normal -0.4713967368259635 0.8819212643483734 0
outer loop
vertex 88.81316349221565 -119.78795517847054 6.5
vertex 89.11571539336113 -119.62623781810524 1
vertex 88.81316349221566 -119.78795517847057 1
endloop
endfacet
facet normal -0.6343932841636758 0.7730104533627121 0
outer loop
vertex 88.54797453292352 -120.0055901329236 6.5
vertex 88.81316349221565 -119.78795517847054 6.5
vertex 88.81316349221566 -119.78795517847057 1
endloop
endfacet
facet normal -0.6343932841636758 0.7730104533627121 0
outer loop
vertex 88.54797453292352 -120.0055901329236 6.5
vertex 88.81316349221566 -119.78795517847057 1
vertex 88.54797453292362 -120.00559013292356 1
endloop
endfacet
facet normal 0 0 1
outer loop
vertex 88.33033957847056 -120.27077909221563 6.5
vertex 88.33734601910842 -120.26224171959657 6.5
vertex 88.35311513195282 -120.24302700000028 6.5
endloop
endfacet
facet normal 0 0 1
outer loop
vertex 88.33033957847056 -120.27077909221563 6.5
vertex 88.35311513195282 -120.24302700000028 6.5
vertex 88.54797453292352 -120.0055901329236 6.5
endloop
endfacet
facet normal 0 0 1
outer loop
vertex 88.33033957847056 -120.27077909221563 6.5
vertex 88.54797453292352 -120.0055901329236 6.5
vertex 88.54797453292362 -120.00559013292356 1
endloop
endfacet
facet normal 0 0 1
outer loop
vertex 88.33033957847056 -120.27077909221563 6.5
vertex 88.54797453292362 -120.00559013292356 1
vertex 88.33033957847051 -120.27077909221566 1
endloop
endfacet
facet normal 0 0 1
outer loop
vertex 88.16862221810527 -120.5733309933611 6.5
vertex 88.18861869370306 -120.53592021881806 6.5
vertex 88.25509201183942 -120.4115573876899 6.5
endloop
endfacet
facet normal 0 0 1
outer loop
vertex 88.16862221810527 -120.5733309933611 6.5
vertex 88.25509201183942 -120.4115573876899 6.5
vertex 88.30448614325529 -120.31914746749615 6.5
endloop
endfacet
facet normal 0 0 1
outer loop
vertex 88.16862221810527 -120.5733309933611 6.5
vertex 88.30448614325529 -120.31914746749615 6.5
vertex 88.33033957847056 -120.27077909221563 6.5
endloop
endfacet
facet normal 0 0 1
outer loop
vertex 88.16862221810527 -120.5733309933611 6.5
vertex 88.33033957847056 -120.27077909221563 6.5
vertex 88.33033957847051 -120.27077909221566 1
endloop
endfacet
facet normal 0 0 1
outer loop
vertex 88.16862221810527 -120.5733309933611 6.5
vertex 88.33033957847051 -120.27077909221566 1
vertex 88.1686222181053 -120.57333099336111 1
endloop
endfacet
facet normal 0 0 -1
outer loop
vertex 88.06903715929434 -120.90161893647176 6.5
vertex 88.08155790554949 -120.86034356762234 6.5
vertex 88.13400254316424 -120.6874567669787 6.5
endloop
endfacet
facet normal 0 0 -1
outer loop
vertex 88.06903715929434 -120.90161893647176 6.5
vertex 88.13400254316424 -120.6874567669787 6.5
vertex 88.16862221810527 -120.5733309933611 6.5
endloop
endfacet
facet normal 0 0 -1
outer loop
vertex 88.06903715929434 -120.90161893647176 6.5
vertex 88.16862221810527 -120.5733309933611 6.5
vertex 88.1686222181053 -120.57333099336111 1
endloop
endfacet
facet normal 0 0 -1
outer loop
vertex 88.06903715929434 -120.90161893647176 6.5
vertex 88.1686222181053 -120.57333099336111 1
vertex 88.06903715929434 -120.90161893647179 1
endloop
endfacet
facet normal 0 0 -1
outer loop
vertex 88.0354114 -121.24302700000008 6.5
vertex 88.05462611959553 -121.04793667799647 6.5
vertex 88.06903715929434 -120.90161893647176 6.5
endloop
endfacet
facet normal 0 0 -1
outer loop
vertex 88.0354114 -121.24302700000008 6.5
vertex 88.06903715929434 -120.90161893647176 6.5
vertex 88.06903715929434 -120.90161893647179 1
endloop
endfacet
facet normal 0 0 -1
outer loop
vertex 88.0354114 -121.24302700000008 6.5
vertex 88.06903715929434 -120.90161893647179 1
vertex 88.0354114 -121.24302699999998 1
endloop
endfacet
facet normal 0 0 1
outer loop
vertex 88.06903715929437 -121.58443506352822 6.5
vertex 88.05462611959639 -121.43811732201218 6.5
vertex 88.0354114 -121.24302700000008 6.5
endloop
endfacet
facet normal 0 0 1
outer loop
vertex 88.06903715929437 -121.58443506352822 6.5
vertex 88.0354114 -121.24302700000008 6.5
vertex 88.0354114 -121.24302699999998 1
endloop
endfacet
facet normal 0 0 1
outer loop
vertex 88.06903715929437 -121.58443506352822 6.5
vertex 88.0354114 -121.24302699999998 1
vertex 88.06903715929435 -121.58443506352832 1
endloop
endfacet
facet normal 0 0 -1
outer loop
vertex 88.16862221810526 -121.91272300663886 6.5
vertex 88.13400254316511 -121.79859723302418 6.5
vertex 88.08155790554659 -121.62571043236805 6.5
endloop
endfacet
facet normal 0 0 -1
outer loop
vertex 88.16862221810526 -121.91272300663886 6.5
vertex 88.08155790554659 -121.62571043236805 6.5
vertex 88.06903715929437 -121.58443506352822 6.5
endloop
endfacet
facet normal 0 0 -1
outer loop
vertex 88.16862221810526 -121.91272300663886 6.5
vertex 88.06903715929437 -121.58443506352822 6.5
vertex 88.06903715929435 -121.58443506352832 1
endloop
endfacet
facet normal 0 0 -1
outer loop
vertex 88.16862221810526 -121.91272300663886 6.5
vertex 88.06903715929435 -121.58443506352832 1
vertex 88.16862221810526 -121.9127230066389 1
endloop
endfacet
facet normal 0 0 -1
outer loop
vertex 88.33033957847051 -122.21527490778436 6.5
vertex 88.30448614325702 -122.16690653250717 6.5
vertex 88.25509201183742 -122.0744966123064 6.5
endloop
endfacet
facet normal 0 0 -1
outer loop
vertex 88.33033957847051 -122.21527490778436 6.5
vertex 88.25509201183742 -122.0744966123064 6.5
vertex 88.1886186937052 -121.95013378118591 6.5
endloop
endfacet
facet normal 0 0 -1
outer loop
vertex 88.33033957847051 -122.21527490778436 6.5
vertex 88.1886186937052 -121.95013378118591 6.5
vertex 88.16862221810526 -121.91272300663886 6.5
endloop
endfacet
facet normal 0 0 -1
outer loop
vertex 88.33033957847051 -122.21527490778436 6.5
vertex 88.16862221810526 -121.91272300663886 6.5
vertex 88.16862221810526 -121.9127230066389 1
endloop
endfacet
facet normal 0 0 -1
outer loop
vertex 88.33033957847051 -122.21527490778436 6.5
vertex 88.16862221810526 -121.9127230066389 1
vertex 88.33033957847056 -122.21527490778435 1
endloop
endfacet
facet normal 0 0 1
outer loop
vertex 88.54797453292358 -122.48046386707647 6.5
vertex 88.35311513195339 -122.24302700000042 6.5
vertex 88.33734601910864 -122.22381228040373 6.5
endloop
endfacet
facet normal 0 0 1
outer loop
vertex 88.54797453292358 -122.48046386707647 6.5
vertex 88.33734601910864 -122.22381228040373 6.5
vertex 88.33033957847051 -122.21527490778436 6.5
endloop
endfacet
facet normal 0 0 1
outer loop
vertex 88.54797453292358 -122.48046386707647 6.5
vertex 88.33033957847051 -122.21527490778436 6.5
vertex 88.33033957847056 -122.21527490778435 1
endloop
endfacet
facet normal 0 0 1
outer loop
vertex 88.54797453292358 -122.48046386707647 6.5
vertex 88.33033957847056 -122.21527490778435 1
vertex 88.54797453292355 -122.48046386707638 1
endloop
endfacet
facet normal -0.6343932841636831 -0.7730104533627061 0
outer loop
vertex 88.81316349221571 -122.6980988215294 6.5
vertex 88.54797453292358 -122.48046386707647 6.5
vertex 88.54797453292355 -122.48046386707638 1
endloop
endfacet
facet normal -0.6343932841636831 -0.7730104533627061 0
outer loop
vertex 88.81316349221571 -122.6980988215294 6.5
vertex 88.54797453292355 -122.48046386707638 1
vertex 88.81316349221574 -122.69809882152946 1
endloop
endfacet
facet normal -0.4713967368259664 -0.8819212643483718 0
outer loop
vertex 89.11571539336106 -122.8598161818948 6.5
vertex 88.81316349221571 -122.6980988215294 6.5
vertex 88.81316349221574 -122.69809882152946 1
endloop
endfacet
facet normal -0.4713967368259664 -0.8819212643483718 0
outer loop
vertex 89.11571539336106 -122.8598161818948 6.5
vertex 88.81316349221574 -122.69809882152946 1
vertex 89.11571539336107 -122.85981618189479 1
endloop
endfacet
facet normal -0.2902846772544769 -0.9569403357322044 0
outer loop
vertex 89.44400333647178 -122.95940124070565 6.5
vertex 89.11571539336106 -122.8598161818948 6.5
vertex 89.11571539336107 -122.85981618189479 1
endloop
endfacet
facet normal -0.2902846772544769 -0.9569403357322044 0
outer loop
vertex 89.44400333647178 -122.95940124070565 6.5
vertex 89.11571539336107 -122.85981618189479 1
vertex 89.4440033364718 -122.95940124070563 1
endloop
endfacet
facet normal 0.09801714032957415 -0.9951847266721956 0
outer loop
vertex 90.12681946352826 -122.95940124070565 6.5
vertex 89.78541140000006 -122.993027 6.5
vertex 89.78541139999992 -122.993027 1
endloop
endfacet
facet normal 0.09801714032957415 -0.9951847266721956 0
outer loop
vertex 90.12681946352826 -122.95940124070565 6.5
vertex 89.78541139999992 -122.993027 1
vertex 90.1268194635283 -122.95940124070563 1
endloop
endfacet
facet normal 0.29028467725447593 -0.9569403357322049 0
outer loop
vertex 90.45510740663876 -122.8598161818948 6.5
vertex 90.12681946352826 -122.95940124070565 6.5
vertex 90.1268194635283 -122.95940124070563 1
endloop
endfacet
facet normal 0.29028467725447593 -0.9569403357322049 0
outer loop
vertex 90.45510740663876 -122.8598161818948 6.5
vertex 90.1268194635283 -122.95940124070563 1
vertex 90.45510740663882 -122.85981618189479 1
endloop
endfacet
facet normal 0.47139673682596933 -0.8819212643483703 0
outer loop
vertex 90.7576593077844 -122.6980988215294 6.5
vertex 90.45510740663876 -122.8598161818948 6.5
vertex 90.45510740663882 -122.85981618189479 1
endloop
endfacet
facet normal 0.47139673682596933 -0.8819212643483703 0
outer loop
vertex 90.7576593077844 -122.6980988215294 6.5
vertex 90.45510740663882 -122.85981618189479 1
vertex 90.7576593077843 -122.69809882152946 1
endloop
endfacet
facet normal 0.6343932841636674 -0.7730104533627191 0
outer loop
vertex 91.02284826707644 -122.48046386707647 6.5
vertex 90.7576593077844 -122.6980988215294 6.5
vertex 90.7576593077843 -122.69809882152946 1
endloop
endfacet
facet normal 0.6343932841636674 -0.7730104533627191 0
outer loop
vertex 91.02284826707644 -122.48046386707647 6.5
vertex 90.7576593077843 -122.69809882152946 1
vertex 91.02284826707653 -122.48046386707638 1
endloop
endfacet
facet normal 0 0 1
outer loop
vertex 91.24048322152943 -122.21527490778436 6.5
vertex 91.23347678089131 -122.22381228040373 6.5
vertex 91.21770766804659 -122.24302700000042 6.5
endloop
endfacet
facet normal 0 0 1
outer loop
vertex 91.24048322152943 -122.21527490778436 6.5
vertex 91.21770766804659 -122.24302700000042 6.5
vertex 91.02284826707644 -122.48046386707647 6.5
endloop
endfacet
facet normal 0 0 1
outer loop
vertex 91.24048322152943 -122.21527490778436 6.5
vertex 91.02284826707644 -122.48046386707647 6.5
vertex 91.02284826707653 -122.48046386707638 1
endloop
endfacet
facet normal 0 0 1
outer loop
vertex 91.24048322152943 -122.21527490778436 6.5
vertex 91.02284826707653 -122.48046386707638 1
vertex 91.24048322152943 -122.21527490778435 1
endloop
endfacet
facet normal 0 0 1
outer loop
vertex 91.50178564070566 -121.58443506352822 6.5
vertex 91.48926489445343 -121.62571043236805 6.5
vertex 91.4368202568349 -121.79859723302418 6.5
endloop
endfacet
facet normal 0 0 1
outer loop
vertex 91.50178564070566 -121.58443506352822 6.5
vertex 91.4368202568349 -121.79859723302418 6.5
vertex 91.40220058189477 -121.91272300663886 6.5
endloop
endfacet
facet normal 0 0 1
outer loop
vertex 91.50178564070566 -121.58443506352822 6.5
vertex 91.40220058189477 -121.91272300663886 6.5
vertex 91.40220058189476 -121.9127230066389 1
endloop
endfacet
facet normal 0 0 1
outer loop
vertex 91.50178564070566 -121.58443506352822 6.5
vertex 91.40220058189476 -121.9127230066389 1
vertex 91.50178564070563 -121.58443506352832 1
endloop
endfacet
facet normal -0.9951847266721985 0.09801714032954566 0
outer loop
vertex 173.55078058040462 -89.60996852201615 6.5
vertex 173.5699953000008 -89.41487819999996 6.5
vertex 173.56999529999996 -89.41487820000002 1
endloop
endfacet
facet normal -0.9951847266721985 0.09801714032954566 0
outer loop
vertex 173.55078058040462 -89.60996852201615 6.5
vertex 173.56999529999996 -89.41487820000002 1
vertex 173.5507805804041 -89.60996852201619 1
endloop
endfacet
facet normal -0.9951847266721984 -0.09801714032954582 0
outer loop
vertex 173.5699953000008 -89.41487819999996 6.5
vertex 173.55078058040135 -89.2197878779683 6.5
vertex 173.55078058040058 -89.21978787796826 1
endloop
endfacet
facet normal -0.9951847266721984 -0.09801714032954582 0
outer loop
vertex 173.5699953000008 -89.41487819999996 6.5
vertex 173.55078058040058 -89.21978787796826 1
vertex 173.56999529999996 -89.41487820000002 1
endloop
endfacet
facet normal -0.9569403357321702 -0.2902846772545899 0
outer loop
vertex 173.55078058040135 -89.2197878779683 6.5
vertex 173.49387483251377 -89.03219476763672 6.5
vertex 173.49387483251377 -89.03219476763677 1
endloop
endfacet
facet normal -0.9569403357321702 -0.2902846772545899 0
outer loop
vertex 173.55078058040135 -89.2197878779683 6.5
vertex 173.49387483251377 -89.03219476763677 1
vertex 173.55078058040058 -89.21978787796826 1
endloop
endfacet
facet normal -0.8819212643484033 -0.47139673682590744 0
outer loop
vertex 173.49387483251377 -89.03219476763672 6.5
vertex 173.40146491230715 -88.85930796698614 6.5
vertex 173.40146491230706 -88.85930796698602 1
endloop
endfacet
facet normal -0.8819212643484033 -0.47139673682590744 0
outer loop
vertex 173.49387483251377 -89.03219476763672 6.5
vertex 173.40146491230706 -88.85930796698602 1
vertex 173.49387483251377 -89.03219476763677 1
endloop
endfacet
facet normal -0.7730104533627319 -0.6343932841636518 0
outer loop
vertex 173.40146491230715 -88.85930796698614 6.5
vertex 173.27710208118907 -88.70777141881665 6.5
vertex 173.27710208118916 -88.70777141881669 1
endloop
endfacet
facet normal -0.7730104533627319 -0.6343932841636518 0
outer loop
vertex 173.40146491230715 -88.85930796698614 6.5
vertex 173.27710208118916 -88.70777141881669 1
vertex 173.40146491230706 -88.85930796698602 1
endloop
endfacet
facet normal -0.6343932841636208 -0.7730104533627572 0
outer loop
vertex 173.27710208118907 -88.70777141881665 6.5
vertex 173.12556553302875 -88.58340858770609 6.5
vertex 173.1255655330288 -88.58340858770612 1
endloop
endfacet
facet normal -0.6343932841636208 -0.7730104533627572 0
outer loop
vertex 173.27710208118907 -88.70777141881665 6.5
vertex 173.1255655330288 -88.58340858770612 1
vertex 173.27710208118916 -88.70777141881669 1
endloop
endfacet
facet normal -0.4713967368260583 -0.8819212643483227 0
outer loop
vertex 173.12556553302875 -88.58340858770609 6.5
vertex 172.9526787323342 -88.49099866747594 6.5
vertex 172.95267873233425 -88.49099866747595 1
endloop
endfacet
facet normal -0.4713967368260583 -0.8819212643483227 0
outer loop
vertex 173.12556553302875 -88.58340858770609 6.5
vertex 172.95267873233425 -88.49099866747595 1
vertex 173.1255655330288 -88.58340858770612 1
endloop
endfacet
facet normal -0.2902846772543984 -0.9569403357322284 0
outer loop
vertex 172.9526787323342 -88.49099866747594 6.5
vertex 172.7650856220268 -88.43409291959661 6.5
vertex 172.7650856220268 -88.43409291959661 1
endloop
endfacet
facet normal -0.2902846772543984 -0.9569403357322284 0
outer loop
vertex 172.9526787323342 -88.49099866747594 6.5
vertex 172.7650856220268 -88.43409291959661 1
vertex 172.95267873233425 -88.49099866747595 1
endloop
endfacet
facet normal -0.09801714032957423 -0.9951847266721956 0
outer loop
vertex 172.7650856220268 -88.43409291959661 6.5
vertex 172.56999530000832 -88.4148781999996 6.5
vertex 172.56999530000834 -88.4148781999996 1
endloop
endfacet
facet normal -0.09801714032957423 -0.9951847266721956 0
outer loop
vertex 172.7650856220268 -88.43409291959661 6.5
vertex 172.56999530000834 -88.4148781999996 1
vertex 172.7650856220268 -88.43409291959661 1
endloop
endfacet
facet normal 0.09801714032957415 -0.9951847266721956 0
outer loop
vertex 172.56999530000832 -88.4148781999996 6.5
vertex 172.3749049779672 -88.43409291959661 6.5
vertex 172.37490497798638 -88.43409291959661 1
endloop
endfacet
facet normal 0.09801714032957415 -0.9951847266721956 0
outer loop
vertex 172.56999530000832 -88.4148781999996 6.5
vertex 172.37490497798638 -88.43409291959661 1
vertex 172.56999530000834 -88.4148781999996 1
endloop
endfacet
facet normal 0.2902846772544459 -0.9569403357322138 0
outer loop
vertex 172.3749049779672 -88.43409291959661 6.5
vertex 172.18731186765936 -88.49099866747594 6.5
vertex 172.18731186766047 -88.49099866747595 1
endloop
endfacet
facet normal 0.2902846772544459 -0.9569403357322138 0
outer loop
vertex 172.3749049779672 -88.43409291959661 6.5
vertex 172.18731186766047 -88.49099866747595 1
vertex 172.37490497798638 -88.43409291959661 1
endloop
endfacet
facet normal 0.47139673682602534 -0.8819212643483402 0
outer loop
vertex 172.18731186765936 -88.49099866747594 6.5
vertex 172.01442506696975 -88.58340858770609 6.5
vertex 172.01442506696606 -88.58340858770612 1
endloop
endfacet
facet normal 0.47139673682602534 -0.8819212643483402 0
outer loop
vertex 172.18731186765936 -88.49099866747594 6.5
vertex 172.01442506696606 -88.58340858770612 1
vertex 172.18731186766047 -88.49099866747595 1
endloop
endfacet
facet normal 0.6343932841636208 -0.7730104533627572 0
outer loop
vertex 172.01442506696975 -88.58340858770609 6.5
vertex 171.86288851881312 -88.70777141881665 6.5
vertex 171.86288851880985 -88.70777141881669 1
endloop
endfacet
facet normal 0.6343932841636208 -0.7730104533627572 0
outer loop
vertex 172.01442506696975 -88.58340858770609 6.5
vertex 171.86288851880985 -88.70777141881669 1
vertex 172.01442506696606 -88.58340858770612 1
endloop
endfacet
facet normal 0.7730104533627319 -0.6343932841636518 0
outer loop
vertex 171.86288851881312 -88.70777141881665 6.5
vertex 171.73852568769857 -88.85930796698614 6.5
vertex 171.73852568769533 -88.85930796698602 1
endloop
endfacet
facet normal 0.7730104533627319 -0.6343932841636518 0
outer loop
vertex 171.86288851881312 -88.70777141881665 6.5
vertex 171.73852568769533 -88.85930796698602 1
vertex 171.86288851880985 -88.70777141881669 1
endloop
endfacet
facet normal 0.8819212643484033 -0.47139673682590744 0
outer loop
vertex 171.73852568769857 -88.85930796698614 6.5
vertex 171.64611576748644 -89.03219476763672 6.5
vertex 171.64611576749067 -89.03219476763677 1
endloop
endfacet
facet normal 0.8819212643484033 -0.47139673682590744 0
outer loop
vertex 171.73852568769857 -88.85930796698614 6.5
vertex 171.64611576749067 -89.03219476763677 1
vertex 171.73852568769533 -88.85930796698602 1
endloop
endfacet
facet normal 0.9569403357321787 -0.29028467725456186 0
outer loop
vertex 171.64611576748644 -89.03219476763672 6.5
vertex 171.58921001959678 -89.2197878779683 6.5
vertex 171.58921001959936 -89.21978787796826 1
endloop
endfacet
facet normal 0.9569403357321787 -0.29028467725456186 0
outer loop
vertex 171.64611576748644 -89.03219476763672 6.5
vertex 171.58921001959936 -89.21978787796826 1
vertex 171.64611576749067 -89.03219476763677 1
endloop
endfacet
facet normal 0.9951847266722011 -0.09801714032951749 0
outer loop
vertex 171.58921001959678 -89.2197878779683 6.5
vertex 171.5699953000005 -89.41487819999996 6.5
vertex 171.56999529999894 -89.41487820000002 1
endloop
endfacet
facet normal 0.9951847266722011 -0.09801714032951749 0
outer loop
vertex 171.58921001959678 -89.2197878779683 6.5
vertex 171.56999529999894 -89.41487820000002 1
vertex 171.58921001959936 -89.21978787796826 1
endloop
endfacet
facet normal 0.995184726672204 0.09801714032948901 0
outer loop
vertex 171.5699953000005 -89.41487819999996 6.5
vertex 171.58921001959806 -89.60996852201615 6.5
vertex 171.58921001959752 -89.60996852201619 1
endloop
endfacet
facet normal 0.995184726672204 0.09801714032948901 0
outer loop
vertex 171.5699953000005 -89.41487819999996 6.5
vertex 171.58921001959752 -89.60996852201619 1
vertex 171.56999529999894 -89.41487820000002 1
endloop
endfacet
facet normal 0.9569403357321702 0.2902846772545899 0
outer loop
vertex 171.58921001959806 -89.60996852201615 6.5
vertex 171.64611576749542 -89.79756163238288 6.5
vertex 171.64611576749544 -89.7975616323829 1
endloop
endfacet
facet normal 0.9569403357321702 0.2902846772545899 0
outer loop
vertex 171.58921001959806 -89.60996852201615 6.5
vertex 171.64611576749544 -89.7975616323829 1
vertex 171.58921001959752 -89.60996852201619 1
endloop
endfacet
facet normal 0.8819212643484017 0.4713967368259104 0
outer loop
vertex 171.64611576749542 -89.79756163238288 6.5
vertex 171.7385256876945 -89.97044843301934 6.5
vertex 171.73852568769456 -89.97044843301941 1
endloop
endfacet
facet normal 0.8819212643484017 0.4713967368259104 0
outer loop
vertex 171.64611576749542 -89.79756163238288 6.5
vertex 171.73852568769456 -89.97044843301941 1
vertex 171.64611576749544 -89.7975616323829 1
endloop
endfacet
facet normal 0.7730104533627319 0.6343932841636518 0
outer loop
vertex 171.7385256876945 -89.97044843301934 6.5
vertex 171.86288851880786 -90.12198498118309 6.5
vertex 171.86288851880784 -90.12198498118305 1
endloop
endfacet
facet normal 0.7730104533627319 0.6343932841636518 0
outer loop
vertex 171.7385256876945 -89.97044843301934 6.5
vertex 171.86288851880784 -90.12198498118305 1
vertex 171.73852568769456 -89.97044843301941 1
endloop
endfacet
facet normal 0.6343932841636208 0.7730104533627572 0
outer loop
vertex 171.86288851880786 -90.12198498118309 6.5
vertex 172.0144250669784 -90.24634781230202 6.5
vertex 172.01442506697842 -90.24634781230202 1
endloop
endfacet
facet normal 0.6343932841636208 0.7730104533627572 0
outer loop
vertex 171.86288851880786 -90.12198498118309 6.5
vertex 172.01442506697842 -90.24634781230202 1
vertex 171.86288851880784 -90.12198498118305 1
endloop
endfacet
facet normal 0.4713967368260364 0.8819212643483344 0
outer loop
vertex 172.0144250669784 -90.24634781230202 6.5
vertex 172.18731186762122 -90.33875773250452 6.5
vertex 172.18731186762125 -90.33875773250453 1
endloop
endfacet
facet normal 0.4713967368260364 0.8819212643483344 0
outer loop
vertex 172.0144250669784 -90.24634781230202 6.5
vertex 172.18731186762125 -90.33875773250453 1
vertex 172.01442506697842 -90.24634781230202 1
endloop
endfacet
facet normal 0.29028467725439794 0.9569403357322284 0
outer loop
vertex 172.18731186762122 -90.33875773250452 6.5
vertex 172.37490497799115 -90.3956634804028 6.5
vertex 172.37490497799115 -90.39566348040282 1
endloop
endfacet
facet normal 0.29028467725439794 0.9569403357322284 0
outer loop
vertex 172.18731186762122 -90.33875773250452 6.5
vertex 172.37490497799115 -90.39566348040282 1
vertex 172.18731186762125 -90.33875773250453 1
endloop
endfacet
facet normal 0.09801714032957415 0.9951847266721956 0
outer loop
vertex 172.37490497799115 -90.3956634804028 6.5
vertex 172.56999530001147 -90.41487819999999 6.5
vertex 172.56999530001139 -90.41487819999999 1
endloop
endfacet
facet normal 0.09801714032957415 0.9951847266721956 0
outer loop
vertex 172.37490497799115 -90.3956634804028 6.5
vertex 172.56999530001139 -90.41487819999999 1
vertex 172.37490497799115 -90.39566348040282 1
endloop
endfacet
facet normal -0.09801714032957415 0.9951847266721956 0
outer loop
vertex 172.56999530001147 -90.41487819999999 6.5
vertex 172.76508562203185 -90.3956634804028 6.5
vertex 172.7650856220108 -90.39566348040282 1
endloop
endfacet
facet normal -0.09801714032957415 0.9951847266721956 0
outer loop
vertex 172.56999530001147 -90.41487819999999 6.5
vertex 172.7650856220108 -90.39566348040282 1
vertex 172.56999530001139 -90.41487819999999 1
endloop
endfacet
facet normal -0.2902846772544199 0.9569403357322217 0
outer loop
vertex 172.76508562203185 -90.3956634804028 6.5
vertex 172.95267873237879 -90.33875773250452 6.5
vertex 172.95267873236887 -90.33875773250453 1
endloop
endfacet
facet normal -0.2902846772544199 0.9569403357322217 0
outer loop
vertex 172.76508562203185 -90.3956634804028 6.5
vertex 172.95267873236887 -90.33875773250453 1
vertex 172.7650856220108 -90.39566348040282 1
endloop
endfacet
facet normal -0.4713967368260534 0.8819212643483252 0
outer loop
vertex 172.95267873237879 -90.33875773250452 6.5
vertex 173.1255655330131 -90.24634781230202 6.5
vertex 173.12556553301823 -90.24634781230202 1
endloop
endfacet
facet normal -0.4713967368260534 0.8819212643483252 0
outer loop
vertex 172.95267873237879 -90.33875773250452 6.5
vertex 173.12556553301823 -90.24634781230202 1
vertex 172.95267873236887 -90.33875773250453 1
endloop
endfacet
facet normal -0.6343932841636208 0.7730104533627572 0
outer loop
vertex 173.1255655330131 -90.24634781230202 6.5
vertex 173.27710208118995 -90.12198498118309 6.5
vertex 173.27710208118532 -90.12198498118305 1
endloop
endfacet
facet normal -0.6343932841636208 0.7730104533627572 0
outer loop
vertex 173.1255655330131 -90.24634781230202 6.5
vertex 173.27710208118532 -90.12198498118305 1
vertex 173.12556553301823 -90.24634781230202 1
endloop
endfacet
facet normal -0.7730104533627374 0.6343932841636448 0
outer loop
vertex 173.27710208118995 -90.12198498118309 6.5
vertex 173.4014649122997 -89.97044843301934 6.5
vertex 173.40146491230396 -89.97044843301941 1
endloop
endfacet
facet normal -0.7730104533627374 0.6343932841636448 0
outer loop
vertex 173.27710208118995 -90.12198498118309 6.5
vertex 173.40146491230396 -89.97044843301941 1
vertex 173.27710208118532 -90.12198498118305 1
endloop
endfacet
facet normal -0.8819212643484033 0.47139673682590744 0
outer loop
vertex 173.4014649122997 -89.97044843301934 6.5
vertex 173.49387483250248 -89.79756163238288 6.5
vertex 173.49387483250905 -89.7975616323829 1
endloop
endfacet
facet normal -0.8819212643484033 0.47139673682590744 0
outer loop
vertex 173.4014649122997 -89.97044843301934 6.5
vertex 173.49387483250905 -89.7975616323829 1
vertex 173.40146491230396 -89.97044843301941 1
endloop
endfacet
facet normal -0.9569403357321787 0.29028467725456186 0
outer loop
vertex 173.49387483250248 -89.79756163238288 6.5
vertex 173.55078058040462 -89.60996852201615 6.5
vertex 173.5507805804041 -89.60996852201619 1
endloop
endfacet
facet normal -0.9569403357321787 0.29028467725456186 0
outer loop
vertex 173.49387483250248 -89.79756163238288 6.5
vertex 173.5507805804041 -89.60996852201619 1
vertex 173.49387483250905 -89.7975616323829 1
endloop
endfacet
facet normal -0.995184726672204 0.09801714032948901 0
outer loop
vertex 179.57328688040337 -148.7035296220142 6.5
vertex 179.59250159999985 -148.50843929999974 6.5
vertex 179.59250159999993 -148.5084392999998 1
endloop
endfacet
facet normal -0.995184726672204 0.09801714032948901 0
outer loop
vertex 179.57328688040337 -148.7035296220142 6.5
vertex 179.59250159999993 -148.5084392999998 1
vertex 179.5732868804033 -148.7035296220142 1
endloop
endfacet
facet normal -0.995184726672204 -0.09801714032948901 0
outer loop
vertex 179.59250159999985 -148.50843929999974 6.5
vertex 179.5732868804029 -148.31334897798027 6.5
vertex 179.57328688040295 -148.31334897798018 1
endloop
endfacet
facet normal -0.995184726672204 -0.09801714032948901 0
outer loop
vertex 179.59250159999985 -148.50843929999974 6.5
vertex 179.57328688040295 -148.31334897798018 1
vertex 179.59250159999993 -148.5084392999998 1
endloop
endfacet
facet normal -0.9569403357321787 -0.29028467725456186 0
outer loop
vertex 179.5732868804029 -148.31334897798027 6.5
vertex 179.51638113251067 -148.12575586763015 6.5
vertex 179.51638113251065 -148.12575586763006 1
endloop
endfacet
facet normal -0.9569403357321787 -0.29028467725456186 0
outer loop
vertex 179.5732868804029 -148.31334897798027 6.5
vertex 179.51638113251065 -148.12575586763006 1
vertex 179.57328688040295 -148.31334897798018 1
endloop
endfacet
facet normal -0.8819212643483867 -0.47139673682593836 0
outer loop
vertex 179.51638113251067 -148.12575586763015 6.5
vertex 179.42397121231912 -147.95286906700775 6.5
vertex 179.42397121231915 -147.95286906700778 1
endloop
endfacet
facet normal -0.8819212643483867 -0.47139673682593836 0
outer loop
vertex 179.51638113251067 -148.12575586763015 6.5
vertex 179.42397121231915 -147.95286906700778 1
vertex 179.51638113251065 -148.12575586763006 1
endloop
endfacet
facet normal -0.7730104533627381 -0.634393284163644 0
outer loop
vertex 179.42397121231912 -147.95286906700775 6.5
vertex 179.29960838116799 -147.801332518798 6.5
vertex 179.29960838116799 -147.801332518798 1
endloop
endfacet
facet normal -0.7730104533627381 -0.634393284163644 0
outer loop
vertex 179.42397121231912 -147.95286906700775 6.5
vertex 179.29960838116799 -147.801332518798 1
vertex 179.42397121231915 -147.95286906700778 1
endloop
endfacet
facet normal -0.6343932841636603 -0.773010453362725 0
outer loop
vertex 179.29960838116799 -147.801332518798 6.5
vertex 179.14807183302045 -147.67696968769795 6.5
vertex 179.14807183302048 -147.67696968769798 1
endloop
endfacet
facet normal -0.6343932841636603 -0.773010453362725 0
outer loop
vertex 179.29960838116799 -147.801332518798 6.5
vertex 179.14807183302048 -147.67696968769798 1
vertex 179.29960838116799 -147.801332518798 1
endloop
endfacet
facet normal -0.47139673682592287 -0.881921264348395 0
outer loop
vertex 179.14807183302045 -147.67696968769795 6.5
vertex 178.97518503236012 -147.5845597674861 6.5
vertex 178.97518503236003 -147.58455976748607 1
endloop
endfacet
facet normal -0.47139673682592287 -0.881921264348395 0
outer loop
vertex 179.14807183302045 -147.67696968769795 6.5
vertex 178.97518503236003 -147.58455976748607 1
vertex 179.14807183302048 -147.67696968769798 1
endloop
endfacet
facet normal -0.29028467725453294 -0.9569403357321875 0
outer loop
vertex 178.97518503236012 -147.5845597674861 6.5
vertex 178.78759192202617 -147.52765401959869 6.5
vertex 178.78759192202614 -147.52765401959869 1
endloop
endfacet
facet normal -0.29028467725453294 -0.9569403357321875 0
outer loop
vertex 178.97518503236012 -147.5845597674861 6.5
vertex 178.78759192202614 -147.52765401959869 1
vertex 178.97518503236003 -147.58455976748607 1
endloop
endfacet
facet normal -0.09801714032951732 -0.9951847266722011 0
outer loop
vertex 178.78759192202617 -147.52765401959869 6.5
vertex 178.59250159998558 -147.5084392999995 6.5
vertex 178.5925015999856 -147.5084392999995 1
endloop
endfacet
facet normal -0.09801714032951732 -0.9951847266722011 0
outer loop
vertex 178.78759192202617 -147.52765401959869 6.5
vertex 178.5925015999856 -147.5084392999995 1
vertex 178.78759192202614 -147.52765401959869 1
endloop
endfacet
facet normal 0.0980171403295175 -0.9951847266722011 0
outer loop
vertex 178.59250159998558 -147.5084392999995 6.5
vertex 178.3974112779914 -147.52765401959869 6.5
vertex 178.3974112779521 -147.52765401959869 1
endloop
endfacet
facet normal 0.0980171403295175 -0.9951847266722011 0
outer loop
vertex 178.59250159998558 -147.5084392999995 6.5
vertex 178.3974112779521 -147.52765401959869 1
vertex 178.5925015999856 -147.5084392999995 1
endloop
endfacet
facet normal 0.2902846772545339 -0.9569403357321872 0
outer loop
vertex 178.3974112779914 -147.52765401959869 6.5
vertex 178.20981816763447 -147.5845597674861 6.5
vertex 178.20981816765234 -147.58455976748607 1
endloop
endfacet
facet normal 0.2902846772545339 -0.9569403357321872 0
outer loop
vertex 178.3974112779914 -147.52765401959869 6.5
vertex 178.20981816765234 -147.58455976748607 1
vertex 178.3974112779521 -147.52765401959869 1
endloop
endfacet
facet normal 0.4713967368259354 -0.8819212643483884 0
outer loop
vertex 178.20981816763447 -147.5845597674861 6.5
vertex 178.03693136698203 -147.67696968769795 6.5
vertex 178.03693136697575 -147.67696968769798 1
endloop
endfacet
facet normal 0.4713967368259354 -0.8819212643483884 0
outer loop
vertex 178.20981816763447 -147.5845597674861 6.5
vertex 178.03693136697575 -147.67696968769798 1
vertex 178.20981816765234 -147.58455976748607 1
endloop
endfacet
facet normal 0.6343932841636518 -0.7730104533627319 0
outer loop
vertex 178.03693136698203 -147.67696968769795 6.5
vertex 177.88539481881443 -147.801332518798 6.5
vertex 177.8853948188312 -147.801332518798 1
endloop
endfacet
facet normal 0.6343932841636518 -0.7730104533627319 0
outer loop
vertex 178.03693136698203 -147.67696968769795 6.5
vertex 177.8853948188312 -147.801332518798 1
vertex 178.03693136697575 -147.67696968769798 1
endloop
endfacet
facet normal 0.7730104533627065 -0.6343932841636827 0
outer loop
vertex 177.88539481881443 -147.801332518798 6.5
vertex 177.76103198769638 -147.95286906700775 6.5
vertex 177.76103198766972 -147.95286906700778 1
endloop
endfacet
facet normal 0.7730104533627065 -0.6343932841636827 0
outer loop
vertex 177.88539481881443 -147.801332518798 6.5
vertex 177.76103198766972 -147.95286906700778 1
vertex 177.8853948188312 -147.801332518798 1
endloop
endfacet
facet normal 0.8819212643483884 -0.4713967368259354 0
outer loop
vertex 177.76103198769638 -147.95286906700775 6.5
vertex 177.66862206748536 -148.12575586763015 6.5
vertex 177.6686220675004 -148.12575586763006 1
endloop
endfacet
facet normal 0.8819212643483884 -0.4713967368259354 0
outer loop
vertex 177.76103198769638 -147.95286906700775 6.5
vertex 177.6686220675004 -148.12575586763006 1
vertex 177.76103198766972 -147.95286906700778 1
endloop
endfacet
facet normal 0.9569403357321787 -0.29028467725456186 0
outer loop
vertex 177.66862206748536 -148.12575586763015 6.5
vertex 177.6117163195971 -148.31334897798027 6.5
vertex 177.61171631959402 -148.31334897798018 1
endloop
endfacet
facet normal 0.9569403357321787 -0.29028467725456186 0
outer loop
vertex 177.66862206748536 -148.12575586763015 6.5
vertex 177.61171631959402 -148.31334897798018 1
vertex 177.6686220675004 -148.12575586763006 1
endloop
endfacet
facet normal 0.995184726672204 -0.09801714032948901 0
outer loop
vertex 177.6117163195971 -148.31334897798027 6.5
vertex 177.5925016000006 -148.50843929999974 6.5
vertex 177.59250160000005 -148.5084392999998 1
endloop
endfacet
facet normal 0.995184726672204 -0.09801714032948901 0
outer loop
vertex 177.6117163195971 -148.31334897798027 6.5
vertex 177.59250160000005 -148.5084392999998 1
vertex 177.61171631959402 -148.31334897798018 1
endloop
endfacet
facet normal 0.9951847266722011 0.09801714032951749 0
outer loop
vertex 177.5925016000006 -148.50843929999974 6.5
vertex 177.611716319598 -148.7035296220142 6.5
vertex 177.61171631959738 -148.7035296220142 1
endloop
endfacet
facet normal 0.9951847266722011 0.09801714032951749 0
outer loop
vertex 177.5925016000006 -148.50843929999974 6.5
vertex 177.61171631959738 -148.7035296220142 1
vertex 177.59250160000005 -148.5084392999998 1
endloop
endfacet
facet normal 0.9569403357321702 0.2902846772545899 0
outer loop
vertex 177.611716319598 -148.7035296220142 6.5
vertex 177.6686220674903 -148.89112273236424 6.5
vertex 177.6686220674903 -148.8911227323642 1
endloop
endfacet
facet normal 0.9569403357321702 0.2902846772545899 0
outer loop
vertex 177.611716319598 -148.7035296220142 6.5
vertex 177.6686220674903 -148.8911227323642 1
vertex 177.61171631959738 -148.7035296220142 1
endloop
endfacet
facet normal 0.8819212643483867 0.47139673682593836 0
outer loop
vertex 177.6686220674903 -148.89112273236424 6.5
vertex 177.76103198771094 -149.064009533041 6.5
vertex 177.76103198771096 -149.06400953304103 1
endloop
endfacet
facet normal 0.8819212643483867 0.47139673682593836 0
outer loop
vertex 177.6686220674903 -148.89112273236424 6.5
vertex 177.76103198771096 -149.06400953304103 1
vertex 177.6686220674903 -148.8911227323642 1
endloop
endfacet
facet normal 0.7730104533627332 0.6343932841636499 0
outer loop
vertex 177.76103198771094 -149.064009533041 6.5
vertex 177.88539481879218 -149.2155460811656 6.5
vertex 177.88539481879218 -149.2155460811656 1
endloop
endfacet
facet normal 0.7730104533627332 0.6343932841636499 0
outer loop
vertex 177.76103198771094 -149.064009533041 6.5
vertex 177.88539481879218 -149.2155460811656 1
vertex 177.76103198771096 -149.06400953304103 1
endloop
endfacet
facet normal 0.6343932841636517 0.7730104533627318 0
outer loop
vertex 177.88539481879218 -149.2155460811656 6.5
vertex 178.03693136699272 -149.33990891230917 6.5
vertex 178.0369313669928 -149.33990891230926 1
endloop
endfacet
facet normal 0.6343932841636517 0.7730104533627318 0
outer loop
vertex 177.88539481879218 -149.2155460811656 6.5
vertex 178.0369313669928 -149.33990891230926 1
vertex 177.88539481879218 -149.2155460811656 1
endloop
endfacet
facet normal 0.47139673682592287 0.881921264348395 0
outer loop
vertex 178.03693136699272 -149.33990891230917 6.5
vertex 178.20981816763 -149.43231883250868 6.5
vertex 178.20981816762986 -149.43231883250863 1
endloop
endfacet
facet normal 0.47139673682592287 0.881921264348395 0
outer loop
vertex 178.03693136699272 -149.33990891230917 6.5
vertex 178.20981816762986 -149.43231883250863 1
vertex 178.0369313669928 -149.33990891230926 1
endloop
endfacet
facet normal 0.29028467725453294 0.9569403357321875 0
outer loop
vertex 178.20981816763 -149.43231883250868 6.5
vertex 178.39741127799763 -149.4892245804063 6.5
vertex 178.39741127799772 -149.48922458040633 1
endloop
endfacet
facet normal 0.29028467725453294 0.9569403357321875 0
outer loop
vertex 178.20981816763 -149.43231883250868 6.5
vertex 178.39741127799772 -149.48922458040633 1
vertex 178.20981816762986 -149.43231883250863 1
endloop
endfacet
facet normal 0.09801714032951732 0.9951847266722011 0
outer loop
vertex 178.39741127799763 -149.4892245804063 6.5
vertex 178.592501599978 -149.50843929999954 6.5
vertex 178.59250159997788 -149.50843929999954 1
endloop
endfacet
facet normal 0.09801714032951732 0.9951847266722011 0
outer loop
vertex 178.39741127799763 -149.4892245804063 6.5
vertex 178.59250159997788 -149.50843929999954 1
vertex 178.39741127799772 -149.48922458040633 1
endloop
endfacet
facet normal -0.09801714032954582 0.9951847266721984 0
outer loop
vertex 178.592501599978 -149.50843929999954 6.5
vertex 178.7875919219582 -149.4892245804063 6.5
vertex 178.7875919220152 -149.48922458040633 1
endloop
endfacet
facet normal -0.09801714032954582 0.9951847266721984 0
outer loop
vertex 178.592501599978 -149.50843929999954 6.5
vertex 178.7875919220152 -149.48922458040633 1
vertex 178.59250159997788 -149.50843929999954 1
endloop
endfacet
facet normal -0.2902846772545339 0.9569403357321872 0
outer loop
vertex 178.7875919219582 -149.4892245804063 6.5
vertex 178.9751850323875 -149.43231883250868 6.5
vertex 178.9751850323666 -149.43231883250863 1
endloop
endfacet
facet normal -0.2902846772545339 0.9569403357321872 0
outer loop
vertex 178.7875919219582 -149.4892245804063 6.5
vertex 178.9751850323666 -149.43231883250863 1
vertex 178.7875919220152 -149.48922458040633 1
endloop
endfacet
facet normal -0.4713967368259354 0.8819212643483884 0
outer loop
vertex 178.9751850323875 -149.43231883250868 6.5
vertex 179.14807183300147 -149.33990891230917 6.5
vertex 179.14807183302295 -149.33990891230926 1
endloop
endfacet
facet normal -0.4713967368259354 0.8819212643483884 0
outer loop
vertex 178.9751850323875 -149.43231883250868 6.5
vertex 179.14807183302295 -149.33990891230926 1
vertex 178.9751850323666 -149.43231883250863 1
endloop
endfacet
facet normal -0.6343932841636518 0.7730104533627319 0
outer loop
vertex 179.14807183300147 -149.33990891230917 6.5
vertex 179.29960838122196 -149.2155460811656 6.5
vertex 179.29960838119086 -149.2155460811656 1
endloop
endfacet
facet normal -0.6343932841636518 0.7730104533627319 0
outer loop
vertex 179.14807183300147 -149.33990891230917 6.5
vertex 179.29960838119086 -149.2155460811656 1
vertex 179.14807183302295 -149.33990891230926 1
endloop
endfacet
facet normal -0.7730104533627319 0.6343932841636518 0
outer loop
vertex 179.29960838122196 -149.2155460811656 6.5
vertex 179.42397121227572 -149.064009533041 6.5
vertex 179.42397121229894 -149.06400953304103 1
endloop
endfacet
facet normal -0.7730104533627319 0.6343932841636518 0
outer loop
vertex 179.29960838122196 -149.2155460811656 6.5
vertex 179.42397121229894 -149.06400953304103 1
vertex 179.29960838119086 -149.2155460811656 1
endloop
endfacet
facet normal -0.8819212643483884 0.4713967368259354 0
outer loop
vertex 179.42397121227572 -149.064009533041 6.5
vertex 179.516381132516 -148.89112273236424 6.5
vertex 179.51638113250996 -148.8911227323642 1
endloop
endfacet
facet normal -0.8819212643483884 0.4713967368259354 0
outer loop
vertex 179.42397121227572 -149.064009533041 6.5
vertex 179.51638113250996 -148.8911227323642 1
vertex 179.42397121229894 -149.06400953304103 1
endloop
endfacet
facet normal -0.9569403357321872 0.2902846772545339 0
outer loop
vertex 179.516381132516 -148.89112273236424 6.5
vertex 179.57328688040337 -148.7035296220142 6.5
vertex 179.5732868804033 -148.7035296220142 1
endloop
endfacet
facet normal -0.9569403357321872 0.2902846772545339 0
outer loop
vertex 179.516381132516 -148.89112273236424 6.5
vertex 179.5732868804033 -148.7035296220142 1
vertex 179.51638113250996 -148.8911227323642 1
endloop
endfacet
facet normal -0.9951847266722011 0.09801714032951732 0
outer loop
vertex 132.65468828040292 -102.70995482201879 6.5
vertex 132.67390300000008 -102.51486450000004 6.5
vertex 132.673903 -102.51486449999999 1
endloop
endfacet
facet normal -0.9951847266722011 0.09801714032951732 0
outer loop
vertex 132.65468828040292 -102.70995482201879 6.5
vertex 132.673903 -102.51486449999999 1
vertex 132.65468828040304 -102.70995482201886 1
endloop
endfacet
facet normal -0.9951847266722013 -0.09801714032951732 0
outer loop
vertex 132.67390300000008 -102.51486450000004 6.5
vertex 132.6546882804032 -102.31977417798365 6.5
vertex 132.65468828040312 -102.3197741779836 1
endloop
endfacet
facet normal -0.9951847266722013 -0.09801714032951732 0
outer loop
vertex 132.67390300000008 -102.51486450000004 6.5
vertex 132.65468828040312 -102.3197741779836 1
vertex 132.673903 -102.51486449999999 1
endloop
endfacet
facet normal -0.9569403357321875 -0.29028467725453294 0
outer loop
vertex 132.6546882804032 -102.31977417798365 6.5
vertex 132.59778253250911 -102.13218106762795 6.5
vertex 132.59778253250917 -102.13218106762801 1
endloop
endfacet
facet normal -0.9569403357321875 -0.29028467725453294 0
outer loop
vertex 132.6546882804032 -102.31977417798365 6.5
vertex 132.59778253250917 -102.13218106762801 1
vertex 132.65468828040312 -102.3197741779836 1
endloop
endfacet
facet normal -0.8819212643484026 -0.4713967368259089 0
outer loop
vertex 132.59778253250911 -102.13218106762795 6.5
vertex 132.50537261229644 -101.95929426696605 6.5
vertex 132.50537261229653 -101.95929426696614 1
endloop
endfacet
facet normal -0.8819212643484026 -0.4713967368259089 0
outer loop
vertex 132.59778253250911 -102.13218106762795 6.5
vertex 132.50537261229653 -101.95929426696614 1
vertex 132.59778253250917 -102.13218106762801 1
endloop
endfacet
facet normal -0.7730104533627061 -0.6343932841636831 0
outer loop
vertex 132.50537261229644 -101.95929426696605 6.5
vertex 132.38100978119573 -101.80775771881774 6.5
vertex 132.3810097811958 -101.8077577188178 1
endloop
endfacet
facet normal -0.7730104533627061 -0.6343932841636831 0
outer loop
vertex 132.50537261229644 -101.95929426696605 6.5
vertex 132.3810097811958 -101.8077577188178 1
vertex 132.50537261229653 -101.95929426696614 1
endloop
endfacet
facet normal -0.6343932841636208 -0.7730104533627573 0
outer loop
vertex 132.38100978119573 -101.80775771881774 6.5
vertex 132.22947323303217 -101.68339488770452 6.5
vertex 132.2294732330321 -101.68339488770451 1
endloop
endfacet
facet normal -0.6343932841636208 -0.7730104533627573 0
outer loop
vertex 132.38100978119573 -101.80775771881774 6.5
vertex 132.2294732330321 -101.68339488770451 1
vertex 132.3810097811958 -101.8077577188178 1
endloop
endfacet
facet normal -0.4713967368260582 -0.8819212643483227 0
outer loop
vertex 132.22947323303217 -101.68339488770452 6.5
vertex 132.05658643235637 -101.59098496748439 6.5
vertex 132.05658643235628 -101.59098496748436 1
endloop
endfacet
facet normal -0.4713967368260582 -0.8819212643483227 0
outer loop
vertex 132.22947323303217 -101.68339488770452 6.5
vertex 132.05658643235628 -101.59098496748436 1
vertex 132.2294732330321 -101.68339488770451 1
endloop
endfacet
facet normal -0.2902846772544199 -0.9569403357322217 0
outer loop
vertex 132.05658643235637 -101.59098496748439 6.5
vertex 131.86899332201997 -101.53407921959626 6.5
vertex 131.86899332202006 -101.5340792195963 1
endloop
endfacet
facet normal -0.2902846772544199 -0.9569403357322217 0
outer loop
vertex 132.05658643235637 -101.59098496748439 6.5
vertex 131.86899332202006 -101.5340792195963 1
vertex 132.05658643235628 -101.59098496748436 1
endloop
endfacet
facet normal -0.09801714032957423 -0.9951847266721956 0
outer loop
vertex 131.86899332201997 -101.53407921959626 6.5
vertex 131.67390300000707 -101.51486449999982 6.5
vertex 131.673903000007 -101.51486449999982 1
endloop
endfacet
facet normal -0.09801714032957423 -0.9951847266721956 0
outer loop
vertex 131.86899332201997 -101.53407921959626 6.5
vertex 131.673903000007 -101.51486449999982 1
vertex 131.86899332202006 -101.5340792195963 1
endloop
endfacet
facet normal 0.09801714032957415 -0.9951847266721956 0
outer loop
vertex 131.67390300000707 -101.51486449999982 6.5
vertex 131.4788126779729 -101.53407921959626 6.5
vertex 131.47881267799065 -101.5340792195963 1
endloop
endfacet
facet normal 0.09801714032957415 -0.9951847266721956 0
outer loop
vertex 131.67390300000707 -101.51486449999982 6.5
vertex 131.47881267799065 -101.5340792195963 1
vertex 131.673903000007 -101.51486449999982 1
endloop
endfacet
facet normal 0.2902846772544199 -0.9569403357322217 0
outer loop
vertex 131.4788126779729 -101.53407921959626 6.5
vertex 131.2912195676409 -101.59098496748439 6.5
vertex 131.29121956763805 -101.59098496748436 1
endloop
endfacet
facet normal 0.2902846772544199 -0.9569403357322217 0
outer loop
vertex 131.4788126779729 -101.53407921959626 6.5
vertex 131.29121956763805 -101.59098496748436 1
vertex 131.47881267799065 -101.5340792195963 1
endloop
endfacet
facet normal 0.4713967368260534 -0.8819212643483252 0
outer loop
vertex 131.2912195676409 -101.59098496748439 6.5
vertex 131.11833276698079 -101.68339488770452 6.5
vertex 131.11833276696765 -101.68339488770451 1
endloop
endfacet
facet normal 0.4713967368260534 -0.8819212643483252 0
outer loop
vertex 131.2912195676409 -101.59098496748439 6.5
vertex 131.11833276696765 -101.68339488770451 1
vertex 131.29121956763805 -101.59098496748436 1
endloop
endfacet
facet normal 0.6343932841636208 -0.7730104533627572 0
outer loop
vertex 131.11833276698079 -101.68339488770452 6.5
vertex 130.96679621881418 -101.80775771881774 6.5
vertex 130.96679621881566 -101.8077577188178 1
endloop
endfacet
facet normal 0.6343932841636208 -0.7730104533627572 0
outer loop
vertex 131.11833276698079 -101.68339488770452 6.5
vertex 130.96679621881566 -101.8077577188178 1
vertex 131.11833276696765 -101.68339488770451 1
endloop
endfacet
facet normal 0.7730104533627319 -0.6343932841636518 0
outer loop
vertex 130.96679621881418 -101.80775771881774 6.5
vertex 130.8424333876967 -101.95929426696605 6.5
vertex 130.84243338771049 -101.95929426696614 1
endloop
endfacet
facet normal 0.7730104533627319 -0.6343932841636518 0
outer loop
vertex 130.96679621881418 -101.80775771881774 6.5
vertex 130.84243338771049 -101.95929426696614 1
vertex 130.96679621881566 -101.8077577188178 1
endloop
endfacet
facet normal 0.8819212643484033 -0.47139673682590744 0
outer loop
vertex 130.8424333876967 -101.95929426696605 6.5
vertex 130.75002346748857 -102.13218106762795 6.5
vertex 130.75002346748562 -102.13218106762801 1
endloop
endfacet
facet normal 0.8819212643484033 -0.47139673682590744 0
outer loop
vertex 130.8424333876967 -101.95929426696605 6.5
vertex 130.75002346748562 -102.13218106762801 1
vertex 130.84243338771049 -101.95929426696614 1
endloop
endfacet
facet normal 0.9569403357321872 -0.2902846772545339 0
outer loop
vertex 130.75002346748857 -102.13218106762795 6.5
vertex 130.69311771959627 -102.31977417798365 6.5
vertex 130.6931177195951 -102.3197741779836 1
endloop
endfacet
facet normal 0.9569403357321872 -0.2902846772545339 0
outer loop
vertex 130.75002346748857 -102.13218106762795 6.5
vertex 130.6931177195951 -102.3197741779836 1
vertex 130.75002346748562 -102.13218106762801 1
endloop
endfacet
facet normal 0.9951847266722011 -0.09801714032951732 0
outer loop
vertex 130.69311771959627 -102.31977417798365 6.5
vertex 130.67390300000005 -102.51486450000004 6.5
vertex 130.6739029999996 -102.51486449999999 1
endloop
endfacet
facet normal 0.9951847266722011 -0.09801714032951732 0
outer loop
vertex 130.69311771959627 -102.31977417798365 6.5
vertex 130.6739029999996 -102.51486449999999 1
vertex 130.6931177195951 -102.3197741779836 1
endloop
endfacet
facet normal 0.9951847266722013 0.09801714032951732 0
outer loop
vertex 130.67390300000005 -102.51486450000004 6.5
vertex 130.69311771959752 -102.70995482201879 6.5
vertex 130.69311771959724 -102.70995482201886 1
endloop
endfacet
facet normal 0.9951847266722013 0.09801714032951732 0
outer loop
vertex 130.67390300000005 -102.51486450000004 6.5
vertex 130.69311771959724 -102.70995482201886 1
vertex 130.6739029999996 -102.51486449999999 1
endloop
endfacet
facet normal 0.9569403357321875 0.29028467725453294 0
outer loop
vertex 130.69311771959752 -102.70995482201879 6.5
vertex 130.75002346749142 -102.8975479323741 6.5
vertex 130.75002346749142 -102.8975479323741 1
endloop
endfacet
facet normal 0.9569403357321875 0.29028467725453294 0
outer loop
vertex 130.69311771959752 -102.70995482201879 6.5
vertex 130.75002346749142 -102.8975479323741 1
vertex 130.69311771959724 -102.70995482201886 1
endloop
endfacet
facet normal 0.8819212643484026 0.4713967368259089 0
outer loop
vertex 130.75002346749142 -102.8975479323741 6.5
vertex 130.84243338768948 -103.07043473300867 6.5
vertex 130.84243338768945 -103.07043473300863 1
endloop
endfacet
facet normal 0.8819212643484026 0.4713967368259089 0
outer loop
vertex 130.75002346749142 -102.8975479323741 6.5
vertex 130.84243338768945 -103.07043473300863 1
vertex 130.75002346749142 -102.8975479323741 1
endloop
endfacet
facet normal 0.7730104533627125 0.6343932841636754 0
outer loop
vertex 130.84243338768948 -103.07043473300867 6.5
vertex 130.96679621881887 -103.22197128119191 6.5
vertex 130.96679621881893 -103.22197128119195 1
endloop
endfacet
facet normal 0.7730104533627125 0.6343932841636754 0
outer loop
vertex 130.84243338768948 -103.07043473300867 6.5
vertex 130.96679621881893 -103.22197128119195 1
vertex 130.84243338768945 -103.07043473300863 1
endloop
endfacet
facet normal 0.6343932841636208 0.7730104533627573 0
outer loop
vertex 130.96679621881887 -103.22197128119191 6.5
vertex 131.1183327669723 -103.34633411229679 6.5
vertex 131.11833276697232 -103.34633411229682 1
endloop
endfacet
facet normal 0.6343932841636208 0.7730104533627573 0
outer loop
vertex 130.96679621881887 -103.22197128119191 6.5
vertex 131.11833276697232 -103.34633411229682 1
vertex 130.96679621881893 -103.22197128119195 1
endloop
endfacet
facet normal 0.47139673682603717 0.881921264348334 0
outer loop
vertex 131.1183327669723 -103.34633411229679 6.5
vertex 131.29121956763936 -103.43874403251226 6.5
vertex 131.2912195676393 -103.43874403251223 1
endloop
endfacet
facet normal 0.47139673682603717 0.881921264348334 0
outer loop
vertex 131.1183327669723 -103.34633411229679 6.5
vertex 131.2912195676393 -103.43874403251223 1
vertex 131.11833276697232 -103.34633411229682 1
endloop
endfacet
facet normal 0.29028467725441237 0.956940335732224 0
outer loop
vertex 131.29121956763936 -103.43874403251226 6.5
vertex 131.47881267798127 -103.49564978040205 6.5
vertex 131.47881267798132 -103.49564978040206 1
endloop
endfacet
facet normal 0.29028467725441237 0.956940335732224 0
outer loop
vertex 131.29121956763936 -103.43874403251226 6.5
vertex 131.47881267798132 -103.49564978040206 1
vertex 131.2912195676393 -103.43874403251223 1
endloop
endfacet
facet normal 0.09801714032957415 0.9951847266721956 0
outer loop
vertex 131.47881267798127 -103.49564978040205 6.5
vertex 131.6739030000091 -103.51486449999997 6.5
vertex 131.67390300000903 -103.51486449999997 1
endloop
endfacet
facet normal 0.09801714032957415 0.9951847266721956 0
outer loop
vertex 131.47881267798127 -103.49564978040205 6.5
vertex 131.67390300000903 -103.51486449999997 1
vertex 131.47881267798132 -103.49564978040206 1
endloop
endfacet
facet normal -0.09801714032957415 0.9951847266721956 0
outer loop
vertex 131.6739030000091 -103.51486449999997 6.5
vertex 131.8689933220369 -103.49564978040205 6.5
vertex 131.86899332201966 -103.49564978040206 1
endloop
endfacet
facet normal -0.09801714032957415 0.9951847266721956 0
outer loop
vertex 131.6739030000091 -103.51486449999997 6.5
vertex 131.86899332201966 -103.49564978040206 1
vertex 131.67390300000903 -103.51486449999997 1
endloop
endfacet
facet normal -0.29028467725438994 0.9569403357322309 0
outer loop
vertex 131.8689933220369 -103.49564978040205 6.5
vertex 132.05658643236015 -103.43874403251226 6.5
vertex 132.05658643236362 -103.43874403251223 1
endloop
endfacet
facet normal -0.29028467725438994 0.9569403357322309 0
outer loop
vertex 131.8689933220369 -103.49564978040205 6.5
vertex 132.05658643236362 -103.43874403251223 1
vertex 131.86899332201966 -103.49564978040206 1
endloop
endfacet
facet normal -0.47139673682602534 0.8819212643483402 0
outer loop
vertex 132.05658643236015 -103.43874403251226 6.5
vertex 132.2294732330314 -103.34633411229679 6.5
vertex 132.22947323301855 -103.34633411229682 1
endloop
endfacet
facet normal -0.47139673682602534 0.8819212643483402 0
outer loop
vertex 132.05658643236015 -103.43874403251226 6.5
vertex 132.22947323301855 -103.34633411229682 1
vertex 132.05658643236362 -103.43874403251223 1
endloop
endfacet
facet normal -0.6343932841636208 0.7730104533627572 0
outer loop
vertex 132.2294732330314 -103.34633411229679 6.5
vertex 132.38100978117353 -103.22197128119191 6.5
vertex 132.38100978118507 -103.22197128119195 1
endloop
endfacet
facet normal -0.6343932841636208 0.7730104533627572 0
outer loop
vertex 132.2294732330314 -103.34633411229679 6.5
vertex 132.38100978118507 -103.22197128119195 1
vertex 132.22947323301855 -103.34633411229682 1
endloop
endfacet
facet normal -0.7730104533627319 0.6343932841636518 0
outer loop
vertex 132.38100978117353 -103.22197128119191 6.5
vertex 132.5053726123141 -103.07043473300867 6.5
vertex 132.50537261230463 -103.07043473300863 1
endloop
endfacet
facet normal -0.7730104533627319 0.6343932841636518 0
outer loop
vertex 132.38100978117353 -103.22197128119191 6.5
vertex 132.50537261230463 -103.07043473300863 1
vertex 132.38100978118507 -103.22197128119195 1
endloop
endfacet
facet normal -0.8819212643484033 0.47139673682590744 0
outer loop
vertex 132.5053726123141 -103.07043473300867 6.5
vertex 132.5977825325047 -102.8975479323741 6.5
vertex 132.59778253251199 -102.8975479323741 1
endloop
endfacet
facet normal -0.8819212643484033 0.47139673682590744 0
outer loop
vertex 132.5053726123141 -103.07043473300867 6.5
vertex 132.59778253251199 -102.8975479323741 1
vertex 132.50537261230463 -103.07043473300863 1
endloop
endfacet
facet normal -0.9569403357321872 0.2902846772545339 0
outer loop
vertex 132.5977825325047 -102.8975479323741 6.5
vertex 132.65468828040292 -102.70995482201879 6.5
vertex 132.65468828040304 -102.70995482201886 1
endloop
endfacet
facet normal -0.9569403357321872 0.2902846772545339 0
outer loop
vertex 132.5977825325047 -102.8975479323741 6.5
vertex 132.65468828040304 -102.70995482201886 1
vertex 132.59778253251199 -102.8975479323741 1
endloop
endfacet
facet normal -0.9951847266721956 0.09801714032957415 0
outer loop
vertex 95.3973935804032 -95.17329462201826 6.5
vertex 95.41660829999974 -94.97820429999999 6.5
vertex 95.4166082999998 -94.97820430000002 1
endloop
endfacet
facet normal -0.9951847266721956 0.09801714032957415 0
outer loop
vertex 95.3973935804032 -95.17329462201826 6.5
vertex 95.4166082999998 -94.97820430000002 1
vertex 95.39739358040283 -95.17329462201828 1
endloop
endfacet
facet normal -0.9951847266721927 -0.09801714032960263 0
outer loop
vertex 95.41660829999974 -94.97820429999999 6.5
vertex 95.39739358040234 -94.78311397797668 6.5
vertex 95.39739358040238 -94.78311397797664 1
endloop
endfacet
facet normal -0.9951847266721927 -0.09801714032960263 0
outer loop
vertex 95.41660829999974 -94.97820429999999 6.5
vertex 95.39739358040238 -94.78311397797664 1
vertex 95.4166082999998 -94.97820430000002 1
endloop
endfacet
facet normal -0.9569403357322217 -0.2902846772544199 0
outer loop
vertex 95.39739358040234 -94.78311397797668 6.5
vertex 95.34048783251374 -94.59552086763854 6.5
vertex 95.34048783251374 -94.59552086763856 1
endloop
endfacet
facet normal -0.9569403357322217 -0.2902846772544199 0
outer loop
vertex 95.39739358040234 -94.78311397797668 6.5
vertex 95.34048783251374 -94.59552086763856 1
vertex 95.39739358040238 -94.78311397797664 1
endloop
endfacet
facet normal -0.8819212643483529 -0.47139673682600136 0
outer loop
vertex 95.34048783251374 -94.59552086763854 6.5
vertex 95.24807791230286 -94.42263406698002 6.5
vertex 95.24807791230283 -94.42263406697998 1
endloop
endfacet
facet normal -0.8819212643483529 -0.47139673682600136 0
outer loop
vertex 95.34048783251374 -94.59552086763854 6.5
vertex 95.24807791230283 -94.42263406697998 1
vertex 95.34048783251374 -94.59552086763856 1
endloop
endfacet
facet normal -0.7730104533627576 -0.6343932841636203 0
outer loop
vertex 95.24807791230286 -94.42263406698002 6.5
vertex 95.12371508119212 -94.27109751881947 6.5
vertex 95.12371508119213 -94.27109751881949 1
endloop
endfacet
facet normal -0.7730104533627576 -0.6343932841636203 0
outer loop
vertex 95.24807791230286 -94.42263406698002 6.5
vertex 95.12371508119213 -94.27109751881949 1
vertex 95.24807791230283 -94.42263406697998 1
endloop
endfacet
facet normal -0.6343932841636125 -0.7730104533627641 0
outer loop
vertex 95.12371508119212 -94.27109751881947 6.5
vertex 94.9721785330154 -94.14673468769546 6.5
vertex 94.97217853301541 -94.14673468769547 1
endloop
endfacet
facet normal -0.6343932841636125 -0.7730104533627641 0
outer loop
vertex 95.12371508119212 -94.27109751881947 6.5
vertex 94.97217853301541 -94.14673468769547 1
vertex 95.12371508119213 -94.27109751881949 1
endloop
endfacet
facet normal -0.47139673682601535 -0.8819212643483455 0
outer loop
vertex 94.9721785330154 -94.14673468769546 6.5
vertex 94.79929173236712 -94.05432476749004 6.5
vertex 94.79929173236704 -94.05432476749 1
endloop
endfacet
facet normal -0.47139673682601535 -0.8819212643483455 0
outer loop
vertex 94.9721785330154 -94.14673468769546 6.5
vertex 94.79929173236704 -94.05432476749 1
vertex 94.97217853301541 -94.14673468769547 1
endloop
endfacet
facet normal -0.29028467725439094 -0.9569403357322306 0
outer loop
vertex 94.79929173236712 -94.05432476749004 6.5
vertex 94.6116986220131 -93.99741901959658 6.5
vertex 94.61169862201312 -93.99741901959658 1
endloop
endfacet
facet normal -0.29028467725439094 -0.9569403357322306 0
outer loop
vertex 94.79929173236712 -94.05432476749004 6.5
vertex 94.61169862201312 -93.99741901959658 1
vertex 94.79929173236704 -94.05432476749 1
endloop
endfacet
facet normal -0.09801714032958839 -0.9951847266721943 0
outer loop
vertex 94.6116986220131 -93.99741901959658 6.5
vertex 94.41660829999928 -93.97820430000003 6.5
vertex 94.41660829999933 -93.97820430000003 1
endloop
endfacet
facet normal -0.09801714032958839 -0.9951847266721943 0
outer loop
vertex 94.6116986220131 -93.99741901959658 6.5
vertex 94.41660829999933 -93.97820430000003 1
vertex 94.61169862201312 -93.99741901959658 1
endloop
endfacet
facet normal 0.09801714032958839 -0.9951847266721943 0
outer loop
vertex 94.41660829999928 -93.97820430000003 6.5
vertex 94.22151797798412 -93.99741901959658 6.5
vertex 94.22151797798531 -93.99741901959658 1
endloop
endfacet
facet normal 0.09801714032958839 -0.9951847266721943 0
outer loop
vertex 94.41660829999928 -93.97820430000003 6.5
vertex 94.22151797798531 -93.99741901959658 1
vertex 94.41660829999933 -93.97820430000003 1
endloop
endfacet
facet normal 0.2902846772544199 -0.9569403357322217 0
outer loop
vertex 94.22151797798412 -93.99741901959658 6.5
vertex 94.03392486763487 -94.05432476749004 6.5
vertex 94.03392486763096 -94.05432476749 1
endloop
endfacet
facet normal 0.2902846772544199 -0.9569403357322217 0
outer loop
vertex 94.22151797798412 -93.99741901959658 6.5
vertex 94.03392486763096 -94.05432476749 1
vertex 94.22151797798531 -93.99741901959658 1
endloop
endfacet
facet normal 0.47139673682602246 -0.881921264348342 0
outer loop
vertex 94.03392486763487 -94.05432476749004 6.5
vertex 93.86103806698004 -94.14673468769546 6.5
vertex 93.86103806698522 -94.14673468769547 1
endloop
endfacet
facet normal 0.47139673682602246 -0.881921264348342 0
outer loop
vertex 94.03392486763487 -94.05432476749004 6.5
vertex 93.86103806698522 -94.14673468769547 1
vertex 94.03392486763096 -94.05432476749 1
endloop
endfacet
facet normal 0.6343932841636208 -0.7730104533627572 0
outer loop
vertex 93.86103806698004 -94.14673468769546 6.5
vertex 93.70950151881352 -94.27109751881947 6.5
vertex 93.70950151880528 -94.27109751881949 1
endloop
endfacet
facet normal 0.6343932841636208 -0.7730104533627572 0
outer loop
vertex 93.86103806698004 -94.14673468769546 6.5
vertex 93.70950151880528 -94.27109751881949 1
vertex 93.86103806698522 -94.14673468769547 1
endloop
endfacet
facet normal 0.7730104533627572 -0.6343932841636208 0
outer loop
vertex 93.70950151881352 -94.27109751881947 6.5
vertex 93.58513868769671 -94.42263406698002 6.5
vertex 93.58513868770136 -94.42263406697998 1
endloop
endfacet
facet normal 0.7730104533627572 -0.6343932841636208 0
outer loop
vertex 93.70950151881352 -94.27109751881947 6.5
vertex 93.58513868770136 -94.42263406697998 1
vertex 93.70950151880528 -94.27109751881949 1
endloop
endfacet
facet normal 0.8819212643483568 -0.4713967368259944 0
outer loop
vertex 93.58513868769671 -94.42263406698002 6.5
vertex 93.49272876748755 -94.59552086763854 6.5
vertex 93.49272876748614 -94.59552086763856 1
endloop
endfacet
facet normal 0.8819212643483568 -0.4713967368259944 0
outer loop
vertex 93.58513868769671 -94.42263406698002 6.5
vertex 93.49272876748614 -94.59552086763856 1
vertex 93.58513868770136 -94.42263406697998 1
endloop
endfacet
facet normal 0.9569403357322217 -0.2902846772544199 0
outer loop
vertex 93.49272876748755 -94.59552086763854 6.5
vertex 93.43582301959664 -94.78311397797668 6.5
vertex 93.4358230195984 -94.78311397797664 1
endloop
endfacet
facet normal 0.9569403357322217 -0.2902846772544199 0
outer loop
vertex 93.49272876748755 -94.59552086763854 6.5
vertex 93.4358230195984 -94.78311397797664 1
vertex 93.49272876748614 -94.59552086763856 1
endloop
endfacet
facet normal 0.9951847266721956 -0.09801714032957415 0
outer loop
vertex 93.43582301959664 -94.78311397797668 6.5
vertex 93.41660830000008 -94.97820429999999 6.5
vertex 93.41660829999944 -94.97820430000002 1
endloop
endfacet
facet normal 0.9951847266721956 -0.09801714032957415 0
outer loop
vertex 93.43582301959664 -94.78311397797668 6.5
vertex 93.41660829999944 -94.97820430000002 1
vertex 93.4358230195984 -94.78311397797664 1
endloop
endfacet
facet normal 0.9951847266721956 0.09801714032957415 0
outer loop
vertex 93.41660830000008 -94.97820429999999 6.5
vertex 93.43582301959745 -95.17329462201826 6.5
vertex 93.43582301959725 -95.17329462201828 1
endloop
endfacet
facet normal 0.9951847266721956 0.09801714032957415 0
outer loop
vertex 93.41660830000008 -94.97820429999999 6.5
vertex 93.43582301959725 -95.17329462201828 1
vertex 93.41660829999944 -94.97820430000002 1
endloop
endfacet
facet normal 0.9569403357322217 0.2902846772544199 0
outer loop
vertex 93.43582301959745 -95.17329462201826 6.5
vertex 93.4927287674881 -95.3608877323723 6.5
vertex 93.49272876749043 -95.36088773237218 1
endloop
endfacet
facet normal 0.9569403357322217 0.2902846772544199 0
outer loop
vertex 93.43582301959745 -95.17329462201826 6.5
vertex 93.49272876749043 -95.36088773237218 1
vertex 93.43582301959725 -95.17329462201828 1
endloop
endfacet
facet normal 0.7730104533627576 0.6343932841636203 0
outer loop
vertex 93.58513868769772 -95.53377453301917 6.5
vertex 93.70950151881786 -95.68531108119116 6.5
vertex 93.70950151881786 -95.68531108119116 1
endloop
endfacet
facet normal 0.7730104533627576 0.6343932841636203 0
outer loop
vertex 93.58513868769772 -95.53377453301917 6.5
vertex 93.70950151881786 -95.68531108119116 1
vertex 93.58513868769775 -95.5337745330192 1
endloop
endfacet
facet normal 0.6343932841636218 0.7730104533627565 0
outer loop
vertex 93.70950151881786 -95.68531108119116 6.5
vertex 93.86103806696998 -95.80967391229498 6.5
vertex 93.86103806696995 -95.80967391229497 1
endloop
endfacet
facet normal 0.6343932841636218 0.7730104533627565 0
outer loop
vertex 93.70950151881786 -95.68531108119116 6.5
vertex 93.86103806696995 -95.80967391229497 1
vertex 93.70950151881786 -95.68531108119116 1
endloop
endfacet
facet normal 0.47139673682600136 0.8819212643483529 0
outer loop
vertex 93.86103806696998 -95.80967391229498 6.5
vertex 94.03392486764159 -95.90208383251286 6.5
vertex 94.03392486764153 -95.90208383251283 1
endloop
endfacet
facet normal 0.47139673682600136 0.8819212643483529 0
outer loop
vertex 93.86103806696998 -95.80967391229498 6.5
vertex 94.03392486764153 -95.90208383251283 1
vertex 93.86103806696995 -95.80967391229497 1
endloop
endfacet
facet normal 0.2902846772544199 0.9569403357322217 0
outer loop
vertex 94.03392486764159 -95.90208383251286 6.5
vertex 94.22151797798665 -95.95898958040361 6.5
vertex 94.22151797798666 -95.95898958040361 1
endloop
endfacet
facet normal 0.2902846772544199 0.9569403357322217 0
outer loop
vertex 94.03392486764159 -95.90208383251286 6.5
vertex 94.22151797798666 -95.95898958040361 1
vertex 94.03392486764153 -95.90208383251283 1
endloop
endfacet
facet normal 0.09801714032958839 0.9951847266721943 0
outer loop
vertex 94.22151797798665 -95.95898958040361 6.5
vertex 94.41660830000019 -95.97820430000013 6.5
vertex 94.41660830000019 -95.97820430000013 1
endloop
endfacet
facet normal 0.09801714032958839 0.9951847266721943 0
outer loop
vertex 94.22151797798665 -95.95898958040361 6.5
vertex 94.41660830000019 -95.97820430000013 1
vertex 94.22151797798666 -95.95898958040361 1
endloop
endfacet
facet normal -0.09801714032958839 0.9951847266721943 0
outer loop
vertex 94.41660830000019 -95.97820430000013 6.5
vertex 94.61169862201372 -95.95898958040361 6.5
vertex 94.61169862201389 -95.95898958040361 1
endloop
endfacet
facet normal -0.09801714032958839 0.9951847266721943 0
outer loop
vertex 94.41660830000019 -95.97820430000013 6.5
vertex 94.61169862201389 -95.95898958040361 1
vertex 94.41660830000019 -95.97820430000013 1
endloop
endfacet
facet normal -0.2902846772544199 0.9569403357322217 0
outer loop
vertex 94.61169862201372 -95.95898958040361 6.5
vertex 94.79929173235894 -95.90208383251286 6.5
vertex 94.79929173236387 -95.90208383251283 1
endloop
endfacet
facet normal -0.2902846772544199 0.9569403357322217 0
outer loop
vertex 94.61169862201372 -95.95898958040361 6.5
vertex 94.79929173236387 -95.90208383251283 1
vertex 94.61169862201389 -95.95898958040361 1
endloop
endfacet
facet normal -0.4713967368259944 0.8819212643483568 0
outer loop
vertex 94.79929173235894 -95.90208383251286 6.5
vertex 94.97217853303525 -95.80967391229498 6.5
vertex 94.97217853302291 -95.80967391229497 1
endloop
endfacet
facet normal -0.4713967368259944 0.8819212643483568 0
outer loop
vertex 94.79929173235894 -95.90208383251286 6.5
vertex 94.97217853302291 -95.80967391229497 1
vertex 94.79929173236387 -95.90208383251283 1
endloop
endfacet
facet normal -0.6343932841636208 0.7730104533627572 0
outer loop
vertex 94.97217853303525 -95.80967391229498 6.5
vertex 95.12371508117593 -95.68531108119116 6.5
vertex 95.1237150811849 -95.68531108119116 1
endloop
endfacet
facet normal -0.6343932841636208 0.7730104533627572 0
outer loop
vertex 94.97217853303525 -95.80967391229498 6.5
vertex 95.1237150811849 -95.68531108119116 1
vertex 94.97217853302291 -95.80967391229497 1
endloop
endfacet
facet normal -0.7730104533627572 0.6343932841636208 0
outer loop
vertex 95.12371508117593 -95.68531108119116 6.5
vertex 95.24807791230474 -95.53377453301917 6.5
vertex 95.24807791230523 -95.5337745330192 1
endloop
endfacet
facet normal -0.7730104533627572 0.6343932841636208 0
outer loop
vertex 95.12371508117593 -95.68531108119116 6.5
vertex 95.24807791230523 -95.5337745330192 1
vertex 95.1237150811849 -95.68531108119116 1
endloop
endfacet
facet normal -0.8819212643483494 0.47139673682600847 0
outer loop
vertex 95.24807791230474 -95.53377453301917 6.5
vertex 95.34048783250888 -95.3608877323723 6.5
vertex 95.34048783250847 -95.36088773237218 1
endloop
endfacet
facet normal -0.8819212643483494 0.47139673682600847 0
outer loop
vertex 95.24807791230474 -95.53377453301917 6.5
vertex 95.34048783250847 -95.36088773237218 1
vertex 95.24807791230523 -95.5337745330192 1
endloop
endfacet
facet normal -0.9951847266721956 0.09801714032957415 0
outer loop
vertex 90.76619668040374 -121.43811732201218 6.5
vertex 90.78541140000006 -121.24302700000008 6.5
vertex 90.78541140000006 -121.24302699999998 1
endloop
endfacet
facet normal -0.9951847266721956 0.09801714032957415 0
outer loop
vertex 90.76619668040374 -121.43811732201218 6.5
vertex 90.78541140000006 -121.24302699999998 1
vertex 90.7661966804037 -121.43811732201222 1
endloop
endfacet
facet normal -0.9951847266721943 -0.09801714032958839 0
outer loop
vertex 90.78541140000006 -121.24302700000008 6.5
vertex 90.76619668040452 -121.04793667799647 6.5
vertex 90.76619668040449 -121.04793667799639 1
endloop
endfacet
facet normal -0.9951847266721943 -0.09801714032958839 0
outer loop
vertex 90.78541140000006 -121.24302700000008 6.5
vertex 90.76619668040449 -121.04793667799639 1
vertex 90.78541140000006 -121.24302699999998 1
endloop
endfacet
facet normal -0.9569403357322284 -0.2902846772543984 0
outer loop
vertex 90.76619668040452 -121.04793667799647 6.5
vertex 90.70929093250494 -120.86034356762234 6.5
vertex 90.70929093250497 -120.86034356762238 1
endloop
endfacet
facet normal -0.9569403357322284 -0.2902846772543984 0
outer loop
vertex 90.76619668040452 -121.04793667799647 6.5
vertex 90.70929093250497 -120.86034356762238 1
vertex 90.76619668040449 -121.04793667799639 1
endloop
endfacet
facet normal -0.8819212643483455 -0.47139673682601535 0
outer loop
vertex 90.70929093250494 -120.86034356762234 6.5
vertex 90.616881012302 -120.6874567669787 6.5
vertex 90.61688101230199 -120.68745676697866 1
endloop
endfacet
facet normal -0.8819212643483455 -0.47139673682601535 0
outer loop
vertex 90.70929093250494 -120.86034356762234 6.5
vertex 90.61688101230199 -120.68745676697866 1
vertex 90.70929093250497 -120.86034356762238 1
endloop
endfacet
facet normal -0.7730104533627573 -0.6343932841636208 0
outer loop
vertex 90.616881012302 -120.6874567669787 6.5
vertex 90.4925181811912 -120.53592021881806 6.5
vertex 90.49251818119122 -120.53592021881806 1
endloop
endfacet
facet normal -0.7730104533627573 -0.6343932841636208 0
outer loop
vertex 90.616881012302 -120.6874567669787 6.5
vertex 90.49251818119122 -120.53592021881806 1
vertex 90.61688101230199 -120.68745676697866 1
endloop
endfacet
facet normal -0.6343932841636208 -0.7730104533627572 0
outer loop
vertex 90.4925181811912 -120.53592021881806 6.5
vertex 90.34098163300942 -120.4115573876899 6.5
vertex 90.34098163300948 -120.41155738768994 1
endloop
endfacet
facet normal -0.6343932841636208 -0.7730104533627572 0
outer loop
vertex 90.4925181811912 -120.53592021881806 6.5
vertex 90.34098163300948 -120.41155738768994 1
vertex 90.49251818119122 -120.53592021881806 1
endloop
endfacet
facet normal -0.4713967368260239 -0.8819212643483411 0
outer loop
vertex 90.34098163300942 -120.4115573876899 6.5
vertex 90.16809483238299 -120.31914746749615 6.5
vertex 90.16809483238292 -120.31914746749614 1
endloop
endfacet
facet normal -0.4713967368260239 -0.8819212643483411 0
outer loop
vertex 90.34098163300942 -120.4115573876899 6.5
vertex 90.16809483238292 -120.31914746749614 1
vertex 90.34098163300948 -120.41155738768994 1
endloop
endfacet
facet normal -0.290284677254419 -0.9569403357322223 0
outer loop
vertex 90.16809483238299 -120.31914746749615 6.5
vertex 89.98050172200882 -120.26224171959657 6.5
vertex 89.98050172200878 -120.26224171959656 1
endloop
endfacet
facet normal -0.290284677254419 -0.9569403357322223 0
outer loop
vertex 90.16809483238299 -120.31914746749615 6.5
vertex 89.98050172200878 -120.26224171959656 1
vertex 90.16809483238292 -120.31914746749614 1
endloop
endfacet
facet normal -0.09801714032958837 -0.9951847266721942 0
outer loop
vertex 89.98050172200882 -120.26224171959657 6.5
vertex 89.78541139999756 -120.24302700000028 6.5
vertex 89.78541139999751 -120.24302700000027 1
endloop
endfacet
facet normal -0.09801714032958837 -0.9951847266721942 0
outer loop
vertex 89.98050172200882 -120.26224171959657 6.5
vertex 89.78541139999751 -120.24302700000027 1
vertex 89.98050172200878 -120.26224171959656 1
endloop
endfacet
facet normal 0.09801714032958839 -0.9951847266721943 0
outer loop
vertex 89.78541139999756 -120.24302700000028 6.5
vertex 89.5903210779826 -120.26224171959657 6.5
vertex 89.5903210779857 -120.26224171959656 1
endloop
endfacet
facet normal 0.09801714032958839 -0.9951847266721943 0
outer loop
vertex 89.78541139999756 -120.24302700000028 6.5
vertex 89.5903210779857 -120.26224171959656 1
vertex 89.78541139999751 -120.24302700000027 1
endloop
endfacet
facet normal 0.2902846772544199 -0.9569403357322217 0
outer loop
vertex 89.5903210779826 -120.26224171959657 6.5
vertex 89.40272796763388 -120.31914746749615 6.5
vertex 89.40272796761242 -120.31914746749614 1
endloop
endfacet
facet normal 0.2902846772544199 -0.9569403357322217 0
outer loop
vertex 89.5903210779826 -120.26224171959657 6.5
vertex 89.40272796761242 -120.31914746749614 1
vertex 89.5903210779857 -120.26224171959656 1
endloop
endfacet
facet normal 0.47139673682599736 -0.8819212643483552 0
outer loop
vertex 89.40272796763388 -120.31914746749615 6.5
vertex 89.2298411669821 -120.4115573876899 6.5
vertex 89.22984116700205 -120.41155738768994 1
endloop
endfacet
facet normal 0.47139673682599736 -0.8819212643483552 0
outer loop
vertex 89.40272796763388 -120.31914746749615 6.5
vertex 89.22984116700205 -120.41155738768994 1
vertex 89.40272796761242 -120.31914746749614 1
endloop
endfacet
facet normal 0.6343932841636208 -0.7730104533627572 0
outer loop
vertex 89.2298411669821 -120.4115573876899 6.5
vertex 89.0783046188126 -120.53592021881806 6.5
vertex 89.07830461880299 -120.53592021881806 1
endloop
endfacet
facet normal 0.6343932841636208 -0.7730104533627572 0
outer loop
vertex 89.2298411669821 -120.4115573876899 6.5
vertex 89.07830461880299 -120.53592021881806 1
vertex 89.22984116700205 -120.41155738768994 1
endloop
endfacet
facet normal 0.7730104533627572 -0.6343932841636208 0
outer loop
vertex 89.0783046188126 -120.53592021881806 6.5
vertex 88.95394178770141 -120.6874567669787 6.5
vertex 88.95394178770145 -120.68745676697866 1
endloop
endfacet
facet normal 0.7730104533627572 -0.6343932841636208 0
outer loop
vertex 89.0783046188126 -120.53592021881806 6.5
vertex 88.95394178770145 -120.68745676697866 1
vertex 89.07830461880299 -120.53592021881806 1
endloop
endfacet
facet normal 0.8819212643483567 -0.47139673682599437 0
outer loop
vertex 88.95394178770141 -120.6874567669787 6.5
vertex 88.8615318674859 -120.86034356762234 6.5
vertex 88.86153186749627 -120.86034356762238 1
endloop
endfacet
facet normal 0.8819212643483567 -0.47139673682599437 0
outer loop
vertex 88.95394178770141 -120.6874567669787 6.5
vertex 88.86153186749627 -120.86034356762238 1
vertex 88.95394178770145 -120.68745676697866 1
endloop
endfacet
facet normal 0.9569403357322217 -0.2902846772544199 0
outer loop
vertex 88.8615318674859 -120.86034356762234 6.5
vertex 88.80462611959712 -121.04793667799647 6.5
vertex 88.80462611958872 -121.04793667799639 1
endloop
endfacet
facet normal 0.9569403357322217 -0.2902846772544199 0
outer loop
vertex 88.8615318674859 -120.86034356762234 6.5
vertex 88.80462611958872 -121.04793667799639 1
vertex 88.86153186749627 -120.86034356762238 1
endloop
endfacet
facet normal 0.9951847266721956 -0.09801714032957415 0
outer loop
vertex 88.80462611959712 -121.04793667799647 6.5
vertex 88.78541139999999 -121.24302700000008 6.5
vertex 88.78541140000115 -121.24302699999998 1
endloop
endfacet
facet normal 0.9951847266721956 -0.09801714032957415 0
outer loop
vertex 88.80462611959712 -121.04793667799647 6.5
vertex 88.78541140000115 -121.24302699999998 1
vertex 88.80462611958872 -121.04793667799639 1
endloop
endfacet
facet normal 0.9951847266721956 0.09801714032957423 0
outer loop
vertex 88.78541139999999 -121.24302700000008 6.5
vertex 88.80462611959629 -121.43811732201218 6.5
vertex 88.80462611959635 -121.43811732201222 1
endloop
endfacet
facet normal 0.9951847266721956 0.09801714032957423 0
outer loop
vertex 88.78541139999999 -121.24302700000008 6.5
vertex 88.80462611959635 -121.43811732201222 1
vertex 88.78541140000115 -121.24302699999998 1
endloop
endfacet
facet normal 0.9569403357322219 0.2902846772544194 0
outer loop
vertex 88.80462611959629 -121.43811732201218 6.5
vertex 88.86153186749033 -121.62571043236805 6.5
vertex 88.86153186749031 -121.62571043236804 1
endloop
endfacet
facet normal 0.9569403357322219 0.2902846772544194 0
outer loop
vertex 88.80462611959629 -121.43811732201218 6.5
vertex 88.86153186749031 -121.62571043236804 1
vertex 88.80462611959635 -121.43811732201222 1
endloop
endfacet
facet normal 0.8819212643483529 0.47139673682600136 0
outer loop
vertex 88.86153186749033 -121.62571043236805 6.5
vertex 88.95394178769993 -121.79859723302418 6.5
vertex 88.95394178769992 -121.79859723302415 1
endloop
endfacet
facet normal 0.8819212643483529 0.47139673682600136 0
outer loop
vertex 88.86153186749033 -121.62571043236805 6.5
vertex 88.95394178769992 -121.79859723302415 1
vertex 88.86153186749031 -121.62571043236804 1
endloop
endfacet
facet normal 0.7730104533627573 0.6343932841636208 0
outer loop
vertex 88.95394178769993 -121.79859723302418 6.5
vertex 89.07830461881164 -121.95013378118591 6.5
vertex 89.0783046188117 -121.95013378118597 1
endloop
endfacet
facet normal 0.7730104533627573 0.6343932841636208 0
outer loop
vertex 88.95394178769993 -121.79859723302418 6.5
vertex 89.0783046188117 -121.95013378118597 1
vertex 88.95394178769992 -121.79859723302415 1
endloop
endfacet
facet normal 0.6343932841636208 0.7730104533627572 0
outer loop
vertex 89.07830461881164 -121.95013378118591 6.5
vertex 89.22984116698407 -122.0744966123064 6.5
vertex 89.22984116698407 -122.07449661230642 1
endloop
endfacet
facet normal 0.6343932841636208 0.7730104533627572 0
outer loop
vertex 89.07830461881164 -121.95013378118591 6.5
vertex 89.22984116698407 -122.07449661230642 1
vertex 89.0783046188117 -121.95013378118597 1
endloop
endfacet
facet normal 0.4713967368260239 0.881921264348341 0
outer loop
vertex 89.22984116698407 -122.0744966123064 6.5
vertex 89.40272796762366 -122.16690653250717 6.5
vertex 89.4027279676237 -122.16690653250721 1
endloop
endfacet
facet normal 0.4713967368260239 0.881921264348341 0
outer loop
vertex 89.22984116698407 -122.0744966123064 6.5
vertex 89.4027279676237 -122.16690653250721 1
vertex 89.22984116698407 -122.07449661230642 1
endloop
endfacet
facet normal 0.2902846772544199 0.9569403357322217 0
outer loop
vertex 89.40272796762366 -122.16690653250717 6.5
vertex 89.59032107798787 -122.22381228040373 6.5
vertex 89.59032107798774 -122.2238122804037 1
endloop
endfacet
facet normal 0.2902846772544199 0.9569403357322217 0
outer loop
vertex 89.40272796762366 -122.16690653250717 6.5
vertex 89.59032107798774 -122.2238122804037 1
vertex 89.4027279676237 -122.16690653250721 1
endloop
endfacet
facet normal 0.09801714032958839 0.9951847266721943 0
outer loop
vertex 89.59032107798787 -122.22381228040373 6.5
vertex 89.78541140000314 -122.24302700000042 6.5
vertex 89.78541140000313 -122.24302700000041 1
endloop
endfacet
facet normal 0.09801714032958839 0.9951847266721943 0
outer loop
vertex 89.59032107798787 -122.22381228040373 6.5
vertex 89.78541140000313 -122.24302700000041 1
vertex 89.59032107798774 -122.2238122804037 1
endloop
endfacet
facet normal -0.09801714032957415 0.9951847266721956 0
outer loop
vertex 89.78541140000314 -122.24302700000042 6.5
vertex 89.98050172201843 -122.22381228040373 6.5
vertex 89.98050172200922 -122.2238122804037 1
endloop
endfacet
facet normal -0.09801714032957415 0.9951847266721956 0
outer loop
vertex 89.78541140000314 -122.24302700000042 6.5
vertex 89.98050172200922 -122.2238122804037 1
vertex 89.78541140000313 -122.24302700000041 1
endloop
endfacet
facet normal -0.2902846772544199 0.9569403357322217 0
outer loop
vertex 89.98050172201843 -122.22381228040373 6.5
vertex 90.16809483237257 -122.16690653250717 6.5
vertex 90.16809483236926 -122.16690653250721 1
endloop
endfacet
facet normal -0.2902846772544199 0.9569403357322217 0
outer loop
vertex 89.98050172201843 -122.22381228040373 6.5
vertex 90.16809483236926 -122.16690653250721 1
vertex 89.98050172200922 -122.2238122804037 1
endloop
endfacet
facet normal -0.47139673682601946 0.8819212643483434 0
outer loop
vertex 90.16809483237257 -122.16690653250717 6.5
vertex 90.34098163300945 -122.0744966123064 6.5
vertex 90.34098163301877 -122.07449661230642 1
endloop
endfacet
facet normal -0.47139673682601946 0.8819212643483434 0
outer loop
vertex 90.16809483237257 -122.16690653250717 6.5
vertex 90.34098163301877 -122.07449661230642 1
vertex 90.16809483236926 -122.16690653250721 1
endloop
endfacet
facet normal -0.6343932841636208 0.7730104533627572 0
outer loop
vertex 90.34098163300945 -122.0744966123064 6.5
vertex 90.49251818119077 -121.95013378118591 6.5
vertex 90.49251818118651 -121.95013378118597 1
endloop
endfacet
facet normal -0.6343932841636208 0.7730104533627572 0
outer loop
vertex 90.34098163300945 -122.0744966123064 6.5
vertex 90.49251818118651 -121.95013378118597 1
vertex 90.34098163301877 -122.07449661230642 1
endloop
endfacet
facet normal -0.7730104533627572 0.6343932841636208 0
outer loop
vertex 90.49251818119077 -121.95013378118591 6.5
vertex 90.61688101229801 -121.79859723302418 6.5
vertex 90.61688101230264 -121.79859723302415 1
endloop
endfacet
facet normal -0.7730104533627572 0.6343932841636208 0
outer loop
vertex 90.49251818119077 -121.95013378118591 6.5
vertex 90.61688101230264 -121.79859723302415 1
vertex 90.49251818118651 -121.95013378118597 1
endloop
endfacet
facet normal -0.8819212643483434 0.47139673682601946 0
outer loop
vertex 90.61688101229801 -121.79859723302418 6.5
vertex 90.70929093251098 -121.62571043236805 6.5
vertex 90.70929093250938 -121.62571043236804 1
endloop
endfacet
facet normal -0.8819212643483434 0.47139673682601946 0
outer loop
vertex 90.61688101229801 -121.79859723302418 6.5
vertex 90.70929093250938 -121.62571043236804 1
vertex 90.61688101230264 -121.79859723302415 1
endloop
endfacet
facet normal -0.9569403357322217 0.2902846772544199 0
outer loop
vertex 90.70929093251098 -121.62571043236805 6.5
vertex 90.76619668040374 -121.43811732201218 6.5
vertex 90.7661966804037 -121.43811732201222 1
endloop
endfacet
facet normal -0.9569403357322217 0.2902846772544199 0
outer loop
vertex 90.70929093251098 -121.62571043236805 6.5
vertex 90.7661966804037 -121.43811732201222 1
vertex 90.70929093250938 -121.62571043236804 1
endloop
endfacet
facet normal 0 0 -1
outer loop
vertex 96.1666083 -94.97820429999999 6.5
vertex 96.147393580403 -95.17329462201826 6.5
vertex 96.13298254070563 -95.31961236352826 6.5
endloop
endfacet
facet normal 0 0 -1
outer loop
vertex 96.1666083 -94.97820429999999 6.5
vertex 96.13298254070563 -95.31961236352826 6.5
vertex 96.13298254070564 -95.31961236352826 1
endloop
endfacet
facet normal 0 0 -1
outer loop
vertex 96.1666083 -94.97820429999999 6.5
vertex 96.13298254070564 -95.31961236352826 1
vertex 96.1666083 -94.97820430000002 1
endloop
endfacet
facet normal 0 0 -1
outer loop
vertex 92.79981911810525 -95.64790030663883 6.5
vertex 92.76519944316358 -95.53377453301917 6.5
vertex 92.71275480554786 -95.3608877323723 6.5
endloop
endfacet
facet normal 0 0 -1
outer loop
vertex 92.79981911810525 -95.64790030663883 6.5
vertex 92.71275480554786 -95.3608877323723 6.5
vertex 92.70023405929435 -95.31961236352826 6.5
endloop
endfacet
facet normal 0 0 -1
outer loop
vertex 92.79981911810525 -95.64790030663883 6.5
vertex 92.70023405929435 -95.31961236352826 6.5
vertex 92.70023405929433 -95.31961236352826 1
endloop
endfacet
facet normal 0 0 -1
outer loop
vertex 92.79981911810525 -95.64790030663883 6.5
vertex 92.70023405929433 -95.31961236352826 1
vertex 92.79981911810529 -95.6479003066388 1
endloop
endfacet
facet normal -0.09801714032957415 -0.9951847266721956 0
outer loop
vertex 89.78541140000006 -122.993027 6.5
vertex 89.44400333647178 -122.95940124070565 6.5
vertex 89.4440033364718 -122.95940124070563 1
endloop
endfacet
facet normal -0.09801714032957415 -0.9951847266721956 0
outer loop
vertex 89.78541140000006 -122.993027 6.5
vertex 89.4440033364718 -122.95940124070563 1
vertex 89.78541139999992 -122.993027 1
endloop
endfacet
facet normal 0 0 1
outer loop
vertex 91.40220058189477 -121.91272300663886 6.5
vertex 91.38220410629482 -121.95013378118591 6.5
vertex 91.31573078816255 -122.0744966123064 6.5
endloop
endfacet
facet normal 0 0 1
outer loop
vertex 91.40220058189477 -121.91272300663886 6.5
vertex 91.31573078816255 -122.0744966123064 6.5
vertex 91.26633665674294 -122.16690653250717 6.5
endloop
endfacet
facet normal 0 0 1
outer loop
vertex 91.40220058189477 -121.91272300663886 6.5
vertex 91.26633665674294 -122.16690653250717 6.5
vertex 91.24048322152943 -122.21527490778436 6.5
endloop
endfacet
facet normal 0 0 1
outer loop
vertex 91.40220058189477 -121.91272300663886 6.5
vertex 91.24048322152943 -122.21527490778436 6.5
vertex 91.24048322152943 -122.21527490778435 1
endloop
endfacet
facet normal 0 0 1
outer loop
vertex 91.40220058189477 -121.91272300663886 6.5
vertex 91.24048322152943 -122.21527490778435 1
vertex 91.40220058189476 -121.9127230066389 1
endloop
endfacet
facet normal 0.8819212643483529 0.47139673682600136 0
outer loop
vertex 93.4927287674881 -95.3608877323723 6.5
vertex 93.58513868769772 -95.53377453301917 6.5
vertex 93.58513868769775 -95.5337745330192 1
endloop
endfacet
facet normal 0.8819212643483529 0.47139673682600136 0
outer loop
vertex 93.4927287674881 -95.3608877323723 6.5
vertex 93.58513868769775 -95.5337745330192 1
vertex 93.49272876749043 -95.36088773237218 1
endloop
endfacet
facet normal -0.9569403357322217 0.2902846772544199 0
outer loop
vertex 95.34048783250888 -95.3608877323723 6.5
vertex 95.3973935804032 -95.17329462201826 6.5
vertex 95.39739358040283 -95.17329462201828 1
endloop
endfacet
facet normal -0.9569403357322217 0.2902846772544199 0
outer loop
vertex 95.34048783250888 -95.3608877323723 6.5
vertex 95.39739358040283 -95.17329462201828 1
vertex 95.34048783250847 -95.36088773237218 1
endloop
endfacet
facet normal 0 0 1
outer loop
vertex 187.37633829923237 -178.0632898501724 1
vertex 187.68017949515163 -177.98471224372588 1
vertex 187.96798759219544 -177.85957067649505 1
endloop
endfacet
facet normal 0 0 1
outer loop
vertex 187.37633829923237 -178.0632898501724 1
vertex 187.96798759219544 -177.85957067649505 1
vertex 188.23267575397574 -177.6909465691259 1
endloop
endfacet
facet normal 0 0 1
outer loop
vertex 187.37633829923237 -178.0632898501724 1
vertex 188.23267575397574 -177.6909465691259 1
vertex 188.46772643732623 -177.4829920336407 1
endloop
endfacet
facet normal 0 0 1
outer loop
vertex 187.37633829923237 -178.0632898501724 1
vertex 188.46772643732623 -177.4829920336407 1
vertex 188.66735187688414 -177.2408276339975 1
endloop
endfacet
facet normal 0 0 1
outer loop
vertex 187.37633829923237 -178.0632898501724 1
vertex 188.66735187688414 -177.2408276339975 1
vertex 188.82663319999983 -176.97041260000034 1
endloop
endfacet
facet normal 0 0 1
outer loop
vertex 187.37633829923237 -178.0632898501724 1
vertex 188.82663319999983 -176.97041260000034 1
vertex 194.09238022677235 -166.1740313999999 1
endloop
endfacet
facet normal 0 0 1
outer loop
vertex 187.37633829923237 -178.0632898501724 1
vertex 194.09238022677235 -166.1740313999999 1
vertex 168.47796209999996 -166.1740313999999 1
endloop
endfacet
facet normal 0 0 1
outer loop
vertex 187.37633829923237 -178.0632898501724 1
vertex 168.47796209999996 -166.1740313999999 1
vertex 169.8752240999999 -169.41479209999983 1
endloop
endfacet
facet normal 0 0 1
outer loop
vertex 187.37633829923237 -178.0632898501724 1
vertex 169.8752240999999 -169.41479209999983 1
vertex 170.00576032511037 -169.66671708084345 1
endloop
endfacet
facet normal 0 0 1
outer loop
vertex 187.37633829923237 -178.0632898501724 1
vertex 170.00576032511037 -169.66671708084345 1
vertex 170.1706329499308 -169.89763464107588 1
endloop
endfacet
facet normal 0 0 1
outer loop
vertex 187.37633829923237 -178.0632898501724 1
vertex 170.1706329499308 -169.89763464107588 1
vertex 170.3665236696159 -170.10289722407697 1
endloop
endfacet
facet normal 0 0 1
outer loop
vertex 187.37633829923237 -178.0632898501724 1
vertex 170.3665236696159 -170.10289722407697 1
vertex 170.58948989439307 -170.27837361749653 1
endloop
endfacet
facet normal 0 0 1
outer loop
vertex 187.37633829923237 -178.0632898501724 1
vertex 170.58948989439307 -170.27837361749653 1
vertex 170.83504819999993 -170.42053419999996 1
endloop
endfacet
facet normal 0 0 1
outer loop
vertex 187.37633829923237 -178.0632898501724 1
vertex 170.83504819999993 -170.42053419999996 1
vertex 186.15229660000008 -177.89125630000004 1
endloop
endfacet
facet normal 0 0 1
outer loop
vertex 187.37633829923237 -178.0632898501724 1
vertex 186.15229660000008 -177.89125630000004 1
vertex 186.4442958150108 -178.0062796498279 1
endloop
endfacet
facet normal 0 0 1
outer loop
vertex 187.37633829923237 -178.0632898501724 1
vertex 186.4442958150108 -178.0062796498279 1
vertex 186.75069368593165 -178.07420797431917 1
endloop
endfacet
facet normal 0 0 1
outer loop
vertex 187.37633829923237 -178.0632898501724 1
vertex 186.75069368593165 -178.07420797431917 1
vertex 187.06394563148334 -178.09336864186008 1
endloop
endfacet
facet normal 0 0 1
outer loop
vertex 194.09238022677235 -166.1740313999999 1
vertex 194.22216851316904 -165.90792598169756 1
vertex 168.33867237051845 -165.90792598169756 1
endloop
endfacet
facet normal 0 0 1
outer loop
vertex 194.09238022677235 -166.1740313999999 1
vertex 168.33867237051845 -165.90792598169756 1
vertex 168.47796209999996 -166.1740313999999 1
endloop
endfacet
facet normal 0 0 1
outer loop
vertex 194.22216851316904 -165.90792598169756 1
vertex 194.34032104389567 -165.6656773975966 1
vertex 168.1610977810649 -165.6656773975966 1
endloop
endfacet
facet normal 0 0 1
outer loop
vertex 194.22216851316904 -165.90792598169756 1
vertex 168.1610977810649 -165.6656773975966 1
vertex 168.33867237051845 -165.90792598169756 1
endloop
endfacet
facet normal 0 0 1
outer loop
vertex 194.34032104389567 -165.6656773975966 1
vertex 194.44417087669777 -165.45275368956672 1
vertex 167.94924734826535 -165.45275368956672 1
endloop
endfacet
facet normal 0 0 1
outer loop
vertex 194.34032104389567 -165.6656773975966 1
vertex 167.94924734826535 -165.45275368956672 1
vertex 168.1610977810649 -165.6656773975966 1
endloop
endfacet
facet normal 0 0 1
outer loop
vertex 194.44417087669777 -165.45275368956672 1
vertex 194.53137575359366 -165.27395719807546 1
vertex 167.70789920563956 -165.27395719807546 1
endloop
endfacet
facet normal 0 0 1
outer loop
vertex 194.44417087669777 -165.45275368956672 1
vertex 167.70789920563956 -165.27395719807546 1
vertex 167.94924734826535 -165.45275368956672 1
endloop
endfacet
facet normal 0 0 1
outer loop
vertex 194.53137575359366 -165.27395719807546 1
vertex 194.59996883156185 -165.1333205488668 1
vertex 167.44249678625 -165.1333205488668 1
endloop
endfacet
facet normal 0 0 1
outer loop
vertex 194.53137575359366 -165.27395719807546 1
vertex 167.44249678625 -165.1333205488668 1
vertex 167.70789920563956 -165.27395719807546 1
endloop
endfacet
facet normal 0 0 1
outer loop
vertex 194.59996883156185 -165.1333205488668 1
vertex 194.64840304326464 -165.0340156999999 1
vertex 167.15902604999977 -165.0340156999999 1
endloop
endfacet
facet normal 0 0 1
outer loop
vertex 194.59996883156185 -165.1333205488668 1
vertex 167.15902604999977 -165.0340156999999 1
vertex 167.44249678625 -165.1333205488668 1
endloop
endfacet
facet normal 0 0 1
outer loop
vertex 194.64840304326464 -165.0340156999999 1
vertex 196.49130884999985 -161.25549890000033 1
vertex 196.61120699976337 -160.94730552515642 1
endloop
endfacet
facet normal 0 0 1
outer loop
vertex 194.64840304326464 -165.0340156999999 1
vertex 196.61120699976337 -160.94730552515642 1
vertex 196.67868171278008 -160.62356815363827 1
endloop
endfacet
facet normal 0 0 1
outer loop
vertex 194.64840304326464 -165.0340156999999 1
vertex 196.67868171278008 -160.62356815363827 1
vertex 196.69188825194405 -160.29313766179854 1
endloop
endfacet
facet normal 0 0 1
outer loop
vertex 194.64840304326464 -165.0340156999999 1
vertex 196.69188825194405 -160.29313766179854 1
vertex 196.65046555469203 -159.96504791376225 1
endloop
endfacet
facet normal 0 0 1
outer loop
vertex 194.64840304326464 -165.0340156999999 1
vertex 196.65046555469203 -159.96504791376225 1
vertex 196.55554610433867 -159.64826877846647 1
endloop
endfacet
facet normal 0 0 1
outer loop
vertex 194.64840304326464 -165.0340156999999 1
vertex 196.55554610433867 -159.64826877846647 1
vertex 196.40972496834442 -159.3514608963078 1
endloop
endfacet
facet normal 0 0 1
outer loop
vertex 194.64840304326464 -165.0340156999999 1
vertex 196.40972496834442 -159.3514608963078 1
vertex 196.21698770000012 -159.08273780000016 1
endloop
endfacet
facet normal 0 0 1
outer loop
vertex 194.64840304326464 -165.0340156999999 1
vertex 196.21698770000012 -159.08273780000016 1
vertex 188.70914815473512 -150.25843930000033 1
endloop
endfacet
facet normal 0 0 1
outer loop
vertex 194.64840304326464 -165.0340156999999 1
vertex 188.70914815473512 -150.25843930000033 1
vertex 178.5925015999998 -150.2584393 1
endloop
endfacet
facet normal 0 0 1
outer loop
vertex 194.64840304326464 -165.0340156999999 1
vertex 178.5925015999998 -150.2584393 1
vertex 153.92263310460342 -150.25843930000033 1
endloop
endfacet
facet normal 0 0 1
outer loop
vertex 194.64840304326464 -165.0340156999999 1
vertex 153.92263310460342 -150.25843930000033 1
vertex 152.32703860000007 -159.16403484999975 1
endloop
endfacet
facet normal 0 0 1
outer loop
vertex 194.64840304326464 -165.0340156999999 1
vertex 152.32703860000007 -159.16403484999975 1
vertex 152.29583970539505 -159.4924655697718 1
endloop
endfacet
facet normal 0 0 1
outer loop
vertex 194.64840304326464 -165.0340156999999 1
vertex 152.29583970539505 -159.4924655697718 1
vertex 152.31905685596314 -159.8215568529036 1
endloop
endfacet
facet normal 0 0 1
outer loop
vertex 194.64840304326464 -165.0340156999999 1
vertex 152.31905685596314 -159.8215568529036 1
vertex 152.3960583124065 -160.14235411663915 1
endloop
endfacet
facet normal 0 0 1
outer loop
vertex 194.64840304326464 -165.0340156999999 1
vertex 152.3960583124065 -160.14235411663915 1
vertex 152.52474886300212 -160.44612845871148 1
endloop
endfacet
facet normal 0 0 1
outer loop
vertex 194.64840304326464 -165.0340156999999 1
vertex 152.52474886300212 -160.44612845871148 1
vertex 152.70162683437087 -160.72461417101746 1
endloop
endfacet
facet normal 0 0 1
outer loop
vertex 194.64840304326464 -165.0340156999999 1
vertex 152.70162683437087 -160.72461417101746 1
vertex 152.92187937210477 -160.97023364975664 1
endloop
endfacet
facet normal 0 0 1
outer loop
vertex 194.64840304326464 -165.0340156999999 1
vertex 152.92187937210477 -160.97023364975664 1
vertex 153.1795133986656 -161.17630358223653 1
endloop
endfacet
facet normal 0 0 1
outer loop
vertex 194.64840304326464 -165.0340156999999 1
vertex 153.1795133986656 -161.17630358223653 1
vertex 153.46751868518862 -161.33721679999383 1
endloop
endfacet
facet normal 0 0 1
outer loop
vertex 194.64840304326464 -165.0340156999999 1
vertex 153.46751868518862 -161.33721679999383 1
vertex 153.7780572 -161.44859969999996 1
endloop
endfacet
facet normal 0 0 1
outer loop
vertex 194.64840304326464 -165.0340156999999 1
vertex 153.7780572 -161.44859969999996 1
vertex 167.15902604999977 -165.0340156999999 1
endloop
endfacet
facet normal 0 0 1
outer loop
vertex 178.5925015999998 -150.2584393 1
vertex 178.2510935364718 -150.22481354070567 1
vertex 153.92865775241503 -150.22481354070567 1
endloop
endfacet
facet normal 0 0 1
outer loop
vertex 178.5925015999998 -150.2584393 1
vertex 153.92865775241503 -150.22481354070567 1
vertex 153.92263310460342 -150.25843930000033 1
endloop
endfacet
facet normal 0 0 1
outer loop
vertex 188.70914815473512 -150.25843930000033 1
vertex 188.6805388771409 -150.22481354070567 1
vertex 178.93390966352825 -150.22481354070567 1
endloop
endfacet
facet normal 0 0 1
outer loop
vertex 188.70914815473512 -150.25843930000033 1
vertex 178.93390966352825 -150.22481354070567 1
vertex 178.5925015999998 -150.2584393 1
endloop
endfacet
facet normal 0 0 1
outer loop
vertex 178.2510935364718 -150.22481354070567 1
vertex 177.9228055933611 -150.12522848189474 1
vertex 153.9465001720151 -150.12522848189474 1
endloop
endfacet
facet normal 0 0 1
outer loop
vertex 178.2510935364718 -150.22481354070567 1
vertex 153.9465001720151 -150.12522848189474 1
vertex 153.92865775241503 -150.22481354070567 1
endloop
endfacet
facet normal 0 0 1
outer loop
vertex 188.6805388771409 -150.22481354070567 1
vertex 188.59581048284224 -150.12522848189474 1
vertex 179.2621976066389 -150.12522848189474 1
endloop
endfacet
facet normal 0 0 1
outer loop
vertex 188.6805388771409 -150.22481354070567 1
vertex 179.2621976066389 -150.12522848189474 1
vertex 178.93390966352825 -150.22481354070567 1
endloop
endfacet
facet normal 0 0 1
outer loop
vertex 177.9228055933611 -150.12522848189474 1
vertex 177.62025369221567 -149.96351112152942 1
vertex 153.97547468921937 -149.96351112152942 1
endloop
endfacet
facet normal 0 0 1
outer loop
vertex 177.9228055933611 -150.12522848189474 1
vertex 153.97547468921937 -149.96351112152942 1
vertex 153.9465001720151 -150.12522848189474 1
endloop
endfacet
facet normal 0 0 1
outer loop
vertex 188.59581048284224 -150.12522848189474 1
vertex 188.45821903654078 -149.96351112152942 1
vertex 179.56474950778437 -149.96351112152942 1
endloop
endfacet
facet normal 0 0 1
outer loop
vertex 188.59581048284224 -150.12522848189474 1
vertex 179.56474950778437 -149.96351112152942 1
vertex 179.2621976066389 -150.12522848189474 1
endloop
endfacet
facet normal 0 0 1
outer loop
vertex 177.62025369221567 -149.96351112152942 1
vertex 177.35506473292352 -149.7458761670766 1
vertex 154.01446782958953 -149.7458761670766 1
endloop
endfacet
facet normal 0 0 1
outer loop
vertex 177.62025369221567 -149.96351112152942 1
vertex 154.01446782958953 -149.7458761670766 1
vertex 153.97547468921937 -149.96351112152942 1
endloop
endfacet
facet normal 0 0 1
outer loop
vertex 188.45821903654078 -149.96351112152942 1
vertex 188.27305210031375 -149.7458761670766 1
vertex 179.82993846707635 -149.7458761670766 1
endloop
endfacet
facet normal 0 0 1
outer loop
vertex 188.45821903654078 -149.96351112152942 1
vertex 179.82993846707635 -149.7458761670766 1
vertex 179.56474950778437 -149.96351112152942 1
endloop
endfacet
facet normal 0 0 1
outer loop
vertex 177.35506473292352 -149.7458761670766 1
vertex 177.1374297784706 -149.4806872077842 1
vertex 154.06198110859512 -149.4806872077842 1
endloop
endfacet
facet normal 0 0 1
outer loop
vertex 177.35506473292352 -149.7458761670766 1
vertex 154.06198110859512 -149.4806872077842 1
vertex 154.01446782958953 -149.7458761670766 1
endloop
endfacet
facet normal 0 0 1
outer loop
vertex 188.27305210031375 -149.7458761670766 1
vertex 188.04742553574243 -149.4806872077842 1
vertex 180.0475734215295 -149.4806872077842 1
endloop
endfacet
facet normal 0 0 1
outer loop
vertex 188.27305210031375 -149.7458761670766 1
vertex 180.0475734215295 -149.4806872077842 1
vertex 179.82993846707635 -149.7458761670766 1
endloop
endfacet
facet normal 0 0 1
outer loop
vertex 177.1374297784706 -149.4806872077842 1
vertex 176.97571241810522 -149.17813530663886 1
vertex 154.1161886175913 -149.17813530663886 1
endloop
endfacet
facet normal 0 0 1
outer loop
vertex 177.1374297784706 -149.4806872077842 1
vertex 154.1161886175913 -149.17813530663886 1
vertex 154.06198110859512 -149.4806872077842 1
endloop
endfacet
facet normal 0 0 1
outer loop
vertex 188.04742553574243 -149.4806872077842 1
vertex 187.7900100450681 -149.17813530663886 1
vertex 180.20929078189477 -149.17813530663886 1
endloop
endfacet
facet normal 0 0 1
outer loop
vertex 188.04742553574243 -149.4806872077842 1
vertex 180.20929078189477 -149.17813530663886 1
vertex 180.0475734215295 -149.4806872077842 1
endloop
endfacet
facet normal 0 0 1
outer loop
vertex 176.97571241810522 -149.17813530663886 1
vertex 176.87612735929432 -148.8498473635284 1
vertex 154.17500719238217 -148.8498473635284 1
endloop
endfacet
facet normal 0 0 1
outer loop
vertex 176.97571241810522 -149.17813530663886 1
vertex 154.17500719238217 -148.8498473635284 1
vertex 154.1161886175913 -149.17813530663886 1
endloop
endfacet
facet normal 0 0 1
outer loop
vertex 187.7900100450681 -149.17813530663886 1
vertex 187.51069796135613 -148.8498473635284 1
vertex 180.3088758407056 -148.8498473635284 1
endloop
endfacet
facet normal 0 0 1
outer loop
vertex 187.7900100450681 -149.17813530663886 1
vertex 180.3088758407056 -148.8498473635284 1
vertex 180.20929078189477 -149.17813530663886 1
endloop
endfacet
facet normal 0 0 1
outer loop
vertex 176.87612735929432 -148.8498473635284 1
vertex 176.8425016 -148.5084392999998 1
vertex 154.23617646814122 -148.5084392999998 1
endloop
endfacet
facet normal 0 0 1
outer loop
vertex 176.87612735929432 -148.8498473635284 1
vertex 154.23617646814122 -148.5084392999998 1
vertex 154.17500719238217 -148.8498473635284 1
endloop
endfacet
facet normal 0 0 1
outer loop
vertex 187.51069796135613 -148.8498473635284 1
vertex 187.22022309126342 -148.5084392999998 1
vertex 180.3425016 -148.5084392999998 1
endloop
endfacet
facet normal 0 0 1
outer loop
vertex 187.51069796135613 -148.8498473635284 1
vertex 180.3425016 -148.5084392999998 1
vertex 180.3088758407056 -148.8498473635284 1
endloop
endfacet
facet normal 0 0 1
outer loop
vertex 176.8425016 -148.5084392999998 1
vertex 176.8761273592944 -148.16703123647181 1
vertex 154.29734574390017 -148.16703123647181 1
endloop
endfacet
facet normal 0 0 1
outer loop
vertex 176.8425016 -148.5084392999998 1
vertex 154.29734574390017 -148.16703123647181 1
vertex 154.23617646814122 -148.5084392999998 1
endloop
endfacet
facet normal 0 0 1
outer loop
vertex 187.22022309126342 -148.5084392999998 1
vertex 186.92974822117134 -148.16703123647181 1
vertex 180.30887584070567 -148.16703123647181 1
endloop
endfacet
facet normal 0 0 1
outer loop
vertex 187.22022309126342 -148.5084392999998 1
vertex 180.30887584070567 -148.16703123647181 1
vertex 180.3425016 -148.5084392999998 1
endloop
endfacet
facet normal 0 0 1
outer loop
vertex 176.8761273592944 -148.16703123647181 1
vertex 176.9757124181053 -147.83874329336118 1
vertex 154.3561643186966 -147.83874329336118 1
endloop
endfacet
facet normal 0 0 1
outer loop
vertex 176.8761273592944 -148.16703123647181 1
vertex 154.3561643186966 -147.83874329336118 1
vertex 154.29734574390017 -148.16703123647181 1
endloop
endfacet
facet normal 0 0 1
outer loop
vertex 186.92974822117134 -148.16703123647181 1
vertex 186.65043613743282 -147.83874329336118 1
vertex 180.20929078189477 -147.83874329336118 1
endloop
endfacet
facet normal 0 0 1
outer loop
vertex 186.92974822117134 -148.16703123647181 1
vertex 180.20929078189477 -147.83874329336118 1
vertex 180.30887584070567 -148.16703123647181 1
endloop
endfacet
facet normal 0 0 1
outer loop
vertex 176.9757124181053 -147.83874329336118 1
vertex 177.13742977847048 -147.53619139221564 1
vertex 154.41037182768542 -147.53619139221564 1
endloop
endfacet
facet normal 0 0 1
outer loop
vertex 176.9757124181053 -147.83874329336118 1
vertex 154.41037182768542 -147.53619139221564 1
vertex 154.3561643186966 -147.83874329336118 1
endloop
endfacet
facet normal 0 0 1
outer loop
vertex 186.65043613743282 -147.83874329336118 1
vertex 186.3930206467934 -147.53619139221564 1
vertex 180.0475734215294 -147.53619139221564 1
endloop
endfacet
facet normal 0 0 1
outer loop
vertex 186.65043613743282 -147.83874329336118 1
vertex 180.0475734215294 -147.53619139221564 1
vertex 180.20929078189477 -147.83874329336118 1
endloop
endfacet
facet normal 0 0 1
outer loop
vertex 178.7875919220152 -149.48922458040633 1
vertex 178.9751850323666 -149.43231883250863 1
vertex 179.14807183302295 -149.33990891230926 1
endloop
endfacet
facet normal 0 0 1
outer loop
vertex 178.7875919220152 -149.48922458040633 1
vertex 179.14807183302295 -149.33990891230926 1
vertex 179.29960838119086 -149.2155460811656 1
endloop
endfacet
facet normal 0 0 1
outer loop
vertex 178.7875919220152 -149.48922458040633 1
vertex 179.29960838119086 -149.2155460811656 1
vertex 179.42397121229894 -149.06400953304103 1
endloop
endfacet
facet normal 0 0 1
outer loop
vertex 178.7875919220152 -149.48922458040633 1
vertex 179.42397121229894 -149.06400953304103 1
vertex 179.51638113250996 -148.8911227323642 1
endloop
endfacet
facet normal 0 0 1
outer loop
vertex 178.7875919220152 -149.48922458040633 1
vertex 179.51638113250996 -148.8911227323642 1
vertex 179.5732868804033 -148.7035296220142 1
endloop
endfacet
facet normal 0 0 1
outer loop
vertex 178.7875919220152 -149.48922458040633 1
vertex 179.5732868804033 -148.7035296220142 1
vertex 179.59250159999993 -148.5084392999998 1
endloop
endfacet
facet normal 0 0 1
outer loop
vertex 178.7875919220152 -149.48922458040633 1
vertex 179.59250159999993 -148.5084392999998 1
vertex 179.57328688040295 -148.31334897798018 1
endloop
endfacet
facet normal 0 0 1
outer loop
vertex 178.7875919220152 -149.48922458040633 1
vertex 179.57328688040295 -148.31334897798018 1
vertex 179.51638113251065 -148.12575586763006 1
endloop
endfacet
facet normal 0 0 1
outer loop
vertex 178.7875919220152 -149.48922458040633 1
vertex 179.51638113251065 -148.12575586763006 1
vertex 179.42397121231915 -147.95286906700778 1
endloop
endfacet
facet normal 0 0 1
outer loop
vertex 178.7875919220152 -149.48922458040633 1
vertex 179.42397121231915 -147.95286906700778 1
vertex 179.29960838116799 -147.801332518798 1
endloop
endfacet
facet normal 0 0 1
outer loop
vertex 178.7875919220152 -149.48922458040633 1
vertex 179.29960838116799 -147.801332518798 1
vertex 179.14807183302048 -147.67696968769798 1
endloop
endfacet
facet normal 0 0 1
outer loop
vertex 178.7875919220152 -149.48922458040633 1
vertex 179.14807183302048 -147.67696968769798 1
vertex 178.97518503236003 -147.58455976748607 1
endloop
endfacet
facet normal 0 0 1
outer loop
vertex 178.7875919220152 -149.48922458040633 1
vertex 178.97518503236003 -147.58455976748607 1
vertex 178.78759192202614 -147.52765401959869 1
endloop
endfacet
facet normal 0 0 1
outer loop
vertex 178.7875919220152 -149.48922458040633 1
vertex 178.78759192202614 -147.52765401959869 1
vertex 178.5925015999856 -147.5084392999995 1
endloop
endfacet
facet normal 0 0 1
outer loop
vertex 178.7875919220152 -149.48922458040633 1
vertex 178.5925015999856 -147.5084392999995 1
vertex 178.3974112779521 -147.52765401959869 1
endloop
endfacet
facet normal 0 0 1
outer loop
vertex 178.7875919220152 -149.48922458040633 1
vertex 178.3974112779521 -147.52765401959869 1
vertex 178.20981816765234 -147.58455976748607 1
endloop
endfacet
facet normal 0 0 1
outer loop
vertex 178.7875919220152 -149.48922458040633 1
vertex 178.20981816765234 -147.58455976748607 1
vertex 178.03693136697575 -147.67696968769798 1
endloop
endfacet
facet normal 0 0 1
outer loop
vertex 178.7875919220152 -149.48922458040633 1
vertex 178.03693136697575 -147.67696968769798 1
vertex 177.8853948188312 -147.801332518798 1
endloop
endfacet
facet normal 0 0 1
outer loop
vertex 178.7875919220152 -149.48922458040633 1
vertex 177.8853948188312 -147.801332518798 1
vertex 177.76103198766972 -147.95286906700778 1
endloop
endfacet
facet normal 0 0 1
outer loop
vertex 178.7875919220152 -149.48922458040633 1
vertex 177.76103198766972 -147.95286906700778 1
vertex 177.6686220675004 -148.12575586763006 1
endloop
endfacet
facet normal 0 0 1
outer loop
vertex 178.7875919220152 -149.48922458040633 1
vertex 177.6686220675004 -148.12575586763006 1
vertex 177.61171631959402 -148.31334897798018 1
endloop
endfacet
facet normal 0 0 1
outer loop
vertex 178.7875919220152 -149.48922458040633 1
vertex 177.61171631959402 -148.31334897798018 1
vertex 177.59250160000005 -148.5084392999998 1
endloop
endfacet
facet normal 0 0 1
outer loop
vertex 178.7875919220152 -149.48922458040633 1
vertex 177.59250160000005 -148.5084392999998 1
vertex 177.61171631959738 -148.7035296220142 1
endloop
endfacet
facet normal 0 0 1
outer loop
vertex 178.7875919220152 -149.48922458040633 1
vertex 177.61171631959738 -148.7035296220142 1
vertex 177.6686220674903 -148.8911227323642 1
endloop
endfacet
facet normal 0 0 1
outer loop
vertex 178.7875919220152 -149.48922458040633 1
vertex 177.6686220674903 -148.8911227323642 1
vertex 177.76103198771096 -149.06400953304103 1
endloop
endfacet
facet normal 0 0 1
outer loop
vertex 178.7875919220152 -149.48922458040633 1
vertex 177.76103198771096 -149.06400953304103 1
vertex 177.88539481879218 -149.2155460811656 1
endloop
endfacet
facet normal 0 0 1
outer loop
vertex 178.7875919220152 -149.48922458040633 1
vertex 177.88539481879218 -149.2155460811656 1
vertex 178.0369313669928 -149.33990891230926 1
endloop
endfacet
facet normal 0 0 1
outer loop
vertex 178.7875919220152 -149.48922458040633 1
vertex 178.0369313669928 -149.33990891230926 1
vertex 178.20981816762986 -149.43231883250863 1
endloop
endfacet
facet normal 0 0 1
outer loop
vertex 178.7875919220152 -149.48922458040633 1
vertex 178.20981816762986 -149.43231883250863 1
vertex 178.39741127799772 -149.48922458040633 1
endloop
endfacet
facet normal 0 0 1
outer loop
vertex 178.7875919220152 -149.48922458040633 1
vertex 178.39741127799772 -149.48922458040633 1
vertex 178.59250159997788 -149.50843929999954 1
endloop
endfacet
facet normal 0 0 1
outer loop
vertex 177.13742977847048 -147.53619139221564 1
vertex 177.35506473292358 -147.27100243292352 1
vertex 154.45788510669072 -147.27100243292352 1
endloop
endfacet
facet normal 0 0 1
outer loop
vertex 177.13742977847048 -147.53619139221564 1
vertex 154.45788510669072 -147.27100243292352 1
vertex 154.41037182768542 -147.53619139221564 1
endloop
endfacet
facet normal 0 0 1
outer loop
vertex 186.3930206467934 -147.53619139221564 1
vertex 186.16739408222352 -147.27100243292352 1
vertex 179.82993846707646 -147.27100243292352 1
endloop
endfacet
facet normal 0 0 1
outer loop
vertex 186.3930206467934 -147.53619139221564 1
vertex 179.82993846707646 -147.27100243292352 1
vertex 180.0475734215294 -147.53619139221564 1
endloop
endfacet
facet normal 0 0 1
outer loop
vertex 177.35506473292358 -147.27100243292352 1
vertex 177.62025369221567 -147.05336747847048 1
vertex 154.49687824706433 -147.05336747847048 1
endloop
endfacet
facet normal 0 0 1
outer loop
vertex 177.35506473292358 -147.27100243292352 1
vertex 154.49687824706433 -147.05336747847048 1
vertex 154.45788510669072 -147.27100243292352 1
endloop
endfacet
facet normal 0 0 1
outer loop
vertex 186.16739408222352 -147.27100243292352 1
vertex 185.9822271459802 -147.05336747847048 1
vertex 179.56474950778423 -147.05336747847048 1
endloop
endfacet
facet normal 0 0 1
outer loop
vertex 186.16739408222352 -147.27100243292352 1
vertex 179.56474950778423 -147.05336747847048 1
vertex 179.82993846707646 -147.27100243292352 1
endloop
endfacet
facet normal 0 0 1
outer loop
vertex 177.62025369221567 -147.05336747847048 1
vertex 177.9228055933611 -146.8916501181053 1
vertex 154.5258527642692 -146.8916501181053 1
endloop
endfacet
facet normal 0 0 1
outer loop
vertex 177.62025369221567 -147.05336747847048 1
vertex 154.5258527642692 -146.8916501181053 1
vertex 154.49687824706433 -147.05336747847048 1
endloop
endfacet
facet normal 0 0 1
outer loop
vertex 185.9822271459802 -147.05336747847048 1
vertex 185.84463569967585 -146.8916501181053 1
vertex 179.26219760663906 -146.8916501181053 1
endloop
endfacet
facet normal 0 0 1
outer loop
vertex 185.9822271459802 -147.05336747847048 1
vertex 179.26219760663906 -146.8916501181053 1
vertex 179.56474950778423 -147.05336747847048 1
endloop
endfacet
facet normal 0 0 1
outer loop
vertex 177.9228055933611 -146.8916501181053 1
vertex 178.25109353647179 -146.79206505929432 1
vertex 154.5436951838673 -146.79206505929432 1
endloop
endfacet
facet normal 0 0 1
outer loop
vertex 177.9228055933611 -146.8916501181053 1
vertex 154.5436951838673 -146.79206505929432 1
vertex 154.5258527642692 -146.8916501181053 1
endloop
endfacet
facet normal 0 0 1
outer loop
vertex 185.84463569967585 -146.8916501181053 1
vertex 185.75990730538658 -146.79206505929432 1
vertex 178.9339096635281 -146.79206505929432 1
endloop
endfacet
facet normal 0 0 1
outer loop
vertex 185.84463569967585 -146.8916501181053 1
vertex 178.9339096635281 -146.79206505929432 1
vertex 179.26219760663906 -146.8916501181053 1
endloop
endfacet
facet normal 0 0 1
outer loop
vertex 178.25109353647179 -146.79206505929432 1
vertex 178.5925016 -146.7584393 1
vertex 154.5497198316794 -146.7584393 1
endloop
endfacet
facet normal 0 0 1
outer loop
vertex 178.25109353647179 -146.79206505929432 1
vertex 154.5497198316794 -146.7584393 1
vertex 154.5436951838673 -146.79206505929432 1
endloop
endfacet
facet normal 0 0 1
outer loop
vertex 185.75990730538658 -146.79206505929432 1
vertex 185.73129802778996 -146.7584393 1
vertex 178.5925016 -146.7584393 1
endloop
endfacet
facet normal 0 0 1
outer loop
vertex 185.75990730538658 -146.79206505929432 1
vertex 178.5925016 -146.7584393 1
vertex 178.9339096635281 -146.79206505929432 1
endloop
endfacet
facet normal 0 0 1
outer loop
vertex 178.5925016 -146.7584393 1
vertex 185.73129802778996 -146.7584393 1
vertex 183.81985384999996 -144.51183374999997 1
endloop
endfacet
facet normal 0 0 1
outer loop
vertex 178.5925016 -146.7584393 1
vertex 183.81985384999996 -144.51183374999997 1
vertex 154.95223883778814 -144.51183374999997 1
endloop
endfacet
facet normal 0 0 1
outer loop
vertex 178.5925016 -146.7584393 1
vertex 154.95223883778814 -144.51183374999997 1
vertex 154.5497198316794 -146.7584393 1
endloop
endfacet
facet normal 0 0 1
outer loop
vertex 183.81985384999996 -144.51183374999997 1
vertex 183.6468919935673 -144.27544839587097 1
vertex 154.99459144294514 -144.27544839587097 1
endloop
endfacet
facet normal 0 0 1
outer loop
vertex 183.81985384999996 -144.51183374999997 1
vertex 154.99459144294514 -144.27544839587097 1
vertex 154.95223883778814 -144.51183374999997 1
endloop
endfacet
facet normal 0 0 1
outer loop
vertex 183.6468919935673 -144.27544839587097 1
vertex 183.5103114057248 -144.01633532701553 1
vertex 155.04101611902834 -144.01633532701553 1
endloop
endfacet
facet normal 0 0 1
outer loop
vertex 183.6468919935673 -144.27544839587097 1
vertex 155.04101611902834 -144.01633532701553 1
vertex 154.99459144294514 -144.27544839587097 1
endloop
endfacet
facet normal 0 0 1
outer loop
vertex 183.5103114057248 -144.01633532701553 1
vertex 183.41304152972762 -143.7400521196887 1
vertex 155.0905171282365 -143.7400521196887 1
endloop
endfacet
facet normal 0 0 1
outer loop
vertex 183.5103114057248 -144.01633532701553 1
vertex 155.0905171282365 -143.7400521196887 1
vertex 155.04101611902834 -144.01633532701553 1
endloop
endfacet
facet normal 0 0 1
outer loop
vertex 183.41304152972762 -143.7400521196887 1
vertex 183.35716865460662 -143.45252462317222 1
vertex 155.14203275016075 -143.45252462317222 1
endloop
endfacet
facet normal 0 0 1
outer loop
vertex 183.41304152972762 -143.7400521196887 1
vertex 155.14203275016075 -143.45252462317222 1
vertex 155.0905171282365 -143.7400521196887 1
endloop
endfacet
facet normal 0 0 1
outer loop
vertex 183.35716865460662 -143.45252462317222 1
vertex 183.34389116748088 -143.1599198594334 1
vertex 155.19445805405215 -143.1599198594334 1
endloop
endfacet
facet normal 0 0 1
outer loop
vertex 183.35716865460662 -143.45252462317222 1
vertex 155.19445805405215 -143.1599198594334 1
vertex 155.14203275016075 -143.45252462317222 1
endloop
endfacet
facet normal 0 0 1
outer loop
vertex 183.34389116748088 -143.1599198594334 1
vertex 183.3734977000001 -142.8685174999996 1
vertex 155.2466679260063 -142.8685174999996 1
endloop
endfacet
facet normal 0 0 1
outer loop
vertex 183.34389116748088 -143.1599198594334 1
vertex 155.2466679260063 -142.8685174999996 1
vertex 155.19445805405215 -143.1599198594334 1
endloop
endfacet
facet normal 0 0 1
outer loop
vertex 183.3734977000001 -142.8685174999996 1
vertex 184.2170264 -138.0846234 1
vertex 156.1037869242483 -138.0846234 1
endloop
endfacet
facet normal 0 0 1
outer loop
vertex 183.3734977000001 -142.8685174999996 1
vertex 156.1037869242483 -138.0846234 1
vertex 155.2466679260063 -142.8685174999996 1
endloop
endfacet
facet normal 0 0 1
outer loop
vertex 249.11314170695945 -149.40549045548528 1
vertex 249.49613831023993 -149.32058210785846 1
vertex 249.86113699174211 -149.1768052386378 1
endloop
endfacet
facet normal 0 0 1
outer loop
vertex 249.11314170695945 -149.40549045548528 1
vertex 249.86113699174211 -149.1768052386378 1
vertex 250.19915026771537 -148.9777001134224 1
endloop
endfacet
facet normal 0 0 1
outer loop
vertex 249.11314170695945 -149.40549045548528 1
vertex 250.19915026771537 -148.9777001134224 1
vertex 250.5018551250113 -148.72816936383322 1
endloop
endfacet
facet normal 0 0 1
outer loop
vertex 249.11314170695945 -149.40549045548528 1
vertex 250.5018551250113 -148.72816936383322 1
vertex 250.76179796140124 -148.43435726838572 1
endloop
endfacet
facet normal 0 0 1
outer loop
vertex 249.11314170695945 -149.40549045548528 1
vertex 250.76179796140124 -148.43435726838572 1
vertex 250.97257811809692 -148.1034984598821 1
endloop
endfacet
facet normal 0 0 1
outer loop
vertex 249.11314170695945 -149.40549045548528 1
vertex 250.97257811809692 -148.1034984598821 1
vertex 251.1290054853004 -147.74373978464178 1
endloop
endfacet
facet normal 0 0 1
outer loop
vertex 249.11314170695945 -149.40549045548528 1
vertex 251.1290054853004 -147.74373978464178 1
vertex 251.22722660000005 -147.3639393999997 1
endloop
endfacet
facet normal 0 0 1
outer loop
vertex 249.11314170695945 -149.40549045548528 1
vertex 251.22722660000005 -147.3639393999997 1
vertex 252.86342014900274 -138.0846234 1
endloop
endfacet
facet normal 0 0 1
outer loop
vertex 249.11314170695945 -149.40549045548528 1
vertex 252.86342014900274 -138.0846234 1
vertex 184.2170264 -138.0846234 1
endloop
endfacet
facet normal 0 0 1
outer loop
vertex 249.11314170695945 -149.40549045548528 1
vertex 184.2170264 -138.0846234 1
vertex 184.2677024487179 -138.09518916156284 1
endloop
endfacet
facet normal 0 0 1
outer loop
vertex 249.11314170695945 -149.40549045548528 1
vertex 184.2677024487179 -138.09518916156284 1
vertex 184.3185828000002 -138.10470680000003 1
endloop
endfacet
facet normal 0 0 1
outer loop
vertex 249.11314170695945 -149.40549045548528 1
vertex 184.3185828000002 -138.10470680000003 1
vertex 248.33108830000006 -149.39183970000002 1
endloop
endfacet
facet normal 0 0 1
outer loop
vertex 249.11314170695945 -149.40549045548528 1
vertex 248.33108830000006 -149.39183970000002 1
vertex 248.72157783445547 -149.4294395550767 1
endloop
endfacet
facet normal 0 0 1
outer loop
vertex 184.2170264 -138.0846234 1
vertex 252.86342014900274 -138.0846234 1
vertex 253.07866752542822 -136.8638946999997 1
endloop
endfacet
facet normal 0 0 1
outer loop
vertex 184.2170264 -138.0846234 1
vertex 253.07866752542822 -136.8638946999997 1
vertex 156.32250200000001 -136.8638946999997 1
endloop
endfacet
facet normal 0 0 1
outer loop
vertex 184.2170264 -138.0846234 1
vertex 156.32250200000001 -136.8638946999997 1
vertex 156.1037869242483 -138.0846234 1
endloop
endfacet
facet normal 0 0 1
outer loop
vertex 253.07866752542822 -136.8638946999997 1
vertex 253.13383255550872 -136.5510382249339 1
vertex 156.35345783107968 -136.5510382249339 1
endloop
endfacet
facet normal 0 0 1
outer loop
vertex 253.07866752542822 -136.8638946999997 1
vertex 156.35345783107968 -136.5510382249339 1
vertex 156.32250200000001 -136.8638946999997 1
endloop
endfacet
facet normal 0 0 1
outer loop
vertex 253.13383255550872 -136.5510382249339 1
vertex 253.18917174156277 -136.23719406212595 1
vertex 156.33500005612595 -136.23719406212595 1
endloop
endfacet
facet normal 0 0 1
outer loop
vertex 253.13383255550872 -136.5510382249339 1
vertex 156.33500005612595 -136.23719406212595 1
vertex 156.35345783107968 -136.5510382249339 1
endloop
endfacet
facet normal 0 0 1
outer loop
vertex 253.18917174156277 -136.23719406212595 1
vertex 253.24331720097413 -135.93011986045263 1
vertex 156.26758876144217 -135.93011986045263 1
endloop
endfacet
facet normal 0 0 1
outer loop
vertex 253.18917174156277 -136.23719406212595 1
vertex 156.26758876144217 -135.93011986045263 1
vertex 156.33500005612595 -136.23719406212595 1
endloop
endfacet
facet normal 0 0 1
outer loop
vertex 253.24331720097413 -135.93011986045263 1
vertex 253.29493101503502 -135.6374033349974 1
vertex 156.15288966070509 -135.6374033349974 1
endloop
endfacet
facet normal 0 0 1
outer loop
vertex 253.24331720097413 -135.93011986045263 1
vertex 156.15288966070509 -135.6374033349974 1
vertex 156.26758876144217 -135.93011986045263 1
endloop
endfacet
facet normal 0 0 1
outer loop
vertex 253.29493101503502 -135.6374033349974 1
vertex 253.34273782126493 -135.3662774268012 1
vertex 155.99373693566014 -135.3662774268012 1
endloop
endfacet
facet normal 0 0 1
outer loop
vertex 253.29493101503502 -135.6374033349974 1
vertex 155.99373693566014 -135.3662774268012 1
vertex 156.15288966070509 -135.6374033349974 1
endloop
endfacet
facet normal 0 0 1
outer loop
vertex 253.34273782126493 -135.3662774268012 1
vertex 253.38555632725053 -135.1234415789699 1
vertex 155.79406320430647 -135.1234415789699 1
endloop
endfacet
facet normal 0 0 1
outer loop
vertex 253.34273782126493 -135.3662774268012 1
vertex 155.79406320430647 -135.1234415789699 1
vertex 155.99373693566014 -135.3662774268012 1
endloop
endfacet
facet normal 0 0 1
outer loop
vertex 253.38555632725053 -135.1234415789699 1
vertex 253.4223285000407 -134.91489619536634 1
vertex 155.55880234703935 -134.91489619536634 1
endloop
endfacet
facet normal 0 0 1
outer loop
vertex 253.38555632725053 -135.1234415789699 1
vertex 155.55880234703935 -134.91489619536634 1
vertex 155.79406320430647 -135.1234415789699 1
endloop
endfacet
facet normal 0 0 1
outer loop
vertex 253.4223285000407 -134.91489619536634 1
vertex 253.45214570983637 -134.74579437235707 1
vertex 155.29376759188557 -134.74579437235707 1
endloop
endfacet
facet normal 0 0 1
outer loop
vertex 253.4223285000407 -134.91489619536634 1
vertex 155.29376759188557 -134.74579437235707 1
vertex 155.55880234703935 -134.91489619536634 1
endloop
endfacet
facet normal 0 0 1
outer loop
vertex 253.45214570983637 -134.74579437235707 1
vertex 253.47427118197098 -134.62031456728675 1
vertex 155.005507871314 -134.62031456728675 1
endloop
endfacet
facet normal 0 0 1
outer loop
vertex 253.45214570983637 -134.74579437235707 1
vertex 155.005507871314 -134.62031456728675 1
vertex 155.29376759188557 -134.74579437235707 1
endloop
endfacet
facet normal 0 0 1
outer loop
vertex 253.47427118197098 -134.62031456728675 1
vertex 253.48815820240026 -134.54155735 1
vertex 154.70114599999994 -134.54155735 1
endloop
endfacet
facet normal 0 0 1
outer loop
vertex 253.47427118197098 -134.62031456728675 1
vertex 154.70114599999994 -134.54155735 1
vertex 155.005507871314 -134.62031456728675 1
endloop
endfacet
facet normal 0 0 1
outer loop
vertex 253.48815820240026 -134.54155735 1
vertex 254.48546878481764 -128.88552720000007 1
vertex 143.61319390000003 -128.88552720000007 1
endloop
endfacet
facet normal 0 0 1
outer loop
vertex 253.48815820240026 -134.54155735 1
vertex 143.61319390000003 -128.88552720000007 1
vertex 144.39751134999997 -131.58970979999998 1
endloop
endfacet
facet normal 0 0 1
outer loop
vertex 253.48815820240026 -134.54155735 1
vertex 144.39751134999997 -131.58970979999998 1
vertex 144.51006753691524 -131.8870612211129 1
endloop
endfacet
facet normal 0 0 1
outer loop
vertex 253.48815820240026 -134.54155735 1
vertex 144.51006753691524 -131.8870612211129 1
vertex 144.6683220903593 -132.1628188305543 1
endloop
endfacet
facet normal 0 0 1
outer loop
vertex 253.48815820240026 -134.54155735 1
vertex 144.6683220903593 -132.1628188305543 1
vertex 144.86827565020397 -132.41001376730713 1
endloop
endfacet
facet normal 0 0 1
outer loop
vertex 253.48815820240026 -134.54155735 1
vertex 144.86827565020397 -132.41001376730713 1
vertex 145.10487505192768 -132.62239899738373 1
endloop
endfacet
facet normal 0 0 1
outer loop
vertex 253.48815820240026 -134.54155735 1
vertex 145.10487505192768 -132.62239899738373 1
vertex 145.37214102862734 -132.79460718693778 1
endloop
endfacet
facet normal 0 0 1
outer loop
vertex 253.48815820240026 -134.54155735 1
vertex 145.37214102862734 -132.79460718693778 1
vertex 145.66331931720154 -132.9222863438645 1
endloop
endfacet
facet normal 0 0 1
outer loop
vertex 253.48815820240026 -134.54155735 1
vertex 145.66331931720154 -132.9222863438645 1
vertex 145.9710527000005 -133.00220960000007 1
endloop
endfacet
facet normal 0 0 1
outer loop
vertex 253.48815820240026 -134.54155735 1
vertex 145.9710527000005 -133.00220960000007 1
vertex 154.70114599999994 -134.54155735 1
endloop
endfacet
facet normal 0 0 1
outer loop
vertex 254.48546878481764 -128.88552720000007 1
vertex 254.53789960906596 -128.58817717888726 1
vertex 143.50063576308483 -128.58817717888726 1
endloop
endfacet
facet normal 0 0 1
outer loop
vertex 254.48546878481764 -128.88552720000007 1
vertex 143.50063576308483 -128.58817717888726 1
vertex 143.61319390000003 -128.88552720000007 1
endloop
endfacet
facet normal 0 0 1
outer loop
vertex 254.53789960906596 -128.58817717888726 1
vertex 254.58652310908008 -128.31241956944555 1
vertex 143.34238120964056 -128.31241956944555 1
endloop
endfacet
facet normal 0 0 1
outer loop
vertex 254.53789960906596 -128.58817717888726 1
vertex 143.34238120964056 -128.31241956944555 1
vertex 143.50063576308483 -128.58817717888726 1
endloop
endfacet
facet normal 0 0 1
outer loop
vertex 254.58652310908008 -128.31241956944555 1
vertex 254.63011023994844 -128.06522463269297 1
vertex 143.14242764979613 -128.06522463269297 1
endloop
endfacet
facet normal 0 0 1
outer loop
vertex 254.58652310908008 -128.31241956944555 1
vertex 143.14242764979613 -128.06522463269297 1
vertex 143.34238120964056 -128.31241956944555 1
endloop
endfacet
facet normal 0 0 1
outer loop
vertex 107.66772346482384 -130.98226897867292 1
vertex 107.97777170698103 -130.91185900772706 1
vertex 108.27274445140353 -130.7932059145461 1
endloop
endfacet
facet normal 0 0 1
outer loop
vertex 107.66772346482384 -130.98226897867292 1
vertex 108.27274445140353 -130.7932059145461 1
vertex 108.54518718550001 -130.62930828457175 1
endloop
endfacet
facet normal 0 0 1
outer loop
vertex 107.66772346482384 -130.98226897867292 1
vertex 108.54518718550001 -130.62930828457175 1
vertex 108.78821477215284 -130.4243081172572 1
endloop
endfacet
facet normal 0 0 1
outer loop
vertex 107.66772346482384 -130.98226897867292 1
vertex 108.78821477215284 -130.4243081172572 1
vertex 108.9956809000002 -130.18338229999975 1
endloop
endfacet
facet normal 0 0 1
outer loop
vertex 107.66772346482384 -130.98226897867292 1
vertex 108.9956809000002 -130.18338229999975 1
vertex 110.65757590000013 -127.91052569999984 1
endloop
endfacet
facet normal 0 0 1
outer loop
vertex 107.66772346482384 -130.98226897867292 1
vertex 110.65757590000013 -127.91052569999984 1
vertex 89.66855311702868 -127.91052569999984 1
endloop
endfacet
facet normal 0 0 1
outer loop
vertex 107.66772346482384 -130.98226897867292 1
vertex 89.66855311702868 -127.91052569999984 1
vertex 107.03392545000005 -130.97250615000002 1
endloop
endfacet
facet normal 0 0 1
outer loop
vertex 107.66772346482384 -130.98226897867292 1
vertex 107.03392545000005 -130.97250615000002 1
vertex 107.35043522352794 -131.0026564358134 1
endloop
endfacet
facet normal 0 0 1
outer loop
vertex 254.63011023994844 -128.06522463269297 1
vertex 254.66755948118077 -127.8528394026162 1
vertex 142.90582824807223 -127.8528394026162 1
endloop
endfacet
facet normal 0 0 1
outer loop
vertex 254.63011023994844 -128.06522463269297 1
vertex 142.90582824807223 -127.8528394026162 1
vertex 143.14242764979613 -128.06522463269297 1
endloop
endfacet
facet normal 0 0 1
outer loop
vertex 254.66755948118077 -127.8528394026162 1
vertex 254.69792442713515 -127.68063121306227 1
vertex 142.63856227137268 -127.68063121306227 1
endloop
endfacet
facet normal 0 0 1
outer loop
vertex 254.66755948118077 -127.8528394026162 1
vertex 142.63856227137268 -127.68063121306227 1
vertex 142.90582824807223 -127.8528394026162 1
endloop
endfacet
facet normal 0 0 1
outer loop
vertex 110.65757590000013 -127.91052569999984 1
vertex 110.86504657784691 -127.66960373274304 1
vertex 88.30221530628077 -127.66960373274304 1
endloop
endfacet
facet normal 0 0 1
outer loop
vertex 110.65757590000013 -127.91052569999984 1
vertex 88.30221530628077 -127.66960373274304 1
vertex 89.66855311702868 -127.91052569999984 1
endloop
endfacet
facet normal 0 0 1
outer loop
vertex 254.69792442713515 -127.68063121306227 1
vertex 254.72043770428897 -127.55295205613538 1
vertex 142.34738398279816 -127.55295205613538 1
endloop
endfacet
facet normal 0 0 1
outer loop
vertex 254.69792442713515 -127.68063121306227 1
vertex 142.34738398279816 -127.55295205613538 1
vertex 142.63856227137268 -127.68063121306227 1
endloop
endfacet
facet normal 0 0 1
outer loop
vertex 254.72043770428897 -127.55295205613538 1
vertex 254.73453036406505 -127.4730286 1
vertex 142.03965194999998 -127.4730286 1
endloop
endfacet
facet normal 0 0 1
outer loop
vertex 254.72043770428897 -127.55295205613538 1
vertex 142.03965194999998 -127.4730286 1
vertex 142.34738398279816 -127.55295205613538 1
endloop
endfacet
facet normal 0 0 1
outer loop
vertex 110.86504657784691 -127.66960373274304 1
vertex 111.10807416450005 -127.46460356542822 1
vertex 87.13960036086429 -127.46460356542822 1
endloop
endfacet
facet normal 0 0 1
outer loop
vertex 110.86504657784691 -127.66960373274304 1
vertex 87.13960036086429 -127.46460356542822 1
vertex 88.30221530628077 -127.66960373274304 1
endloop
endfacet
facet normal 0 0 1
outer loop
vertex 111.10807416450005 -127.46460356542822 1
vertex 111.3805168985966 -127.30070593545383 1
vertex 86.21008973351964 -127.30070593545383 1
endloop
endfacet
facet normal 0 0 1
outer loop
vertex 111.10807416450005 -127.46460356542822 1
vertex 86.21008973351964 -127.30070593545383 1
vertex 87.13960036086429 -127.46460356542822 1
endloop
endfacet
facet normal 0 0 1
outer loop
vertex 111.3805168985966 -127.30070593545383 1
vertex 111.675489643019 -127.18205284227288 1
vertex 85.5371738951622 -127.18205284227288 1
endloop
endfacet
facet normal 0 0 1
outer loop
vertex 111.3805168985966 -127.30070593545383 1
vertex 85.5371738951622 -127.18205284227288 1
vertex 86.21008973351964 -127.30070593545383 1
endloop
endfacet
facet normal 0 0 1
outer loop
vertex 127.20607577159302 -129.59143342259213 1
vertex 127.51612061973623 -129.52102256250737 1
vertex 127.81109005739033 -129.40236958981902 1
endloop
endfacet
facet normal 0 0 1
outer loop
vertex 127.20607577159302 -129.59143342259213 1
vertex 127.81109005739033 -129.40236958981902 1
vertex 128.0835298014987 -129.23847302820806 1
endloop
endfacet
facet normal 0 0 1
outer loop
vertex 127.20607577159302 -129.59143342259213 1
vertex 128.0835298014987 -129.23847302820806 1
vertex 128.32655492532263 -129.03347476902394 1
endloop
endfacet
facet normal 0 0 1
outer loop
vertex 127.20607577159302 -129.59143342259213 1
vertex 128.32655492532263 -129.03347476902394 1
vertex 128.53402769999965 -128.79255080000044 1
endloop
endfacet
facet normal 0 0 1
outer loop
vertex 127.20607577159302 -129.59143342259213 1
vertex 128.53402769999965 -128.79255080000044 1
vertex 129.75597333823646 -127.12140139999997 1
endloop
endfacet
facet normal 0 0 1
outer loop
vertex 127.20607577159302 -129.59143342259213 1
vertex 129.75597333823646 -127.12140139999997 1
vertex 112.61933179999983 -127.12140139999997 1
endloop
endfacet
facet normal 0 0 1
outer loop
vertex 127.20607577159302 -129.59143342259213 1
vertex 112.61933179999983 -127.12140139999997 1
vertex 126.57228385000029 -129.58167540000002 1
endloop
endfacet
facet normal 0 0 1
outer loop
vertex 127.20607577159302 -129.59143342259213 1
vertex 126.57228385000029 -129.58167540000002 1
vertex 126.88879077235917 -129.61182279087532 1
endloop
endfacet
facet normal 0 0 1
outer loop
vertex 111.675489643019 -127.18205284227288 1
vertex 111.98553788517597 -127.1116428713271 1
vertex 85.13785868678879 -127.1116428713271 1
endloop
endfacet
facet normal 0 0 1
outer loop
vertex 111.675489643019 -127.18205284227288 1
vertex 85.13785868678879 -127.1116428713271 1
vertex 85.5371738951622 -127.18205284227288 1
endloop
endfacet
facet normal 0 0 1
outer loop
vertex 111.98553788517597 -127.1116428713271 1
vertex 112.30282612647207 -127.0912554141866 1
vertex 85.0222355500809 -127.0912554141866 1
endloop
endfacet
facet normal 0 0 1
outer loop
vertex 111.98553788517597 -127.1116428713271 1
vertex 85.0222355500809 -127.0912554141866 1
vertex 85.13785868678879 -127.1116428713271 1
endloop
endfacet
facet normal 0 0 1
outer loop
vertex 129.75597333823646 -127.12140139999997 1
vertex 129.77801610465517 -127.0912554141866 1
vertex 112.30282612647207 -127.0912554141866 1
endloop
endfacet
facet normal 0 0 1
outer loop
vertex 129.75597333823646 -127.12140139999997 1
vertex 112.30282612647207 -127.0912554141866 1
vertex 112.61933179999983 -127.12140139999997 1
endloop
endfacet
facet normal 0 0 1
outer loop
vertex 112.30282612647207 -127.0912554141866 1
vertex 129.77801610465517 -127.0912554141866 1
vertex 130.1959342500001 -126.51970489999984 1
endloop
endfacet
facet normal 0 0 1
outer loop
vertex 112.30282612647207 -127.0912554141866 1
vertex 130.1959342500001 -126.51970489999984 1
vertex 81.78080809878743 -126.51970489999984 1
endloop
endfacet
facet normal 0 0 1
outer loop
vertex 112.30282612647207 -127.0912554141866 1
vertex 81.78080809878743 -126.51970489999984 1
vertex 85.0222355500809 -127.0912554141866 1
endloop
endfacet
facet normal 0 0 1
outer loop
vertex 130.1959342500001 -126.51970489999984 1
vertex 130.40340142371153 -126.27878237067384 1
vertex 80.4144671003833 -126.27878237067384 1
endloop
endfacet
facet normal 0 0 1
outer loop
vertex 130.1959342500001 -126.51970489999984 1
vertex 80.4144671003833 -126.27878237067384 1
vertex 81.78080809878743 -126.51970489999984 1
endloop
endfacet
facet normal 0 0 1
outer loop
vertex 130.40340142371153 -126.27878237067384 1
vertex 130.64642544825205 -126.07378086628651 1
vertex 79.25184457204386 -126.07378086628651 1
endloop
endfacet
facet normal 0 0 1
outer loop
vertex 130.40340142371153 -126.27878237067384 1
vertex 79.25184457204386 -126.07378086628651 1
vertex 80.4144671003833 -126.27878237067384 1
endloop
endfacet
facet normal 0 0 1
outer loop
vertex 130.64642544825205 -126.07378086628651 1
vertex 130.9188647241649 -125.90988109738845 1
vertex 78.32232181424749 -125.90988109738845 1
endloop
endfacet
facet normal 0 0 1
outer loop
vertex 130.64642544825205 -126.07378086628651 1
vertex 78.32232181424749 -125.90988109738845 1
vertex 79.25184457204386 -126.07378086628651 1
endloop
endfacet
facet normal 0 0 1
outer loop
vertex 130.9188647241649 -125.90988109738845 1
vertex 131.2138342823126 -125.79122506900717 1
vertex 77.64938932952427 -125.79122506900717 1
endloop
endfacet
facet normal 0 0 1
outer loop
vertex 130.9188647241649 -125.90988109738845 1
vertex 77.64938932952427 -125.79122506900717 1
vertex 78.32232181424749 -125.90988109738845 1
endloop
endfacet
facet normal 0 0 1
outer loop
vertex 254.73453036406505 -127.4730286 1
vertex 255.04177282115594 -125.73056980000003 1
vertex 132.15767850000017 -125.73056980000003 1
endloop
endfacet
facet normal 0 0 1
outer loop
vertex 254.73453036406505 -127.4730286 1
vertex 132.15767850000017 -125.73056980000003 1
vertex 142.03965194999998 -127.4730286 1
endloop
endfacet
facet normal 0 0 1
outer loop
vertex 131.2138342823126 -125.79122506900717 1
vertex 131.5238797778765 -125.72081140566488 1
vertex 77.25005318050759 -125.72081140566488 1
endloop
endfacet
facet normal 0 0 1
outer loop
vertex 131.2138342823126 -125.79122506900717 1
vertex 77.25005318050759 -125.72081140566488 1
vertex 77.64938932952427 -125.79122506900717 1
endloop
endfacet
facet normal 0 0 1
outer loop
vertex 131.5238797778765 -125.72081140566488 1
vertex 131.84116587338167 -125.70041957141767 1
vertex 77.13440521996789 -125.70041957141767 1
endloop
endfacet
facet normal 0 0 1
outer loop
vertex 131.5238797778765 -125.72081140566488 1
vertex 77.13440521996789 -125.70041957141767 1
vertex 77.25005318050759 -125.72081140566488 1
endloop
endfacet
facet normal 0 0 1
outer loop
vertex 255.04177282115594 -125.73056980000003 1
vertex 255.0470891192007 -125.70041957141767 1
vertex 131.84116587338167 -125.70041957141767 1
endloop
endfacet
facet normal 0 0 1
outer loop
vertex 255.04177282115594 -125.73056980000003 1
vertex 131.84116587338167 -125.70041957141767 1
vertex 132.15767850000017 -125.73056980000003 1
endloop
endfacet
facet normal 0 0 1
outer loop
vertex 131.84116587338167 -125.70041957141767 1
vertex 255.0470891192007 -125.70041957141767 1
vertex 255.52447541146316 -122.99302699999997 1
endloop
endfacet
facet normal 0 0 1
outer loop
vertex 131.84116587338167 -125.70041957141767 1
vertex 255.52447541146316 -122.99302699999997 1
vertex 89.78541139999992 -122.993027 1
endloop
endfacet
facet normal 0 0 1
outer loop
vertex 131.84116587338167 -125.70041957141767 1
vertex 89.78541139999992 -122.993027 1
vertex 69.41842944119743 -122.99302699999997 1
endloop
endfacet
facet normal 0 0 1
outer loop
vertex 131.84116587338167 -125.70041957141767 1
vertex 69.41842944119743 -122.99302699999997 1
vertex 69.41937155437512 -123.00379480429999 1
endloop
endfacet
facet normal 0 0 1
outer loop
vertex 131.84116587338167 -125.70041957141767 1
vertex 69.41937155437512 -123.00379480429999 1
vertex 69.50960282608106 -123.34053697006564 1
endloop
endfacet
facet normal 0 0 1
outer loop
vertex 131.84116587338167 -125.70041957141767 1
vertex 69.50960282608106 -123.34053697006564 1
vertex 69.65693771634736 -123.65649487661115 1
endloop
endfacet
facet normal 0 0 1
outer loop
vertex 131.84116587338167 -125.70041957141767 1
vertex 69.65693771634736 -123.65649487661115 1
vertex 69.85689956619099 -123.94206838239467 1
endloop
endfacet
facet normal 0 0 1
outer loop
vertex 131.84116587338167 -125.70041957141767 1
vertex 69.85689956619099 -123.94206838239467 1
vertex 70.10341268634556 -124.18858055286489 1
endloop
endfacet
facet normal 0 0 1
outer loop
vertex 131.84116587338167 -125.70041957141767 1
vertex 70.10341268634556 -124.18858055286489 1
vertex 70.38898696247549 -124.38854130254168 1
endloop
endfacet
facet normal 0 0 1
outer loop
vertex 131.84116587338167 -125.70041957141767 1
vertex 70.38898696247549 -124.38854130254168 1
vertex 70.7049454366227 -124.53587497558615 1
endloop
endfacet
facet normal 0 0 1
outer loop
vertex 131.84116587338167 -125.70041957141767 1
vertex 70.7049454366227 -124.53587497558615 1
vertex 71.04168590000012 -124.62610990000002 1
endloop
endfacet
facet normal 0 0 1
outer loop
vertex 131.84116587338167 -125.70041957141767 1
vertex 71.04168590000012 -124.62610990000002 1
vertex 77.13440521996789 -125.70041957141767 1
endloop
endfacet
facet normal 0 0 1
outer loop
vertex 89.78541139999992 -122.993027 1
vertex 89.4440033364718 -122.95940124070563 1
vertex 69.41548740491429 -122.95940124070563 1
endloop
endfacet
facet normal 0 0 1
outer loop
vertex 89.78541139999992 -122.993027 1
vertex 69.41548740491429 -122.95940124070563 1
vertex 69.41842944119743 -122.99302699999997 1
endloop
endfacet
facet normal 0 0 1
outer loop
vertex 255.52447541146316 -122.99302699999997 1
vertex 255.5304045392606 -122.95940124070563 1
vertex 90.1268194635283 -122.95940124070563 1
endloop
endfacet
facet normal 0 0 1
outer loop
vertex 255.52447541146316 -122.99302699999997 1
vertex 90.1268194635283 -122.95940124070563 1
vertex 89.78541139999992 -122.993027 1
endloop
endfacet
facet normal 0 0 1
outer loop
vertex 89.4440033364718 -122.95940124070563 1
vertex 89.11571539336107 -122.85981618189479 1
vertex 69.40677435686904 -122.85981618189479 1
endloop
endfacet
facet normal 0 0 1
outer loop
vertex 89.4440033364718 -122.95940124070563 1
vertex 69.40677435686904 -122.85981618189479 1
vertex 69.41548740491429 -122.95940124070563 1
endloop
endfacet
facet normal 0 0 1
outer loop
vertex 255.5304045392606 -122.95940124070563 1
vertex 255.54796406959724 -122.85981618189479 1
vertex 90.45510740663882 -122.85981618189479 1
endloop
endfacet
facet normal 0 0 1
outer loop
vertex 255.5304045392606 -122.95940124070563 1
vertex 90.45510740663882 -122.85981618189479 1
vertex 90.1268194635283 -122.95940124070563 1
endloop
endfacet
facet normal 0 0 1
outer loop
vertex 89.11571539336107 -122.85981618189479 1
vertex 88.81316349221574 -122.69809882152946 1
vertex 69.39262513461213 -122.69809882152946 1
endloop
endfacet
facet normal 0 0 1
outer loop
vertex 89.11571539336107 -122.85981618189479 1
vertex 69.39262513461213 -122.69809882152946 1
vertex 69.40677435686904 -122.85981618189479 1
endloop
endfacet
facet normal 0 0 1
outer loop
vertex 255.54796406959724 -122.85981618189479 1
vertex 255.57647919956898 -122.69809882152946 1
vertex 90.7576593077843 -122.69809882152946 1
endloop
endfacet
facet normal 0 0 1
outer loop
vertex 255.54796406959724 -122.85981618189479 1
vertex 90.7576593077843 -122.69809882152946 1
vertex 90.45510740663882 -122.85981618189479 1
endloop
endfacet
facet normal 0 0 1
outer loop
vertex 88.81316349221574 -122.69809882152946 1
vertex 88.54797453292355 -122.48046386707638 1
vertex 69.40438569429476 -122.48046386707638 1
endloop
endfacet
facet normal 0 0 1
outer loop
vertex 88.81316349221574 -122.69809882152946 1
vertex 69.40438569429476 -122.48046386707638 1
vertex 69.38898551003838 -122.65650003482014 1
endloop
endfacet
facet normal 0 0 1
outer loop
vertex 88.81316349221574 -122.69809882152946 1
vertex 69.38898551003838 -122.65650003482014 1
vertex 69.39262513461213 -122.69809882152946 1
endloop
endfacet
facet normal 0 0 1
outer loop
vertex 255.57647919956898 -122.69809882152946 1
vertex 255.6148541087235 -122.48046386707638 1
vertex 91.02284826707653 -122.48046386707638 1
endloop
endfacet
facet normal 0 0 1
outer loop
vertex 255.57647919956898 -122.69809882152946 1
vertex 91.02284826707653 -122.48046386707638 1
vertex 90.7576593077843 -122.69809882152946 1
endloop
endfacet
facet normal 0 0 1
outer loop
vertex 88.54797453292355 -122.48046386707638 1
vertex 88.33033957847056 -122.21527490778435 1
vertex 69.43593034681348 -122.21527490778435 1
endloop
endfacet
facet normal 0 0 1
outer loop
vertex 88.54797453292355 -122.48046386707638 1
vertex 69.43593034681348 -122.21527490778435 1
vertex 69.41936795 -122.30920494999998 1
endloop
endfacet
facet normal 0 0 1
outer loop
vertex 88.54797453292355 -122.48046386707638 1
vertex 69.41936795 -122.30920494999998 1
vertex 69.40438569429476 -122.48046386707638 1
endloop
endfacet
facet normal 0 0 1
outer loop
vertex 255.6148541087235 -122.48046386707638 1
vertex 255.6616140708218 -122.21527490778435 1
vertex 91.24048322152943 -122.21527490778435 1
endloop
endfacet
facet normal 0 0 1
outer loop
vertex 255.6148541087235 -122.48046386707638 1
vertex 91.24048322152943 -122.21527490778435 1
vertex 91.02284826707653 -122.48046386707638 1
endloop
endfacet
facet normal 0 0 1
outer loop
vertex 88.33033957847056 -122.21527490778435 1
vertex 88.16862221810526 -121.9127230066389 1
vertex 69.48927839739831 -121.9127230066389 1
endloop
endfacet
facet normal 0 0 1
outer loop
vertex 88.33033957847056 -122.21527490778435 1
vertex 69.48927839739831 -121.9127230066389 1
vertex 69.43593034681348 -122.21527490778435 1
endloop
endfacet
facet normal 0 0 1
outer loop
vertex 255.6616140708218 -122.21527490778435 1
vertex 255.71496212674523 -121.9127230066389 1
vertex 91.40220058189476 -121.9127230066389 1
endloop
endfacet
facet normal 0 0 1
outer loop
vertex 255.6616140708218 -122.21527490778435 1
vertex 91.40220058189476 -121.9127230066389 1
vertex 91.24048322152943 -122.21527490778435 1
endloop
endfacet
facet normal 0 0 1
outer loop
vertex 88.16862221810526 -121.9127230066389 1
vertex 88.06903715929435 -121.58443506352832 1
vertex 69.54716440548056 -121.58443506352832 1
endloop
endfacet
facet normal 0 0 1
outer loop
vertex 88.16862221810526 -121.9127230066389 1
vertex 69.54716440548056 -121.58443506352832 1
vertex 69.48927839739831 -121.9127230066389 1
endloop
endfacet
facet normal 0 0 1
outer loop
vertex 255.71496212674523 -121.9127230066389 1
vertex 255.7728481406202 -121.58443506352832 1
vertex 91.50178564070563 -121.58443506352832 1
endloop
endfacet
facet normal 0 0 1
outer loop
vertex 255.71496212674523 -121.9127230066389 1
vertex 91.50178564070563 -121.58443506352832 1
vertex 91.40220058189476 -121.9127230066389 1
endloop
endfacet
facet normal 0 0 1
outer loop
vertex 88.06903715929435 -121.58443506352832 1
vertex 88.0354114 -121.24302699999998 1
vertex 69.60736384423392 -121.24302699999998 1
endloop
endfacet
facet normal 0 0 1
outer loop
vertex 88.06903715929435 -121.58443506352832 1
vertex 69.60736384423392 -121.24302699999998 1
vertex 69.54716440548056 -121.58443506352832 1
endloop
endfacet
facet normal 0 0 1
outer loop
vertex 255.7728481406202 -121.58443506352832 1
vertex 255.83304758539782 -121.24302699999998 1
vertex 91.5354114 -121.24302699999998 1
endloop
endfacet
facet normal 0 0 1
outer loop
vertex 255.7728481406202 -121.58443506352832 1
vertex 91.5354114 -121.24302699999998 1
vertex 91.50178564070563 -121.58443506352832 1
endloop
endfacet
facet normal 0 0 1
outer loop
vertex 88.0354114 -121.24302699999998 1
vertex 88.06903715929434 -120.90161893647179 1
vertex 69.66756328298995 -120.90161893647179 1
endloop
endfacet
facet normal 0 0 1
outer loop
vertex 88.0354114 -121.24302699999998 1
vertex 69.66756328298995 -120.90161893647179 1
vertex 69.60736384423392 -121.24302699999998 1
endloop
endfacet
facet normal 0 0 1
outer loop
vertex 255.83304758539782 -121.24302699999998 1
vertex 255.8932470301781 -120.90161893647179 1
vertex 91.50178564070565 -120.90161893647179 1
endloop
endfacet
facet normal 0 0 1
outer loop
vertex 255.83304758539782 -121.24302699999998 1
vertex 91.50178564070565 -120.90161893647179 1
vertex 91.5354114 -121.24302699999998 1
endloop
endfacet
facet normal 0 0 1
outer loop
vertex 88.06903715929434 -120.90161893647179 1
vertex 88.1686222181053 -120.57333099336111 1
vertex 69.72544929107366 -120.57333099336111 1
endloop
endfacet
facet normal 0 0 1
outer loop
vertex 88.06903715929434 -120.90161893647179 1
vertex 69.72544929107366 -120.57333099336111 1
vertex 69.66756328298995 -120.90161893647179 1
endloop
endfacet
facet normal 0 0 1
outer loop
vertex 255.8932470301781 -120.90161893647179 1
vertex 255.95113304405453 -120.57333099336111 1
vertex 91.40220058189475 -120.57333099336111 1
endloop
endfacet
facet normal 0 0 1
outer loop
vertex 255.8932470301781 -120.90161893647179 1
vertex 91.40220058189475 -120.57333099336111 1
vertex 91.50178564070565 -120.90161893647179 1
endloop
endfacet
facet normal 0 0 1
outer loop
vertex 88.1686222181053 -120.57333099336111 1
vertex 88.33033957847051 -120.27077909221566 1
vertex 69.77879734165117 -120.27077909221566 1
endloop
endfacet
facet normal 0 0 1
outer loop
vertex 88.1686222181053 -120.57333099336111 1
vertex 69.77879734165117 -120.27077909221566 1
vertex 69.72544929107366 -120.57333099336111 1
endloop
endfacet
facet normal 0 0 1
outer loop
vertex 255.95113304405453 -120.57333099336111 1
vertex 256.00448109997063 -120.27077909221566 1
vertex 91.24048322152943 -120.27077909221566 1
endloop
endfacet
facet normal 0 0 1
outer loop
vertex 255.95113304405453 -120.57333099336111 1
vertex 91.24048322152943 -120.27077909221566 1
vertex 91.40220058189475 -120.57333099336111 1
endloop
endfacet
facet normal 0 0 1
outer loop
vertex 89.98050172200922 -122.2238122804037 1
vertex 90.16809483236926 -122.16690653250721 1
vertex 90.34098163301877 -122.07449661230642 1
endloop
endfacet
facet normal 0 0 1
outer loop
vertex 89.98050172200922 -122.2238122804037 1
vertex 90.34098163301877 -122.07449661230642 1
vertex 90.49251818118651 -121.95013378118597 1
endloop
endfacet
facet normal 0 0 1
outer loop
vertex 89.98050172200922 -122.2238122804037 1
vertex 90.49251818118651 -121.95013378118597 1
vertex 90.61688101230264 -121.79859723302415 1
endloop
endfacet
facet normal 0 0 1
outer loop
vertex 89.98050172200922 -122.2238122804037 1
vertex 90.61688101230264 -121.79859723302415 1
vertex 90.70929093250938 -121.62571043236804 1
endloop
endfacet
facet normal 0 0 1
outer loop
vertex 89.98050172200922 -122.2238122804037 1
vertex 90.70929093250938 -121.62571043236804 1
vertex 90.7661966804037 -121.43811732201222 1
endloop
endfacet
facet normal 0 0 1
outer loop
vertex 89.98050172200922 -122.2238122804037 1
vertex 90.7661966804037 -121.43811732201222 1
vertex 90.78541140000006 -121.24302699999998 1
endloop
endfacet
facet normal 0 0 1
outer loop
vertex 89.98050172200922 -122.2238122804037 1
vertex 90.78541140000006 -121.24302699999998 1
vertex 90.76619668040449 -121.04793667799639 1
endloop
endfacet
facet normal 0 0 1
outer loop
vertex 89.98050172200922 -122.2238122804037 1
vertex 90.76619668040449 -121.04793667799639 1
vertex 90.70929093250497 -120.86034356762238 1
endloop
endfacet
facet normal 0 0 1
outer loop
vertex 89.98050172200922 -122.2238122804037 1
vertex 90.70929093250497 -120.86034356762238 1
vertex 90.61688101230199 -120.68745676697866 1
endloop
endfacet
facet normal 0 0 1
outer loop
vertex 89.98050172200922 -122.2238122804037 1
vertex 90.61688101230199 -120.68745676697866 1
vertex 90.49251818119122 -120.53592021881806 1
endloop
endfacet
facet normal 0 0 1
outer loop
vertex 89.98050172200922 -122.2238122804037 1
vertex 90.49251818119122 -120.53592021881806 1
vertex 90.34098163300948 -120.41155738768994 1
endloop
endfacet
facet normal 0 0 1
outer loop
vertex 89.98050172200922 -122.2238122804037 1
vertex 90.34098163300948 -120.41155738768994 1
vertex 90.16809483238292 -120.31914746749614 1
endloop
endfacet
facet normal 0 0 1
outer loop
vertex 89.98050172200922 -122.2238122804037 1
vertex 90.16809483238292 -120.31914746749614 1
vertex 89.98050172200878 -120.26224171959656 1
endloop
endfacet
facet normal 0 0 1
outer loop
vertex 89.98050172200922 -122.2238122804037 1
vertex 89.98050172200878 -120.26224171959656 1
vertex 89.78541139999751 -120.24302700000027 1
endloop
endfacet
facet normal 0 0 1
outer loop
vertex 89.98050172200922 -122.2238122804037 1
vertex 89.78541139999751 -120.24302700000027 1
vertex 89.5903210779857 -120.26224171959656 1
endloop
endfacet
facet normal 0 0 1
outer loop
vertex 89.98050172200922 -122.2238122804037 1
vertex 89.5903210779857 -120.26224171959656 1
vertex 89.40272796761242 -120.31914746749614 1
endloop
endfacet
facet normal 0 0 1
outer loop
vertex 89.98050172200922 -122.2238122804037 1
vertex 89.40272796761242 -120.31914746749614 1
vertex 89.22984116700205 -120.41155738768994 1
endloop
endfacet
facet normal 0 0 1
outer loop
vertex 89.98050172200922 -122.2238122804037 1
vertex 89.22984116700205 -120.41155738768994 1
vertex 89.07830461880299 -120.53592021881806 1
endloop
endfacet
facet normal 0 0 1
outer loop
vertex 89.98050172200922 -122.2238122804037 1
vertex 89.07830461880299 -120.53592021881806 1
vertex 88.95394178770145 -120.68745676697866 1
endloop
endfacet
facet normal 0 0 1
outer loop
vertex 89.98050172200922 -122.2238122804037 1
vertex 88.95394178770145 -120.68745676697866 1
vertex 88.86153186749627 -120.86034356762238 1
endloop
endfacet
facet normal 0 0 1
outer loop
vertex 89.98050172200922 -122.2238122804037 1
vertex 88.86153186749627 -120.86034356762238 1
vertex 88.80462611958872 -121.04793667799639 1
endloop
endfacet
facet normal 0 0 1
outer loop
vertex 89.98050172200922 -122.2238122804037 1
vertex 88.80462611958872 -121.04793667799639 1
vertex 88.78541140000115 -121.24302699999998 1
endloop
endfacet
facet normal 0 0 1
outer loop
vertex 89.98050172200922 -122.2238122804037 1
vertex 88.78541140000115 -121.24302699999998 1
vertex 88.80462611959635 -121.43811732201222 1
endloop
endfacet
facet normal 0 0 1
outer loop
vertex 89.98050172200922 -122.2238122804037 1
vertex 88.80462611959635 -121.43811732201222 1
vertex 88.86153186749031 -121.62571043236804 1
endloop
endfacet
facet normal 0 0 1
outer loop
vertex 89.98050172200922 -122.2238122804037 1
vertex 88.86153186749031 -121.62571043236804 1
vertex 88.95394178769992 -121.79859723302415 1
endloop
endfacet
facet normal 0 0 1
outer loop
vertex 89.98050172200922 -122.2238122804037 1
vertex 88.95394178769992 -121.79859723302415 1
vertex 89.0783046188117 -121.95013378118597 1
endloop
endfacet
facet normal 0 0 1
outer loop
vertex 89.98050172200922 -122.2238122804037 1
vertex 89.0783046188117 -121.95013378118597 1
vertex 89.22984116698407 -122.07449661230642 1
endloop
endfacet
facet normal 0 0 1
outer loop
vertex 89.98050172200922 -122.2238122804037 1
vertex 89.22984116698407 -122.07449661230642 1
vertex 89.4027279676237 -122.16690653250721 1
endloop
endfacet
facet normal 0 0 1
outer loop
vertex 89.98050172200922 -122.2238122804037 1
vertex 89.4027279676237 -122.16690653250721 1
vertex 89.59032107798774 -122.2238122804037 1
endloop
endfacet
facet normal 0 0 1
outer loop
vertex 89.98050172200922 -122.2238122804037 1
vertex 89.59032107798774 -122.2238122804037 1
vertex 89.78541140000313 -122.24302700000041 1
endloop
endfacet
facet normal 0 0 1
outer loop
vertex 88.33033957847051 -120.27077909221566 1
vertex 88.54797453292362 -120.00559013292356 1
vertex 69.82555729907807 -120.00559013292356 1
endloop
endfacet
facet normal 0 0 1
outer loop
vertex 88.33033957847051 -120.27077909221566 1
vertex 69.82555729907807 -120.00559013292356 1
vertex 69.77879734165117 -120.27077909221566 1
endloop
endfacet
facet normal 0 0 1
outer loop
vertex 256.00448109997063 -120.27077909221566 1
vertex 256.0512410620769 -120.00559013292356 1
vertex 91.02284826707647 -120.00559013292356 1
endloop
endfacet
facet normal 0 0 1
outer loop
vertex 256.00448109997063 -120.27077909221566 1
vertex 91.02284826707647 -120.00559013292356 1
vertex 91.24048322152943 -120.27077909221566 1
endloop
endfacet
facet normal 0 0 1
outer loop
vertex 88.54797453292362 -120.00559013292356 1
vertex 88.81316349221566 -119.78795517847057 1
vertex 69.86393220438913 -119.78795517847057 1
endloop
endfacet
facet normal 0 0 1
outer loop
vertex 88.54797453292362 -120.00559013292356 1
vertex 69.86393220438913 -119.78795517847057 1
vertex 69.82555729907807 -120.00559013292356 1
endloop
endfacet
facet normal 0 0 1
outer loop
vertex 256.0512410620769 -120.00559013292356 1
vertex 256.0896159712281 -119.78795517847057 1
vertex 90.75765930778435 -119.78795517847057 1
endloop
endfacet
facet normal 0 0 1
outer loop
vertex 256.0512410620769 -120.00559013292356 1
vertex 90.75765930778435 -119.78795517847057 1
vertex 91.02284826707647 -120.00559013292356 1
endloop
endfacet
facet normal 0 0 1
outer loop
vertex 88.81316349221566 -119.78795517847057 1
vertex 89.11571539336113 -119.62623781810524 1
vertex 69.89244733150791 -119.62623781810524 1
endloop
endfacet
facet normal 0 0 1
outer loop
vertex 88.81316349221566 -119.78795517847057 1
vertex 69.89244733150791 -119.62623781810524 1
vertex 69.86393220438913 -119.78795517847057 1
endloop
endfacet
facet normal 0 0 1
outer loop
vertex 256.0896159712281 -119.78795517847057 1
vertex 256.11813110120045 -119.62623781810524 1
vertex 90.45510740663886 -119.62623781810524 1
endloop
endfacet
facet normal 0 0 1
outer loop
vertex 256.0896159712281 -119.78795517847057 1
vertex 90.45510740663886 -119.62623781810524 1
vertex 90.75765930778435 -119.78795517847057 1
endloop
endfacet
facet normal 0 0 1
outer loop
vertex 89.11571539336113 -119.62623781810524 1
vertex 89.44400333647175 -119.52665275929434 1
vertex 69.91000686008697 -119.52665275929434 1
endloop
endfacet
facet normal 0 0 1
outer loop
vertex 89.11571539336113 -119.62623781810524 1
vertex 69.91000686008697 -119.52665275929434 1
vertex 69.89244733150791 -119.62623781810524 1
endloop
endfacet
facet normal 0 0 1
outer loop
vertex 256.11813110120045 -119.62623781810524 1
vertex 256.1356906315367 -119.52665275929434 1
vertex 90.12681946352818 -119.52665275929434 1
endloop
endfacet
facet normal 0 0 1
outer loop
vertex 256.11813110120045 -119.62623781810524 1
vertex 90.12681946352818 -119.52665275929434 1
vertex 90.45510740663886 -119.62623781810524 1
endloop
endfacet
facet normal 0 0 1
outer loop
vertex 89.44400333647175 -119.52665275929434 1
vertex 89.78541140000004 -119.493027 1
vertex 69.91593598729114 -119.493027 1
endloop
endfacet
facet normal 0 0 1
outer loop
vertex 89.44400333647175 -119.52665275929434 1
vertex 69.91593598729114 -119.493027 1
vertex 69.91000686008697 -119.52665275929434 1
endloop
endfacet
facet normal 0 0 1
outer loop
vertex 256.1356906315367 -119.52665275929434 1
vertex 256.1416197593342 -119.493027 1
vertex 89.78541140000004 -119.493027 1
endloop
endfacet
facet normal 0 0 1
outer loop
vertex 256.1356906315367 -119.52665275929434 1
vertex 89.78541140000004 -119.493027 1
vertex 90.12681946352818 -119.52665275929434 1
endloop
endfacet
facet normal 0 0 1
outer loop
vertex 89.78541140000004 -119.493027 1
vertex 256.1416197593342 -119.493027 1
vertex 258.1047779355164 -108.35940219999942 1
endloop
endfacet
facet normal 0 0 1
outer loop
vertex 89.78541140000004 -119.493027 1
vertex 258.1047779355164 -108.35940219999942 1
vertex 73.5002207999995 -108.35940219999942 1
endloop
endfacet
facet normal 0 0 1
outer loop
vertex 89.78541140000004 -119.493027 1
vertex 73.5002207999995 -108.35940219999942 1
vertex 71.87909396701764 -108.35940219999942 1
endloop
endfacet
facet normal 0 0 1
outer loop
vertex 89.78541140000004 -119.493027 1
vertex 71.87909396701764 -108.35940219999942 1
vertex 69.91593598729114 -119.493027 1
endloop
endfacet
facet normal 0 0 1
outer loop
vertex 73.5002207999995 -108.35940219999942 1
vertex 71.92797691052603 -108.08217318544104 1
vertex 71.87909396701764 -108.35940219999942 1
endloop
endfacet
facet normal 0 0 1
outer loop
vertex 258.1047779355164 -108.35940219999942 1
vertex 258.82675530657343 -104.26486450000009 1
vertex 131.673903 -104.2648645 1
endloop
endfacet
facet normal 0 0 1
outer loop
vertex 258.1047779355164 -108.35940219999942 1
vertex 131.673903 -104.2648645 1
vertex 74.22219822650985 -104.26486450000009 1
endloop
endfacet
facet normal 0 0 1
outer loop
vertex 258.1047779355164 -108.35940219999942 1
vertex 74.22219822650985 -104.26486450000009 1
vertex 73.5002207999995 -108.35940219999942 1
endloop
endfacet
facet normal 0 0 1
outer loop
vertex 131.673903 -104.2648645 1
vertex 131.3324949364718 -104.23123874070565 1
vertex 74.22812735476279 -104.23123874070565 1
endloop
endfacet
facet normal 0 0 1
outer loop
vertex 131.673903 -104.2648645 1
vertex 74.22812735476279 -104.23123874070565 1
vertex 74.22219822650985 -104.26486450000009 1
endloop
endfacet
facet normal 0 0 1
outer loop
vertex 258.82675530657343 -104.26486450000009 1
vertex 258.83268443437095 -104.23123874070565 1
vertex 132.01531106352826 -104.23123874070565 1
endloop
endfacet
facet normal 0 0 1
outer loop
vertex 258.82675530657343 -104.26486450000009 1
vertex 132.01531106352826 -104.23123874070565 1
vertex 131.673903 -104.2648645 1
endloop
endfacet
facet normal 0 0 1
outer loop
vertex 131.3324949364718 -104.23123874070565 1
vertex 131.00420699336107 -104.13165368189473 1
vertex 74.24568688644794 -104.13165368189473 1
endloop
endfacet
facet normal 0 0 1
outer loop
vertex 131.3324949364718 -104.23123874070565 1
vertex 74.24568688644794 -104.13165368189473 1
vertex 74.22812735476279 -104.23123874070565 1
endloop
endfacet
facet normal 0 0 1
outer loop
vertex 258.83268443437095 -104.23123874070565 1
vertex 258.8502439647077 -104.13165368189473 1
vertex 132.3435990066389 -104.13165368189473 1
endloop
endfacet
facet normal 0 0 1
outer loop
vertex 258.83268443437095 -104.23123874070565 1
vertex 132.3435990066389 -104.13165368189473 1
vertex 132.01531106352826 -104.23123874070565 1
endloop
endfacet
facet normal 0 0 1
outer loop
vertex 131.00420699336107 -104.13165368189473 1
vertex 130.7016550922157 -103.96993632152952 1
vertex 74.27420201861014 -103.96993632152952 1
endloop
endfacet
facet normal 0 0 1
outer loop
vertex 131.00420699336107 -104.13165368189473 1
vertex 74.27420201861014 -103.96993632152952 1
vertex 74.24568688644794 -104.13165368189473 1
endloop
endfacet
facet normal 0 0 1
outer loop
vertex 258.8502439647077 -104.13165368189473 1
vertex 258.8787590946789 -103.96993632152952 1
vertex 132.64615090778423 -103.96993632152952 1
endloop
endfacet
facet normal 0 0 1
outer loop
vertex 258.8502439647077 -104.13165368189473 1
vertex 132.64615090778423 -103.96993632152952 1
vertex 132.3435990066389 -104.13165368189473 1
endloop
endfacet
facet normal 0 0 1
outer loop
vertex 130.7016550922157 -103.96993632152952 1
vertex 130.43646613292356 -103.75230136707646 1
vertex 74.31257693071187 -103.75230136707646 1
endloop
endfacet
facet normal 0 0 1
outer loop
vertex 130.7016550922157 -103.96993632152952 1
vertex 74.31257693071187 -103.75230136707646 1
vertex 74.27420201861014 -103.96993632152952 1
endloop
endfacet
facet normal 0 0 1
outer loop
vertex 258.8787590946789 -103.96993632152952 1
vertex 258.91713400383384 -103.75230136707646 1
vertex 132.91133986707646 -103.75230136707646 1
endloop
endfacet
facet normal 0 0 1
outer loop
vertex 258.8787590946789 -103.96993632152952 1
vertex 132.91133986707646 -103.75230136707646 1
vertex 132.64615090778423 -103.96993632152952 1
endloop
endfacet
facet normal 0 0 1
outer loop
vertex 130.43646613292356 -103.75230136707646 1
vertex 130.21883117847057 -103.48711240778435 1
vertex 74.35933689640194 -103.48711240778435 1
endloop
endfacet
facet normal 0 0 1
outer loop
vertex 130.43646613292356 -103.75230136707646 1
vertex 74.35933689640194 -103.48711240778435 1
vertex 74.31257693071187 -103.75230136707646 1
endloop
endfacet
facet normal 0 0 1
outer loop
vertex 258.91713400383384 -103.75230136707646 1
vertex 258.96389396593264 -103.48711240778435 1
vertex 133.12897482152943 -103.48711240778435 1
endloop
endfacet
facet normal 0 0 1
outer loop
vertex 258.91713400383384 -103.75230136707646 1
vertex 133.12897482152943 -103.48711240778435 1
vertex 132.91133986707646 -103.75230136707646 1
endloop
endfacet
facet normal 0 0 1
outer loop
vertex 130.21883117847057 -103.48711240778435 1
vertex 130.05711381810525 -103.18456050663899 1
vertex 74.41268495642218 -103.18456050663899 1
endloop
endfacet
facet normal 0 0 1
outer loop
vertex 130.21883117847057 -103.48711240778435 1
vertex 74.41268495642218 -103.18456050663899 1
vertex 74.35933689640194 -103.48711240778435 1
endloop
endfacet
facet normal 0 0 1
outer loop
vertex 258.96389396593264 -103.48711240778435 1
vertex 259.0172420218563 -103.18456050663899 1
vertex 133.2906921818947 -103.18456050663899 1
endloop
endfacet
facet normal 0 0 1
outer loop
vertex 258.96389396593264 -103.48711240778435 1
vertex 133.2906921818947 -103.18456050663899 1
vertex 133.12897482152943 -103.48711240778435 1
endloop
endfacet
facet normal 0 0 1
outer loop
vertex 130.05711381810525 -103.18456050663899 1
vertex 129.95752875929435 -102.85627256352824 1
vertex 74.470570974744 -102.85627256352824 1
endloop
endfacet
facet normal 0 0 1
outer loop
vertex 130.05711381810525 -103.18456050663899 1
vertex 74.470570974744 -102.85627256352824 1
vertex 74.41268495642218 -103.18456050663899 1
endloop
endfacet
facet normal 0 0 1
outer loop
vertex 259.0172420218563 -103.18456050663899 1
vertex 259.0751280357303 -102.85627256352824 1
vertex 133.39027724070561 -102.85627256352824 1
endloop
endfacet
facet normal 0 0 1
outer loop
vertex 259.0172420218563 -103.18456050663899 1
vertex 133.39027724070561 -102.85627256352824 1
vertex 133.2906921818947 -103.18456050663899 1
endloop
endfacet
facet normal 0 0 1
outer loop
vertex 129.95752875929435 -102.85627256352824 1
vertex 129.923903 -102.51486449999999 1
vertex 74.53077042414608 -102.51486449999999 1
endloop
endfacet
facet normal 0 0 1
outer loop
vertex 129.95752875929435 -102.85627256352824 1
vertex 74.53077042414608 -102.51486449999999 1
vertex 74.470570974744 -102.85627256352824 1
endloop
endfacet
facet normal 0 0 1
outer loop
vertex 259.0751280357303 -102.85627256352824 1
vertex 259.1353274805074 -102.51486449999999 1
vertex 133.42390299999997 -102.51486449999999 1
endloop
endfacet
facet normal 0 0 1
outer loop
vertex 259.0751280357303 -102.85627256352824 1
vertex 133.42390299999997 -102.51486449999999 1
vertex 133.39027724070561 -102.85627256352824 1
endloop
endfacet
facet normal 0 0 1
outer loop
vertex 129.923903 -102.51486449999999 1
vertex 129.93023686396026 -102.45055569999948 1
vertex 74.54210979999952 -102.45055569999948 1
endloop
endfacet
facet normal 0 0 1
outer loop
vertex 129.923903 -102.51486449999999 1
vertex 74.54210979999952 -102.45055569999948 1
vertex 74.53077042414608 -102.51486449999999 1
endloop
endfacet
facet normal 0 0 1
outer loop
vertex 129.93023686396026 -102.45055569999948 1
vertex 129.95752875929435 -102.17345643647164 1
vertex 72.97060176519571 -102.17345643647164 1
endloop
endfacet
facet normal 0 0 1
outer loop
vertex 129.93023686396026 -102.45055569999948 1
vertex 72.97060176519571 -102.17345643647164 1
vertex 74.54210979999952 -102.45055569999948 1
endloop
endfacet
facet normal 0 0 1
outer loop
vertex 259.1353274805074 -102.51486449999999 1
vertex 259.19552692528794 -102.17345643647164 1
vertex 133.39027724070561 -102.17345643647164 1
endloop
endfacet
facet normal 0 0 1
outer loop
vertex 259.1353274805074 -102.51486449999999 1
vertex 133.39027724070561 -102.17345643647164 1
vertex 133.42390299999997 -102.51486449999999 1
endloop
endfacet
facet normal 0 0 1
outer loop
vertex 129.95752875929435 -102.17345643647164 1
vertex 130.0571138181052 -101.84516849336109 1
vertex 73.02772885572003 -101.84516849336109 1
endloop
endfacet
facet normal 0 0 1
outer loop
vertex 129.95752875929435 -102.17345643647164 1
vertex 73.02772885572003 -101.84516849336109 1
vertex 72.96986573179558 -102.17332665392608 1
endloop
endfacet
facet normal 0 0 1
outer loop
vertex 129.95752875929435 -102.17345643647164 1
vertex 72.96986573179558 -102.17332665392608 1
vertex 72.97060176519571 -102.17345643647164 1
endloop
endfacet
facet normal 0 0 1
outer loop
vertex 259.19552692528794 -102.17345643647164 1
vertex 259.21504189999996 -102.06278150000021 1
vertex 259.2359956434187 -101.84516849336109 1
endloop
endfacet
facet normal 0 0 1
outer loop
vertex 259.19552692528794 -102.17345643647164 1
vertex 259.2359956434187 -101.84516849336109 1
vertex 133.29069218189477 -101.84516849336109 1
endloop
endfacet
facet normal 0 0 1
outer loop
vertex 259.19552692528794 -102.17345643647164 1
vertex 133.29069218189477 -101.84516849336109 1
vertex 133.39027724070561 -102.17345643647164 1
endloop
endfacet
facet normal 0 0 1
outer loop
vertex 130.0571138181052 -101.84516849336109 1
vertex 130.21883117847045 -101.5426165922158 1
vertex 73.08107690630302 -101.5426165922158 1
endloop
endfacet
facet normal 0 0 1
outer loop
vertex 130.0571138181052 -101.84516849336109 1
vertex 73.08107690630302 -101.5426165922158 1
vertex 73.02772885572003 -101.84516849336109 1
endloop
endfacet
facet normal 0 0 1
outer loop
vertex 259.2359956434187 -101.84516849336109 1
vertex 259.25264175507675 -101.67229196554396 1
vertex 259.24471046046943 -101.5426165922158 1
endloop
endfacet
facet normal 0 0 1
outer loop
vertex 259.2359956434187 -101.84516849336109 1
vertex 259.24471046046943 -101.5426165922158 1
vertex 133.12897482152954 -101.5426165922158 1
endloop
endfacet
facet normal 0 0 1
outer loop
vertex 259.2359956434187 -101.84516849336109 1
vertex 133.12897482152954 -101.5426165922158 1
vertex 133.29069218189477 -101.84516849336109 1
endloop
endfacet
facet normal 0 0 1
outer loop
vertex 131.86899332201966 -103.49564978040206 1
vertex 132.05658643236362 -103.43874403251223 1
vertex 132.22947323301855 -103.34633411229682 1
endloop
endfacet
facet normal 0 0 1
outer loop
vertex 131.86899332201966 -103.49564978040206 1
vertex 132.22947323301855 -103.34633411229682 1
vertex 132.38100978118507 -103.22197128119195 1
endloop
endfacet
facet normal 0 0 1
outer loop
vertex 131.86899332201966 -103.49564978040206 1
vertex 132.38100978118507 -103.22197128119195 1
vertex 132.50537261230463 -103.07043473300863 1
endloop
endfacet
facet normal 0 0 1
outer loop
vertex 131.86899332201966 -103.49564978040206 1
vertex 132.50537261230463 -103.07043473300863 1
vertex 132.59778253251199 -102.8975479323741 1
endloop
endfacet
facet normal 0 0 1
outer loop
vertex 131.86899332201966 -103.49564978040206 1
vertex 132.59778253251199 -102.8975479323741 1
vertex 132.65468828040304 -102.70995482201886 1
endloop
endfacet
facet normal 0 0 1
outer loop
vertex 131.86899332201966 -103.49564978040206 1
vertex 132.65468828040304 -102.70995482201886 1
vertex 132.673903 -102.51486449999999 1
endloop
endfacet
facet normal 0 0 1
outer loop
vertex 131.86899332201966 -103.49564978040206 1
vertex 132.673903 -102.51486449999999 1
vertex 132.65468828040312 -102.3197741779836 1
endloop
endfacet
facet normal 0 0 1
outer loop
vertex 131.86899332201966 -103.49564978040206 1
vertex 132.65468828040312 -102.3197741779836 1
vertex 132.59778253250917 -102.13218106762801 1
endloop
endfacet
facet normal 0 0 1
outer loop
vertex 131.86899332201966 -103.49564978040206 1
vertex 132.59778253250917 -102.13218106762801 1
vertex 132.50537261229653 -101.95929426696614 1
endloop
endfacet
facet normal 0 0 1
outer loop
vertex 131.86899332201966 -103.49564978040206 1
vertex 132.50537261229653 -101.95929426696614 1
vertex 132.3810097811958 -101.8077577188178 1
endloop
endfacet
facet normal 0 0 1
outer loop
vertex 131.86899332201966 -103.49564978040206 1
vertex 132.3810097811958 -101.8077577188178 1
vertex 132.2294732330321 -101.68339488770451 1
endloop
endfacet
facet normal 0 0 1
outer loop
vertex 131.86899332201966 -103.49564978040206 1
vertex 132.2294732330321 -101.68339488770451 1
vertex 132.05658643235628 -101.59098496748436 1
endloop
endfacet
facet normal 0 0 1
outer loop
vertex 131.86899332201966 -103.49564978040206 1
vertex 132.05658643235628 -101.59098496748436 1
vertex 131.86899332202006 -101.5340792195963 1
endloop
endfacet
facet normal 0 0 1
outer loop
vertex 131.86899332201966 -103.49564978040206 1
vertex 131.86899332202006 -101.5340792195963 1
vertex 131.673903000007 -101.51486449999982 1
endloop
endfacet
facet normal 0 0 1
outer loop
vertex 131.86899332201966 -103.49564978040206 1
vertex 131.673903000007 -101.51486449999982 1
vertex 131.47881267799065 -101.5340792195963 1
endloop
endfacet
facet normal 0 0 1
outer loop
vertex 131.86899332201966 -103.49564978040206 1
vertex 131.47881267799065 -101.5340792195963 1
vertex 131.29121956763805 -101.59098496748436 1
endloop
endfacet
facet normal 0 0 1
outer loop
vertex 131.86899332201966 -103.49564978040206 1
vertex 131.29121956763805 -101.59098496748436 1
vertex 131.11833276696765 -101.68339488770451 1
endloop
endfacet
facet normal 0 0 1
outer loop
vertex 131.86899332201966 -103.49564978040206 1
vertex 131.11833276696765 -101.68339488770451 1
vertex 130.96679621881566 -101.8077577188178 1
endloop
endfacet
facet normal 0 0 1
outer loop
vertex 131.86899332201966 -103.49564978040206 1
vertex 130.96679621881566 -101.8077577188178 1
vertex 130.84243338771049 -101.95929426696614 1
endloop
endfacet
facet normal 0 0 1
outer loop
vertex 131.86899332201966 -103.49564978040206 1
vertex 130.84243338771049 -101.95929426696614 1
vertex 130.75002346748562 -102.13218106762801 1
endloop
endfacet
facet normal 0 0 1
outer loop
vertex 131.86899332201966 -103.49564978040206 1
vertex 130.75002346748562 -102.13218106762801 1
vertex 130.6931177195951 -102.3197741779836 1
endloop
endfacet
facet normal 0 0 1
outer loop
vertex 131.86899332201966 -103.49564978040206 1
vertex 130.6931177195951 -102.3197741779836 1
vertex 130.6739029999996 -102.51486449999999 1
endloop
endfacet
facet normal 0 0 1
outer loop
vertex 131.86899332201966 -103.49564978040206 1
vertex 130.6739029999996 -102.51486449999999 1
vertex 130.69311771959724 -102.70995482201886 1
endloop
endfacet
facet normal 0 0 1
outer loop
vertex 131.86899332201966 -103.49564978040206 1
vertex 130.69311771959724 -102.70995482201886 1
vertex 130.75002346749142 -102.8975479323741 1
endloop
endfacet
facet normal 0 0 1
outer loop
vertex 131.86899332201966 -103.49564978040206 1
vertex 130.75002346749142 -102.8975479323741 1
vertex 130.84243338768945 -103.07043473300863 1
endloop
endfacet
facet normal 0 0 1
outer loop
vertex 131.86899332201966 -103.49564978040206 1
vertex 130.84243338768945 -103.07043473300863 1
vertex 130.96679621881893 -103.22197128119195 1
endloop
endfacet
facet normal 0 0 1
outer loop
vertex 131.86899332201966 -103.49564978040206 1
vertex 130.96679621881893 -103.22197128119195 1
vertex 131.11833276697232 -103.34633411229682 1
endloop
endfacet
facet normal 0 0 1
outer loop
vertex 131.86899332201966 -103.49564978040206 1
vertex 131.11833276697232 -103.34633411229682 1
vertex 131.2912195676393 -103.43874403251223 1
endloop
endfacet
facet normal 0 0 1
outer loop
vertex 131.86899332201966 -103.49564978040206 1
vertex 131.2912195676393 -103.43874403251223 1
vertex 131.47881267798132 -103.49564978040206 1
endloop
endfacet
facet normal 0 0 1
outer loop
vertex 131.86899332201966 -103.49564978040206 1
vertex 131.47881267798132 -103.49564978040206 1
vertex 131.67390300000903 -103.51486449999997 1
endloop
endfacet
facet normal 0 0 1
outer loop
vertex 130.21883117847045 -101.5426165922158 1
vertex 130.4364661329236 -101.27742763292352 1
vertex 73.12783686372322 -101.27742763292352 1
endloop
endfacet
facet normal 0 0 1
outer loop
vertex 130.21883117847045 -101.5426165922158 1
vertex 73.12783686372322 -101.27742763292352 1
vertex 73.08107690630302 -101.5426165922158 1
endloop
endfacet
facet normal 0 0 1
outer loop
vertex 259.24471046046943 -101.5426165922158 1
vertex 259.2286926554853 -101.28072809304076 1
vertex 259.2279609607052 -101.27742763292352 1
endloop
endfacet
facet normal 0 0 1
outer loop
vertex 259.24471046046943 -101.5426165922158 1
vertex 259.2279609607052 -101.27742763292352 1
vertex 132.91133986707644 -101.27742763292352 1
endloop
endfacet
facet normal 0 0 1
outer loop
vertex 259.24471046046943 -101.5426165922158 1
vertex 132.91133986707644 -101.27742763292352 1
vertex 133.12897482152954 -101.5426165922158 1
endloop
endfacet
facet normal 0 0 1
outer loop
vertex 130.4364661329236 -101.27742763292352 1
vertex 130.70165509221576 -101.05979267847052 1
vertex 73.1662117690363 -101.05979267847052 1
endloop
endfacet
facet normal 0 0 1
outer loop
vertex 130.4364661329236 -101.27742763292352 1
vertex 73.1662117690363 -101.05979267847052 1
vertex 73.12783686372322 -101.27742763292352 1
endloop
endfacet
facet normal 0 0 1
outer loop
vertex 259.2279609607052 -101.27742763292352 1
vertex 259.17971242740305 -101.05979267847052 1
vertex 132.6461509077843 -101.05979267847052 1
endloop
endfacet
facet normal 0 0 1
outer loop
vertex 259.2279609607052 -101.27742763292352 1
vertex 132.6461509077843 -101.05979267847052 1
vertex 132.91133986707644 -101.27742763292352 1
endloop
endfacet
facet normal 0 0 1
outer loop
vertex 130.70165509221576 -101.05979267847052 1
vertex 131.00420699336115 -100.89807531810523 1
vertex 73.19472689615436 -100.89807531810523 1
endloop
endfacet
facet normal 0 0 1
outer loop
vertex 130.70165509221576 -101.05979267847052 1
vertex 73.19472689615436 -100.89807531810523 1
vertex 73.1662117690363 -101.05979267847052 1
endloop
endfacet
facet normal 0 0 1
outer loop
vertex 259.17971242740305 -101.05979267847052 1
vertex 259.1438605328082 -100.89807531810523 1
vertex 132.34359900663887 -100.89807531810523 1
endloop
endfacet
facet normal 0 0 1
outer loop
vertex 259.17971242740305 -101.05979267847052 1
vertex 132.34359900663887 -100.89807531810523 1
vertex 132.6461509077843 -101.05979267847052 1
endloop
endfacet
facet normal 0 0 1
outer loop
vertex 131.00420699336115 -100.89807531810523 1
vertex 131.3324949364717 -100.79849025929437 1
vertex 73.212286424734 -100.79849025929437 1
endloop
endfacet
facet normal 0 0 1
outer loop
vertex 131.00420699336115 -100.89807531810523 1
vertex 73.212286424734 -100.79849025929437 1
vertex 73.19472689615436 -100.89807531810523 1
endloop
endfacet
facet normal 0 0 1
outer loop
vertex 259.1438605328082 -100.89807531810523 1
vertex 259.1437843078585 -100.89773148976022 1
vertex 259.10469212989426 -100.79849025929437 1
endloop
endfacet
facet normal 0 0 1
outer loop
vertex 259.1438605328082 -100.89807531810523 1
vertex 259.10469212989426 -100.79849025929437 1
vertex 132.01531106352823 -100.79849025929437 1
endloop
endfacet
facet normal 0 0 1
outer loop
vertex 259.1438605328082 -100.89807531810523 1
vertex 132.01531106352823 -100.79849025929437 1
vertex 132.34359900663887 -100.89807531810523 1
endloop
endfacet
facet normal 0 0 1
outer loop
vertex 131.3324949364717 -100.79849025929437 1
vertex 131.67390299999994 -100.76486450000002 1
vertex 73.21821555193819 -100.76486450000002 1
endloop
endfacet
facet normal 0 0 1
outer loop
vertex 131.3324949364717 -100.79849025929437 1
vertex 73.21821555193819 -100.76486450000002 1
vertex 73.212286424734 -100.79849025929437 1
endloop
endfacet
facet normal 0 0 1
outer loop
vertex 259.10469212989426 -100.79849025929437 1
vertex 259.09144658507034 -100.76486450000002 1
vertex 131.67390299999994 -100.76486450000002 1
endloop
endfacet
facet normal 0 0 1
outer loop
vertex 259.10469212989426 -100.79849025929437 1
vertex 131.67390299999994 -100.76486450000002 1
vertex 132.01531106352823 -100.79849025929437 1
endloop
endfacet
facet normal 0 0 1
outer loop
vertex 131.67390299999994 -100.76486450000002 1
vertex 259.09144658507034 -100.76486450000002 1
vertex 259.0000074386377 -100.53273280825763 1
endloop
endfacet
facet normal 0 0 1
outer loop
vertex 131.67390299999994 -100.76486450000002 1
vertex 259.0000074386377 -100.53273280825763 1
vertex 258.9694992471391 -100.48094019999952 1
endloop
endfacet
facet normal 0 0 1
outer loop
vertex 131.67390299999994 -100.76486450000002 1
vertex 258.9694992471391 -100.48094019999952 1
vertex 74.88940619999973 -100.48094019999952 1
endloop
endfacet
facet normal 0 0 1
outer loop
vertex 131.67390299999994 -100.76486450000002 1
vertex 74.88940619999973 -100.48094019999952 1
vertex 73.26827905463357 -100.48094019999952 1
endloop
endfacet
facet normal 0 0 1
outer loop
vertex 131.67390299999994 -100.76486450000002 1
vertex 73.26827905463357 -100.48094019999952 1
vertex 73.21821555193819 -100.76486450000002 1
endloop
endfacet
facet normal 0 0 1
outer loop
vertex 74.88940619999973 -100.48094019999952 1
vertex 73.31716200756149 -100.20371113202027 1
vertex 73.26827905463357 -100.48094019999952 1
endloop
endfacet
facet normal 0 0 1
outer loop
vertex 258.9694992471391 -100.48094019999952 1
vertex 258.8009023134222 -100.19471953228432 1
vertex 258.55137156383336 -99.89201467498873 1
endloop
endfacet
facet normal 0 0 1
outer loop
vertex 258.9694992471391 -100.48094019999952 1
vertex 258.55137156383336 -99.89201467498873 1
vertex 258.2575594683861 -99.63207183859897 1
endloop
endfacet
facet normal 0 0 1
outer loop
vertex 258.9694992471391 -100.48094019999952 1
vertex 258.2575594683861 -99.63207183859897 1
vertex 257.9267006598822 -99.42129168190316 1
endloop
endfacet
facet normal 0 0 1
outer loop
vertex 258.9694992471391 -100.48094019999952 1
vertex 257.9267006598822 -99.42129168190316 1
vertex 257.56694198464163 -99.26486431469952 1
endloop
endfacet
facet normal 0 0 1
outer loop
vertex 258.9694992471391 -100.48094019999952 1
vertex 257.56694198464163 -99.26486431469952 1
vertex 257.18714379999994 -99.16664299999998 1
endloop
endfacet
facet normal 0 0 1
outer loop
vertex 258.9694992471391 -100.48094019999952 1
vertex 257.18714379999994 -99.16664299999998 1
vertex 243.35807078888595 -96.72820429999999 1
endloop
endfacet
facet normal 0 0 1
outer loop
vertex 258.9694992471391 -100.48094019999952 1
vertex 243.35807078888595 -96.72820429999999 1
vertex 94.4166082999999 -96.7282043 1
endloop
endfacet
facet normal 0 0 1
outer loop
vertex 258.9694992471391 -100.48094019999952 1
vertex 94.4166082999999 -96.7282043 1
vertex 75.55111480155735 -96.72820429999999 1
endloop
endfacet
facet normal 0 0 1
outer loop
vertex 258.9694992471391 -100.48094019999952 1
vertex 75.55111480155735 -96.72820429999999 1
vertex 74.88940619999973 -100.48094019999952 1
endloop
endfacet
facet normal 0 0 1
outer loop
vertex 94.4166082999999 -96.7282043 1
vertex 94.07520023647183 -96.69457854070563 1
vertex 75.55704393026555 -96.69457854070563 1
endloop
endfacet
facet normal 0 0 1
outer loop
vertex 94.4166082999999 -96.7282043 1
vertex 75.55704393026555 -96.69457854070563 1
vertex 75.55111480155735 -96.72820429999999 1
endloop
endfacet
facet normal 0 0 1
outer loop
vertex 243.35807078888595 -96.72820429999999 1
vertex 243.16736963229997 -96.69457854070563 1
vertex 94.75801636352833 -96.69457854070563 1
endloop
endfacet
facet normal 0 0 1
outer loop
vertex 243.35807078888595 -96.72820429999999 1
vertex 94.75801636352833 -96.69457854070563 1
vertex 94.4166082999999 -96.7282043 1
endloop
endfacet
facet normal 0 0 1
outer loop
vertex 94.07520023647183 -96.69457854070563 1
vertex 93.74691229336106 -96.59499348189478 1
vertex 75.57460346329897 -96.59499348189478 1
endloop
endfacet
facet normal 0 0 1
outer loop
vertex 94.07520023647183 -96.69457854070563 1
vertex 75.57460346329897 -96.59499348189478 1
vertex 75.55704393026555 -96.69457854070563 1
endloop
endfacet
facet normal 0 0 1
outer loop
vertex 243.16736963229997 -96.69457854070563 1
vertex 242.60259470109852 -96.59499348189478 1
vertex 95.08630430663884 -96.59499348189478 1
endloop
endfacet
facet normal 0 0 1
outer loop
vertex 243.16736963229997 -96.69457854070563 1
vertex 95.08630430663884 -96.59499348189478 1
vertex 94.75801636352833 -96.69457854070563 1
endloop
endfacet
facet normal 0 0 1
outer loop
vertex 93.74691229336106 -96.59499348189478 1
vertex 93.44436039221573 -96.43327612152942 1
vertex 75.60311859765068 -96.43327612152942 1
endloop
endfacet
facet normal 0 0 1
outer loop
vertex 93.74691229336106 -96.59499348189478 1
vertex 75.60311859765068 -96.43327612152942 1
vertex 75.57460346329897 -96.59499348189478 1
endloop
endfacet
facet normal 0 0 1
outer loop
vertex 242.60259470109852 -96.59499348189478 1
vertex 241.68544997906668 -96.43327612152942 1
vertex 95.38885620778437 -96.43327612152942 1
endloop
endfacet
facet normal 0 0 1
outer loop
vertex 242.60259470109852 -96.59499348189478 1
vertex 95.38885620778437 -96.43327612152942 1
vertex 95.08630430663884 -96.59499348189478 1
endloop
endfacet
facet normal 0 0 1
outer loop
vertex 93.44436039221573 -96.43327612152942 1
vertex 93.17917143292357 -96.21564116707653 1
vertex 75.64149351269894 -96.21564116707653 1
endloop
endfacet
facet normal 0 0 1
outer loop
vertex 93.44436039221573 -96.43327612152942 1
vertex 75.64149351269894 -96.21564116707653 1
vertex 75.60311859765068 -96.43327612152942 1
endloop
endfacet
facet normal 0 0 1
outer loop
vertex 241.68544997906668 -96.43327612152942 1
vertex 240.45118082359255 -96.21564116707653 1
vertex 95.65404516707638 -96.21564116707653 1
endloop
endfacet
facet normal 0 0 1
outer loop
vertex 241.68544997906668 -96.43327612152942 1
vertex 95.65404516707638 -96.21564116707653 1
vertex 95.38885620778437 -96.43327612152942 1
endloop
endfacet
facet normal 0 0 1
outer loop
vertex 93.17917143292357 -96.21564116707653 1
vertex 92.96153647847049 -95.95045220778427 1
vertex 75.68825348197943 -95.95045220778427 1
endloop
endfacet
facet normal 0 0 1
outer loop
vertex 93.17917143292357 -96.21564116707653 1
vertex 75.68825348197943 -95.95045220778427 1
vertex 75.64149351269894 -96.21564116707653 1
endloop
endfacet
facet normal 0 0 1
outer loop
vertex 240.45118082359255 -96.21564116707653 1
vertex 238.94721950605208 -95.95045220778427 1
vertex 95.87168012152947 -95.95045220778427 1
endloop
endfacet
facet normal 0 0 1
outer loop
vertex 240.45118082359255 -96.21564116707653 1
vertex 95.87168012152947 -95.95045220778427 1
vertex 95.65404516707638 -96.21564116707653 1
endloop
endfacet
facet normal 0 0 1
outer loop
vertex 92.96153647847049 -95.95045220778427 1
vertex 92.79981911810529 -95.6479003066388 1
vertex 75.74160154609596 -95.6479003066388 1
endloop
endfacet
facet normal 0 0 1
outer loop
vertex 92.96153647847049 -95.95045220778427 1
vertex 75.74160154609596 -95.6479003066388 1
vertex 75.68825348197943 -95.95045220778427 1
endloop
endfacet
facet normal 0 0 1
outer loop
vertex 238.94721950605208 -95.95045220778427 1
vertex 237.23136241673575 -95.6479003066388 1
vertex 96.03339748189478 -95.6479003066388 1
endloop
endfacet
facet normal 0 0 1
outer loop
vertex 238.94721950605208 -95.95045220778427 1
vertex 96.03339748189478 -95.6479003066388 1
vertex 95.87168012152947 -95.95045220778427 1
endloop
endfacet
facet normal 0 0 1
outer loop
vertex 92.79981911810529 -95.6479003066388 1
vertex 92.70023405929433 -95.31961236352826 1
vertex 75.79948756886243 -95.31961236352826 1
endloop
endfacet
facet normal 0 0 1
outer loop
vertex 92.79981911810529 -95.6479003066388 1
vertex 75.79948756886243 -95.31961236352826 1
vertex 75.74160154609596 -95.6479003066388 1
endloop
endfacet
facet normal 0 0 1
outer loop
vertex 237.23136241673575 -95.6479003066388 1
vertex 235.36954898092205 -95.31961236352826 1
vertex 96.13298254070564 -95.31961236352826 1
endloop
endfacet
facet normal 0 0 1
outer loop
vertex 237.23136241673575 -95.6479003066388 1
vertex 96.13298254070564 -95.31961236352826 1
vertex 96.03339748189478 -95.6479003066388 1
endloop
endfacet
facet normal 0 0 1
outer loop
vertex 92.70023405929433 -95.31961236352826 1
vertex 92.6666083 -94.97820430000002 1
vertex 75.85968702288683 -94.97820430000002 1
endloop
endfacet
facet normal 0 0 1
outer loop
vertex 92.70023405929433 -95.31961236352826 1
vertex 75.85968702288683 -94.97820430000002 1
vertex 75.79948756886243 -95.31961236352826 1
endloop
endfacet
facet normal 0 0 1
outer loop
vertex 235.36954898092205 -95.31961236352826 1
vertex 233.4333276450899 -94.97820430000002 1
vertex 96.1666083 -94.97820430000002 1
endloop
endfacet
facet normal 0 0 1
outer loop
vertex 235.36954898092205 -95.31961236352826 1
vertex 96.1666083 -94.97820430000002 1
vertex 96.13298254070564 -95.31961236352826 1
endloop
endfacet
facet normal 0 0 1
outer loop
vertex 92.6666083 -94.97820430000002 1
vertex 92.70023405929435 -94.63679623647181 1
vertex 75.91988647691124 -94.63679623647181 1
endloop
endfacet
facet normal 0 0 1
outer loop
vertex 92.6666083 -94.97820430000002 1
vertex 75.91988647691124 -94.63679623647181 1
vertex 75.85968702288683 -94.97820430000002 1
endloop
endfacet
facet normal 0 0 1
outer loop
vertex 233.4333276450899 -94.97820430000002 1
vertex 231.49710630921342 -94.63679623647181 1
vertex 96.13298254070564 -94.63679623647181 1
endloop
endfacet
facet normal 0 0 1
outer loop
vertex 233.4333276450899 -94.97820430000002 1
vertex 96.13298254070564 -94.63679623647181 1
vertex 96.1666083 -94.97820430000002 1
endloop
endfacet
facet normal 0 0 1
outer loop
vertex 92.70023405929435 -94.63679623647181 1
vertex 92.79981911810522 -94.30850829336102 1
vertex 75.97777249967776 -94.30850829336102 1
endloop
endfacet
facet normal 0 0 1
outer loop
vertex 92.70023405929435 -94.63679623647181 1
vertex 75.97777249967776 -94.30850829336102 1
vertex 75.91988647691124 -94.63679623647181 1
endloop
endfacet
facet normal 0 0 1
outer loop
vertex 231.49710630921342 -94.63679623647181 1
vertex 229.63529287348402 -94.30850829336102 1
vertex 96.03339748189471 -94.30850829336102 1
endloop
endfacet
facet normal 0 0 1
outer loop
vertex 231.49710630921342 -94.63679623647181 1
vertex 96.03339748189471 -94.30850829336102 1
vertex 96.13298254070564 -94.63679623647181 1
endloop
endfacet
facet normal 0 0 1
outer loop
vertex 92.79981911810522 -94.30850829336102 1
vertex 92.96153647847052 -94.00595639221572 1
vertex 76.03112056379425 -94.00595639221572 1
endloop
endfacet
facet normal 0 0 1
outer loop
vertex 92.79981911810522 -94.30850829336102 1
vertex 76.03112056379425 -94.00595639221572 1
vertex 75.97777249967776 -94.30850829336102 1
endloop
endfacet
facet normal 0 0 1
outer loop
vertex 229.63529287348402 -94.30850829336102 1
vertex 227.91943578390544 -94.00595639221572 1
vertex 95.87168012152948 -94.00595639221572 1
endloop
endfacet
facet normal 0 0 1
outer loop
vertex 229.63529287348402 -94.30850829336102 1
vertex 95.87168012152948 -94.00595639221572 1
vertex 96.03339748189471 -94.30850829336102 1
endloop
endfacet
facet normal 0 0 1
outer loop
vertex 94.61169862201389 -95.95898958040361 1
vertex 94.79929173236387 -95.90208383251283 1
vertex 94.97217853302291 -95.80967391229497 1
endloop
endfacet
facet normal 0 0 1
outer loop
vertex 94.61169862201389 -95.95898958040361 1
vertex 94.97217853302291 -95.80967391229497 1
vertex 95.1237150811849 -95.68531108119116 1
endloop
endfacet
facet normal 0 0 1
outer loop
vertex 94.61169862201389 -95.95898958040361 1
vertex 95.1237150811849 -95.68531108119116 1
vertex 95.24807791230523 -95.5337745330192 1
endloop
endfacet
facet normal 0 0 1
outer loop
vertex 94.61169862201389 -95.95898958040361 1
vertex 95.24807791230523 -95.5337745330192 1
vertex 95.34048783250847 -95.36088773237218 1
endloop
endfacet
facet normal 0 0 1
outer loop
vertex 94.61169862201389 -95.95898958040361 1
vertex 95.34048783250847 -95.36088773237218 1
vertex 95.39739358040283 -95.17329462201828 1
endloop
endfacet
facet normal 0 0 1
outer loop
vertex 94.61169862201389 -95.95898958040361 1
vertex 95.39739358040283 -95.17329462201828 1
vertex 95.4166082999998 -94.97820430000002 1
endloop
endfacet
facet normal 0 0 1
outer loop
vertex 94.61169862201389 -95.95898958040361 1
vertex 95.4166082999998 -94.97820430000002 1
vertex 95.39739358040238 -94.78311397797664 1
endloop
endfacet
facet normal 0 0 1
outer loop
vertex 94.61169862201389 -95.95898958040361 1
vertex 95.39739358040238 -94.78311397797664 1
vertex 95.34048783251374 -94.59552086763856 1
endloop
endfacet
facet normal 0 0 1
outer loop
vertex 94.61169862201389 -95.95898958040361 1
vertex 95.34048783251374 -94.59552086763856 1
vertex 95.24807791230283 -94.42263406697998 1
endloop
endfacet
facet normal 0 0 1
outer loop
vertex 94.61169862201389 -95.95898958040361 1
vertex 95.24807791230283 -94.42263406697998 1
vertex 95.12371508119213 -94.27109751881949 1
endloop
endfacet
facet normal 0 0 1
outer loop
vertex 94.61169862201389 -95.95898958040361 1
vertex 95.12371508119213 -94.27109751881949 1
vertex 94.97217853301541 -94.14673468769547 1
endloop
endfacet
facet normal 0 0 1
outer loop
vertex 94.61169862201389 -95.95898958040361 1
vertex 94.97217853301541 -94.14673468769547 1
vertex 94.79929173236704 -94.05432476749 1
endloop
endfacet
facet normal 0 0 1
outer loop
vertex 94.61169862201389 -95.95898958040361 1
vertex 94.79929173236704 -94.05432476749 1
vertex 94.61169862201312 -93.99741901959658 1
endloop
endfacet
facet normal 0 0 1
outer loop
vertex 94.61169862201389 -95.95898958040361 1
vertex 94.61169862201312 -93.99741901959658 1
vertex 94.41660829999933 -93.97820430000003 1
endloop
endfacet
facet normal 0 0 1
outer loop
vertex 94.61169862201389 -95.95898958040361 1
vertex 94.41660829999933 -93.97820430000003 1
vertex 94.22151797798531 -93.99741901959658 1
endloop
endfacet
facet normal 0 0 1
outer loop
vertex 94.61169862201389 -95.95898958040361 1
vertex 94.22151797798531 -93.99741901959658 1
vertex 94.03392486763096 -94.05432476749 1
endloop
endfacet
facet normal 0 0 1
outer loop
vertex 94.61169862201389 -95.95898958040361 1
vertex 94.03392486763096 -94.05432476749 1
vertex 93.86103806698522 -94.14673468769547 1
endloop
endfacet
facet normal 0 0 1
outer loop
vertex 94.61169862201389 -95.95898958040361 1
vertex 93.86103806698522 -94.14673468769547 1
vertex 93.70950151880528 -94.27109751881949 1
endloop
endfacet
facet normal 0 0 1
outer loop
vertex 94.61169862201389 -95.95898958040361 1
vertex 93.70950151880528 -94.27109751881949 1
vertex 93.58513868770136 -94.42263406697998 1
endloop
endfacet
facet normal 0 0 1
outer loop
vertex 94.61169862201389 -95.95898958040361 1
vertex 93.58513868770136 -94.42263406697998 1
vertex 93.49272876748614 -94.59552086763856 1
endloop
endfacet
facet normal 0 0 1
outer loop
vertex 94.61169862201389 -95.95898958040361 1
vertex 93.49272876748614 -94.59552086763856 1
vertex 93.4358230195984 -94.78311397797664 1
endloop
endfacet
facet normal 0 0 1
outer loop
vertex 94.61169862201389 -95.95898958040361 1
vertex 93.4358230195984 -94.78311397797664 1
vertex 93.41660829999944 -94.97820430000002 1
endloop
endfacet
facet normal 0 0 1
outer loop
vertex 94.61169862201389 -95.95898958040361 1
vertex 93.41660829999944 -94.97820430000002 1
vertex 93.43582301959725 -95.17329462201828 1
endloop
endfacet
facet normal 0 0 1
outer loop
vertex 94.61169862201389 -95.95898958040361 1
vertex 93.43582301959725 -95.17329462201828 1
vertex 93.49272876749043 -95.36088773237218 1
endloop
endfacet
facet normal 0 0 1
outer loop
vertex 94.61169862201389 -95.95898958040361 1
vertex 93.49272876749043 -95.36088773237218 1
vertex 93.58513868769775 -95.5337745330192 1
endloop
endfacet
facet normal 0 0 1
outer loop
vertex 94.61169862201389 -95.95898958040361 1
vertex 93.58513868769775 -95.5337745330192 1
vertex 93.70950151881786 -95.68531108119116 1
endloop
endfacet
facet normal 0 0 1
outer loop
vertex 94.61169862201389 -95.95898958040361 1
vertex 93.70950151881786 -95.68531108119116 1
vertex 93.86103806696995 -95.80967391229497 1
endloop
endfacet
facet normal 0 0 1
outer loop
vertex 94.61169862201389 -95.95898958040361 1
vertex 93.86103806696995 -95.80967391229497 1
vertex 94.03392486764153 -95.90208383251283 1
endloop
endfacet
facet normal 0 0 1
outer loop
vertex 94.61169862201389 -95.95898958040361 1
vertex 94.03392486764153 -95.90208383251283 1
vertex 94.22151797798666 -95.95898958040361 1
endloop
endfacet
facet normal 0 0 1
outer loop
vertex 94.61169862201389 -95.95898958040361 1
vertex 94.22151797798666 -95.95898958040361 1
vertex 94.41660830000019 -95.97820430000013 1
endloop
endfacet
facet normal 0 0 1
outer loop
vertex 92.96153647847052 -94.00595639221572 1
vertex 93.17917143292357 -93.74076743292358 1
vertex 76.07788053307473 -93.74076743292358 1
endloop
endfacet
facet normal 0 0 1
outer loop
vertex 92.96153647847052 -94.00595639221572 1
vertex 76.07788053307473 -93.74076743292358 1
vertex 76.03112056379425 -94.00595639221572 1
endloop
endfacet
facet normal 0 0 1
outer loop
vertex 227.91943578390544 -94.00595639221572 1
vertex 226.4154744665729 -93.74076743292358 1
vertex 95.65404516707648 -93.74076743292358 1
endloop
endfacet
facet normal 0 0 1
outer loop
vertex 227.91943578390544 -94.00595639221572 1
vertex 95.65404516707648 -93.74076743292358 1
vertex 95.87168012152948 -94.00595639221572 1
endloop
endfacet
facet normal 0 0 1
outer loop
vertex 93.17917143292357 -93.74076743292358 1
vertex 93.4443603922157 -93.52313247847052 1
vertex 76.11625544812303 -93.52313247847052 1
endloop
endfacet
facet normal 0 0 1
outer loop
vertex 93.17917143292357 -93.74076743292358 1
vertex 76.11625544812303 -93.52313247847052 1
vertex 76.07788053307473 -93.74076743292358 1
endloop
endfacet
facet normal 0 0 1
outer loop
vertex 226.4154744665729 -93.74076743292358 1
vertex 225.18120531100763 -93.52313247847052 1
vertex 95.38885620778426 -93.52313247847052 1
endloop
endfacet
facet normal 0 0 1
outer loop
vertex 226.4154744665729 -93.74076743292358 1
vertex 95.38885620778426 -93.52313247847052 1
vertex 95.65404516707648 -93.74076743292358 1
endloop
endfacet
facet normal 0 0 1
outer loop
vertex 93.4443603922157 -93.52313247847052 1
vertex 93.74691229336113 -93.36141511810524 1
vertex 76.1447705824747 -93.36141511810524 1
endloop
endfacet
facet normal 0 0 1
outer loop
vertex 93.4443603922157 -93.52313247847052 1
vertex 76.1447705824747 -93.36141511810524 1
vertex 76.11625544812303 -93.52313247847052 1
endloop
endfacet
facet normal 0 0 1
outer loop
vertex 225.18120531100763 -93.52313247847052 1
vertex 224.2640605891099 -93.36141511810524 1
vertex 95.0863043066389 -93.36141511810524 1
endloop
endfacet
facet normal 0 0 1
outer loop
vertex 225.18120531100763 -93.52313247847052 1
vertex 95.0863043066389 -93.36141511810524 1
vertex 95.38885620778426 -93.52313247847052 1
endloop
endfacet
facet normal 0 0 1
outer loop
vertex 93.74691229336113 -93.36141511810524 1
vertex 94.0752002364718 -93.26183005929437 1
vertex 76.16233011550814 -93.26183005929437 1
endloop
endfacet
facet normal 0 0 1
outer loop
vertex 93.74691229336113 -93.36141511810524 1
vertex 76.16233011550814 -93.26183005929437 1
vertex 76.1447705824747 -93.36141511810524 1
endloop
endfacet
facet normal 0 0 1
outer loop
vertex 224.2640605891099 -93.36141511810524 1
vertex 223.69928565781365 -93.26183005929437 1
vertex 94.75801636352827 -93.26183005929437 1
endloop
endfacet
facet normal 0 0 1
outer loop
vertex 224.2640605891099 -93.36141511810524 1
vertex 94.75801636352827 -93.26183005929437 1
vertex 95.0863043066389 -93.36141511810524 1
endloop
endfacet
facet normal 0 0 1
outer loop
vertex 94.0752002364718 -93.26183005929437 1
vertex 94.41660829999988 -93.2282043 1
vertex 76.16825924421633 -93.2282043 1
endloop
endfacet
facet normal 0 0 1
outer loop
vertex 94.0752002364718 -93.26183005929437 1
vertex 76.16825924421633 -93.2282043 1
vertex 76.16233011550814 -93.26183005929437 1
endloop
endfacet
facet normal 0 0 1
outer loop
vertex 223.69928565781365 -93.26183005929437 1
vertex 223.50858450124548 -93.2282043 1
vertex 94.41660829999988 -93.2282043 1
endloop
endfacet
facet normal 0 0 1
outer loop
vertex 223.69928565781365 -93.26183005929437 1
vertex 94.41660829999988 -93.2282043 1
vertex 94.75801636352827 -93.26183005929437 1
endloop
endfacet
facet normal 0 0 1
outer loop
vertex 94.41660829999988 -93.2282043 1
vertex 223.50858450124548 -93.2282043 1
vertex 211.806880750139 -91.16487820000008 1
endloop
endfacet
facet normal 0 0 1
outer loop
vertex 94.41660829999988 -93.2282043 1
vertex 211.806880750139 -91.16487820000008 1
vertex 172.56999529999987 -91.1648782 1
endloop
endfacet
facet normal 0 0 1
outer loop
vertex 94.41660829999988 -93.2282043 1
vertex 172.56999529999987 -91.1648782 1
vertex 76.53207931164727 -91.16487820000008 1
endloop
endfacet
facet normal 0 0 1
outer loop
vertex 94.41660829999988 -93.2282043 1
vertex 76.53207931164727 -91.16487820000008 1
vertex 76.16825924421633 -93.2282043 1
endloop
endfacet
facet normal 0 0 1
outer loop
vertex 172.56999529999987 -91.1648782 1
vertex 172.22858723647187 -91.13125244070568 1
vertex 76.53800844035547 -91.13125244070568 1
endloop
endfacet
facet normal 0 0 1
outer loop
vertex 172.56999529999987 -91.1648782 1
vertex 76.53800844035547 -91.13125244070568 1
vertex 76.53207931164727 -91.16487820000008 1
endloop
endfacet
facet normal 0 0 1
outer loop
vertex 211.806880750139 -91.16487820000008 1
vertex 211.6161795935568 -91.13125244070568 1
vertex 172.91140336352828 -91.13125244070568 1
endloop
endfacet
facet normal 0 0 1
outer loop
vertex 211.806880750139 -91.16487820000008 1
vertex 172.91140336352828 -91.13125244070568 1
vertex 172.56999529999987 -91.1648782 1
endloop
endfacet
facet normal 0 0 1
outer loop
vertex 172.22858723647187 -91.13125244070568 1
vertex 171.90029929336103 -91.03166738189472 1
vertex 76.55556797338892 -91.03166738189472 1
endloop
endfacet
facet normal 0 0 1
outer loop
vertex 172.22858723647187 -91.13125244070568 1
vertex 76.55556797338892 -91.03166738189472 1
vertex 76.53800844035547 -91.13125244070568 1
endloop
endfacet
facet normal 0 0 1
outer loop
vertex 211.6161795935568 -91.13125244070568 1
vertex 211.05140466235986 -91.03166738189472 1
vertex 173.23969130663892 -91.03166738189472 1
endloop
endfacet
facet normal 0 0 1
outer loop
vertex 211.6161795935568 -91.13125244070568 1
vertex 173.23969130663892 -91.03166738189472 1
vertex 172.91140336352828 -91.13125244070568 1
endloop
endfacet
facet normal 0 0 1
outer loop
vertex 171.90029929336103 -91.03166738189472 1
vertex 171.59774739221572 -90.86995002152949 1
vertex 76.5840831077406 -90.86995002152949 1
endloop
endfacet
facet normal 0 0 1
outer loop
vertex 171.90029929336103 -91.03166738189472 1
vertex 76.5840831077406 -90.86995002152949 1
vertex 76.55556797338892 -91.03166738189472 1
endloop
endfacet
facet normal 0 0 1
outer loop
vertex 211.05140466235986 -91.03166738189472 1
vertex 210.13425994027403 -90.86995002152949 1
vertex 173.54224320778425 -90.86995002152949 1
endloop
endfacet
facet normal 0 0 1
outer loop
vertex 211.05140466235986 -91.03166738189472 1
vertex 173.54224320778425 -90.86995002152949 1
vertex 173.23969130663892 -91.03166738189472 1
endloop
endfacet
facet normal 0 0 1
outer loop
vertex 171.59774739221572 -90.86995002152949 1
vertex 171.33255843292355 -90.65231506707649 1
vertex 76.62245802278889 -90.65231506707649 1
endloop
endfacet
facet normal 0 0 1
outer loop
vertex 171.59774739221572 -90.86995002152949 1
vertex 76.62245802278889 -90.65231506707649 1
vertex 76.5840831077406 -90.86995002152949 1
endloop
endfacet
facet normal 0 0 1
outer loop
vertex 210.13425994027403 -90.86995002152949 1
vertex 208.8999907848585 -90.65231506707649 1
vertex 173.8074321670764 -90.65231506707649 1
endloop
endfacet
facet normal 0 0 1
outer loop
vertex 210.13425994027403 -90.86995002152949 1
vertex 173.8074321670764 -90.65231506707649 1
vertex 173.54224320778425 -90.86995002152949 1
endloop
endfacet
facet normal 0 0 1
outer loop
vertex 171.33255843292355 -90.65231506707649 1
vertex 171.31659428783192 -90.63286269999935 1
vertex 76.6258879999998 -90.63286269999935 1
endloop
endfacet
facet normal 0 0 1
outer loop
vertex 171.33255843292355 -90.65231506707649 1
vertex 76.6258879999998 -90.63286269999935 1
vertex 76.62245802278889 -90.65231506707649 1
endloop
endfacet
facet normal 0 0 1
outer loop
vertex 171.31659428783192 -90.63286269999935 1
vertex 171.11492347847053 -90.38712610778434 1
vertex 75.23224651501486 -90.38712610778434 1
endloop
endfacet
facet normal 0 0 1
outer loop
vertex 171.31659428783192 -90.63286269999935 1
vertex 75.23224651501486 -90.38712610778434 1
vertex 76.6258879999998 -90.63286269999935 1
endloop
endfacet
facet normal 0 0 1
outer loop
vertex 208.8999907848585 -90.65231506707649 1
vertex 207.39602946740666 -90.38712610778434 1
vertex 174.0250671215294 -90.38712610778434 1
endloop
endfacet
facet normal 0 0 1
outer loop
vertex 208.8999907848585 -90.65231506707649 1
vertex 174.0250671215294 -90.38712610778434 1
vertex 173.8074321670764 -90.65231506707649 1
endloop
endfacet
facet normal 0 0 1
outer loop
vertex 171.11492347847053 -90.38712610778434 1
vertex 170.95320611810524 -90.08457420663876 1
vertex 75.10143844581638 -90.08457420663876 1
endloop
endfacet
facet normal 0 0 1
outer loop
vertex 171.11492347847053 -90.38712610778434 1
vertex 75.10143844581638 -90.08457420663876 1
vertex 75.05364338036317 -90.35563355669349 1
endloop
endfacet
facet normal 0 0 1
outer loop
vertex 171.11492347847053 -90.38712610778434 1
vertex 75.05364338036317 -90.35563355669349 1
vertex 75.23224651501486 -90.38712610778434 1
endloop
endfacet
facet normal 0 0 1
outer loop
vertex 207.39602946740666 -90.38712610778434 1
vertex 205.68017237792628 -90.08457420663876 1
vertex 174.1867844818948 -90.08457420663876 1
endloop
endfacet
facet normal 0 0 1
outer loop
vertex 207.39602946740666 -90.38712610778434 1
vertex 174.1867844818948 -90.08457420663876 1
vertex 174.0250671215294 -90.38712610778434 1
endloop
endfacet
facet normal 0 0 1
outer loop
vertex 170.95320611810524 -90.08457420663876 1
vertex 170.8536210592943 -89.75628626352842 1
vertex 75.15932445390077 -89.75628626352842 1
endloop
endfacet
facet normal 0 0 1
outer loop
vertex 170.95320611810524 -90.08457420663876 1
vertex 75.15932445390077 -89.75628626352842 1
vertex 75.10143844581638 -90.08457420663876 1
endloop
endfacet
facet normal 0 0 1
outer loop
vertex 205.68017237792628 -90.08457420663876 1
vertex 203.81835894211775 -89.75628626352842 1
vertex 174.28636954070558 -89.75628626352842 1
endloop
endfacet
facet normal 0 0 1
outer loop
vertex 205.68017237792628 -90.08457420663876 1
vertex 174.28636954070558 -89.75628626352842 1
vertex 174.1867844818948 -90.08457420663876 1
endloop
endfacet
facet normal 0 0 1
outer loop
vertex 170.8536210592943 -89.75628626352842 1
vertex 170.8199953 -89.41487820000002 1
vertex 75.21952389265358 -89.41487820000002 1
endloop
endfacet
facet normal 0 0 1
outer loop
vertex 170.8536210592943 -89.75628626352842 1
vertex 75.21952389265358 -89.41487820000002 1
vertex 75.15932445390077 -89.75628626352842 1
endloop
endfacet
facet normal 0 0 1
outer loop
vertex 203.81835894211775 -89.75628626352842 1
vertex 201.88213760630262 -89.41487820000002 1
vertex 174.31999529999996 -89.41487820000002 1
endloop
endfacet
facet normal 0 0 1
outer loop
vertex 203.81835894211775 -89.75628626352842 1
vertex 174.31999529999996 -89.41487820000002 1
vertex 174.28636954070558 -89.75628626352842 1
endloop
endfacet
facet normal 0 0 1
outer loop
vertex 170.8199953 -89.41487820000002 1
vertex 170.85362105929434 -89.07347013647164 1
vertex 75.27972333140832 -89.07347013647164 1
endloop
endfacet
facet normal 0 0 1
outer loop
vertex 170.8199953 -89.41487820000002 1
vertex 75.27972333140832 -89.07347013647164 1
vertex 75.21952389265358 -89.41487820000002 1
endloop
endfacet
facet normal 0 0 1
outer loop
vertex 201.88213760630262 -89.41487820000002 1
vertex 199.94591627042615 -89.07347013647164 1
vertex 174.28636954070558 -89.07347013647164 1
endloop
endfacet
facet normal 0 0 1
outer loop
vertex 201.88213760630262 -89.41487820000002 1
vertex 174.28636954070558 -89.07347013647164 1
vertex 174.31999529999996 -89.41487820000002 1
endloop
endfacet
facet normal 0 0 1
outer loop
vertex 170.85362105929434 -89.07347013647164 1
vertex 170.9532061181053 -88.74518219336106 1
vertex 75.33760933949058 -88.74518219336106 1
endloop
endfacet
facet normal 0 0 1
outer loop
vertex 170.85362105929434 -89.07347013647164 1
vertex 75.33760933949058 -88.74518219336106 1
vertex 75.27972333140832 -89.07347013647164 1
endloop
endfacet
facet normal 0 0 1
outer loop
vertex 199.94591627042615 -89.07347013647164 1
vertex 198.08410283468558 -88.74518219336106 1
vertex 174.1867844818947 -88.74518219336106 1
endloop
endfacet
facet normal 0 0 1
outer loop
vertex 199.94591627042615 -89.07347013647164 1
vertex 174.1867844818947 -88.74518219336106 1
vertex 174.28636954070558 -89.07347013647164 1
endloop
endfacet
facet normal 0 0 1
outer loop
vertex 170.9532061181053 -88.74518219336106 1
vertex 171.11492347847056 -88.44263029221574 1
vertex 75.39095739007384 -88.44263029221574 1
endloop
endfacet
facet normal 0 0 1
outer loop
vertex 170.9532061181053 -88.74518219336106 1
vertex 75.39095739007384 -88.44263029221574 1
vertex 75.33760933949058 -88.74518219336106 1
endloop
endfacet
facet normal 0 0 1
outer loop
vertex 198.08410283468558 -88.74518219336106 1
vertex 196.36824574526054 -88.44263029221574 1
vertex 174.02506712152947 -88.44263029221574 1
endloop
endfacet
facet normal 0 0 1
outer loop
vertex 198.08410283468558 -88.74518219336106 1
vertex 174.02506712152947 -88.44263029221574 1
vertex 174.1867844818947 -88.74518219336106 1
endloop
endfacet
facet normal 0 0 1
outer loop
vertex 172.7650856220108 -90.39566348040282 1
vertex 172.95267873236887 -90.33875773250453 1
vertex 173.12556553301823 -90.24634781230202 1
endloop
endfacet
facet normal 0 0 1
outer loop
vertex 172.7650856220108 -90.39566348040282 1
vertex 173.12556553301823 -90.24634781230202 1
vertex 173.27710208118532 -90.12198498118305 1
endloop
endfacet
facet normal 0 0 1
outer loop
vertex 172.7650856220108 -90.39566348040282 1
vertex 173.27710208118532 -90.12198498118305 1
vertex 173.40146491230396 -89.97044843301941 1
endloop
endfacet
facet normal 0 0 1
outer loop
vertex 172.7650856220108 -90.39566348040282 1
vertex 173.40146491230396 -89.97044843301941 1
vertex 173.49387483250905 -89.7975616323829 1
endloop
endfacet
facet normal 0 0 1
outer loop
vertex 172.7650856220108 -90.39566348040282 1
vertex 173.49387483250905 -89.7975616323829 1
vertex 173.5507805804041 -89.60996852201619 1
endloop
endfacet
facet normal 0 0 1
outer loop
vertex 172.7650856220108 -90.39566348040282 1
vertex 173.5507805804041 -89.60996852201619 1
vertex 173.56999529999996 -89.41487820000002 1
endloop
endfacet
facet normal 0 0 1
outer loop
vertex 172.7650856220108 -90.39566348040282 1
vertex 173.56999529999996 -89.41487820000002 1
vertex 173.55078058040058 -89.21978787796826 1
endloop
endfacet
facet normal 0 0 1
outer loop
vertex 172.7650856220108 -90.39566348040282 1
vertex 173.55078058040058 -89.21978787796826 1
vertex 173.49387483251377 -89.03219476763677 1
endloop
endfacet
facet normal 0 0 1
outer loop
vertex 172.7650856220108 -90.39566348040282 1
vertex 173.49387483251377 -89.03219476763677 1
vertex 173.40146491230706 -88.85930796698602 1
endloop
endfacet
facet normal 0 0 1
outer loop
vertex 172.7650856220108 -90.39566348040282 1
vertex 173.40146491230706 -88.85930796698602 1
vertex 173.27710208118916 -88.70777141881669 1
endloop
endfacet
facet normal 0 0 1
outer loop
vertex 172.7650856220108 -90.39566348040282 1
vertex 173.27710208118916 -88.70777141881669 1
vertex 173.1255655330288 -88.58340858770612 1
endloop
endfacet
facet normal 0 0 1
outer loop
vertex 172.7650856220108 -90.39566348040282 1
vertex 173.1255655330288 -88.58340858770612 1
vertex 172.95267873233425 -88.49099866747595 1
endloop
endfacet
facet normal 0 0 1
outer loop
vertex 172.7650856220108 -90.39566348040282 1
vertex 172.95267873233425 -88.49099866747595 1
vertex 172.7650856220268 -88.43409291959661 1
endloop
endfacet
facet normal 0 0 1
outer loop
vertex 172.7650856220108 -90.39566348040282 1
vertex 172.7650856220268 -88.43409291959661 1
vertex 172.56999530000834 -88.4148781999996 1
endloop
endfacet
facet normal 0 0 1
outer loop
vertex 172.7650856220108 -90.39566348040282 1
vertex 172.56999530000834 -88.4148781999996 1
vertex 172.37490497798638 -88.43409291959661 1
endloop
endfacet
facet normal 0 0 1
outer loop
vertex 172.7650856220108 -90.39566348040282 1
vertex 172.37490497798638 -88.43409291959661 1
vertex 172.18731186766047 -88.49099866747595 1
endloop
endfacet
facet normal 0 0 1
outer loop
vertex 172.7650856220108 -90.39566348040282 1
vertex 172.18731186766047 -88.49099866747595 1
vertex 172.01442506696606 -88.58340858770612 1
endloop
endfacet
facet normal 0 0 1
outer loop
vertex 172.7650856220108 -90.39566348040282 1
vertex 172.01442506696606 -88.58340858770612 1
vertex 171.86288851880985 -88.70777141881669 1
endloop
endfacet
facet normal 0 0 1
outer loop
vertex 172.7650856220108 -90.39566348040282 1
vertex 171.86288851880985 -88.70777141881669 1
vertex 171.73852568769533 -88.85930796698602 1
endloop
endfacet
facet normal 0 0 1
outer loop
vertex 172.7650856220108 -90.39566348040282 1
vertex 171.73852568769533 -88.85930796698602 1
vertex 171.64611576749067 -89.03219476763677 1
endloop
endfacet
facet normal 0 0 1
outer loop
vertex 172.7650856220108 -90.39566348040282 1
vertex 171.64611576749067 -89.03219476763677 1
vertex 171.58921001959936 -89.21978787796826 1
endloop
endfacet
facet normal 0 0 1
outer loop
vertex 172.7650856220108 -90.39566348040282 1
vertex 171.58921001959936 -89.21978787796826 1
vertex 171.56999529999894 -89.41487820000002 1
endloop
endfacet
facet normal 0 0 1
outer loop
vertex 172.7650856220108 -90.39566348040282 1
vertex 171.56999529999894 -89.41487820000002 1
vertex 171.58921001959752 -89.60996852201619 1
endloop
endfacet
facet normal 0 0 1
outer loop
vertex 172.7650856220108 -90.39566348040282 1
vertex 171.58921001959752 -89.60996852201619 1
vertex 171.64611576749544 -89.7975616323829 1
endloop
endfacet
facet normal 0 0 1
outer loop
vertex 172.7650856220108 -90.39566348040282 1
vertex 171.64611576749544 -89.7975616323829 1
vertex 171.73852568769456 -89.97044843301941 1
endloop
endfacet
facet normal 0 0 1
outer loop
vertex 172.7650856220108 -90.39566348040282 1
vertex 171.73852568769456 -89.97044843301941 1
vertex 171.86288851880784 -90.12198498118305 1
endloop
endfacet
facet normal 0 0 1
outer loop
vertex 172.7650856220108 -90.39566348040282 1
vertex 171.86288851880784 -90.12198498118305 1
vertex 172.01442506697842 -90.24634781230202 1
endloop
endfacet
facet normal 0 0 1
outer loop
vertex 172.7650856220108 -90.39566348040282 1
vertex 172.01442506697842 -90.24634781230202 1
vertex 172.18731186762125 -90.33875773250453 1
endloop
endfacet
facet normal 0 0 1
outer loop
vertex 172.7650856220108 -90.39566348040282 1
vertex 172.18731186762125 -90.33875773250453 1
vertex 172.37490497799115 -90.39566348040282 1
endloop
endfacet
facet normal 0 0 1
outer loop
vertex 172.7650856220108 -90.39566348040282 1
vertex 172.37490497799115 -90.39566348040282 1
vertex 172.56999530001139 -90.41487819999999 1
endloop
endfacet
facet normal 0 0 1
outer loop
vertex 171.11492347847056 -88.44263029221574 1
vertex 171.33255843292343 -88.1774413329235 1
vertex 75.4377173474933 -88.1774413329235 1
endloop
endfacet
facet normal 0 0 1
outer loop
vertex 171.11492347847056 -88.44263029221574 1
vertex 75.4377173474933 -88.1774413329235 1
vertex 75.39095739007384 -88.44263029221574 1
endloop
endfacet
facet normal 0 0 1
outer loop
vertex 196.36824574526054 -88.44263029221574 1
vertex 194.86428442779504 -88.1774413329235 1
vertex 173.8074321670764 -88.1774413329235 1
endloop
endfacet
facet normal 0 0 1
outer loop
vertex 196.36824574526054 -88.44263029221574 1
vertex 173.8074321670764 -88.1774413329235 1
vertex 174.02506712152947 -88.44263029221574 1
endloop
endfacet
facet normal 0 0 1
outer loop
vertex 171.33255843292343 -88.1774413329235 1
vertex 171.59774739221572 -87.95980637847057 1
vertex 75.47609225280723 -87.95980637847057 1
endloop
endfacet
facet normal 0 0 1
outer loop
vertex 171.33255843292343 -88.1774413329235 1
vertex 75.47609225280723 -87.95980637847057 1
vertex 75.4377173474933 -88.1774413329235 1
endloop
endfacet
facet normal 0 0 1
outer loop
vertex 194.86428442779504 -88.1774413329235 1
vertex 193.6300152723334 -87.95980637847057 1
vertex 173.54224320778434 -87.95980637847057 1
endloop
endfacet
facet normal 0 0 1
outer loop
vertex 194.86428442779504 -88.1774413329235 1
vertex 173.54224320778434 -87.95980637847057 1
vertex 173.8074321670764 -88.1774413329235 1
endloop
endfacet
facet normal 0 0 1
outer loop
vertex 193.6300152723334 -87.95980637847057 1
vertex 193.17464279999967 -87.87951192499993 1
vertex 193.0923780829498 -87.86641794615879 1
endloop
endfacet
facet normal 0 0 1
outer loop
vertex 193.6300152723334 -87.95980637847057 1
vertex 193.0923780829498 -87.86641794615879 1
vertex 193.00972560000005 -87.85607385 1
endloop
endfacet
facet normal 0 0 1
outer loop
vertex 193.6300152723334 -87.95980637847057 1
vertex 193.00972560000005 -87.85607385 1
vertex 173.34817329699376 -87.85607385 1
endloop
endfacet
facet normal 0 0 1
outer loop
vertex 193.6300152723334 -87.95980637847057 1
vertex 173.34817329699376 -87.85607385 1
vertex 173.54224320778434 -87.95980637847057 1
endloop
endfacet
facet normal 0 0 1
outer loop
vertex 171.59774739221572 -87.95980637847057 1
vertex 171.9002992933611 -87.79808901810527 1
vertex 75.50460737992614 -87.79808901810527 1
endloop
endfacet
facet normal 0 0 1
outer loop
vertex 171.59774739221572 -87.95980637847057 1
vertex 75.50460737992614 -87.79808901810527 1
vertex 75.47609225280723 -87.95980637847057 1
endloop
endfacet
facet normal 0 0 1
outer loop
vertex 193.00972560000005 -87.85607385 1
vertex 193.0003958664413 -87.79808901810527 1
vertex 173.23969130663892 -87.79808901810527 1
endloop
endfacet
facet normal 0 0 1
outer loop
vertex 193.00972560000005 -87.85607385 1
vertex 173.23969130663892 -87.79808901810527 1
vertex 173.34817329699376 -87.85607385 1
endloop
endfacet
facet normal 0 0 1
outer loop
vertex 171.9002992933611 -87.79808901810527 1
vertex 172.22858723647178 -87.69850395929436 1
vertex 75.5221669085052 -87.69850395929436 1
endloop
endfacet
facet normal 0 0 1
outer loop
vertex 171.9002992933611 -87.79808901810527 1
vertex 75.5221669085052 -87.69850395929436 1
vertex 75.50460737992614 -87.79808901810527 1
endloop
endfacet
facet normal 0 0 1
outer loop
vertex 193.0003958664413 -87.79808901810527 1
vertex 192.9843726749488 -87.69850395929436 1
vertex 172.91140336352822 -87.69850395929436 1
endloop
endfacet
facet normal 0 0 1
outer loop
vertex 193.0003958664413 -87.79808901810527 1
vertex 172.91140336352822 -87.69850395929436 1
vertex 173.23969130663892 -87.79808901810527 1
endloop
endfacet
facet normal 0 0 1
outer loop
vertex 172.22858723647178 -87.69850395929436 1
vertex 172.56999530000002 -87.6648782 1
vertex 75.52809603570941 -87.6648782 1
endloop
endfacet
facet normal 0 0 1
outer loop
vertex 172.22858723647178 -87.69850395929436 1
vertex 75.52809603570941 -87.6648782 1
vertex 75.5221669085052 -87.69850395929436 1
endloop
endfacet
facet normal 0 0 1
outer loop
vertex 192.9843726749488 -87.69850395929436 1
vertex 192.97896230529398 -87.6648782 1
vertex 172.56999530000002 -87.6648782 1
endloop
endfacet
facet normal 0 0 1
outer loop
vertex 192.9843726749488 -87.69850395929436 1
vertex 172.56999530000002 -87.6648782 1
vertex 172.91140336352822 -87.69850395929436 1
endloop
endfacet
facet normal 0 0 1
outer loop
vertex 172.56999530000002 -87.6648782 1
vertex 192.97896230529398 -87.6648782 1
vertex 192.95739499309724 -87.53083611141315 1
endloop
endfacet
facet normal 0 0 1
outer loop
vertex 172.56999530000002 -87.6648782 1
vertex 192.95739499309724 -87.53083611141315 1
vertex 192.85238617172615 -87.21860026072649 1
endloop
endfacet
facet normal 0 0 1
outer loop
vertex 172.56999530000002 -87.6648782 1
vertex 192.85238617172615 -87.21860026072649 1
vertex 192.6975479747804 -86.92783710661897 1
endloop
endfacet
facet normal 0 0 1
outer loop
vertex 172.56999530000002 -87.6648782 1
vertex 192.6975479747804 -86.92783710661897 1
vertex 192.49708108818302 -86.6664349138243 1
endloop
endfacet
facet normal 0 0 1
outer loop
vertex 172.56999530000002 -87.6648782 1
vertex 192.49708108818302 -86.6664349138243 1
vertex 192.2564240822943 -86.44148539829604 1
endloop
endfacet
facet normal 0 0 1
outer loop
vertex 172.56999530000002 -87.6648782 1
vertex 192.2564240822943 -86.44148539829604 1
vertex 191.98210586610932 -86.25909133235922 1
endloop
endfacet
facet normal 0 0 1
outer loop
vertex 172.56999530000002 -87.6648782 1
vertex 191.98210586610932 -86.25909133235922 1
vertex 191.68156856109337 -86.124200979429 1
endloop
endfacet
facet normal 0 0 1
outer loop
vertex 172.56999530000002 -87.6648782 1
vertex 191.68156856109337 -86.124200979429 1
vertex 191.3629611999999 -86.04047769999997 1
endloop
endfacet
facet normal 0 0 1
outer loop
vertex 172.56999530000002 -87.6648782 1
vertex 191.3629611999999 -86.04047769999997 1
vertex 178.15303699999978 -83.71121134999996 1
endloop
endfacet
facet normal 0 0 1
outer loop
vertex 172.56999530000002 -87.6648782 1
vertex 178.15303699999978 -83.71121134999996 1
vertex 76.22523400875818 -83.71121134999996 1
endloop
endfacet
facet normal 0 0 1
outer loop
vertex 172.56999530000002 -87.6648782 1
vertex 76.22523400875818 -83.71121134999996 1
vertex 75.52809603570941 -87.6648782 1
endloop
endfacet
facet normal 0 0 1
outer loop
vertex 178.15303699999978 -83.71121134999996 1
vertex 177.8453049672018 -83.63128789386462 1
vertex 76.23932666712398 -83.63128789386462 1
endloop
endfacet
facet normal 0 0 1
outer loop
vertex 178.15303699999978 -83.71121134999996 1
vertex 76.23932666712398 -83.63128789386462 1
vertex 76.22523400875818 -83.71121134999996 1
endloop
endfacet
facet normal 0 0 1
outer loop
vertex 177.8453049672018 -83.63128789386462 1
vertex 177.5541266786274 -83.50360873693778 1
vertex 76.26183994202485 -83.50360873693778 1
endloop
endfacet
facet normal 0 0 1
outer loop
vertex 177.8453049672018 -83.63128789386462 1
vertex 76.26183994202485 -83.50360873693778 1
vertex 76.23932666712398 -83.63128789386462 1
endloop
endfacet
facet normal 0 0 1
outer loop
vertex 177.5541266786274 -83.50360873693778 1
vertex 177.28686070192765 -83.33140054738371 1
vertex 76.2922048849406 -83.33140054738371 1
endloop
endfacet
facet normal 0 0 1
outer loop
vertex 177.5541266786274 -83.50360873693778 1
vertex 76.2922048849406 -83.33140054738371 1
vertex 76.26183994202485 -83.50360873693778 1
endloop
endfacet
facet normal 0 0 1
outer loop
vertex 177.28686070192765 -83.33140054738371 1
vertex 177.05026130020397 -83.11901531730715 1
vertex 76.32965412242531 -83.11901531730715 1
endloop
endfacet
facet normal 0 0 1
outer loop
vertex 177.28686070192765 -83.33140054738371 1
vertex 76.32965412242531 -83.11901531730715 1
vertex 76.2922048849406 -83.33140054738371 1
endloop
endfacet
facet normal 0 0 1
outer loop
vertex 177.05026130020397 -83.11901531730715 1
vertex 176.85030774035948 -82.87182038055451 1
vertex 76.37324124893183 -82.87182038055451 1
endloop
endfacet
facet normal 0 0 1
outer loop
vertex 177.05026130020397 -83.11901531730715 1
vertex 76.37324124893183 -82.87182038055451 1
vertex 76.32965412242531 -83.11901531730715 1
endloop
endfacet
facet normal 0 0 1
outer loop
vertex 176.85030774035948 -82.87182038055451 1
vertex 176.69205318691516 -82.59606277111268 1
vertex 76.42186474408015 -82.59606277111268 1
endloop
endfacet
facet normal 0 0 1
outer loop
vertex 176.85030774035948 -82.87182038055451 1
vertex 76.42186474408015 -82.59606277111268 1
vertex 76.37324124893183 -82.87182038055451 1
endloop
endfacet
facet normal 0 0 1
outer loop
vertex 176.69205318691516 -82.59606277111268 1
vertex 176.57949399999998 -82.29871269999995 1
vertex 76.474295571898 -82.29871269999995 1
endloop
endfacet
facet normal 0 0 1
outer loop
vertex 176.69205318691516 -82.59606277111268 1
vertex 76.474295571898 -82.29871269999995 1
vertex 76.42186474408015 -82.59606277111268 1
endloop
endfacet
facet normal 0 0 1
outer loop
vertex 176.57949399999998 -82.29871269999995 1
vertex 175.79517764999994 -79.59453014999981 1
vertex 175.6826214630848 -79.29717872888727 1
endloop
endfacet
facet normal 0 0 1
outer loop
vertex 176.57949399999998 -82.29871269999995 1
vertex 175.6826214630848 -79.29717872888727 1
vertex 175.5243669096406 -79.02142111944565 1
endloop
endfacet
facet normal 0 0 1
outer loop
vertex 176.57949399999998 -82.29871269999995 1
vertex 175.5243669096406 -79.02142111944565 1
vertex 175.32441334979606 -78.77422618269291 1
endloop
endfacet
facet normal 0 0 1
outer loop
vertex 176.57949399999998 -82.29871269999995 1
vertex 175.32441334979606 -78.77422618269291 1
vertex 175.08781394807224 -78.56184095261622 1
endloop
endfacet
facet normal 0 0 1
outer loop
vertex 176.57949399999998 -82.29871269999995 1
vertex 175.08781394807224 -78.56184095261622 1
vertex 174.8205479713726 -78.38963276306222 1
endloop
endfacet
facet normal 0 0 1
outer loop
vertex 176.57949399999998 -82.29871269999995 1
vertex 174.8205479713726 -78.38963276306222 1
vertex 174.52936968279823 -78.2619536061354 1
endloop
endfacet
facet normal 0 0 1
outer loop
vertex 176.57949399999998 -82.29871269999995 1
vertex 174.52936968279823 -78.2619536061354 1
vertex 174.22163530000003 -78.18203030000001 1
endloop
endfacet
facet normal 0 0 1
outer loop
vertex 176.57949399999998 -82.29871269999995 1
vertex 174.22163530000003 -78.18203030000001 1
vertex 160.26868810000016 -75.72175020000003 1
endloop
endfacet
facet normal 0 0 1
outer loop
vertex 176.57949399999998 -82.29871269999995 1
vertex 160.26868810000016 -75.72175020000003 1
vertex 77.63399123671294 -75.72175020000003 1
endloop
endfacet
facet normal 0 0 1
outer loop
vertex 176.57949399999998 -82.29871269999995 1
vertex 77.63399123671294 -75.72175020000003 1
vertex 76.474295571898 -82.29871269999995 1
endloop
endfacet
facet normal 0 0 1
outer loop
vertex 160.26868810000016 -75.72175020000003 1
vertex 159.9609560672018 -75.64182674386461 1
vertex 77.64808389507877 -75.64182674386461 1
endloop
endfacet
facet normal 0 0 1
outer loop
vertex 160.26868810000016 -75.72175020000003 1
vertex 77.64808389507877 -75.64182674386461 1
vertex 77.63399123671294 -75.72175020000003 1
endloop
endfacet
facet normal 0 0 1
outer loop
vertex 159.9609560672018 -75.64182674386461 1
vertex 159.66977777862735 -75.51414758693775 1
vertex 77.67059716997964 -75.51414758693775 1
endloop
endfacet
facet normal 0 0 1
outer loop
vertex 159.9609560672018 -75.64182674386461 1
vertex 77.67059716997964 -75.51414758693775 1
vertex 77.64808389507877 -75.64182674386461 1
endloop
endfacet
facet normal 0 0 1
outer loop
vertex 159.66977777862735 -75.51414758693775 1
vertex 159.40251180192772 -75.34193939738377 1
vertex 77.70096211289538 -75.34193939738377 1
endloop
endfacet
facet normal 0 0 1
outer loop
vertex 159.66977777862735 -75.51414758693775 1
vertex 77.70096211289538 -75.34193939738377 1
vertex 77.67059716997964 -75.51414758693775 1
endloop
endfacet
facet normal 0 0 1
outer loop
vertex 159.40251180192772 -75.34193939738377 1
vertex 159.16591240020384 -75.12955416730696 1
vertex 77.73841135038013 -75.12955416730696 1
endloop
endfacet
facet normal 0 0 1
outer loop
vertex 159.40251180192772 -75.34193939738377 1
vertex 77.73841135038013 -75.12955416730696 1
vertex 77.70096211289538 -75.34193939738377 1
endloop
endfacet
facet normal 0 0 1
outer loop
vertex 159.16591240020384 -75.12955416730696 1
vertex 158.96595884035946 -74.88235923055446 1
vertex 77.78199847688664 -74.88235923055446 1
endloop
endfacet
facet normal 0 0 1
outer loop
vertex 159.16591240020384 -75.12955416730696 1
vertex 77.78199847688664 -74.88235923055446 1
vertex 77.73841135038013 -75.12955416730696 1
endloop
endfacet
facet normal 0 0 1
outer loop
vertex 158.96595884035946 -74.88235923055446 1
vertex 158.80770428691523 -74.60660162111276 1
vertex 77.83062197203493 -74.60660162111276 1
endloop
endfacet
facet normal 0 0 1
outer loop
vertex 158.96595884035946 -74.88235923055446 1
vertex 77.83062197203493 -74.60660162111276 1
vertex 77.78199847688664 -74.88235923055446 1
endloop
endfacet
facet normal 0 0 1
outer loop
vertex 158.80770428691523 -74.60660162111276 1
vertex 158.69514620000007 -74.30925040000017 1
vertex 77.88305300262873 -74.30925040000017 1
endloop
endfacet
facet normal 0 0 1
outer loop
vertex 158.80770428691523 -74.60660162111276 1
vertex 77.88305300262873 -74.30925040000017 1
vertex 77.83062197203493 -74.60660162111276 1
endloop
endfacet
facet normal 0 0 1
outer loop
vertex 158.69514620000007 -74.30925040000017 1
vertex 157.91082870000008 -71.60506900000019 1
vertex 157.79827251308473 -71.30771757888706 1
endloop
endfacet
facet normal 0 0 1
outer loop
vertex 158.69514620000007 -74.30925040000017 1
vertex 157.79827251308473 -71.30771757888706 1
vertex 157.64001795964066 -71.0319599694457 1
endloop
endfacet
facet normal 0 0 1
outer loop
vertex 158.69514620000007 -74.30925040000017 1
vertex 157.64001795964066 -71.0319599694457 1
vertex 157.5298178469087 -70.89572378581337 1
endloop
endfacet
facet normal 0 0 1
outer loop
vertex 158.69514620000007 -74.30925040000017 1
vertex 157.5298178469087 -70.89572378581337 1
vertex 133.04447327352813 -70.89572378581337 1
endloop
endfacet
facet normal 0 0 1
outer loop
vertex 158.69514620000007 -74.30925040000017 1
vertex 133.04447327352813 -70.89572378581337 1
vertex 78.48494970132556 -70.89572378581337 1
endloop
endfacet
facet normal 0 0 1
outer loop
vertex 158.69514620000007 -74.30925040000017 1
vertex 78.48494970132556 -70.89572378581337 1
vertex 77.88305300262873 -74.30925040000017 1
endloop
endfacet
facet normal 0 0 1
outer loop
vertex 157.5298178469087 -70.89572378581337 1
vertex 157.5133266327885 -70.8753363286729 1
vertex 133.3617615148239 -70.8753363286729 1
endloop
endfacet
facet normal 0 0 1
outer loop
vertex 157.5298178469087 -70.89572378581337 1
vertex 133.3617615148239 -70.8753363286729 1
vertex 133.04447327352813 -70.89572378581337 1
endloop
endfacet
facet normal 0 0 1
outer loop
vertex 133.04447327352813 -70.89572378581337 1
vertex 132.72796699999995 -70.865577 1
vertex 78.49026539178539 -70.865577 1
endloop
endfacet
facet normal 0 0 1
outer loop
vertex 133.04447327352813 -70.89572378581337 1
vertex 78.49026539178539 -70.865577 1
vertex 78.48494970132556 -70.89572378581337 1
endloop
endfacet
facet normal 0 0 1
outer loop
vertex 157.5133266327885 -70.8753363286729 1
vertex 157.45637269787335 -70.80492635772706 1
vertex 133.6718097569811 -70.80492635772706 1
endloop
endfacet
facet normal 0 0 1
outer loop
vertex 157.5133266327885 -70.8753363286729 1
vertex 133.6718097569811 -70.80492635772706 1
vertex 133.3617615148239 -70.8753363286729 1
endloop
endfacet
facet normal 0 0 1
outer loop
vertex 157.45637269787335 -70.80492635772706 1
vertex 157.44006439979603 -70.78476503269287 1
vertex 157.33034352415032 -70.68627326454617 1
endloop
endfacet
facet normal 0 0 1
outer loop
vertex 157.45637269787335 -70.80492635772706 1
vertex 157.33034352415032 -70.68627326454617 1
vertex 133.9667825014034 -70.68627326454617 1
endloop
endfacet
facet normal 0 0 1
outer loop
vertex 157.45637269787335 -70.80492635772706 1
vertex 133.9667825014034 -70.68627326454617 1
vertex 133.6718097569811 -70.80492635772706 1
endloop
endfacet
facet normal 0 0 1
outer loop
vertex 157.33034352415032 -70.68627326454617 1
vertex 157.20346499807238 -70.57237980261631 1
vertex 157.1258588583985 -70.52237563457163 1
endloop
endfacet
facet normal 0 0 1
outer loop
vertex 157.33034352415032 -70.68627326454617 1
vertex 157.1258588583985 -70.52237563457163 1
vertex 134.2392252355002 -70.52237563457163 1
endloop
endfacet
facet normal 0 0 1
outer loop
vertex 157.33034352415032 -70.68627326454617 1
vertex 134.2392252355002 -70.52237563457163 1
vertex 133.9667825014034 -70.68627326454617 1
endloop
endfacet
facet normal 0 0 1
outer loop
vertex 157.1258588583985 -70.52237563457163 1
vertex 156.93619902137263 -70.40017161306224 1
vertex 156.74737853871605 -70.31737546725707 1
endloop
endfacet
facet normal 0 0 1
outer loop
vertex 157.1258588583985 -70.52237563457163 1
vertex 156.74737853871605 -70.31737546725707 1
vertex 134.48225282215301 -70.31737546725707 1
endloop
endfacet
facet normal 0 0 1
outer loop
vertex 157.1258588583985 -70.52237563457163 1
vertex 134.48225282215301 -70.31737546725707 1
vertex 134.2392252355002 -70.52237563457163 1
endloop
endfacet
facet normal 0 0 1
outer loop
vertex 156.74737853871605 -70.31737546725707 1
vertex 156.64502073279814 -70.27249245613538 1
vertex 156.33728739999998 -70.192568 1
endloop
endfacet
facet normal 0 0 1
outer loop
vertex 156.74737853871605 -70.31737546725707 1
vertex 156.33728739999998 -70.192568 1
vertex 155.6787709430437 -70.07645350000023 1
endloop
endfacet
facet normal 0 0 1
outer loop
vertex 156.74737853871605 -70.31737546725707 1
vertex 155.6787709430437 -70.07645350000023 1
vertex 134.68972349999984 -70.07645350000023 1
endloop
endfacet
facet normal 0 0 1
outer loop
vertex 156.74737853871605 -70.31737546725707 1
vertex 134.68972349999984 -70.07645350000023 1
vertex 134.48225282215301 -70.31737546725707 1
endloop
endfacet
facet normal 0 0 1
outer loop
vertex 132.72796699999995 -70.865577 1
vertex 126.00695434115994 -69.68048109999998 1
vertex 117.28544090000003 -69.68048109999998 1
endloop
endfacet
facet normal 0 0 1
outer loop
vertex 132.72796699999995 -70.865577 1
vertex 117.28544090000003 -69.68048109999998 1
vertex 78.69922972412269 -69.68048109999998 1
endloop
endfacet
facet normal 0 0 1
outer loop
vertex 132.72796699999995 -70.865577 1
vertex 78.69922972412269 -69.68048109999998 1
vertex 78.49026539178539 -70.865577 1
endloop
endfacet
facet normal 0 0 1
outer loop
vertex 126.00695434115994 -69.68048109999998 1
vertex 118.5427378 -68.36433830000001 1
vertex 117.28544090000003 -69.68048109999998 1
endloop
endfacet
facet normal 0 0 1
outer loop
vertex 155.6787709430437 -70.07645350000023 1
vertex 138.31337390000007 -67.01445804999999 1
vertex 137.9968626722025 -66.98430982647241 1
endloop
endfacet
facet normal 0 0 1
outer loop
vertex 155.6787709430437 -70.07645350000023 1
vertex 137.9968626722025 -66.98430982647241 1
vertex 137.6795733346258 -67.00469974957423 1
endloop
endfacet
facet normal 0 0 1
outer loop
vertex 155.6787709430437 -70.07645350000023 1
vertex 137.6795733346258 -67.00469974957423 1
vertex 137.3695244450413 -67.07511252377864 1
endloop
endfacet
facet normal 0 0 1
outer loop
vertex 155.6787709430437 -70.07645350000023 1
vertex 137.3695244450413 -67.07511252377864 1
vertex 137.07455158012408 -67.19376867265555 1
endloop
endfacet
facet normal 0 0 1
outer loop
vertex 155.6787709430437 -70.07645350000023 1
vertex 137.07455158012408 -67.19376867265555 1
vertex 136.80210931422607 -67.35766950992127 1
endloop
endfacet
facet normal 0 0 1
outer loop
vertex 155.6787709430437 -70.07645350000023 1
vertex 136.80210931422607 -67.35766950992127 1
vertex 136.55908282686607 -67.5626729224416 1
endloop
endfacet
facet normal 0 0 1
outer loop
vertex 155.6787709430437 -70.07645350000023 1
vertex 136.55908282686607 -67.5626729224416 1
vertex 136.35161779999964 -67.80359610000048 1
endloop
endfacet
facet normal 0 0 1
outer loop
vertex 155.6787709430437 -70.07645350000023 1
vertex 136.35161779999964 -67.80359610000048 1
vertex 134.68972349999984 -70.07645350000023 1
endloop
endfacet
facet normal 0 0 1
outer loop
vertex 117.28544090000003 -69.68048109999998 1
vertex 81.81380820000014 -63.50835015000001 1
vertex 81.46694615175079 -63.47874952058173 1
endloop
endfacet
facet normal 0 0 1
outer loop
vertex 117.28544090000003 -69.68048109999998 1
vertex 81.46694615175079 -63.47874952058173 1
vertex 81.12020583027834 -63.50974350778568 1
endloop
endfacet
facet normal 0 0 1
outer loop
vertex 117.28544090000003 -69.68048109999998 1
vertex 81.12020583027834 -63.50974350778568 1
vertex 80.78409255520364 -63.60039307533096 1
endloop
endfacet
facet normal 0 0 1
outer loop
vertex 117.28544090000003 -69.68048109999998 1
vertex 80.78409255520364 -63.60039307533096 1
vertex 80.4687896745968 -63.747951779779676 1
endloop
endfacet
facet normal 0 0 1
outer loop
vertex 117.28544090000003 -69.68048109999998 1
vertex 80.4687896745968 -63.747951779779676 1
vertex 80.18385003631839 -63.947948980548425 1
endloop
endfacet
facet normal 0 0 1
outer loop
vertex 117.28544090000003 -69.68048109999998 1
vertex 80.18385003631839 -63.947948980548425 1
vertex 79.9379065618586 -64.19432528855775 1
endloop
endfacet
facet normal 0 0 1
outer loop
vertex 117.28544090000003 -69.68048109999998 1
vertex 79.9379065618586 -64.19432528855775 1
vertex 79.73841069152564 -64.47961614978152 1
endloop
endfacet
facet normal 0 0 1
outer loop
vertex 117.28544090000003 -69.68048109999998 1
vertex 79.73841069152564 -64.47961614978152 1
vertex 79.59140662540591 -64.79517800159765 1
endloop
endfacet
facet normal 0 0 1
outer loop
vertex 117.28544090000003 -69.68048109999998 1
vertex 79.59140662540591 -64.79517800159765 1
vertex 79.50134639999995 -65.13145030000024 1
endloop
endfacet
facet normal 0 0 1
outer loop
vertex 117.28544090000003 -69.68048109999998 1
vertex 79.50134639999995 -65.13145030000024 1
vertex 78.69922972412269 -69.68048109999998 1
endloop
endfacet
facet normal 0 0 1
outer loop
vertex 188.249564329961 -180.1737189691406 8.5
vertex 188.57919217632585 -180.0602192734996 8.5
vertex 188.8841033751947 -179.89120489892304 8.5
endloop
endfacet
facet normal 0 0 1
outer loop
vertex 188.249564329961 -180.1737189691406 8.5
vertex 188.8841033751947 -179.89120489892304 8.5
vertex 189.15503345149483 -179.67181120766068 8.5
endloop
endfacet
facet normal 0 0 1
outer loop
vertex 188.249564329961 -180.1737189691406 8.5
vertex 189.15503345149483 -179.67181120766068 8.5
vertex 189.3837504185088 -179.40870429591354 8.5
endloop
endfacet
facet normal 0 0 1
outer loop
vertex 188.249564329961 -180.1737189691406 8.5
vertex 189.3837504185088 -179.40870429591354 8.5
vertex 189.56330980000016 -179.10987689999973 8.5
endloop
endfacet
facet normal 0 0 1
outer loop
vertex 188.249564329961 -180.1737189691406 8.5
vertex 189.56330980000016 -179.10987689999973 8.5
vertex 190.05909430443583 -178.09336864186037 8.5
endloop
endfacet
facet normal 0 0 1
outer loop
vertex 188.249564329961 -180.1737189691406 8.5
vertex 190.05909430443583 -178.09336864186037 8.5
vertex 187.0639456314978 -178.09336864186037 8.5
endloop
endfacet
facet normal 0 0 1
outer loop
vertex 188.249564329961 -180.1737189691406 8.5
vertex 187.0639456314978 -178.09336864186037 8.5
vertex 182.9168260490349 -178.09336864186037 8.5
endloop
endfacet
facet normal 0 0 1
outer loop
vertex 188.249564329961 -180.1737189691406 8.5
vertex 182.9168260490349 -178.09336864186037 8.5
vertex 186.88898490000034 -180.03071845000017 8.5
endloop
endfacet
facet normal 0 0 1
outer loop
vertex 188.249564329961 -180.1737189691406 8.5
vertex 186.88898490000034 -180.03071845000017 8.5
vertex 187.2144511377683 -180.15565213673904 8.5
endloop
endfacet
facet normal 0 0 1
outer loop
vertex 188.249564329961 -180.1737189691406 8.5
vertex 187.2144511377683 -180.15565213673904 8.5
vertex 187.55666725790817 -180.2221714957724 8.5
endloop
endfacet
facet normal 0 0 1
outer loop
vertex 188.249564329961 -180.1737189691406 8.5
vertex 187.55666725790817 -180.2221714957724 8.5
vertex 187.90523530610625 -180.2282553912872 8.5
endloop
endfacet
facet normal 0 0 1
outer loop
vertex 187.0639456314978 -178.09336864186037 8.5
vertex 186.7506936859389 -178.074207974319 8.5
vertex 182.8775408281393 -178.074207974319 8.5
endloop
endfacet
facet normal 0 0 1
outer loop
vertex 187.0639456314978 -178.09336864186037 8.5
vertex 182.8775408281393 -178.074207974319 8.5
vertex 182.9168260490349 -178.09336864186037 8.5
endloop
endfacet
facet normal 0 0 1
outer loop
vertex 190.05909430443583 -178.09336864186037 8.5
vertex 190.07376472025433 -178.06328985017478 8.5
vertex 187.37633829922513 -178.06328985017478 8.5
endloop
endfacet
facet normal 0 0 1
outer loop
vertex 190.05909430443583 -178.09336864186037 8.5
vertex 187.37633829922513 -178.06328985017478 8.5
vertex 187.0639456314978 -178.09336864186037 8.5
endloop
endfacet
facet normal 0 0 1
outer loop
vertex 186.7506936859389 -178.074207974319 8.5
vertex 186.444295815002 -178.00627964982417 8.5
vertex 182.73826701489207 -178.00627964982417 8.5
endloop
endfacet
facet normal 0 0 1
outer loop
vertex 186.7506936859389 -178.074207974319 8.5
vertex 182.73826701489207 -178.00627964982417 8.5
vertex 182.8775408281393 -178.074207974319 8.5
endloop
endfacet
facet normal 0 0 1
outer loop
vertex 190.07376472025433 -178.06328985017478 8.5
vertex 190.11208960286905 -177.98471224373176 8.5
vertex 187.68017949513083 -177.98471224373176 8.5
endloop
endfacet
facet normal 0 0 1
outer loop
vertex 190.07376472025433 -178.06328985017478 8.5
vertex 187.68017949513083 -177.98471224373176 8.5
vertex 187.37633829922513 -178.06328985017478 8.5
endloop
endfacet
facet normal 0 0 1
outer loop
vertex 186.444295815002 -178.00627964982417 8.5
vertex 186.15229660001629 -177.89125630000618 8.5
vertex 182.50243401502414 -177.89125630000618 8.5
endloop
endfacet
facet normal 0 0 1
outer loop
vertex 186.444295815002 -178.00627964982417 8.5
vertex 182.50243401502414 -177.89125630000618 8.5
vertex 182.73826701489207 -178.00627964982417 8.5
endloop
endfacet
facet normal 0 0 1
outer loop
vertex 190.11208960286905 -177.98471224373176 8.5
vertex 190.17312526038037 -177.85957067648602 8.5
vertex 187.96798759220894 -177.85957067648602 8.5
endloop
endfacet
facet normal 0 0 1
outer loop
vertex 190.11208960286905 -177.98471224373176 8.5
vertex 187.96798759220894 -177.85957067648602 8.5
vertex 187.68017949513083 -177.98471224373176 8.5
endloop
endfacet
facet normal 0 0 1
outer loop
vertex 190.17312526038037 -177.85957067648602 8.5
vertex 190.25536878259015 -177.69094656912333 8.5
vertex 188.23267575397904 -177.69094656912333 8.5
endloop
endfacet
facet normal 0 0 1
outer loop
vertex 190.17312526038037 -177.85957067648602 8.5
vertex 188.23267575397904 -177.69094656912333 8.5
vertex 187.96798759220894 -177.85957067648602 8.5
endloop
endfacet
facet normal 0 0 1
outer loop
vertex 190.25536878259015 -177.69094656912333 8.5
vertex 190.35679504793907 -177.4829920336407 8.5
vertex 188.46772643732663 -177.4829920336407 8.5
endloop
endfacet
facet normal 0 0 1
outer loop
vertex 190.25536878259015 -177.69094656912333 8.5
vertex 188.46772643732663 -177.4829920336407 8.5
vertex 188.23267575397904 -177.69094656912333 8.5
endloop
endfacet
facet normal 0 0 1
outer loop
vertex 190.35679504793907 -177.4829920336407 8.5
vertex 190.47490658900153 -177.2408276339924 8.5
vertex 188.66735187688872 -177.2408276339924 8.5
endloop
endfacet
facet normal 0 0 1
outer loop
vertex 190.35679504793907 -177.4829920336407 8.5
vertex 188.66735187688872 -177.2408276339924 8.5
vertex 188.46772643732663 -177.4829920336407 8.5
endloop
endfacet
facet normal 0 0 1
outer loop
vertex 190.47490658900153 -177.2408276339924 8.5
vertex 190.6067968934243 -176.97041260001137 8.5
vertex 188.82663319999486 -176.97041260001137 8.5
endloop
endfacet
facet normal 0 0 1
outer loop
vertex 190.47490658900153 -177.2408276339924 8.5
vertex 188.82663319999486 -176.97041260001137 8.5
vertex 188.66735187688872 -177.2408276339924 8.5
endloop
endfacet
facet normal 0 0 1
outer loop
vertex 186.15229660001629 -177.89125630000618 8.5
vertex 170.8350482000021 -170.4205341999994 8.5
vertex 167.88000078147002 -170.4205341999994 8.5
endloop
endfacet
facet normal 0 0 1
outer loop
vertex 186.15229660001629 -177.89125630000618 8.5
vertex 167.88000078147002 -170.4205341999994 8.5
vertex 168.03164787677576 -170.6335167688193 8.5
endloop
endfacet
facet normal 0 0 1
outer loop
vertex 186.15229660001629 -177.89125630000618 8.5
vertex 168.03164787677576 -170.6335167688193 8.5
vertex 168.22785747812483 -170.83949929347128 8.5
endloop
endfacet
facet normal 0 0 1
outer loop
vertex 186.15229660001629 -177.89125630000618 8.5
vertex 168.22785747812483 -170.83949929347128 8.5
vertex 168.45130667545033 -171.01556026114503 8.5
endloop
endfacet
facet normal 0 0 1
outer loop
vertex 186.15229660001629 -177.89125630000618 8.5
vertex 168.45130667545033 -171.01556026114503 8.5
vertex 168.6974793999996 -171.1581352999998 8.5
endloop
endfacet
facet normal 0 0 1
outer loop
vertex 186.15229660001629 -177.89125630000618 8.5
vertex 168.6974793999996 -171.1581352999998 8.5
vertex 182.50243401502414 -177.89125630000618 8.5
endloop
endfacet
facet normal 0 0 1
outer loop
vertex 170.8350482000021 -170.4205341999994 8.5
vertex 170.58948989440876 -170.27837361750377 8.5
vertex 167.8029664917685 -170.27837361750377 8.5
endloop
endfacet
facet normal 0 0 1
outer loop
vertex 170.8350482000021 -170.4205341999994 8.5
vertex 167.8029664917685 -170.27837361750377 8.5
vertex 167.86664753540362 -170.4017800745506 8.5
endloop
endfacet
facet normal 0 0 1
outer loop
vertex 170.8350482000021 -170.4205341999994 8.5
vertex 167.86664753540362 -170.4017800745506 8.5
vertex 167.88000078147002 -170.4205341999994 8.5
endloop
endfacet
facet normal 0 0 1
outer loop
vertex 170.58948989440876 -170.27837361750377 8.5
vertex 170.36652366961326 -170.10289722406978 8.5
vertex 167.71642807878382 -170.10289722406978 8.5
endloop
endfacet
facet normal 0 0 1
outer loop
vertex 170.58948989440876 -170.27837361750377 8.5
vertex 167.71642807878382 -170.10289722406978 8.5
vertex 167.73619469999986 -170.1489776499997 8.5
endloop
endfacet
facet normal 0 0 1
outer loop
vertex 170.58948989440876 -170.27837361750377 8.5
vertex 167.73619469999986 -170.1489776499997 8.5
vertex 167.8029664917685 -170.27837361750377 8.5
endloop
endfacet
facet normal 0 0 1
outer loop
vertex 170.36652366961326 -170.10289722406978 8.5
vertex 170.17063294994762 -169.8976346410891 8.5
vertex 167.62837881175287 -169.8976346410891 8.5
endloop
endfacet
facet normal 0 0 1
outer loop
vertex 170.36652366961326 -170.10289722406978 8.5
vertex 167.62837881175287 -169.8976346410891 8.5
vertex 167.71642807878382 -170.10289722406978 8.5
endloop
endfacet
facet normal 0 0 1
outer loop
vertex 170.17063294994762 -169.8976346410891 8.5
vertex 170.00576032509306 -169.6667170808088 8.5
vertex 167.52932460697764 -169.6667170808088 8.5
endloop
endfacet
facet normal 0 0 1
outer loop
vertex 170.17063294994762 -169.8976346410891 8.5
vertex 167.52932460697764 -169.6667170808088 8.5
vertex 167.62837881175287 -169.8976346410891 8.5
endloop
endfacet
facet normal 0 0 1
outer loop
vertex 170.00576032509306 -169.6667170808088 8.5
vertex 169.8752241000096 -169.41479210001734 8.5
vertex 167.4212590765562 -169.41479210001734 8.5
endloop
endfacet
facet normal 0 0 1
outer loop
vertex 170.00576032509306 -169.6667170808088 8.5
vertex 167.4212590765562 -169.41479210001734 8.5
vertex 167.52932460697764 -169.6667170808088 8.5
endloop
endfacet
facet normal 0 0 1
outer loop
vertex 169.8752241000096 -169.41479210001734 8.5
vertex 168.9669682536362 -167.30821519999986 8.5
vertex 166.51762359999995 -167.30821519999986 8.5
endloop
endfacet
facet normal 0 0 1
outer loop
vertex 169.8752241000096 -169.41479210001734 8.5
vertex 166.51762359999995 -167.30821519999986 8.5
vertex 167.4212590765562 -169.41479210001734 8.5
endloop
endfacet
facet normal 0 0 1
outer loop
vertex 168.9669682536362 -167.30821519999986 8.5
vertex 168.85189863564645 -167.04132674547577 8.5
vertex 166.37850065521528 -167.04132674547577 8.5
endloop
endfacet
facet normal 0 0 1
outer loop
vertex 168.9669682536362 -167.30821519999986 8.5
vertex 166.37850065521528 -167.04132674547577 8.5
vertex 166.51762359999995 -167.30821519999986 8.5
endloop
endfacet
facet normal 0 0 1
outer loop
vertex 168.85189863564645 -167.04132674547577 8.5
vertex 168.74713235086804 -166.79833548228055 8.5
vertex 166.20089981512166 -166.79833548228055 8.5
endloop
endfacet
facet normal 0 0 1
outer loop
vertex 168.85189863564645 -167.04132674547577 8.5
vertex 166.20089981512166 -166.79833548228055 8.5
vertex 166.37850065521528 -167.04132674547577 8.5
endloop
endfacet
facet normal 0 0 1
outer loop
vertex 168.74713235086804 -166.79833548228055 8.5
vertex 168.65504304501295 -166.5847467614068 8.5
vertex 165.98884635321437 -166.5847467614068 8.5
endloop
endfacet
facet normal 0 0 1
outer loop
vertex 168.74713235086804 -166.79833548228055 8.5
vertex 165.98884635321437 -166.5847467614068 8.5
vertex 166.20089981512166 -166.79833548228055 8.5
endloop
endfacet
facet normal 0 0 1
outer loop
vertex 168.65504304501295 -166.5847467614068 8.5
vertex 168.57771623724938 -166.4053976632014 8.5
vertex 165.74714258128623 -166.4053976632014 8.5
endloop
endfacet
facet normal 0 0 1
outer loop
vertex 168.65504304501295 -166.5847467614068 8.5
vertex 165.74714258128623 -166.4053976632014 8.5
vertex 165.98884635321437 -166.5847467614068 8.5
endloop
endfacet
facet normal 0 0 1
outer loop
vertex 168.57771623724938 -166.4053976632014 8.5
vertex 168.51690312483436 -166.26434985344252 8.5
vertex 165.48126229289807 -166.26434985344252 8.5
endloop
endfacet
facet normal 0 0 1
outer loop
vertex 168.57771623724938 -166.4053976632014 8.5
vertex 165.48126229289807 -166.26434985344252 8.5
vertex 165.74714258128623 -166.4053976632014 8.5
endloop
endfacet
facet normal 0 0 1
outer loop
vertex 168.51690312483436 -166.26434985344252 8.5
vertex 168.47796210002252 -166.17403140004728 8.5
vertex 168.47312877675202 -166.16479759999987 8.5
endloop
endfacet
facet normal 0 0 1
outer loop
vertex 168.51690312483436 -166.26434985344252 8.5
vertex 168.47312877675202 -166.16479759999987 8.5
vertex 165.19722679999958 -166.16479759999987 8.5
endloop
endfacet
facet normal 0 0 1
outer loop
vertex 168.51690312483436 -166.26434985344252 8.5
vertex 165.19722679999958 -166.16479759999987 8.5
vertex 165.48126229289807 -166.26434985344252 8.5
endloop
endfacet
facet normal 0 0 1
outer loop
vertex 168.47312877675202 -166.16479759999987 8.5
vertex 168.33867237050455 -165.90792598167528 8.5
vertex 168.16109778105886 -165.665677397585 8.5
endloop
endfacet
facet normal 0 0 1
outer loop
vertex 168.47312877675202 -166.16479759999987 8.5
vertex 168.16109778105886 -165.665677397585 8.5
vertex 167.94924734829422 -165.45275368959022 8.5
endloop
endfacet
facet normal 0 0 1
outer loop
vertex 168.47312877675202 -166.16479759999987 8.5
vertex 167.94924734829422 -165.45275368959022 8.5
vertex 167.70789920564107 -165.27395719807868 8.5
endloop
endfacet
facet normal 0 0 1
outer loop
vertex 168.47312877675202 -166.16479759999987 8.5
vertex 167.70789920564107 -165.27395719807868 8.5
vertex 167.44249678622674 -165.13332054885691 8.5
endloop
endfacet
facet normal 0 0 1
outer loop
vertex 168.47312877675202 -166.16479759999987 8.5
vertex 167.44249678622674 -165.13332054885691 8.5
vertex 167.1590260500322 -165.03401570000952 8.5
endloop
endfacet
facet normal 0 0 1
outer loop
vertex 168.47312877675202 -166.16479759999987 8.5
vertex 167.1590260500322 -165.03401570000952 8.5
vertex 153.7780572000051 -161.44859970000218 8.5
endloop
endfacet
facet normal 0 0 1
outer loop
vertex 168.47312877675202 -166.16479759999987 8.5
vertex 153.7780572000051 -161.44859970000218 8.5
vertex 150.51854847838808 -161.44859970000218 8.5
endloop
endfacet
facet normal 0 0 1
outer loop
vertex 168.47312877675202 -166.16479759999987 8.5
vertex 150.51854847838808 -161.44859970000218 8.5
vertex 150.5716042007296 -161.57492893675703 8.5
endloop
endfacet
facet normal 0 0 1
outer loop
vertex 168.47312877675202 -166.16479759999987 8.5
vertex 150.5716042007296 -161.57492893675703 8.5
vertex 150.7483746876015 -161.85481472778434 8.5
endloop
endfacet
facet normal 0 0 1
outer loop
vertex 168.47312877675202 -166.16479759999987 8.5
vertex 150.7483746876015 -161.85481472778434 8.5
vertex 150.9688907907489 -162.10170844844288 8.5
endloop
endfacet
facet normal 0 0 1
outer loop
vertex 168.47312877675202 -166.16479759999987 8.5
vertex 150.9688907907489 -162.10170844844288 8.5
vertex 151.2271112586703 -162.30884620693809 8.5
endloop
endfacet
facet normal 0 0 1
outer loop
vertex 168.47312877675202 -166.16479759999987 8.5
vertex 151.2271112586703 -162.30884620693809 8.5
vertex 151.5159618923964 -162.47055326443365 8.5
endloop
endfacet
facet normal 0 0 1
outer loop
vertex 168.47312877675202 -166.16479759999987 8.5
vertex 151.5159618923964 -162.47055326443365 8.5
vertex 151.82752869999996 -162.58239899999998 8.5
endloop
endfacet
facet normal 0 0 1
outer loop
vertex 168.47312877675202 -166.16479759999987 8.5
vertex 151.82752869999996 -162.58239899999998 8.5
vertex 165.19722679999958 -166.16479759999987 8.5
endloop
endfacet
facet normal 0 0 1
outer loop
vertex 153.7780572000051 -161.44859970000218 8.5
vertex 153.4675186851917 -161.3372167999953 8.5
vertex 150.4717699149442 -161.3372167999953 8.5
endloop
endfacet
facet normal 0 0 1
outer loop
vertex 153.7780572000051 -161.44859970000218 8.5
vertex 150.4717699149442 -161.3372167999953 8.5
vertex 150.51854847838808 -161.44859970000218 8.5
endloop
endfacet
facet normal 0 0 1
outer loop
vertex 190.6067968934243 -176.97041260001137 8.5
vertex 198.27147707542952 -161.25549890000707 8.5
vertex 196.49130884999693 -161.25549890000707 8.5
endloop
endfacet
facet normal 0 0 1
outer loop
vertex 190.6067968934243 -176.97041260001137 8.5
vertex 196.49130884999693 -161.25549890000707 8.5
vertex 188.82663319999486 -176.97041260001137 8.5
endloop
endfacet
facet normal 0 0 1
outer loop
vertex 153.4675186851917 -161.3372167999953 8.5
vertex 153.1795133986525 -161.17630358222897 8.5
vertex 150.42136187395357 -161.17630358222897 8.5
endloop
endfacet
facet normal 0 0 1
outer loop
vertex 153.4675186851917 -161.3372167999953 8.5
vertex 150.42136187395357 -161.17630358222897 8.5
vertex 150.44342212825094 -161.2697188167693 8.5
endloop
endfacet
facet normal 0 0 1
outer loop
vertex 153.4675186851917 -161.3372167999953 8.5
vertex 150.44342212825094 -161.2697188167693 8.5
vertex 150.4717699149442 -161.3372167999953 8.5
endloop
endfacet
facet normal 0 0 1
outer loop
vertex 153.1795133986525 -161.17630358222897 8.5
vertex 152.9218793721176 -160.9702336497698 8.5
vertex 150.37269791528067 -160.9702336497698 8.5
endloop
endfacet
facet normal 0 0 1
outer loop
vertex 153.1795133986525 -161.17630358222897 8.5
vertex 150.37269791528067 -160.9702336497698 8.5
vertex 150.42136187395357 -161.17630358222897 8.5
endloop
endfacet
facet normal 0 0 1
outer loop
vertex 198.27147707542952 -161.25549890000707 8.5
vertex 198.42179311900543 -160.94730552514613 8.5
vertex 196.61120699976703 -160.94730552514613 8.5
endloop
endfacet
facet normal 0 0 1
outer loop
vertex 198.27147707542952 -161.25549890000707 8.5
vertex 196.61120699976703 -160.94730552514613 8.5
vertex 196.49130884999693 -161.25549890000707 8.5
endloop
endfacet
facet normal 0 0 1
outer loop
vertex 152.9218793721176 -160.9702336497698 8.5
vertex 152.70162683436655 -160.72461417101147 8.5
vertex 150.35256109006806 -160.72461417101147 8.5
endloop
endfacet
facet normal 0 0 1
outer loop
vertex 152.9218793721176 -160.9702336497698 8.5
vertex 150.35256109006806 -160.72461417101147 8.5
vertex 150.36734014177026 -160.94754589366593 8.5
endloop
endfacet
facet normal 0 0 1
outer loop
vertex 152.9218793721176 -160.9702336497698 8.5
vertex 150.36734014177026 -160.94754589366593 8.5
vertex 150.37269791528067 -160.9702336497698 8.5
endloop
endfacet
facet normal 0 0 1
outer loop
vertex 198.42179311900543 -160.94730552514613 8.5
vertex 198.5796904808954 -160.62356815363978 8.5
vertex 196.6786817127813 -160.62356815363978 8.5
endloop
endfacet
facet normal 0 0 1
outer loop
vertex 198.42179311900543 -160.94730552514613 8.5
vertex 196.6786817127813 -160.62356815363978 8.5
vertex 196.61120699976703 -160.94730552514613 8.5
endloop
endfacet
facet normal 0 0 1
outer loop
vertex 152.70162683436655 -160.72461417101147 8.5
vertex 152.5247488629916 -160.44612845869574 8.5
vertex 150.36252588502913 -160.44612845869574 8.5
endloop
endfacet
facet normal 0 0 1
outer loop
vertex 152.70162683436655 -160.72461417101147 8.5
vertex 150.36252588502913 -160.44612845869574 8.5
vertex 150.3454425807462 -160.61723640565606 8.5
endloop
endfacet
facet normal 0 0 1
outer loop
vertex 152.70162683436655 -160.72461417101147 8.5
vertex 150.3454425807462 -160.61723640565606 8.5
vertex 150.35256109006806 -160.72461417101147 8.5
endloop
endfacet
facet normal 0 0 1
outer loop
vertex 198.5796904808954 -160.62356815363978 8.5
vertex 198.6349185499997 -160.5103339000007 8.5
vertex 198.7195347302218 -160.29313766180132 8.5
endloop
endfacet
facet normal 0 0 1
outer loop
vertex 198.5796904808954 -160.62356815363978 8.5
vertex 198.7195347302218 -160.29313766180132 8.5
vertex 196.69188825194522 -160.29313766180132 8.5
endloop
endfacet
facet normal 0 0 1
outer loop
vertex 198.5796904808954 -160.62356815363978 8.5
vertex 196.69188825194522 -160.29313766180132 8.5
vertex 196.6786817127813 -160.62356815363978 8.5
endloop
endfacet
facet normal 0 0 1
outer loop
vertex 152.5247488629916 -160.44612845869574 8.5
vertex 152.3960583124092 -160.14235411665462 8.5
vertex 150.40515844208616 -160.14235411665462 8.5
endloop
endfacet
facet normal 0 0 1
outer loop
vertex 152.5247488629916 -160.44612845869574 8.5
vertex 150.40515844208616 -160.14235411665462 8.5
vertex 150.37832935 -160.28783949999988 8.5
endloop
endfacet
facet normal 0 0 1
outer loop
vertex 152.5247488629916 -160.44612845869574 8.5
vertex 150.37832935 -160.28783949999988 8.5
vertex 150.36252588502913 -160.44612845869574 8.5
endloop
endfacet
facet normal 0 0 1
outer loop
vertex 198.7195347302218 -160.29313766180132 8.5
vertex 198.75427865513177 -160.20395554827502 8.5
vertex 198.80442759902047 -159.96504791377973 8.5
endloop
endfacet
facet normal 0 0 1
outer loop
vertex 198.7195347302218 -160.29313766180132 8.5
vertex 198.80442759902047 -159.96504791377973 8.5
vertex 196.65046555469505 -159.96504791377973 8.5
endloop
endfacet
facet normal 0 0 1
outer loop
vertex 198.7195347302218 -160.29313766180132 8.5
vertex 196.65046555469505 -159.96504791377973 8.5
vertex 196.69188825194522 -160.29313766180132 8.5
endloop
endfacet
facet normal 0 0 1
outer loop
vertex 152.3960583124092 -160.14235411665462 8.5
vertex 152.31905685596155 -159.8215568529012 8.5
vertex 150.46431695775507 -159.8215568529012 8.5
endloop
endfacet
facet normal 0 0 1
outer loop
vertex 152.3960583124092 -160.14235411665462 8.5
vertex 150.46431695775507 -159.8215568529012 8.5
vertex 150.40515844208616 -160.14235411665462 8.5
endloop
endfacet
facet normal 0 0 1
outer loop
vertex 198.80442759902047 -159.96504791377973 8.5
vertex 198.82182637030323 -159.8821608384404 8.5
vertex 198.83172960619788 -159.64826877846045 8.5
endloop
endfacet
facet normal 0 0 1
outer loop
vertex 198.80442759902047 -159.96504791377973 8.5
vertex 198.83172960619788 -159.64826877846045 8.5
vertex 196.55554610433467 -159.64826877846045 8.5
endloop
endfacet
facet normal 0 0 1
outer loop
vertex 198.80442759902047 -159.96504791377973 8.5
vertex 196.55554610433467 -159.64826877846045 8.5
vertex 196.65046555469505 -159.96504791377973 8.5
endloop
endfacet
facet normal 0 0 1
outer loop
vertex 152.31905685596155 -159.8215568529012 8.5
vertex 152.2958397053949 -159.49246556978989 8.5
vertex 150.52500498108998 -159.49246556978989 8.5
endloop
endfacet
facet normal 0 0 1
outer loop
vertex 152.31905685596155 -159.8215568529012 8.5
vertex 150.52500498108998 -159.49246556978989 8.5
vertex 150.46431695775507 -159.8215568529012 8.5
endloop
endfacet
facet normal 0 0 1
outer loop
vertex 198.83172960619788 -159.64826877846045 8.5
vertex 198.83573597316007 -159.55364744137557 8.5
vertex 198.81088990713917 -159.35146089629944 8.5
endloop
endfacet
facet normal 0 0 1
outer loop
vertex 198.83172960619788 -159.64826877846045 8.5
vertex 198.81088990713917 -159.35146089629944 8.5
vertex 196.4097249683393 -159.35146089629944 8.5
endloop
endfacet
facet normal 0 0 1
outer loop
vertex 198.83172960619788 -159.64826877846045 8.5
vertex 196.4097249683393 -159.35146089629944 8.5
vertex 196.55554610433467 -159.64826877846045 8.5
endloop
endfacet
facet normal 0 0 1
outer loop
vertex 152.2958397053949 -159.49246556978989 8.5
vertex 152.32703860000277 -159.1640348499877 8.5
vertex 150.58557118934323 -159.1640348499877 8.5
endloop
endfacet
facet normal 0 0 1
outer loop
vertex 152.2958397053949 -159.49246556978989 8.5
vertex 150.58557118934323 -159.1640348499877 8.5
vertex 150.52500498108998 -159.49246556978989 8.5
endloop
endfacet
facet normal 0 0 1
outer loop
vertex 198.81088990713917 -159.35146089629944 8.5
vertex 198.7956315061615 -159.22729462488763 8.5
vertex 198.75298723590475 -159.08273780001983 8.5
endloop
endfacet
facet normal 0 0 1
outer loop
vertex 198.81088990713917 -159.35146089629944 8.5
vertex 198.75298723590475 -159.08273780001983 8.5
vertex 196.2169877000151 -159.08273780001983 8.5
endloop
endfacet
facet normal 0 0 1
outer loop
vertex 198.81088990713917 -159.35146089629944 8.5
vertex 196.2169877000151 -159.08273780001983 8.5
vertex 196.4097249683393 -159.35146089629944 8.5
endloop
endfacet
facet normal 0 0 1
outer loop
vertex 249.88374250695927 -150.50602205548532 8.5
vertex 250.26673911023985 -150.42111370785847 8.5
vertex 250.6317377917424 -150.27733683863767 8.5
endloop
endfacet
facet normal 0 0 1
outer loop
vertex 249.88374250695927 -150.50602205548532 8.5
vertex 250.6317377917424 -150.27733683863767 8.5
vertex 250.96975106771524 -150.07823171342253 8.5
endloop
endfacet
facet normal 0 0 1
outer loop
vertex 249.88374250695927 -150.50602205548532 8.5
vertex 250.96975106771524 -150.07823171342253 8.5
vertex 251.2724559250117 -149.8287009638329 8.5
endloop
endfacet
facet normal 0 0 1
outer loop
vertex 249.88374250695927 -150.50602205548532 8.5
vertex 251.2724559250117 -149.8287009638329 8.5
vertex 251.53239876140086 -149.5348888683863 8.5
endloop
endfacet
facet normal 0 0 1
outer loop
vertex 249.88374250695927 -150.50602205548532 8.5
vertex 251.53239876140086 -149.5348888683863 8.5
vertex 251.59957733489367 -149.42943955507693 8.5
endloop
endfacet
facet normal 0 0 1
outer loop
vertex 249.88374250695927 -150.50602205548532 8.5
vertex 251.59957733489367 -149.42943955507693 8.5
vertex 248.7215778344744 -149.42943955507693 8.5
endloop
endfacet
facet normal 0 0 1
outer loop
vertex 249.88374250695927 -150.50602205548532 8.5
vertex 248.7215778344744 -149.42943955507693 8.5
vertex 243.07350342628774 -149.42943955507693 8.5
endloop
endfacet
facet normal 0 0 1
outer loop
vertex 249.88374250695927 -150.50602205548532 8.5
vertex 243.07350342628774 -149.42943955507693 8.5
vertex 249.10168909999925 -150.49237129999992 8.5
endloop
endfacet
facet normal 0 0 1
outer loop
vertex 249.88374250695927 -150.50602205548532 8.5
vertex 249.10168909999925 -150.49237129999992 8.5
vertex 249.4921786344557 -150.5299711550767 8.5
endloop
endfacet
facet normal 0 0 1
outer loop
vertex 251.59957733489367 -149.42943955507693 8.5
vertex 251.61483458310565 -149.40549045548616 8.5
vertex 249.1131417069678 -149.40549045548616 8.5
endloop
endfacet
facet normal 0 0 1
outer loop
vertex 251.59957733489367 -149.42943955507693 8.5
vertex 249.1131417069678 -149.40549045548616 8.5
vertex 248.7215778344744 -149.42943955507693 8.5
endloop
endfacet
facet normal 0 0 1
outer loop
vertex 248.7215778344744 -149.42943955507693 8.5
vertex 248.33108829995376 -149.39183969999397 8.5
vertex 242.86026404490005 -149.39183969999397 8.5
endloop
endfacet
facet normal 0 0 1
outer loop
vertex 248.7215778344744 -149.42943955507693 8.5
vertex 242.86026404490005 -149.39183969999397 8.5
vertex 243.07350342628774 -149.42943955507693 8.5
endloop
endfacet
facet normal 0 0 1
outer loop
vertex 251.61483458310565 -149.40549045548616 8.5
vertex 251.66892712758883 -149.3205821078637 8.5
vertex 249.4961383102289 -149.3205821078637 8.5
endloop
endfacet
facet normal 0 0 1
outer loop
vertex 251.61483458310565 -149.40549045548616 8.5
vertex 249.4961383102289 -149.3205821078637 8.5
vertex 249.1131417069678 -149.40549045548616 8.5
endloop
endfacet
facet normal 0 0 1
outer loop
vertex 251.66892712758883 -149.3205821078637 8.5
vertex 251.74317891809682 -149.20403005988223 8.5
vertex 251.75501659541507 -149.17680523863723 8.5
endloop
endfacet
facet normal 0 0 1
outer loop
vertex 251.66892712758883 -149.3205821078637 8.5
vertex 251.75501659541507 -149.17680523863723 8.5
vertex 249.8611369917458 -149.17680523863723 8.5
endloop
endfacet
facet normal 0 0 1
outer loop
vertex 251.66892712758883 -149.3205821078637 8.5
vertex 249.8611369917458 -149.17680523863723 8.5
vertex 249.4961383102289 -149.3205821078637 8.5
endloop
endfacet
facet normal 0 0 1
outer loop
vertex 251.75501659541507 -149.17680523863723 8.5
vertex 251.84158988100214 -148.9777001134229 8.5
vertex 250.19915026771727 -148.9777001134229 8.5
endloop
endfacet
facet normal 0 0 1
outer loop
vertex 251.75501659541507 -149.17680523863723 8.5
vertex 250.19915026771727 -148.9777001134229 8.5
vertex 249.8611369917458 -149.17680523863723 8.5
endloop
endfacet
facet normal 0 0 1
outer loop
vertex 251.84158988100214 -148.9777001134229 8.5
vertex 251.89960628530042 -148.84427138464164 8.5
vertex 251.92963208644787 -148.72816936383938 8.5
endloop
endfacet
facet normal 0 0 1
outer loop
vertex 251.84158988100214 -148.9777001134229 8.5
vertex 251.92963208644787 -148.72816936383938 8.5
vertex 250.5018551250064 -148.72816936383938 8.5
endloop
endfacet
facet normal 0 0 1
outer loop
vertex 251.84158988100214 -148.9777001134229 8.5
vertex 250.5018551250064 -148.72816936383938 8.5
vertex 250.19915026771727 -148.9777001134229 8.5
endloop
endfacet
facet normal 0 0 1
outer loop
vertex 251.92963208644787 -148.72816936383938 8.5
vertex 251.99782820000004 -148.46447259999977 8.5
vertex 252.0031383470581 -148.43435726838658 8.5
endloop
endfacet
facet normal 0 0 1
outer loop
vertex 251.92963208644787 -148.72816936383938 8.5
vertex 252.0031383470581 -148.43435726838658 8.5
vertex 250.76179796140104 -148.43435726838658 8.5
endloop
endfacet
facet normal 0 0 1
outer loop
vertex 251.92963208644787 -148.72816936383938 8.5
vertex 250.76179796140104 -148.43435726838658 8.5
vertex 250.5018551250064 -148.72816936383938 8.5
endloop
endfacet
facet normal 0 0 1
outer loop
vertex 252.0031383470581 -148.43435726838658 8.5
vertex 252.06147769895816 -148.10349845988998 8.5
vertex 250.97257811809223 -148.10349845988998 8.5
endloop
endfacet
facet normal 0 0 1
outer loop
vertex 252.0031383470581 -148.43435726838658 8.5
vertex 250.97257811809223 -148.10349845988998 8.5
vertex 250.76179796140104 -148.43435726838658 8.5
endloop
endfacet
facet normal 0 0 1
outer loop
vertex 252.06147769895816 -148.10349845988998 8.5
vertex 252.12491287860738 -147.74373978462307 8.5
vertex 251.12900548530732 -147.74373978462307 8.5
endloop
endfacet
facet normal 0 0 1
outer loop
vertex 252.06147769895816 -148.10349845988998 8.5
vertex 251.12900548530732 -147.74373978462307 8.5
vertex 250.97257811809223 -148.10349845988998 8.5
endloop
endfacet
facet normal 0 0 1
outer loop
vertex 252.12491287860738 -147.74373978462307 8.5
vertex 252.19188195338734 -147.3639394000428 8.5
vertex 251.22722659999098 -147.3639394000428 8.5
endloop
endfacet
facet normal 0 0 1
outer loop
vertex 252.12491287860738 -147.74373978462307 8.5
vertex 251.22722659999098 -147.3639394000428 8.5
vertex 251.12900548530732 -147.74373978462307 8.5
endloop
endfacet
facet normal 0 0 1
outer loop
vertex 198.75298723590475 -159.08273780001983 8.5
vertex 198.70259693819872 -158.9119232592463 8.5
vertex 198.5591468663979 -158.61605740112276 8.5
endloop
endfacet
facet normal 0 0 1
outer loop
vertex 198.75298723590475 -159.08273780001983 8.5
vertex 198.5591468663979 -158.61605740112276 8.5
vertex 198.36915710000002 -158.3476978 8.5
endloop
endfacet
facet normal 0 0 1
outer loop
vertex 198.75298723590475 -159.08273780001983 8.5
vertex 198.36915710000002 -158.3476978 8.5
vertex 185.6634063999999 -143.21180859999987 8.5
endloop
endfacet
facet normal 0 0 1
outer loop
vertex 198.75298723590475 -159.08273780001983 8.5
vertex 185.6634063999999 -143.21180859999987 8.5
vertex 183.34624571590265 -143.21180859999987 8.5
endloop
endfacet
facet normal 0 0 1
outer loop
vertex 198.75298723590475 -159.08273780001983 8.5
vertex 183.34624571590265 -143.21180859999987 8.5
vertex 183.35716865460594 -143.45252462317063 8.5
endloop
endfacet
facet normal 0 0 1
outer loop
vertex 198.75298723590475 -159.08273780001983 8.5
vertex 183.35716865460594 -143.45252462317063 8.5
vertex 183.41304152972552 -143.7400521196798 8.5
endloop
endfacet
facet normal 0 0 1
outer loop
vertex 198.75298723590475 -159.08273780001983 8.5
vertex 183.41304152972552 -143.7400521196798 8.5
vertex 183.5103114057299 -144.01633532702718 8.5
endloop
endfacet
facet normal 0 0 1
outer loop
vertex 198.75298723590475 -159.08273780001983 8.5
vertex 183.5103114057299 -144.01633532702718 8.5
vertex 183.64689199357863 -144.27544839589444 8.5
endloop
endfacet
facet normal 0 0 1
outer loop
vertex 198.75298723590475 -159.08273780001983 8.5
vertex 183.64689199357863 -144.27544839589444 8.5
vertex 183.81985384996815 -144.5118337499645 8.5
endloop
endfacet
facet normal 0 0 1
outer loop
vertex 198.75298723590475 -159.08273780001983 8.5
vertex 183.81985384996815 -144.5118337499645 8.5
vertex 196.2169877000151 -159.08273780001983 8.5
endloop
endfacet
facet normal 0 0 1
outer loop
vertex 185.6634063999999 -143.21180859999987 8.5
vertex 185.49318023197253 -142.97616331270055 8.5
vertex 183.3625608659251 -142.97616331270055 8.5
endloop
endfacet
facet normal 0 0 1
outer loop
vertex 185.6634063999999 -143.21180859999987 8.5
vertex 183.3625608659251 -142.97616331270055 8.5
vertex 183.34389116748056 -143.15991985943995 8.5
endloop
endfacet
facet normal 0 0 1
outer loop
vertex 185.6634063999999 -143.21180859999987 8.5
vertex 183.34389116748056 -143.15991985943995 8.5
vertex 183.34624571590265 -143.21180859999987 8.5
endloop
endfacet
facet normal 0 0 1
outer loop
vertex 185.49318023197253 -142.97616331270055 8.5
vertex 185.35891250077864 -142.71833037053133 8.5
vertex 183.39997971474207 -142.71833037053133 8.5
endloop
endfacet
facet normal 0 0 1
outer loop
vertex 185.49318023197253 -142.97616331270055 8.5
vertex 183.39997971474207 -142.71833037053133 8.5
vertex 183.37349770000003 -142.86851750000372 8.5
endloop
endfacet
facet normal 0 0 1
outer loop
vertex 185.49318023197253 -142.97616331270055 8.5
vertex 183.37349770000003 -142.86851750000372 8.5
vertex 183.3625608659251 -142.97616331270055 8.5
endloop
endfacet
facet normal 0 0 1
outer loop
vertex 185.35891250077864 -142.71833037053133 8.5
vertex 185.26343980188275 -142.44375685856528 8.5
vertex 183.44839438127977 -142.44375685856528 8.5
endloop
endfacet
facet normal 0 0 1
outer loop
vertex 185.35891250077864 -142.71833037053133 8.5
vertex 183.44839438127977 -142.44375685856528 8.5
vertex 183.39997971474207 -142.71833037053133 8.5
endloop
endfacet
facet normal 0 0 1
outer loop
vertex 185.26343980188275 -142.44375685856528 8.5
vertex 185.20877913089763 -142.15824353005848 8.5
vertex 183.49873803057335 -142.15824353005848 8.5
endloop
endfacet
facet normal 0 0 1
outer loop
vertex 185.26343980188275 -142.44375685856528 8.5
vertex 183.49873803057335 -142.15824353005848 8.5
vertex 183.44839438127977 -142.44375685856528 8.5
endloop
endfacet
facet normal 0 0 1
outer loop
vertex 185.20877913089763 -142.15824353005848 8.5
vertex 185.19608527170178 -141.86782225734163 8.5
vertex 183.54994708192487 -141.86782225734163 8.5
endloop
endfacet
facet normal 0 0 1
outer loop
vertex 185.20877913089763 -142.15824353005848 8.5
vertex 183.54994708192487 -141.86782225734163 8.5
vertex 183.49873803057335 -142.15824353005848 8.5
endloop
endfacet
facet normal 0 0 1
outer loop
vertex 185.19608527170178 -141.86782225734163 8.5
vertex 185.2256228 -141.57862719999997 8.5
vertex 183.60093991865295 -141.57862719999997 8.5
endloop
endfacet
facet normal 0 0 1
outer loop
vertex 185.19608527170178 -141.86782225734163 8.5
vertex 183.60093991865295 -141.57862719999997 8.5
vertex 183.54994708192487 -141.86782225734163 8.5
endloop
endfacet
facet normal 0 0 1
outer loop
vertex 185.2256228 -141.57862719999997 8.5
vertex 185.62738180000002 -139.30013870000002 8.5
vertex 184.00269848650458 -139.30013870000002 8.5
endloop
endfacet
facet normal 0 0 1
outer loop
vertex 185.2256228 -141.57862719999997 8.5
vertex 184.00269848650458 -139.30013870000002 8.5
vertex 183.60093991865295 -141.57862719999997 8.5
endloop
endfacet
facet normal 0 0 1
outer loop
vertex 248.33108829995376 -149.39183969999397 8.5
vertex 191.09821335379218 -139.30013870000002 8.5
vertex 185.62738180000002 -139.30013870000002 8.5
endloop
endfacet
facet normal 0 0 1
outer loop
vertex 248.33108829995376 -149.39183969999397 8.5
vertex 185.62738180000002 -139.30013870000002 8.5
vertex 242.86026404490005 -149.39183969999397 8.5
endloop
endfacet
facet normal 0 0 1
outer loop
vertex 152.32703860000277 -159.1640348499877 8.5
vertex 156.08849643566455 -138.16996520000038 8.5
vertex 154.45710669999994 -138.16996520000038 8.5
endloop
endfacet
facet normal 0 0 1
outer loop
vertex 152.32703860000277 -159.1640348499877 8.5
vertex 154.45710669999994 -138.16996520000038 8.5
vertex 150.58557118934323 -159.1640348499877 8.5
endloop
endfacet
facet normal 0 0 1
outer loop
vertex 185.62738180000002 -139.30013870000002 8.5
vertex 191.09821335379218 -139.30013870000002 8.5
vertex 184.3185827999995 -138.10470680000094 8.5
endloop
endfacet
facet normal 0 0 1
outer loop
vertex 185.62738180000002 -139.30013870000002 8.5
vertex 184.3185827999995 -138.10470680000094 8.5
vertex 184.21348515850565 -138.10470680000094 8.5
endloop
endfacet
facet normal 0 0 1
outer loop
vertex 185.62738180000002 -139.30013870000002 8.5
vertex 184.21348515850565 -138.10470680000094 8.5
vertex 184.00269848650458 -139.30013870000002 8.5
endloop
endfacet
facet normal 0 0 1
outer loop
vertex 184.3185827999995 -138.10470680000094 8.5
vertex 184.2677024486826 -138.09518916155727 8.5
vertex 184.21516337315998 -138.09518916155727 8.5
endloop
endfacet
facet normal 0 0 1
outer loop
vertex 184.3185827999995 -138.10470680000094 8.5
vertex 184.21516337315998 -138.09518916155727 8.5
vertex 184.21348515850565 -138.10470680000094 8.5
endloop
endfacet
facet normal 0 0 1
outer loop
vertex 184.2677024486826 -138.09518916155727 8.5
vertex 184.21702640000026 -138.08462340000185 8.5
vertex 184.21516337315998 -138.09518916155727 8.5
endloop
endfacet
facet normal 0 0 1
outer loop
vertex 156.08849643566455 -138.16996520000038 8.5
vertex 156.14470388275686 -137.85625091403492 8.5
vertex 154.48967178101014 -137.85625091403492 8.5
endloop
endfacet
facet normal 0 0 1
outer loop
vertex 156.08849643566455 -138.16996520000038 8.5
vertex 154.48967178101014 -137.85625091403492 8.5
vertex 154.45710669999994 -138.16996520000038 8.5
endloop
endfacet
facet normal 0 0 1
outer loop
vertex 156.14470388275686 -137.85625091403492 8.5
vertex 156.20112916096522 -137.54132083307118 8.5
vertex 154.47251243793528 -137.54132083307118 8.5
endloop
endfacet
facet normal 0 0 1
outer loop
vertex 156.14470388275686 -137.85625091403492 8.5
vertex 154.47251243793528 -137.54132083307118 8.5
vertex 154.48967178101014 -137.85625091403492 8.5
endloop
endfacet
facet normal 0 0 1
outer loop
vertex 156.20112916096522 -137.54132083307118 8.5
vertex 156.2563695043602 -137.23300430597135 8.5
vertex 154.40605705389999 -137.23300430597135 8.5
endloop
endfacet
facet normal 0 0 1
outer loop
vertex 156.20112916096522 -137.54132083307118 8.5
vertex 154.40605705389999 -137.23300430597135 8.5
vertex 154.47251243793528 -137.54132083307118 8.5
endloop
endfacet
facet normal 0 0 1
outer loop
vertex 156.2563695043602 -137.23300430597135 8.5
vertex 156.30905114914262 -136.93896881011872 8.5
vertex 154.29195829786403 -136.93896881011872 8.5
endloop
endfacet
facet normal 0 0 1
outer loop
vertex 156.2563695043602 -137.23300430597135 8.5
vertex 154.29195829786403 -136.93896881011872 8.5
vertex 154.40605705389999 -137.23300430597135 8.5
endloop
endfacet
facet normal 0 0 1
outer loop
vertex 156.30905114914262 -136.93896881011872 8.5
vertex 156.3225019999995 -136.8638947000054 8.5
vertex 156.34203073564 -136.66652667007696 8.5
endloop
endfacet
facet normal 0 0 1
outer loop
vertex 156.30905114914262 -136.93896881011872 8.5
vertex 156.34203073564 -136.66652667007696 8.5
vertex 154.13305367464633 -136.66652667007696 8.5
endloop
endfacet
facet normal 0 0 1
outer loop
vertex 156.30905114914262 -136.93896881011872 8.5
vertex 154.13305367464633 -136.66652667007696 8.5
vertex 154.29195829786403 -136.93896881011872 8.5
endloop
endfacet
facet normal 0 0 1
outer loop
vertex 156.34203073564 -136.66652667007696 8.5
vertex 156.35345783108028 -136.55103822492816 8.5
vertex 156.34589550054457 -136.42245320848963 8.5
endloop
endfacet
facet normal 0 0 1
outer loop
vertex 156.34203073564 -136.66652667007696 8.5
vertex 156.34589550054457 -136.42245320848963 8.5
vertex 153.93329495944468 -136.42245320848963 8.5
endloop
endfacet
facet normal 0 0 1
outer loop
vertex 156.34203073564 -136.66652667007696 8.5
vertex 153.93329495944468 -136.42245320848963 8.5
vertex 154.13305367464633 -136.66652667007696 8.5
endloop
endfacet
facet normal 0 0 1
outer loop
vertex 156.34589550054457 -136.42245320848963 8.5
vertex 156.33500005612726 -136.23719406213252 8.5
vertex 156.32964889038888 -136.21281825159744 8.5
endloop
endfacet
facet normal 0 0 1
outer loop
vertex 156.34589550054457 -136.42245320848963 8.5
vertex 156.32964889038888 -136.21281825159744 8.5
vertex 153.69764992173086 -136.21281825159744 8.5
endloop
endfacet
facet normal 0 0 1
outer loop
vertex 156.34589550054457 -136.42245320848963 8.5
vertex 153.69764992173086 -136.21281825159744 8.5
vertex 153.93329495944468 -136.42245320848963 8.5
endloop
endfacet
facet normal 0 0 1
outer loop
vertex 156.32964889038888 -136.21281825159744 8.5
vertex 156.292332896755 -136.04283517964316 8.5
vertex 153.43197878253935 -136.04283517964316 8.5
endloop
endfacet
facet normal 0 0 1
outer loop
vertex 156.32964889038888 -136.21281825159744 8.5
vertex 153.43197878253935 -136.04283517964316 8.5
vertex 153.69764992173086 -136.21281825159744 8.5
endloop
endfacet
facet normal 0 0 1
outer loop
vertex 156.292332896755 -136.04283517964316 8.5
vertex 156.2675887614434 -135.93011986045883 8.5
vertex 156.2623425301841 -135.91673127610127 8.5
endloop
endfacet
facet normal 0 0 1
outer loop
vertex 156.292332896755 -136.04283517964316 8.5
vertex 156.2623425301841 -135.91673127610127 8.5
vertex 153.14288847751047 -135.91673127610127 8.5
endloop
endfacet
facet normal 0 0 1
outer loop
vertex 156.292332896755 -136.04283517964316 8.5
vertex 153.14288847751047 -135.91673127610127 8.5
vertex 153.43197878253935 -136.04283517964316 8.5
endloop
endfacet
facet normal 0 0 1
outer loop
vertex 156.2623425301841 -135.91673127610127 8.5
vertex 156.23135213764235 -135.83764259999992 8.5
vertex 152.83756834999954 -135.83764259999992 8.5
endloop
endfacet
facet normal 0 0 1
outer loop
vertex 156.2623425301841 -135.91673127610127 8.5
vertex 152.83756834999954 -135.83764259999992 8.5
vertex 153.14288847751047 -135.91673127610127 8.5
endloop
endfacet
facet normal 0 0 1
outer loop
vertex 156.23135213764235 -135.83764259999992 8.5
vertex 156.1528896606974 -135.63740333498086 8.5
vertex 155.99373693566204 -135.36627742680102 8.5
endloop
endfacet
facet normal 0 0 1
outer loop
vertex 156.23135213764235 -135.83764259999992 8.5
vertex 155.99373693566204 -135.36627742680102 8.5
vertex 155.79406320432346 -135.1234415789881 8.5
endloop
endfacet
facet normal 0 0 1
outer loop
vertex 156.23135213764235 -135.83764259999992 8.5
vertex 155.79406320432346 -135.1234415789881 8.5
vertex 155.55880234702684 -134.91489619535838 8.5
endloop
endfacet
facet normal 0 0 1
outer loop
vertex 156.23135213764235 -135.83764259999992 8.5
vertex 155.55880234702684 -134.91489619535838 8.5
vertex 155.29376759189373 -134.74579437236227 8.5
endloop
endfacet
facet normal 0 0 1
outer loop
vertex 156.23135213764235 -135.83764259999992 8.5
vertex 155.29376759189373 -134.74579437236227 8.5
vertex 155.00550787130473 -134.62031456728437 8.5
endloop
endfacet
facet normal 0 0 1
outer loop
vertex 156.23135213764235 -135.83764259999992 8.5
vertex 155.00550787130473 -134.62031456728437 8.5
vertex 154.7011460000003 -134.54155735000012 8.5
endloop
endfacet
facet normal 0 0 1
outer loop
vertex 156.23135213764235 -135.83764259999992 8.5
vertex 154.7011460000003 -134.54155735000012 8.5
vertex 145.9710527000022 -133.0022096000005 8.5
endloop
endfacet
facet normal 0 0 1
outer loop
vertex 156.23135213764235 -135.83764259999992 8.5
vertex 145.9710527000022 -133.0022096000005 8.5
vertex 142.58737699799582 -133.0022096000005 8.5
endloop
endfacet
facet normal 0 0 1
outer loop
vertex 156.23135213764235 -135.83764259999992 8.5
vertex 142.58737699799582 -133.0022096000005 8.5
vertex 142.65653778691524 -133.1849188711129 8.5
endloop
endfacet
facet normal 0 0 1
outer loop
vertex 156.23135213764235 -135.83764259999992 8.5
vertex 142.65653778691524 -133.1849188711129 8.5
vertex 142.8147923403594 -133.4606764805544 8.5
endloop
endfacet
facet normal 0 0 1
outer loop
vertex 156.23135213764235 -135.83764259999992 8.5
vertex 142.8147923403594 -133.4606764805544 8.5
vertex 143.01474590020396 -133.70787141730716 8.5
endloop
endfacet
facet normal 0 0 1
outer loop
vertex 156.23135213764235 -135.83764259999992 8.5
vertex 143.01474590020396 -133.70787141730716 8.5
vertex 143.25134530192767 -133.92025664738372 8.5
endloop
endfacet
facet normal 0 0 1
outer loop
vertex 156.23135213764235 -135.83764259999992 8.5
vertex 143.25134530192767 -133.92025664738372 8.5
vertex 143.51861127862742 -134.0924648369378 8.5
endloop
endfacet
facet normal 0 0 1
outer loop
vertex 156.23135213764235 -135.83764259999992 8.5
vertex 143.51861127862742 -134.0924648369378 8.5
vertex 143.8097895672019 -134.22014399386467 8.5
endloop
endfacet
facet normal 0 0 1
outer loop
vertex 156.23135213764235 -135.83764259999992 8.5
vertex 143.8097895672019 -134.22014399386467 8.5
vertex 144.11752319999977 -134.30006489999994 8.5
endloop
endfacet
facet normal 0 0 1
outer loop
vertex 156.23135213764235 -135.83764259999992 8.5
vertex 144.11752319999977 -134.30006489999994 8.5
vertex 152.83756834999954 -135.83764259999992 8.5
endloop
endfacet
facet normal 0 0 1
outer loop
vertex 145.9710527000022 -133.0022096000005 8.5
vertex 145.66331931719694 -132.92228634386328 8.5
vertex 142.5571237141104 -132.92228634386328 8.5
endloop
endfacet
facet normal 0 0 1
outer loop
vertex 145.9710527000022 -133.0022096000005 8.5
vertex 142.5571237141104 -132.92228634386328 8.5
vertex 142.58737699799582 -133.0022096000005 8.5
endloop
endfacet
facet normal 0 0 1
outer loop
vertex 145.66331931719694 -132.92228634386328 8.5
vertex 145.37214102863987 -132.79460718694406 8.5
vertex 142.51701956353446 -132.79460718694406 8.5
endloop
endfacet
facet normal 0 0 1
outer loop
vertex 145.66331931719694 -132.92228634386328 8.5
vertex 142.51701956353446 -132.79460718694406 8.5
vertex 142.54398159999988 -132.88756744999978 8.5
endloop
endfacet
facet normal 0 0 1
outer loop
vertex 145.66331931719694 -132.92228634386328 8.5
vertex 142.54398159999988 -132.88756744999978 8.5
vertex 142.5571237141104 -132.92228634386328 8.5
endloop
endfacet
facet normal 0 0 1
outer loop
vertex 145.37214102863987 -132.79460718694406 8.5
vertex 145.10487505191497 -132.62239899737375 8.5
vertex 142.46707259335372 -132.62239899737375 8.5
endloop
endfacet
facet normal 0 0 1
outer loop
vertex 145.37214102863987 -132.79460718694406 8.5
vertex 142.46707259335372 -132.62239899737375 8.5
vertex 142.51701956353446 -132.79460718694406 8.5
endloop
endfacet
facet normal 0 0 1
outer loop
vertex 145.10487505191497 -132.62239899737375 8.5
vertex 144.86827565019914 -132.4100137673042 8.5
vertex 142.40547274273348 -132.4100137673042 8.5
endloop
endfacet
facet normal 0 0 1
outer loop
vertex 145.10487505191497 -132.62239899737375 8.5
vertex 142.40547274273348 -132.4100137673042 8.5
vertex 142.46707259335372 -132.62239899737375 8.5
endloop
endfacet
facet normal 0 0 1
outer loop
vertex 144.86827565019914 -132.4100137673042 8.5
vertex 144.66832209036423 -132.1628188305634 8.5
vertex 142.33377674404127 -132.1628188305634 8.5
endloop
endfacet
facet normal 0 0 1
outer loop
vertex 144.86827565019914 -132.4100137673042 8.5
vertex 142.33377674404127 -132.1628188305634 8.5
vertex 142.40547274273348 -132.4100137673042 8.5
endloop
endfacet
facet normal 0 0 1
outer loop
vertex 144.66832209036423 -132.1628188305634 8.5
vertex 144.51006753691223 -131.88706122110815 8.5
vertex 142.2537964763726 -131.88706122110815 8.5
endloop
endfacet
facet normal 0 0 1
outer loop
vertex 144.66832209036423 -132.1628188305634 8.5
vertex 142.2537964763726 -131.88706122110815 8.5
vertex 142.33377674404127 -132.1628188305634 8.5
endloop
endfacet
facet normal 0 0 1
outer loop
vertex 144.51006753691223 -131.88706122110815 8.5
vertex 144.39751134999344 -131.5897097999859 8.5
vertex 142.16755317632368 -131.5897097999859 8.5
endloop
endfacet
facet normal 0 0 1
outer loop
vertex 144.51006753691223 -131.88706122110815 8.5
vertex 142.16755317632368 -131.5897097999859 8.5
vertex 142.2537964763726 -131.88706122110815 8.5
endloop
endfacet
facet normal 0 0 1
outer loop
vertex 108.96558502159289 -132.8357939225922 8.5
vertex 109.27562986973612 -132.76538306250742 8.5
vertex 109.57059930739035 -132.64673008981904 8.5
endloop
endfacet
facet normal 0 0 1
outer loop
vertex 108.96558502159289 -132.8357939225922 8.5
vertex 109.57059930739035 -132.64673008981904 8.5
vertex 109.84303905149885 -132.48283352820798 8.5
endloop
endfacet
facet normal 0 0 1
outer loop
vertex 108.96558502159289 -132.8357939225922 8.5
vertex 109.84303905149885 -132.48283352820798 8.5
vertex 110.08606417532243 -132.27783526902414 8.5
endloop
endfacet
facet normal 0 0 1
outer loop
vertex 108.96558502159289 -132.8357939225922 8.5
vertex 110.08606417532243 -132.27783526902414 8.5
vertex 110.29353620000016 -132.0369117999998 8.5
endloop
endfacet
facet normal 0 0 1
outer loop
vertex 108.96558502159289 -132.8357939225922 8.5
vertex 110.29353620000016 -132.0369117999998 8.5
vertex 111.04978135008123 -131.0026564358133 8.5
endloop
endfacet
facet normal 0 0 1
outer loop
vertex 108.96558502159289 -132.8357939225922 8.5
vertex 111.04978135008123 -131.0026564358133 8.5
vertex 107.35043522352915 -131.0026564358133 8.5
endloop
endfacet
facet normal 0 0 1
outer loop
vertex 108.96558502159289 -132.8357939225922 8.5
vertex 107.35043522352915 -131.0026564358133 8.5
vertex 97.99088129994311 -131.0026564358133 8.5
endloop
endfacet
facet normal 0 0 1
outer loop
vertex 108.96558502159289 -132.8357939225922 8.5
vertex 97.99088129994311 -131.0026564358133 8.5
vertex 108.33179309999971 -132.82603589999997 8.5
endloop
endfacet
facet normal 0 0 1
outer loop
vertex 108.96558502159289 -132.8357939225922 8.5
vertex 108.33179309999971 -132.82603589999997 8.5
vertex 108.64830002235945 -132.85618329087535 8.5
endloop
endfacet
facet normal 0 0 1
outer loop
vertex 111.04978135008123 -131.0026564358133 8.5
vertex 111.06468861198107 -130.98226897867247 8.5
vertex 107.66772346483042 -130.98226897867247 8.5
endloop
endfacet
facet normal 0 0 1
outer loop
vertex 111.04978135008123 -131.0026564358133 8.5
vertex 107.66772346483042 -130.98226897867247 8.5
vertex 107.35043522352915 -131.0026564358133 8.5
endloop
endfacet
facet normal 0 0 1
outer loop
vertex 107.35043522352915 -131.0026564358133 8.5
vertex 107.03392545000341 -130.9725061500001 8.5
vertex 97.81989031728455 -130.9725061500001 8.5
endloop
endfacet
facet normal 0 0 1
outer loop
vertex 107.35043522352915 -131.0026564358133 8.5
vertex 97.81989031728455 -130.9725061500001 8.5
vertex 97.99088129994311 -131.0026564358133 8.5
endloop
endfacet
facet normal 0 0 1
outer loop
vertex 111.06468861198107 -130.98226897867247 8.5
vertex 111.1161722212416 -130.9118590077263 8.5
vertex 107.97777170698892 -130.9118590077263 8.5
endloop
endfacet
facet normal 0 0 1
outer loop
vertex 111.06468861198107 -130.98226897867247 8.5
vertex 107.97777170698892 -130.9118590077263 8.5
vertex 107.66772346483042 -130.98226897867247 8.5
endloop
endfacet
facet normal 0 0 1
outer loop
vertex 111.1161722212416 -130.9118590077263 8.5
vertex 111.20293109082179 -130.79320591455345 8.5
vertex 108.27274445139116 -130.79320591455345 8.5
endloop
endfacet
facet normal 0 0 1
outer loop
vertex 111.1161722212416 -130.9118590077263 8.5
vertex 108.27274445139116 -130.79320591455345 8.5
vertex 107.97777170698892 -130.9118590077263 8.5
endloop
endfacet
facet normal 0 0 1
outer loop
vertex 111.20293109082179 -130.79320591455345 8.5
vertex 111.32277266194116 -130.6293082845727 8.5
vertex 108.54518718549835 -130.6293082845727 8.5
endloop
endfacet
facet normal 0 0 1
outer loop
vertex 111.20293109082179 -130.79320591455345 8.5
vertex 108.54518718549835 -130.6293082845727 8.5
vertex 108.27274445139116 -130.79320591455345 8.5
endloop
endfacet
facet normal 0 0 1
outer loop
vertex 111.32277266194116 -130.6293082845727 8.5
vertex 111.4726683140838 -130.42430811725902 8.5
vertex 108.78821477215014 -130.42430811725902 8.5
endloop
endfacet
facet normal 0 0 1
outer loop
vertex 111.32277266194116 -130.6293082845727 8.5
vertex 108.78821477215014 -130.42430811725902 8.5
vertex 108.54518718549835 -130.6293082845727 8.5
endloop
endfacet
facet normal 0 0 1
outer loop
vertex 111.4726683140838 -130.42430811725902 8.5
vertex 111.64883257282654 -130.18338249999977 8.5
vertex 108.99568072777498 -130.18338249999977 8.5
endloop
endfacet
facet normal 0 0 1
outer loop
vertex 111.4726683140838 -130.42430811725902 8.5
vertex 108.99568072777498 -130.18338249999977 8.5
vertex 108.78821477215014 -130.42430811725902 8.5
endloop
endfacet
facet normal 0 0 1
outer loop
vertex 144.39751134999344 -131.5897097999859 8.5
vertex 143.98962208919036 -130.18338249999977 8.5
vertex 141.75966439999988 -130.18338249999977 8.5
endloop
endfacet
facet normal 0 0 1
outer loop
vertex 144.39751134999344 -131.5897097999859 8.5
vertex 141.75966439999988 -130.18338249999977 8.5
vertex 142.16755317632368 -131.5897097999859 8.5
endloop
endfacet
facet normal 0 0 1
outer loop
vertex 143.98962208919036 -130.18338249999977 8.5
vertex 143.9033783241585 -129.88602982888716 8.5
vertex 141.64710601308474 -129.88602982888716 8.5
endloop
endfacet
facet normal 0 0 1
outer loop
vertex 143.98962208919036 -130.18338249999977 8.5
vertex 141.64710601308474 -129.88602982888716 8.5
vertex 141.75966439999988 -130.18338249999977 8.5
endloop
endfacet
facet normal 0 0 1
outer loop
vertex 111.64883257282654 -130.18338249999977 8.5
vertex 111.95544355000007 -129.7640554499999 8.5
vertex 109.30228953797962 -129.7640554499999 8.5
endloop
endfacet
facet normal 0 0 1
outer loop
vertex 111.64883257282654 -130.18338249999977 8.5
vertex 109.30228953797962 -129.7640554499999 8.5
vertex 108.99568072777498 -130.18338249999977 8.5
endloop
endfacet
facet normal 0 0 1
outer loop
vertex 128.50392451482398 -131.44496797867288 8.5
vertex 128.81397275698134 -131.374558007727 8.5
vertex 129.10894550140316 -131.2559049145463 8.5
endloop
endfacet
facet normal 0 0 1
outer loop
vertex 128.50392451482398 -131.44496797867288 8.5
vertex 129.10894550140316 -131.2559049145463 8.5
vertex 129.3813882355002 -131.09200728457162 8.5
endloop
endfacet
facet normal 0 0 1
outer loop
vertex 128.50392451482398 -131.44496797867288 8.5
vertex 129.3813882355002 -131.09200728457162 8.5
vertex 129.62441582215297 -130.88700711725713 8.5
endloop
endfacet
facet normal 0 0 1
outer loop
vertex 128.50392451482398 -131.44496797867288 8.5
vertex 129.62441582215297 -130.88700711725713 8.5
vertex 129.83188299999992 -130.64608030000014 8.5
endloop
endfacet
facet normal 0 0 1
outer loop
vertex 128.50392451482398 -131.44496797867288 8.5
vertex 129.83188299999992 -130.64608030000014 8.5
vertex 130.58812715826184 -129.61182279087544 8.5
endloop
endfacet
facet normal 0 0 1
outer loop
vertex 128.50392451482398 -131.44496797867288 8.5
vertex 130.58812715826184 -129.61182279087544 8.5
vertex 126.8887907723664 -129.61182279087544 8.5
endloop
endfacet
facet normal 0 0 1
outer loop
vertex 128.50392451482398 -131.44496797867288 8.5
vertex 126.8887907723664 -129.61182279087544 8.5
vertex 117.52918846843956 -129.61182279087544 8.5
endloop
endfacet
facet normal 0 0 1
outer loop
vertex 128.50392451482398 -131.44496797867288 8.5
vertex 117.52918846843956 -129.61182279087544 8.5
vertex 127.87012650000011 -131.43520515000003 8.5
endloop
endfacet
facet normal 0 0 1
outer loop
vertex 128.50392451482398 -131.44496797867288 8.5
vertex 127.87012650000011 -131.43520515000003 8.5
vertex 128.18663627352777 -131.4653554358134 8.5
endloop
endfacet
facet normal 0 0 1
outer loop
vertex 143.9033783241585 -129.88602982888716 8.5
vertex 143.82339796149537 -129.6102722194457 8.5
vertex 141.48885145964064 -129.6102722194457 8.5
endloop
endfacet
facet normal 0 0 1
outer loop
vertex 143.9033783241585 -129.88602982888716 8.5
vertex 141.48885145964064 -129.6102722194457 8.5
vertex 141.64710601308474 -129.88602982888716 8.5
endloop
endfacet
facet normal 0 0 1
outer loop
vertex 130.58812715826184 -129.61182279087544 8.5
vertex 130.6030357671126 -129.59143342259264 8.5
vertex 127.20607577159416 -129.59143342259264 8.5
endloop
endfacet
facet normal 0 0 1
outer loop
vertex 130.58812715826184 -129.61182279087544 8.5
vertex 127.20607577159416 -129.59143342259264 8.5
vertex 126.8887907723664 -129.61182279087544 8.5
endloop
endfacet
facet normal 0 0 1
outer loop
vertex 126.8887907723664 -129.61182279087544 8.5
vertex 126.57228384998767 -129.58167539999823 8.5
vertex 117.3582137415457 -129.58167539999823 8.5
endloop
endfacet
facet normal 0 0 1
outer loop
vertex 126.8887907723664 -129.61182279087544 8.5
vertex 117.3582137415457 -129.58167539999823 8.5
vertex 117.52918846843956 -129.61182279087544 8.5
endloop
endfacet
facet normal 0 0 1
outer loop
vertex 111.95544355000007 -129.7640554499999 8.5
vertex 112.1629124746775 -129.52313608097592 8.5
vertex 109.47844788406753 -129.52313608097592 8.5
endloop
endfacet
facet normal 0 0 1
outer loop
vertex 111.95544355000007 -129.7640554499999 8.5
vertex 109.47844788406753 -129.52313608097592 8.5
vertex 109.30228953797962 -129.7640554499999 8.5
endloop
endfacet
facet normal 0 0 1
outer loop
vertex 130.6030357671126 -129.59143342259264 8.5
vertex 130.6545198522132 -129.52102256250998 8.5
vertex 127.51612061972827 -129.52102256250998 8.5
endloop
endfacet
facet normal 0 0 1
outer loop
vertex 130.6030357671126 -129.59143342259264 8.5
vertex 127.51612061972827 -129.52102256250998 8.5
vertex 127.20607577159416 -129.59143342259264 8.5
endloop
endfacet
facet normal 0 0 1
outer loop
vertex 130.6545198522132 -129.52102256250998 8.5
vertex 130.74127833998477 -129.40236958981887 8.5
vertex 127.8110900573892 -129.40236958981887 8.5
endloop
endfacet
facet normal 0 0 1
outer loop
vertex 130.6545198522132 -129.52102256250998 8.5
vertex 127.8110900573892 -129.40236958981887 8.5
vertex 127.51612061972827 -129.52102256250998 8.5
endloop
endfacet
facet normal 0 0 1
outer loop
vertex 143.82339796149537 -129.6102722194457 8.5
vertex 143.7517018776411 -129.3630772826928 8.5
vertex 141.28889789979596 -129.3630772826928 8.5
endloop
endfacet
facet normal 0 0 1
outer loop
vertex 143.82339796149537 -129.6102722194457 8.5
vertex 141.28889789979596 -129.3630772826928 8.5
vertex 141.48885145964064 -129.6102722194457 8.5
endloop
endfacet
facet normal 0 0 1
outer loop
vertex 112.1629124746775 -129.52313608097592 8.5
vertex 112.40593759850118 -129.31813782179202 8.5
vertex 109.62834099741511 -129.31813782179202 8.5
endloop
endfacet
facet normal 0 0 1
outer loop
vertex 112.1629124746775 -129.52313608097592 8.5
vertex 109.62834099741511 -129.31813782179202 8.5
vertex 109.47844788406753 -129.52313608097592 8.5
endloop
endfacet
facet normal 0 0 1
outer loop
vertex 130.74127833998477 -129.40236958981887 8.5
vertex 130.86111872420827 -129.23847302820525 8.5
vertex 128.083529801502 -129.23847302820525 8.5
endloop
endfacet
facet normal 0 0 1
outer loop
vertex 130.74127833998477 -129.40236958981887 8.5
vertex 128.083529801502 -129.23847302820525 8.5
vertex 127.8110900573892 -129.40236958981887 8.5
endloop
endfacet
facet normal 0 0 1
outer loop
vertex 112.40593759850118 -129.31813782179202 8.5
vertex 112.67837734260982 -129.15424126018087 8.5
vertex 109.74818087305435 -129.15424126018087 8.5
endloop
endfacet
facet normal 0 0 1
outer loop
vertex 112.40593759850118 -129.31813782179202 8.5
vertex 109.74818087305435 -129.15424126018087 8.5
vertex 109.62834099741511 -129.31813782179202 8.5
endloop
endfacet
facet normal 0 0 1
outer loop
vertex 143.7517018776411 -129.3630772826928 8.5
vertex 143.69010195385223 -129.15069205261636 8.5
vertex 141.05229849807242 -129.15069205261636 8.5
endloop
endfacet
facet normal 0 0 1
outer loop
vertex 143.7517018776411 -129.3630772826928 8.5
vertex 141.05229849807242 -129.15069205261636 8.5
vertex 141.28889789979596 -129.3630772826928 8.5
endloop
endfacet
facet normal 0 0 1
outer loop
vertex 112.67837734260982 -129.15424126018087 8.5
vertex 112.9733467802642 -129.03558828749246 8.5
vertex 109.83493899263554 -129.03558828749246 8.5
endloop
endfacet
facet normal 0 0 1
outer loop
vertex 112.67837734260982 -129.15424126018087 8.5
vertex 109.83493899263554 -129.03558828749246 8.5
vertex 109.74818087305435 -129.15424126018087 8.5
endloop
endfacet
facet normal 0 0 1
outer loop
vertex 130.86111872420827 -129.23847302820525 8.5
vertex 131.01101247367845 -129.03347476902303 8.5
vertex 128.32655492532365 -129.03347476902303 8.5
endloop
endfacet
facet normal 0 0 1
outer loop
vertex 130.86111872420827 -129.23847302820525 8.5
vertex 128.32655492532365 -129.03347476902303 8.5
vertex 128.083529801502 -129.23847302820525 8.5
endloop
endfacet
facet normal 0 0 1
outer loop
vertex 143.69010195385223 -129.15069205261636 8.5
vertex 143.64015492435053 -128.97848386306225 8.5
vertex 140.7850325213726 -128.97848386306225 8.5
endloop
endfacet
facet normal 0 0 1
outer loop
vertex 143.69010195385223 -129.15069205261636 8.5
vertex 140.7850325213726 -128.97848386306225 8.5
vertex 141.05229849807242 -129.15069205261636 8.5
endloop
endfacet
facet normal 0 0 1
outer loop
vertex 126.57228384998767 -129.58167539999823 8.5
vertex 123.13125373908304 -128.97493089999998 8.5
vertex 113.91718709999981 -128.97493089999998 8.5
endloop
endfacet
facet normal 0 0 1
outer loop
vertex 126.57228384998767 -129.58167539999823 8.5
vertex 113.91718709999981 -128.97493089999998 8.5
vertex 117.3582137415457 -129.58167539999823 8.5
endloop
endfacet
facet normal 0 0 1
outer loop
vertex 112.9733467802642 -129.03558828749246 8.5
vertex 113.28339162840666 -128.96517742740787 8.5
vertex 109.88642285924776 -128.96517742740787 8.5
endloop
endfacet
facet normal 0 0 1
outer loop
vertex 112.9733467802642 -129.03558828749246 8.5
vertex 109.88642285924776 -128.96517742740787 8.5
vertex 109.83493899263554 -129.03558828749246 8.5
endloop
endfacet
facet normal 0 0 1
outer loop
vertex 113.28339162840666 -128.96517742740787 8.5
vertex 113.60067662764105 -128.94478805912465 8.5
vertex 109.90133140482921 -128.94478805912465 8.5
endloop
endfacet
facet normal 0 0 1
outer loop
vertex 113.28339162840666 -128.96517742740787 8.5
vertex 109.90133140482921 -128.94478805912465 8.5
vertex 109.88642285924776 -128.96517742740787 8.5
endloop
endfacet
facet normal 0 0 1
outer loop
vertex 123.13125373908304 -128.97493089999998 8.5
vertex 122.96030464423255 -128.94478805912465 8.5
vertex 113.60067662764105 -128.94478805912465 8.5
endloop
endfacet
facet normal 0 0 1
outer loop
vertex 123.13125373908304 -128.97493089999998 8.5
vertex 113.60067662764105 -128.94478805912465 8.5
vertex 113.91718709999981 -128.97493089999998 8.5
endloop
endfacet
facet normal 0 0 1
outer loop
vertex 143.64015492435053 -128.97848386306225 8.5
vertex 143.6131938999883 -128.88552719996807 8.5
vertex 143.60005013359395 -128.85080470613536 8.5
endloop
endfacet
facet normal 0 0 1
outer loop
vertex 143.64015492435053 -128.97848386306225 8.5
vertex 143.60005013359395 -128.85080470613536 8.5
vertex 140.49385423279807 -128.85080470613536 8.5
endloop
endfacet
facet normal 0 0 1
outer loop
vertex 143.64015492435053 -128.97848386306225 8.5
vertex 140.49385423279807 -128.85080470613536 8.5
vertex 140.7850325213726 -128.97848386306225 8.5
endloop
endfacet
facet normal 0 0 1
outer loop
vertex 131.01101247367845 -129.03347476902303 8.5
vertex 131.18717493085316 -128.7925508000002 8.5
vertex 128.53402770000008 -128.7925508000002 8.5
endloop
endfacet
facet normal 0 0 1
outer loop
vertex 131.01101247367845 -129.03347476902303 8.5
vertex 128.53402770000008 -128.7925508000002 8.5
vertex 128.32655492532365 -129.03347476902303 8.5
endloop
endfacet
facet normal 0 0 1
outer loop
vertex 143.60005013359395 -128.85080470613536 8.5
vertex 143.56979610743056 -128.77088124999995 8.5
vertex 140.18612219999963 -128.77088124999995 8.5
endloop
endfacet
facet normal 0 0 1
outer loop
vertex 143.60005013359395 -128.85080470613536 8.5
vertex 140.18612219999963 -128.77088124999995 8.5
vertex 140.49385423279807 -128.85080470613536 8.5
endloop
endfacet
facet normal 0 0 1
outer loop
vertex 131.18717493085316 -128.7925508000002 8.5
vertex 131.49377689999997 -128.37323465000003 8.5
vertex 128.84063196921434 -128.37323465000003 8.5
endloop
endfacet
facet normal 0 0 1
outer loop
vertex 131.18717493085316 -128.7925508000002 8.5
vertex 128.84063196921434 -128.37323465000003 8.5
vertex 128.53402770000008 -128.7925508000002 8.5
endloop
endfacet
facet normal 0 0 1
outer loop
vertex 131.49377689999997 -128.37323465000003 8.5
vertex 131.70124582686583 -128.13230952244183 8.5
vertex 129.01679659504683 -128.13230952244183 8.5
endloop
endfacet
facet normal 0 0 1
outer loop
vertex 131.49377689999997 -128.37323465000003 8.5
vertex 129.01679659504683 -128.13230952244183 8.5
vertex 128.84063196921434 -128.37323465000003 8.5
endloop
endfacet
facet normal 0 0 1
outer loop
vertex 131.70124582686583 -128.13230952244183 8.5
vertex 131.94427231422637 -127.92730610992106 8.5
vertex 129.1666952371152 -127.92730610992106 8.5
endloop
endfacet
facet normal 0 0 1
outer loop
vertex 131.70124582686583 -128.13230952244183 8.5
vertex 129.1666952371152 -127.92730610992106 8.5
vertex 129.01679659504683 -128.13230952244183 8.5
endloop
endfacet
facet normal 0 0 1
outer loop
vertex 131.94427231422637 -127.92730610992106 8.5
vertex 132.21671458012395 -127.76340527265562 8.5
vertex 129.28653964671724 -127.76340527265562 8.5
endloop
endfacet
facet normal 0 0 1
outer loop
vertex 131.94427231422637 -127.92730610992106 8.5
vertex 129.28653964671724 -127.76340527265562 8.5
vertex 129.1666952371152 -127.92730610992106 8.5
endloop
endfacet
facet normal 0 0 1
outer loop
vertex 132.21671458012395 -127.76340527265562 8.5
vertex 132.51168744504128 -127.64474912377867 8.5
vertex 129.3733011077632 -127.64474912377867 8.5
endloop
endfacet
facet normal 0 0 1
outer loop
vertex 132.21671458012395 -127.76340527265562 8.5
vertex 129.3733011077632 -127.64474912377867 8.5
vertex 129.28653964671724 -127.76340527265562 8.5
endloop
endfacet
facet normal 0 0 1
outer loop
vertex 143.56979610743056 -128.77088124999995 8.5
vertex 143.5006357630803 -128.58817717887447 8.5
vertex 143.34238120965605 -128.3124195694676 8.5
endloop
endfacet
facet normal 0 0 1
outer loop
vertex 143.56979610743056 -128.77088124999995 8.5
vertex 143.34238120965605 -128.3124195694676 8.5
vertex 143.14242764979102 -128.0652246326895 8.5
endloop
endfacet
facet normal 0 0 1
outer loop
vertex 143.56979610743056 -128.77088124999995 8.5
vertex 143.14242764979102 -128.0652246326895 8.5
vertex 142.90582824808055 -127.85283940262481 8.5
endloop
endfacet
facet normal 0 0 1
outer loop
vertex 143.56979610743056 -128.77088124999995 8.5
vertex 142.90582824808055 -127.85283940262481 8.5
vertex 142.63856227135884 -127.6806312130566 8.5
endloop
endfacet
facet normal 0 0 1
outer loop
vertex 143.56979610743056 -128.77088124999995 8.5
vertex 142.63856227135884 -127.6806312130566 8.5
vertex 142.4184167291013 -127.58409929999998 8.5
endloop
endfacet
facet normal 0 0 1
outer loop
vertex 143.56979610743056 -128.77088124999995 8.5
vertex 142.4184167291013 -127.58409929999998 8.5
vertex 133.4555337999999 -127.58409929999998 8.5
endloop
endfacet
facet normal 0 0 1
outer loop
vertex 143.56979610743056 -128.77088124999995 8.5
vertex 133.4555337999999 -127.58409929999998 8.5
vertex 140.18612219999963 -128.77088124999995 8.5
endloop
endfacet
facet normal 0 0 1
outer loop
vertex 132.51168744504128 -127.64474912377867 8.5
vertex 132.82173633462574 -127.57433634957425 8.5
vertex 129.42478697869444 -127.57433634957425 8.5
endloop
endfacet
facet normal 0 0 1
outer loop
vertex 132.51168744504128 -127.64474912377867 8.5
vertex 129.42478697869444 -127.57433634957425 8.5
vertex 129.3733011077632 -127.64474912377867 8.5
endloop
endfacet
facet normal 0 0 1
outer loop
vertex 132.82173633462574 -127.57433634957425 8.5
vertex 133.13902567220265 -127.55394642647242 8.5
vertex 129.43969610507074 -127.55394642647242 8.5
endloop
endfacet
facet normal 0 0 1
outer loop
vertex 132.82173633462574 -127.57433634957425 8.5
vertex 129.43969610507074 -127.55394642647242 8.5
vertex 129.42478697869444 -127.57433634957425 8.5
endloop
endfacet
facet normal 0 0 1
outer loop
vertex 142.4184167291013 -127.58409929999998 8.5
vertex 142.3496516908548 -127.55394642647242 8.5
vertex 133.13902567220265 -127.55394642647242 8.5
endloop
endfacet
facet normal 0 0 1
outer loop
vertex 142.4184167291013 -127.58409929999998 8.5
vertex 133.13902567220265 -127.55394642647242 8.5
vertex 133.4555337999999 -127.58409929999998 8.5
endloop
endfacet
facet normal 0 0 1
outer loop
vertex 113.60067662764105 -128.94478805912465 8.5
vertex 122.96030464423255 -128.94478805912465 8.5
vertex 112.6193318000071 -127.12140140000137 8.5
endloop
endfacet
facet normal 0 0 1
outer loop
vertex 113.60067662764105 -128.94478805912465 8.5
vertex 112.6193318000071 -127.12140140000137 8.5
vertex 112.30282612646137 -127.09125541418628 8.5
endloop
endfacet
facet normal 0 0 1
outer loop
vertex 113.60067662764105 -128.94478805912465 8.5
vertex 112.30282612646137 -127.09125541418628 8.5
vertex 111.98553788517744 -127.111642871326 8.5
endloop
endfacet
facet normal 0 0 1
outer loop
vertex 113.60067662764105 -128.94478805912465 8.5
vertex 111.98553788517744 -127.111642871326 8.5
vertex 111.67548964301933 -127.18205284227206 8.5
endloop
endfacet
facet normal 0 0 1
outer loop
vertex 113.60067662764105 -128.94478805912465 8.5
vertex 111.67548964301933 -127.18205284227206 8.5
vertex 111.38051689860808 -127.3007059354485 8.5
endloop
endfacet
facet normal 0 0 1
outer loop
vertex 113.60067662764105 -128.94478805912465 8.5
vertex 111.38051689860808 -127.3007059354485 8.5
vertex 111.1080741644915 -127.46460356543494 8.5
endloop
endfacet
facet normal 0 0 1
outer loop
vertex 113.60067662764105 -128.94478805912465 8.5
vertex 111.1080741644915 -127.46460356543494 8.5
vertex 110.865046577849 -127.66960373274077 8.5
endloop
endfacet
facet normal 0 0 1
outer loop
vertex 113.60067662764105 -128.94478805912465 8.5
vertex 110.865046577849 -127.66960373274077 8.5
vertex 110.65757589999885 -127.91052570000149 8.5
endloop
endfacet
facet normal 0 0 1
outer loop
vertex 113.60067662764105 -128.94478805912465 8.5
vertex 110.65757589999885 -127.91052570000149 8.5
vertex 109.90133140482921 -128.94478805912465 8.5
endloop
endfacet
facet normal 0 0 1
outer loop
vertex 133.13902567220265 -127.55394642647242 8.5
vertex 142.3496516908548 -127.55394642647242 8.5
vertex 142.3473839828016 -127.5529520561373 8.5
endloop
endfacet
facet normal 0 0 1
outer loop
vertex 133.13902567220265 -127.55394642647242 8.5
vertex 142.3473839828016 -127.5529520561373 8.5
vertex 142.0396519499911 -127.47302859999871 8.5
endloop
endfacet
facet normal 0 0 1
outer loop
vertex 133.13902567220265 -127.55394642647242 8.5
vertex 142.0396519499911 -127.47302859999871 8.5
vertex 132.15767850000734 -125.7305698000015 8.5
endloop
endfacet
facet normal 0 0 1
outer loop
vertex 133.13902567220265 -127.55394642647242 8.5
vertex 132.15767850000734 -125.7305698000015 8.5
vertex 131.84116587336794 -125.70041957141714 8.5
endloop
endfacet
facet normal 0 0 1
outer loop
vertex 133.13902567220265 -127.55394642647242 8.5
vertex 131.84116587336794 -125.70041957141714 8.5
vertex 131.52387977788277 -125.72081140566306 8.5
endloop
endfacet
facet normal 0 0 1
outer loop
vertex 133.13902567220265 -127.55394642647242 8.5
vertex 131.52387977788277 -125.72081140566306 8.5
vertex 131.21383428231658 -125.79122506900588 8.5
endloop
endfacet
facet normal 0 0 1
outer loop
vertex 133.13902567220265 -127.55394642647242 8.5
vertex 131.21383428231658 -125.79122506900588 8.5
vertex 130.91886472417232 -125.90988109738576 8.5
endloop
endfacet
facet normal 0 0 1
outer loop
vertex 133.13902567220265 -127.55394642647242 8.5
vertex 130.91886472417232 -125.90988109738576 8.5
vertex 130.6464254482415 -126.0737808662946 8.5
endloop
endfacet
facet normal 0 0 1
outer loop
vertex 133.13902567220265 -127.55394642647242 8.5
vertex 130.6464254482415 -126.0737808662946 8.5
vertex 130.40340142371397 -126.27878237067097 8.5
endloop
endfacet
facet normal 0 0 1
outer loop
vertex 133.13902567220265 -127.55394642647242 8.5
vertex 130.40340142371397 -126.27878237067097 8.5
vertex 130.19593425000159 -126.51970489999812 8.5
endloop
endfacet
facet normal 0 0 1
outer loop
vertex 133.13902567220265 -127.55394642647242 8.5
vertex 130.19593425000159 -126.51970489999812 8.5
vertex 129.43969610507074 -127.55394642647242 8.5
endloop
endfacet
facet normal 0 0 1
outer loop
vertex 107.03392545000341 -130.9725061500001 8.5
vertex 71.04168590002868 -124.62610990000441 8.5
vertex 67.65711903448276 -124.62610990000441 8.5
endloop
endfacet
facet normal 0 0 1
outer loop
vertex 107.03392545000341 -130.9725061500001 8.5
vertex 67.65711903448276 -124.62610990000441 8.5
vertex 67.73786257237663 -124.83109061293368 8.5
endloop
endfacet
facet normal 0 0 1
outer loop
vertex 107.03392545000341 -130.9725061500001 8.5
vertex 67.73786257237663 -124.83109061293368 8.5
vertex 67.89714664012362 -125.1015023250938 8.5
endloop
endfacet
facet normal 0 0 1
outer loop
vertex 107.03392545000341 -130.9725061500001 8.5
vertex 67.89714664012362 -125.1015023250938 8.5
vertex 68.09677149071388 -125.34366720144516 8.5
endloop
endfacet
facet normal 0 0 1
outer loop
vertex 107.03392545000341 -130.9725061500001 8.5
vertex 68.09677149071388 -125.34366720144516 8.5
vertex 68.33182166621475 -125.55162230070584 8.5
endloop
endfacet
facet normal 0 0 1
outer loop
vertex 107.03392545000341 -130.9725061500001 8.5
vertex 68.33182166621475 -125.55162230070584 8.5
vertex 68.59650941401732 -125.72024704525575 8.5
endloop
endfacet
facet normal 0 0 1
outer loop
vertex 107.03392545000341 -130.9725061500001 8.5
vertex 68.59650941401732 -125.72024704525575 8.5
vertex 68.88431720143122 -125.84538930756298 8.5
endloop
endfacet
facet normal 0 0 1
outer loop
vertex 107.03392545000341 -130.9725061500001 8.5
vertex 68.88431720143122 -125.84538930756298 8.5
vertex 69.1881564 -125.92396530000002 8.5
endloop
endfacet
facet normal 0 0 1
outer loop
vertex 107.03392545000341 -130.9725061500001 8.5
vertex 69.1881564 -125.92396530000002 8.5
vertex 97.81989031728455 -130.9725061500001 8.5
endloop
endfacet
facet normal 0 0 1
outer loop
vertex 71.04168590002868 -124.62610990000441 8.5
vertex 70.70494543660605 -124.53587497557842 8.5
vertex 67.62212855025277 -124.53587497557842 8.5
endloop
endfacet
facet normal 0 0 1
outer loop
vertex 71.04168590002868 -124.62610990000441 8.5
vertex 67.62212855025277 -124.53587497557842 8.5
vertex 67.6228414150639 -124.53909054156074 8.5
endloop
endfacet
facet normal 0 0 1
outer loop
vertex 71.04168590002868 -124.62610990000441 8.5
vertex 67.6228414150639 -124.53909054156074 8.5
vertex 67.65711903448276 -124.62610990000441 8.5
endloop
endfacet
facet normal 0 0 1
outer loop
vertex 70.70494543660605 -124.53587497557842 8.5
vertex 70.38898696247061 -124.38854130253944 8.5
vertex 67.58946587388945 -124.38854130253944 8.5
endloop
endfacet
facet normal 0 0 1
outer loop
vertex 70.70494543660605 -124.53587497557842 8.5
vertex 67.58946587388945 -124.38854130253944 8.5
vertex 67.62212855025277 -124.53587497557842 8.5
endloop
endfacet
facet normal 0 0 1
outer loop
vertex 70.38898696247061 -124.38854130253944 8.5
vertex 70.10341268635187 -124.1885805528705 8.5
vertex 67.55221754763008 -124.1885805528705 8.5
endloop
endfacet
facet normal 0 0 1
outer loop
vertex 70.38898696247061 -124.38854130253944 8.5
vertex 67.55221754763008 -124.1885805528705 8.5
vertex 67.55491538901596 -124.23269216803907 8.5
endloop
endfacet
facet normal 0 0 1
outer loop
vertex 70.38898696247061 -124.38854130253944 8.5
vertex 67.55491538901596 -124.23269216803907 8.5
vertex 67.58946587388945 -124.38854130253944 8.5
endloop
endfacet
facet normal 0 0 1
outer loop
vertex 70.10341268635187 -124.1885805528705 8.5
vertex 69.85689956621349 -123.94206838241647 8.5
vertex 67.5371410029823 -123.94206838241647 8.5
endloop
endfacet
facet normal 0 0 1
outer loop
vertex 70.10341268635187 -124.1885805528705 8.5
vertex 67.5371410029823 -123.94206838241647 8.5
vertex 67.55221754763008 -124.1885805528705 8.5
endloop
endfacet
facet normal 0 0 1
outer loop
vertex 69.85689956621349 -123.94206838241647 8.5
vertex 69.6569377163356 -123.65649487658406 8.5
vertex 67.56107678992188 -123.65649487658406 8.5
endloop
endfacet
facet normal 0 0 1
outer loop
vertex 69.85689956621349 -123.94206838241647 8.5
vertex 67.56107678992188 -123.65649487658406 8.5
vertex 67.5357570691782 -123.91944008569578 8.5
endloop
endfacet
facet normal 0 0 1
outer loop
vertex 69.85689956621349 -123.94206838241647 8.5
vertex 67.5357570691782 -123.91944008569578 8.5
vertex 67.5371410029823 -123.94206838241647 8.5
endloop
endfacet
facet normal 0 0 1
outer loop
vertex 69.6569377163356 -123.65649487658406 8.5
vertex 69.50960282607988 -123.34053697006124 8.5
vertex 67.6128312240227 -123.34053697006124 8.5
endloop
endfacet
facet normal 0 0 1
outer loop
vertex 69.6569377163356 -123.65649487658406 8.5
vertex 67.6128312240227 -123.34053697006124 8.5
vertex 67.56583820000003 -123.60704764999974 8.5
endloop
endfacet
facet normal 0 0 1
outer loop
vertex 69.6569377163356 -123.65649487658406 8.5
vertex 67.56583820000003 -123.60704764999974 8.5
vertex 67.56107678992188 -123.65649487658406 8.5
endloop
endfacet
facet normal 0 0 1
outer loop
vertex 69.50960282607988 -123.34053697006124 8.5
vertex 69.41937155437692 -123.00379480430672 8.5
vertex 67.67220795402243 -123.00379480430672 8.5
endloop
endfacet
facet normal 0 0 1
outer loop
vertex 69.50960282607988 -123.34053697006124 8.5
vertex 67.67220795402243 -123.00379480430672 8.5
vertex 67.6128312240227 -123.34053697006124 8.5
endloop
endfacet
facet normal 0 0 1
outer loop
vertex 69.41937155437692 -123.00379480430672 8.5
vertex 69.38898551003919 -122.65650003481561 8.5
vertex 67.7334453927975 -122.65650003481561 8.5
endloop
endfacet
facet normal 0 0 1
outer loop
vertex 69.41937155437692 -123.00379480430672 8.5
vertex 67.7334453927975 -122.65650003481561 8.5
vertex 67.67220795402243 -123.00379480430672 8.5
endloop
endfacet
facet normal 0 0 1
outer loop
vertex 69.38898551003919 -122.65650003481561 8.5
vertex 69.41936795000021 -122.30920495000228 8.5
vertex 67.79468288717241 -122.30920495000228 8.5
endloop
endfacet
facet normal 0 0 1
outer loop
vertex 69.38898551003919 -122.65650003481561 8.5
vertex 67.79468288717241 -122.30920495000228 8.5
vertex 67.7334453927975 -122.65650003481561 8.5
endloop
endfacet
facet normal 0 0 1
outer loop
vertex 252.19188195338734 -147.3639394000428 8.5
vertex 260.17970069764453 -102.06278149999761 8.5
vertex 259.21504189999985 -102.06278149999761 8.5
endloop
endfacet
facet normal 0 0 1
outer loop
vertex 252.19188195338734 -147.3639394000428 8.5
vertex 259.21504189999985 -102.06278149999761 8.5
vertex 251.22722659999098 -147.3639394000428 8.5
endloop
endfacet
facet normal 0 0 1
outer loop
vertex 260.17970069764453 -102.06278149999761 8.5
vertex 260.2485545585021 -101.67229196554516 8.5
vertex 259.25264175507624 -101.67229196554516 8.5
endloop
endfacet
facet normal 0 0 1
outer loop
vertex 260.17970069764453 -102.06278149999761 8.5
vertex 259.25264175507624 -101.67229196554516 8.5
vertex 259.21504189999985 -102.06278149999761 8.5
endloop
endfacet
facet normal 0 0 1
outer loop
vertex 260.2485545585021 -101.67229196554516 8.5
vertex 260.31557845 -101.29218070000042 8.5
vertex 260.3166812103167 -101.28072809302064 8.5
endloop
endfacet
facet normal 0 0 1
outer loop
vertex 260.2485545585021 -101.67229196554516 8.5
vertex 260.3166812103167 -101.28072809302064 8.5
vertex 259.22869265548354 -101.28072809302064 8.5
endloop
endfacet
facet normal 0 0 1
outer loop
vertex 260.2485545585021 -101.67229196554516 8.5
vertex 259.22869265548354 -101.28072809302064 8.5
vertex 259.25264175507624 -101.67229196554516 8.5
endloop
endfacet
facet normal 0 0 1
outer loop
vertex 260.3166812103167 -101.28072809302064 8.5
vertex 260.35317830507677 -100.90169116554422 8.5
vertex 260.3529361206572 -100.89773148978166 8.5
endloop
endfacet
facet normal 0 0 1
outer loop
vertex 260.3166812103167 -101.28072809302064 8.5
vertex 260.3529361206572 -100.89773148978166 8.5
vertex 259.14378430786593 -100.89773148978166 8.5
endloop
endfacet
facet normal 0 0 1
outer loop
vertex 260.3166812103167 -101.28072809302064 8.5
vertex 259.14378430786593 -100.89773148978166 8.5
vertex 259.22869265548354 -101.28072809302064 8.5
endloop
endfacet
facet normal 0 0 1
outer loop
vertex 260.3529361206572 -100.89773148978166 8.5
vertex 260.3306118195972 -100.53273280828202 8.5
vertex 259.0000074386463 -100.53273280828202 8.5
endloop
endfacet
facet normal 0 0 1
outer loop
vertex 260.3529361206572 -100.89773148978166 8.5
vertex 259.0000074386463 -100.53273280828202 8.5
vertex 259.14378430786593 -100.89773148978166 8.5
endloop
endfacet
facet normal 0 0 1
outer loop
vertex 260.3306118195972 -100.53273280828202 8.5
vertex 260.3292292054853 -100.51012729304075 8.5
vertex 260.2593049514158 -100.19471953227178 8.5
endloop
endfacet
facet normal 0 0 1
outer loop
vertex 260.3306118195972 -100.53273280828202 8.5
vertex 260.2593049514158 -100.19471953227178 8.5
vertex 258.8009023134091 -100.19471953227178 8.5
endloop
endfacet
facet normal 0 0 1
outer loop
vertex 260.3306118195972 -100.53273280828202 8.5
vertex 258.8009023134091 -100.19471953227178 8.5
vertex 259.0000074386463 -100.53273280828202 8.5
endloop
endfacet
facet normal 0 0 1
outer loop
vertex 260.2593049514158 -100.19471953227178 8.5
vertex 260.2443208578585 -100.1271306897601 8.5
vertex 260.15170615478723 -99.89201467497996 8.5
endloop
endfacet
facet normal 0 0 1
outer loop
vertex 260.2593049514158 -100.19471953227178 8.5
vertex 260.15170615478723 -99.89201467497996 8.5
vertex 258.55137156382335 -99.89201467497996 8.5
endloop
endfacet
facet normal 0 0 1
outer loop
vertex 260.2593049514158 -100.19471953227178 8.5
vertex 258.55137156382335 -99.89201467497996 8.5
vertex 258.8009023134091 -100.19471953227178 8.5
endloop
endfacet
facet normal 0 0 1
outer loop
vertex 260.15170615478723 -99.89201467497996 8.5
vertex 260.10054398863787 -99.76213200825794 8.5
vertex 260.0239326594099 -99.63207183858135 8.5
endloop
endfacet
facet normal 0 0 1
outer loop
vertex 260.15170615478723 -99.89201467497996 8.5
vertex 260.0239326594099 -99.63207183858135 8.5
vertex 258.2575594683661 -99.63207183858135 8.5
endloop
endfacet
facet normal 0 0 1
outer loop
vertex 260.15170615478723 -99.89201467497996 8.5
vertex 258.2575594683661 -99.63207183858135 8.5
vertex 258.55137156382335 -99.89201467497996 8.5
endloop
endfacet
facet normal 0 0 1
outer loop
vertex 260.0239326594099 -99.63207183858135 8.5
vertex 259.9014388634223 -99.42411873228446 8.5
vertex 259.8991084218106 -99.42129168192426 8.5
endloop
endfacet
facet normal 0 0 1
outer loop
vertex 260.0239326594099 -99.63207183858135 8.5
vertex 259.8991084218106 -99.42129168192426 8.5
vertex 257.9267006599229 -99.42129168192426 8.5
endloop
endfacet
facet normal 0 0 1
outer loop
vertex 260.0239326594099 -99.63207183858135 8.5
vertex 257.9267006599229 -99.42129168192426 8.5
vertex 258.2575594683661 -99.63207183858135 8.5
endloop
endfacet
facet normal 0 0 1
outer loop
vertex 259.8991084218106 -99.42129168192426 8.5
vertex 259.77015958845897 -99.26486431470616 8.5
vertex 257.5669419846491 -99.26486431470616 8.5
endloop
endfacet
facet normal 0 0 1
outer loop
vertex 259.8991084218106 -99.42129168192426 8.5
vertex 257.5669419846491 -99.26486431470616 8.5
vertex 257.9267006599229 -99.42129168192426 8.5
endloop
endfacet
facet normal 0 0 1
outer loop
vertex 259.77015958845897 -99.26486431470616 8.5
vertex 259.6891921454281 -99.16664299998386 8.5
vertex 257.18714379991945 -99.16664299998386 8.5
endloop
endfacet
facet normal 0 0 1
outer loop
vertex 259.77015958845897 -99.26486431470616 8.5
vertex 257.18714379991945 -99.16664299998386 8.5
vertex 257.5669419846491 -99.26486431470616 8.5
endloop
endfacet
facet normal 0 0 1
outer loop
vertex 259.6891921454281 -99.16664299998386 8.5
vertex 259.6519081138332 -99.12141387498855 8.5
vertex 259.35809601838605 -98.86147103859894 8.5
endloop
endfacet
facet normal 0 0 1
outer loop
vertex 259.6891921454281 -99.16664299998386 8.5
vertex 259.35809601838605 -98.86147103859894 8.5
vertex 259.0272372098823 -98.65069088190322 8.5
endloop
endfacet
facet normal 0 0 1
outer loop
vertex 259.6891921454281 -99.16664299998386 8.5
vertex 259.0272372098823 -98.65069088190322 8.5
vertex 258.66747853464153 -98.4942635146995 8.5
endloop
endfacet
facet normal 0 0 1
outer loop
vertex 259.6891921454281 -99.16664299998386 8.5
vertex 258.66747853464153 -98.4942635146995 8.5
vertex 258.28767690000006 -98.39604140000002 8.5
endloop
endfacet
facet normal 0 0 1
outer loop
vertex 259.6891921454281 -99.16664299998386 8.5
vertex 258.28767690000006 -98.39604140000002 8.5
vertex 198.64547438884208 -87.87951192504428 8.5
endloop
endfacet
facet normal 0 0 1
outer loop
vertex 259.6891921454281 -99.16664299998386 8.5
vertex 198.64547438884208 -87.87951192504428 8.5
vertex 193.17464280026437 -87.87951192504428 8.5
endloop
endfacet
facet normal 0 0 1
outer loop
vertex 259.6891921454281 -99.16664299998386 8.5
vertex 193.17464280026437 -87.87951192504428 8.5
vertex 257.18714379991945 -99.16664299998386 8.5
endloop
endfacet
facet normal 0 0 1
outer loop
vertex 198.64547438884208 -87.87951192504428 8.5
vertex 198.571214744261 -87.86641794614754 8.5
vertex 193.09237808286514 -87.86641794614754 8.5
endloop
endfacet
facet normal 0 0 1
outer loop
vertex 198.64547438884208 -87.87951192504428 8.5
vertex 193.09237808286514 -87.86641794614754 8.5
vertex 193.17464280026437 -87.87951192504428 8.5
endloop
endfacet
facet normal 0 0 1
outer loop
vertex 198.571214744261 -87.86641794614754 8.5
vertex 196.66803558289948 -87.53083611140836 8.5
vertex 192.95739499309835 -87.53083611140836 8.5
endloop
endfacet
facet normal 0 0 1
outer loop
vertex 198.571214744261 -87.86641794614754 8.5
vertex 192.95739499309835 -87.53083611140836 8.5
vertex 193.0097256000018 -87.85607384999956 8.5
endloop
endfacet
facet normal 0 0 1
outer loop
vertex 198.571214744261 -87.86641794614754 8.5
vertex 193.0097256000018 -87.85607384999956 8.5
vertex 193.09237808286514 -87.86641794614754 8.5
endloop
endfacet
facet normal 0 0 1
outer loop
vertex 196.66803558289948 -87.53083611140836 8.5
vertex 194.89725807682376 -87.2186002607496 8.5
vertex 192.8523861717366 -87.2186002607496 8.5
endloop
endfacet
facet normal 0 0 1
outer loop
vertex 196.66803558289948 -87.53083611140836 8.5
vertex 192.8523861717366 -87.2186002607496 8.5
vertex 192.95739499309835 -87.53083611140836 8.5
endloop
endfacet
facet normal 0 0 1
outer loop
vertex 194.89725807682376 -87.2186002607496 8.5
vertex 194.81337039999997 -87.20380860000002 8.5
vertex 192.84450926557452 -87.20380860000002 8.5
endloop
endfacet
facet normal 0 0 1
outer loop
vertex 194.89725807682376 -87.2186002607496 8.5
vertex 192.84450926557452 -87.20380860000002 8.5
vertex 192.8523861717366 -87.2186002607496 8.5
endloop
endfacet
facet normal 0 0 1
outer loop
vertex 194.81337039999997 -87.20380860000002 8.5
vertex 194.8388103499999 -87.0595262000005 8.5
vertex 194.85033091607806 -86.92783710661821 8.5
endloop
endfacet
facet normal 0 0 1
outer loop
vertex 194.81337039999997 -87.20380860000002 8.5
vertex 194.85033091607806 -86.92783710661821 8.5
vertex 192.69754797477816 -86.92783710661821 8.5
endloop
endfacet
facet normal 0 0 1
outer loop
vertex 194.81337039999997 -87.20380860000002 8.5
vertex 192.69754797477816 -86.92783710661821 8.5
vertex 192.84450926557452 -87.20380860000002 8.5
endloop
endfacet
facet normal 0 0 1
outer loop
vertex 194.85033091607806 -86.92783710661821 8.5
vertex 194.8691927899616 -86.71223111517965 8.5
vertex 194.8651859187733 -86.6664349137968 8.5
endloop
endfacet
facet normal 0 0 1
outer loop
vertex 194.85033091607806 -86.92783710661821 8.5
vertex 194.8651859187733 -86.6664349137968 8.5
vertex 192.4970810881603 -86.6664349137968 8.5
endloop
endfacet
facet normal 0 0 1
outer loop
vertex 194.85033091607806 -86.92783710661821 8.5
vertex 192.4970810881603 -86.6664349137968 8.5
vertex 192.69754797477816 -86.92783710661821 8.5
endloop
endfacet
facet normal 0 0 1
outer loop
vertex 194.8651859187733 -86.6664349137968 8.5
vertex 194.8455042922354 -86.44148539829851 8.5
vertex 192.25642408230362 -86.44148539829851 8.5
endloop
endfacet
facet normal 0 0 1
outer loop
vertex 194.8651859187733 -86.6664349137968 8.5
vertex 192.25642408230362 -86.44148539829851 8.5
vertex 192.4970810881603 -86.6664349137968 8.5
endloop
endfacet
facet normal 0 0 1
outer loop
vertex 194.8455042922354 -86.44148539829851 8.5
vertex 194.83880674562482 -86.36493634569986 8.5
vertex 194.8104451944807 -86.2590913323671 8.5
endloop
endfacet
facet normal 0 0 1
outer loop
vertex 194.8455042922354 -86.44148539829851 8.5
vertex 194.8104451944807 -86.2590913323671 8.5
vertex 191.98210586612674 -86.2590913323671 8.5
endloop
endfacet
facet normal 0 0 1
outer loop
vertex 194.8455042922354 -86.44148539829851 8.5
vertex 191.98210586612674 -86.2590913323671 8.5
vertex 192.25642408230362 -86.44148539829851 8.5
endloop
endfacet
facet normal 0 0 1
outer loop
vertex 194.8104451944807 -86.2590913323671 8.5
vertex 194.77430084035984 -86.12420097942456 8.5
vertex 191.68156856108334 -86.12420097942456 8.5
endloop
endfacet
facet normal 0 0 1
outer loop
vertex 194.8104451944807 -86.2590913323671 8.5
vertex 191.68156856108334 -86.12420097942456 8.5
vertex 191.98210586612674 -86.2590913323671 8.5
endloop
endfacet
facet normal 0 0 1
outer loop
vertex 194.77430084035984 -86.12420097942456 8.5
vertex 194.75186688719938 -86.0404776999992 8.5
vertex 191.36296120000384 -86.0404776999992 8.5
endloop
endfacet
facet normal 0 0 1
outer loop
vertex 194.77430084035984 -86.12420097942456 8.5
vertex 191.36296120000384 -86.0404776999992 8.5
vertex 191.68156856108334 -86.12420097942456 8.5
endloop
endfacet
facet normal 0 0 1
outer loop
vertex 194.75186688719938 -86.0404776999992 8.5
vertex 194.74857547391895 -86.02819417993432 8.5
vertex 194.60124058365267 -85.71223627338887 8.5
endloop
endfacet
facet normal 0 0 1
outer loop
vertex 194.75186688719938 -86.0404776999992 8.5
vertex 194.60124058365267 -85.71223627338887 8.5
vertex 194.40127873380916 -85.4266627676055 8.5
endloop
endfacet
facet normal 0 0 1
outer loop
vertex 194.75186688719938 -86.0404776999992 8.5
vertex 194.40127873380916 -85.4266627676055 8.5
vertex 194.15476561365443 -85.1801505971351 8.5
endloop
endfacet
facet normal 0 0 1
outer loop
vertex 194.75186688719938 -86.0404776999992 8.5
vertex 194.15476561365443 -85.1801505971351 8.5
vertex 193.8691913375246 -84.98018984745836 8.5
endloop
endfacet
facet normal 0 0 1
outer loop
vertex 194.75186688719938 -86.0404776999992 8.5
vertex 193.8691913375246 -84.98018984745836 8.5
vertex 193.55323286337727 -84.83285617441383 8.5
endloop
endfacet
facet normal 0 0 1
outer loop
vertex 194.75186688719938 -86.0404776999992 8.5
vertex 193.55323286337727 -84.83285617441383 8.5
vertex 193.21649069999998 -84.7426224 8.5
endloop
endfacet
facet normal 0 0 1
outer loop
vertex 194.75186688719938 -86.0404776999992 8.5
vertex 193.21649069999998 -84.7426224 8.5
vertex 180.00656675000005 -82.4133587 8.5
endloop
endfacet
facet normal 0 0 1
outer loop
vertex 194.75186688719938 -86.0404776999992 8.5
vertex 180.00656675000005 -82.4133587 8.5
vertex 176.62289220903799 -82.4133587 8.5
endloop
endfacet
facet normal 0 0 1
outer loop
vertex 194.75186688719938 -86.0404776999992 8.5
vertex 176.62289220903799 -82.4133587 8.5
vertex 176.6920531869144 -82.596062771106 8.5
endloop
endfacet
facet normal 0 0 1
outer loop
vertex 194.75186688719938 -86.0404776999992 8.5
vertex 176.6920531869144 -82.596062771106 8.5
vertex 176.8503077403709 -82.87182038056906 8.5
endloop
endfacet
facet normal 0 0 1
outer loop
vertex 194.75186688719938 -86.0404776999992 8.5
vertex 176.8503077403709 -82.87182038056906 8.5
vertex 177.05026130017916 -83.11901531727689 8.5
endloop
endfacet
facet normal 0 0 1
outer loop
vertex 194.75186688719938 -86.0404776999992 8.5
vertex 177.05026130017916 -83.11901531727689 8.5
vertex 177.2868607019615 -83.33140054740612 8.5
endloop
endfacet
facet normal 0 0 1
outer loop
vertex 194.75186688719938 -86.0404776999992 8.5
vertex 177.2868607019615 -83.33140054740612 8.5
vertex 177.55412667863564 -83.50360873694368 8.5
endloop
endfacet
facet normal 0 0 1
outer loop
vertex 194.75186688719938 -86.0404776999992 8.5
vertex 177.55412667863564 -83.50360873694368 8.5
vertex 177.8453049671709 -83.63128789385335 8.5
endloop
endfacet
facet normal 0 0 1
outer loop
vertex 194.75186688719938 -86.0404776999992 8.5
vertex 177.8453049671709 -83.63128789385335 8.5
vertex 178.15303700002158 -83.71121135000237 8.5
endloop
endfacet
facet normal 0 0 1
outer loop
vertex 194.75186688719938 -86.0404776999992 8.5
vertex 178.15303700002158 -83.71121135000237 8.5
vertex 191.36296120000384 -86.0404776999992 8.5
endloop
endfacet
facet normal 0 0 1
outer loop
vertex 180.00656675000005 -82.4133587 8.5
vertex 179.69883471720186 -82.33343524386463 8.5
vertex 176.5926379057369 -82.33343524386463 8.5
endloop
endfacet
facet normal 0 0 1
outer loop
vertex 180.00656675000005 -82.4133587 8.5
vertex 176.5926379057369 -82.33343524386463 8.5
vertex 176.62289220903799 -82.4133587 8.5
endloop
endfacet
facet normal 0 0 1
outer loop
vertex 179.69883471720186 -82.33343524386463 8.5
vertex 179.40765642862738 -82.20575608693775 8.5
vertex 176.5525330274619 -82.20575608693775 8.5
endloop
endfacet
facet normal 0 0 1
outer loop
vertex 179.69883471720186 -82.33343524386463 8.5
vertex 176.5525330274619 -82.20575608693775 8.5
vertex 176.57949399998896 -82.29871269996607 8.5
endloop
endfacet
facet normal 0 0 1
outer loop
vertex 179.69883471720186 -82.33343524386463 8.5
vertex 176.57949399998896 -82.29871269996607 8.5
vertex 176.5926379057369 -82.33343524386463 8.5
endloop
endfacet
facet normal 0 0 1
outer loop
vertex 179.40765642862738 -82.20575608693775 8.5
vertex 179.14039045192777 -82.0335478973838 8.5
vertex 176.5025860670871 -82.0335478973838 8.5
endloop
endfacet
facet normal 0 0 1
outer loop
vertex 179.40765642862738 -82.20575608693775 8.5
vertex 176.5025860670871 -82.0335478973838 8.5
vertex 176.5525330274619 -82.20575608693775 8.5
endloop
endfacet
facet normal 0 0 1
outer loop
vertex 179.14039045192777 -82.0335478973838 8.5
vertex 178.90379105020392 -81.82116266730705 8.5
vertex 176.44098622855265 -81.82116266730705 8.5
endloop
endfacet
facet normal 0 0 1
outer loop
vertex 179.14039045192777 -82.0335478973838 8.5
vertex 176.44098622855265 -81.82116266730705 8.5
vertex 176.5025860670871 -82.0335478973838 8.5
endloop
endfacet
facet normal 0 0 1
outer loop
vertex 178.90379105020392 -81.82116266730705 8.5
vertex 178.70383749035938 -81.57396773055434 8.5
vertex 176.36929024392603 -81.57396773055434 8.5
endloop
endfacet
facet normal 0 0 1
outer loop
vertex 178.90379105020392 -81.82116266730705 8.5
vertex 176.36929024392603 -81.57396773055434 8.5
vertex 176.44098622855265 -81.82116266730705 8.5
endloop
endfacet
facet normal 0 0 1
outer loop
vertex 178.70383749035938 -81.57396773055434 8.5
vertex 178.54558293691534 -81.29821012111299 8.5
vertex 176.2893099919561 -81.29821012111299 8.5
endloop
endfacet
facet normal 0 0 1
outer loop
vertex 178.70383749035938 -81.57396773055434 8.5
vertex 176.2893099919561 -81.29821012111299 8.5
vertex 176.36929024392603 -81.57396773055434 8.5
endloop
endfacet
facet normal 0 0 1
outer loop
vertex 178.54558293691534 -81.29821012111299 8.5
vertex 178.43302349999985 -81.00085739999949 8.5
vertex 176.2030663317837 -81.00085739999949 8.5
endloop
endfacet
facet normal 0 0 1
outer loop
vertex 178.54558293691534 -81.29821012111299 8.5
vertex 176.2030663317837 -81.00085739999949 8.5
vertex 176.2893099919561 -81.29821012111299 8.5
endloop
endfacet
facet normal 0 0 1
outer loop
vertex 178.43302349999985 -81.00085739999949 8.5
vertex 178.02513530268794 -79.59453014997987 8.5
vertex 175.79517764999304 -79.59453014997987 8.5
endloop
endfacet
facet normal 0 0 1
outer loop
vertex 178.43302349999985 -81.00085739999949 8.5
vertex 175.79517764999304 -79.59453014997987 8.5
vertex 176.2030663317837 -81.00085739999949 8.5
endloop
endfacet
facet normal 0 0 1
outer loop
vertex 178.02513530268794 -79.59453014997987 8.5
vertex 177.93889212201432 -79.29717872890667 8.5
vertex 175.6826214630928 -79.29717872890667 8.5
endloop
endfacet
facet normal 0 0 1
outer loop
vertex 178.02513530268794 -79.59453014997987 8.5
vertex 175.6826214630928 -79.29717872890667 8.5
vertex 175.79517764999304 -79.59453014997987 8.5
endloop
endfacet
facet normal 0 0 1
outer loop
vertex 177.93889212201432 -79.29717872890667 8.5
vertex 177.85891196503786 -79.0214211194487 8.5
vertex 175.52436690963924 -79.0214211194487 8.5
endloop
endfacet
facet normal 0 0 1
outer loop
vertex 177.93889212201432 -79.29717872890667 8.5
vertex 175.52436690963924 -79.0214211194487 8.5
vertex 175.6826214630928 -79.29717872890667 8.5
endloop
endfacet
facet normal 0 0 1
outer loop
vertex 177.85891196503786 -79.0214211194487 8.5
vertex 177.78721606556672 -78.77422618268565 8.5
vertex 175.32441334978634 -78.77422618268565 8.5
endloop
endfacet
facet normal 0 0 1
outer loop
vertex 177.85891196503786 -79.0214211194487 8.5
vertex 175.32441334978634 -78.77422618268565 8.5
vertex 175.52436690963924 -79.0214211194487 8.5
endloop
endfacet
facet normal 0 0 1
outer loop
vertex 177.78721606556672 -78.77422618268565 8.5
vertex 177.72561630019337 -78.56184095259003 8.5
vertex 175.08781394804146 -78.56184095259003 8.5
endloop
endfacet
facet normal 0 0 1
outer loop
vertex 177.78721606556672 -78.77422618268565 8.5
vertex 175.08781394804146 -78.56184095259003 8.5
vertex 175.32441334978634 -78.77422618268565 8.5
endloop
endfacet
facet normal 0 0 1
outer loop
vertex 177.72561630019337 -78.56184095259003 8.5
vertex 177.67566939915545 -78.38963276307496 8.5
vertex 174.82054797140222 -78.38963276307496 8.5
endloop
endfacet
facet normal 0 0 1
outer loop
vertex 177.72561630019337 -78.56184095259003 8.5
vertex 174.82054797140222 -78.38963276307496 8.5
vertex 175.08781394804146 -78.56184095259003 8.5
endloop
endfacet
facet normal 0 0 1
outer loop
vertex 177.67566939915545 -78.38963276307496 8.5
vertex 177.64870740000003 -78.29667250000004 8.5
vertex 177.63556528588785 -78.26195360613212 8.5
endloop
endfacet
facet normal 0 0 1
outer loop
vertex 177.67566939915545 -78.38963276307496 8.5
vertex 177.63556528588785 -78.26195360613212 8.5
vertex 174.52936968279133 -78.26195360613212 8.5
endloop
endfacet
facet normal 0 0 1
outer loop
vertex 177.67566939915545 -78.38963276307496 8.5
vertex 174.52936968279133 -78.26195360613212 8.5
vertex 174.82054797140222 -78.38963276307496 8.5
endloop
endfacet
facet normal 0 0 1
outer loop
vertex 177.63556528588785 -78.26195360613212 8.5
vertex 177.60531198307382 -78.18203029998924 8.5
vertex 174.2216352999643 -78.18203029998924 8.5
endloop
endfacet
facet normal 0 0 1
outer loop
vertex 177.63556528588785 -78.26195360613212 8.5
vertex 174.2216352999643 -78.18203029998924 8.5
vertex 174.52936968279133 -78.26195360613212 8.5
endloop
endfacet
facet normal 0 0 1
outer loop
vertex 177.60531198307382 -78.18203029998924 8.5
vertex 177.53615121308485 -77.99932107888736 8.5
vertex 177.3778966596406 -77.72356346944565 8.5
endloop
endfacet
facet normal 0 0 1
outer loop
vertex 177.60531198307382 -78.18203029998924 8.5
vertex 177.3778966596406 -77.72356346944565 8.5
vertex 177.17794309979607 -77.47636853269294 8.5
endloop
endfacet
facet normal 0 0 1
outer loop
vertex 177.60531198307382 -78.18203029998924 8.5
vertex 177.17794309979607 -77.47636853269294 8.5
vertex 176.94134369807227 -77.26398330261625 8.5
endloop
endfacet
facet normal 0 0 1
outer loop
vertex 177.60531198307382 -78.18203029998924 8.5
vertex 176.94134369807227 -77.26398330261625 8.5
vertex 176.67407772137264 -77.09177511306227 8.5
endloop
endfacet
facet normal 0 0 1
outer loop
vertex 177.60531198307382 -78.18203029998924 8.5
vertex 176.67407772137264 -77.09177511306227 8.5
vertex 176.3828994327981 -76.96409595613537 8.5
endloop
endfacet
facet normal 0 0 1
outer loop
vertex 177.60531198307382 -78.18203029998924 8.5
vertex 176.3828994327981 -76.96409595613537 8.5
vertex 176.07516480000007 -76.88417500000001 8.5
endloop
endfacet
facet normal 0 0 1
outer loop
vertex 177.60531198307382 -78.18203029998924 8.5
vertex 176.07516480000007 -76.88417500000001 8.5
vertex 162.12221784999997 -74.42389254999999 8.5
endloop
endfacet
facet normal 0 0 1
outer loop
vertex 177.60531198307382 -78.18203029998924 8.5
vertex 162.12221784999997 -74.42389254999999 8.5
vertex 158.73854235971737 -74.42389254999999 8.5
endloop
endfacet
facet normal 0 0 1
outer loop
vertex 177.60531198307382 -78.18203029998924 8.5
vertex 158.73854235971737 -74.42389254999999 8.5
vertex 158.80770428691412 -74.60660162111245 8.5
endloop
endfacet
facet normal 0 0 1
outer loop
vertex 177.60531198307382 -78.18203029998924 8.5
vertex 158.80770428691412 -74.60660162111245 8.5
vertex 158.9659588403595 -74.88235923055612 8.5
endloop
endfacet
facet normal 0 0 1
outer loop
vertex 177.60531198307382 -78.18203029998924 8.5
vertex 158.9659588403595 -74.88235923055612 8.5
vertex 159.16591240020236 -75.12955416730675 8.5
endloop
endfacet
facet normal 0 0 1
outer loop
vertex 177.60531198307382 -78.18203029998924 8.5
vertex 159.16591240020236 -75.12955416730675 8.5
vertex 159.40251180192436 -75.34193939738184 8.5
endloop
endfacet
facet normal 0 0 1
outer loop
vertex 177.60531198307382 -78.18203029998924 8.5
vertex 159.40251180192436 -75.34193939738184 8.5
vertex 159.6697777786237 -75.51414758693565 8.5
endloop
endfacet
facet normal 0 0 1
outer loop
vertex 177.60531198307382 -78.18203029998924 8.5
vertex 159.6697777786237 -75.51414758693565 8.5
vertex 159.96095606719626 -75.64182674386169 8.5
endloop
endfacet
facet normal 0 0 1
outer loop
vertex 177.60531198307382 -78.18203029998924 8.5
vertex 159.96095606719626 -75.64182674386169 8.5
vertex 160.26868809996824 -75.72175019999025 8.5
endloop
endfacet
facet normal 0 0 1
outer loop
vertex 177.60531198307382 -78.18203029998924 8.5
vertex 160.26868809996824 -75.72175019999025 8.5
vertex 174.2216352999643 -78.18203029998924 8.5
endloop
endfacet
facet normal 0 0 1
outer loop
vertex 162.12221784999997 -74.42389254999999 8.5
vertex 161.8144858172019 -74.34396909386464 8.5
vertex 158.70828846908736 -74.34396909386464 8.5
endloop
endfacet
facet normal 0 0 1
outer loop
vertex 162.12221784999997 -74.42389254999999 8.5
vertex 158.70828846908736 -74.34396909386464 8.5
vertex 158.73854235971737 -74.42389254999999 8.5
endloop
endfacet
facet normal 0 0 1
outer loop
vertex 161.8144858172019 -74.34396909386464 8.5
vertex 161.5233075286273 -74.21628993693773 8.5
vertex 158.6681840598162 -74.21628993693773 8.5
endloop
endfacet
facet normal 0 0 1
outer loop
vertex 161.8144858172019 -74.34396909386464 8.5
vertex 158.6681840598162 -74.21628993693773 8.5
vertex 158.69514620000092 -74.30925040000493 8.5
endloop
endfacet
facet normal 0 0 1
outer loop
vertex 161.8144858172019 -74.34396909386464 8.5
vertex 158.69514620000092 -74.30925040000493 8.5
vertex 158.70828846908736 -74.34396909386464 8.5
endloop
endfacet
facet normal 0 0 1
outer loop
vertex 161.5233075286273 -74.21628993693773 8.5
vertex 161.25604155192767 -74.04408174738374 8.5
vertex 158.61823700496606 -74.04408174738374 8.5
endloop
endfacet
facet normal 0 0 1
outer loop
vertex 161.5233075286273 -74.21628993693773 8.5
vertex 158.61823700496606 -74.04408174738374 8.5
vertex 158.6681840598162 -74.21628993693773 8.5
endloop
endfacet
facet normal 0 0 1
outer loop
vertex 161.25604155192767 -74.04408174738374 8.5
vertex 161.01944215020396 -73.83169651730711 8.5
vertex 158.55663704991474 -73.83169651730711 8.5
endloop
endfacet
facet normal 0 0 1
outer loop
vertex 161.25604155192767 -74.04408174738374 8.5
vertex 158.55663704991474 -73.83169651730711 8.5
vertex 158.61823700496606 -74.04408174738374 8.5
endloop
endfacet
facet normal 0 0 1
outer loop
vertex 161.01944215020396 -73.83169651730711 8.5
vertex 160.8194885903593 -73.58450158055425 8.5
vertex 158.4849409296742 -73.58450158055425 8.5
endloop
endfacet
facet normal 0 0 1
outer loop
vertex 161.01944215020396 -73.83169651730711 8.5
vertex 158.4849409296742 -73.58450158055425 8.5
vertex 158.55663704991474 -73.83169651730711 8.5
endloop
endfacet
facet normal 0 0 1
outer loop
vertex 160.8194885903593 -73.58450158055425 8.5
vertex 160.66123403691523 -73.30874397111286 8.5
vertex 158.40496052642055 -73.30874397111286 8.5
endloop
endfacet
facet normal 0 0 1
outer loop
vertex 160.8194885903593 -73.58450158055425 8.5
vertex 158.40496052642055 -73.30874397111286 8.5
vertex 158.4849409296742 -73.58450158055425 8.5
endloop
endfacet
facet normal 0 0 1
outer loop
vertex 160.66123403691523 -73.30874397111286 8.5
vertex 160.54867570000025 -73.0113951000007 8.5
vertex 158.31871781976687 -73.0113951000007 8.5
endloop
endfacet
facet normal 0 0 1
outer loop
vertex 160.66123403691523 -73.30874397111286 8.5
vertex 158.31871781976687 -73.0113951000007 8.5
vertex 158.40496052642055 -73.30874397111286 8.5
endloop
endfacet
facet normal 0 0 1
outer loop
vertex 160.54867570000025 -73.0113951000007 8.5
vertex 160.1407870722568 -71.60506900000989 8.5
vertex 157.91082870000238 -71.60506900000989 8.5
endloop
endfacet
facet normal 0 0 1
outer loop
vertex 160.54867570000025 -73.0113951000007 8.5
vertex 157.91082870000238 -71.60506900000989 8.5
vertex 158.31871781976687 -73.0113951000007 8.5
endloop
endfacet
facet normal 0 0 1
outer loop
vertex 160.1407870722568 -71.60506900000989 8.5
vertex 160.05454373003286 -71.3077175788855 8.5
vertex 157.79827251308276 -71.3077175788855 8.5
endloop
endfacet
facet normal 0 0 1
outer loop
vertex 160.1407870722568 -71.60506900000989 8.5
vertex 157.79827251308276 -71.3077175788855 8.5
vertex 157.91082870000238 -71.60506900000989 8.5
endloop
endfacet
facet normal 0 0 1
outer loop
vertex 160.05454373003286 -71.3077175788855 8.5
vertex 159.9745634232492 -71.03195996941892 8.5
vertex 157.64001795962423 -71.03195996941892 8.5
endloop
endfacet
facet normal 0 0 1
outer loop
vertex 160.05454373003286 -71.3077175788855 8.5
vertex 157.64001795962423 -71.03195996941892 8.5
vertex 157.79827251308276 -71.3077175788855 8.5
endloop
endfacet
facet normal 0 0 1
outer loop
vertex 159.9745634232492 -71.03195996941892 8.5
vertex 159.90286738950493 -70.78476503270737 8.5
vertex 157.44006439981297 -70.78476503270737 8.5
endloop
endfacet
facet normal 0 0 1
outer loop
vertex 159.9745634232492 -71.03195996941892 8.5
vertex 157.44006439981297 -70.78476503270737 8.5
vertex 157.64001795962423 -71.03195996941892 8.5
endloop
endfacet
facet normal 0 0 1
outer loop
vertex 159.90286738950493 -70.78476503270737 8.5
vertex 159.84126750875876 -70.57237980262894 8.5
vertex 157.20346499808727 -70.57237980262894 8.5
endloop
endfacet
facet normal 0 0 1
outer loop
vertex 159.90286738950493 -70.78476503270737 8.5
vertex 157.20346499808727 -70.57237980262894 8.5
vertex 157.44006439981297 -70.78476503270737 8.5
endloop
endfacet
facet normal 0 0 1
outer loop
vertex 159.84126750875876 -70.57237980262894 8.5
vertex 159.79132051415218 -70.40017161305545 8.5
vertex 156.93619902135737 -70.40017161305545 8.5
endloop
endfacet
facet normal 0 0 1
outer loop
vertex 159.84126750875876 -70.57237980262894 8.5
vertex 156.93619902135737 -70.40017161305545 8.5
vertex 157.20346499808727 -70.57237980262894 8.5
endloop
endfacet
facet normal 0 0 1
outer loop
vertex 159.79132051415218 -70.40017161305545 8.5
vertex 159.7643584500002 -70.30721130000056 8.5
vertex 159.75121635481483 -70.27249245613359 8.5
endloop
endfacet
facet normal 0 0 1
outer loop
vertex 159.79132051415218 -70.40017161305545 8.5
vertex 159.75121635481483 -70.27249245613359 8.5
vertex 156.6450207327943 -70.27249245613359 8.5
endloop
endfacet
facet normal 0 0 1
outer loop
vertex 159.79132051415218 -70.40017161305545 8.5
vertex 156.6450207327943 -70.27249245613359 8.5
vertex 156.93619902135737 -70.40017161305545 8.5
endloop
endfacet
facet normal 0 0 1
outer loop
vertex 159.75121635481483 -70.27249245613359 8.5
vertex 159.72096261669589 -70.19256800000028 8.5
vertex 156.33728740000413 -70.19256800000028 8.5
endloop
endfacet
facet normal 0 0 1
outer loop
vertex 159.75121635481483 -70.27249245613359 8.5
vertex 156.33728740000413 -70.19256800000028 8.5
vertex 156.6450207327943 -70.27249245613359 8.5
endloop
endfacet
facet normal 0 0 1
outer loop
vertex 133.36176151482124 -70.87533632867289 8.5
vertex 133.67180975698133 -70.80492635772639 8.5
vertex 133.96678250139868 -70.6862732645475 8.5
endloop
endfacet
facet normal 0 0 1
outer loop
vertex 133.36176151482124 -70.87533632867289 8.5
vertex 133.96678250139868 -70.6862732645475 8.5
vertex 134.23922523550783 -70.52237563456555 8.5
endloop
endfacet
facet normal 0 0 1
outer loop
vertex 133.36176151482124 -70.87533632867289 8.5
vertex 134.23922523550783 -70.52237563456555 8.5
vertex 134.4822528221534 -70.3173754672571 8.5
endloop
endfacet
facet normal 0 0 1
outer loop
vertex 133.36176151482124 -70.87533632867289 8.5
vertex 134.4822528221534 -70.3173754672571 8.5
vertex 134.68972349999453 -70.07645350000689 8.5
endloop
endfacet
facet normal 0 0 1
outer loop
vertex 133.36176151482124 -70.87533632867289 8.5
vertex 134.68972349999453 -70.07645350000689 8.5
vertex 135.4459674770013 -69.04219114087532 8.5
endloop
endfacet
facet normal 0 0 1
outer loop
vertex 133.36176151482124 -70.87533632867289 8.5
vertex 135.4459674770013 -69.04219114087532 8.5
vertex 131.746622772359 -69.04219114087532 8.5
endloop
endfacet
facet normal 0 0 1
outer loop
vertex 133.36176151482124 -70.87533632867289 8.5
vertex 131.746622772359 -69.04219114087532 8.5
vertex 122.38703219370275 -69.04219114087532 8.5
endloop
endfacet
facet normal 0 0 1
outer loop
vertex 133.36176151482124 -70.87533632867289 8.5
vertex 122.38703219370275 -69.04219114087532 8.5
vertex 132.7279670000267 -70.86557700000205 8.5
endloop
endfacet
facet normal 0 0 1
outer loop
vertex 133.36176151482124 -70.87533632867289 8.5
vertex 132.7279670000267 -70.86557700000205 8.5
vertex 133.04447327353 -70.89572378581308 8.5
endloop
endfacet
facet normal 0 0 1
outer loop
vertex 135.4459674770013 -69.04219114087532 8.5
vertex 135.4608760123676 -69.02180177259211 8.5
vertex 132.06390777159325 -69.02180177259211 8.5
endloop
endfacet
facet normal 0 0 1
outer loop
vertex 135.4459674770013 -69.04219114087532 8.5
vertex 132.06390777159325 -69.02180177259211 8.5
vertex 131.746622772359 -69.04219114087532 8.5
endloop
endfacet
facet normal 0 0 1
outer loop
vertex 131.746622772359 -69.04219114087532 8.5
vertex 131.43011169999974 -69.01204749999997 8.5
vertex 122.21607911563811 -69.01204749999997 8.5
endloop
endfacet
facet normal 0 0 1
outer loop
vertex 131.746622772359 -69.04219114087532 8.5
vertex 122.21607911563811 -69.01204749999997 8.5
vertex 122.38703219370275 -69.04219114087532 8.5
endloop
endfacet
facet normal 0 0 1
outer loop
vertex 135.4608760123676 -69.02180177259211 8.5
vertex 135.51235984370376 -68.95139091250746 8.5
vertex 132.37395261973597 -68.95139091250746 8.5
endloop
endfacet
facet normal 0 0 1
outer loop
vertex 135.4608760123676 -69.02180177259211 8.5
vertex 132.37395261973597 -68.95139091250746 8.5
vertex 132.06390777159325 -69.02180177259211 8.5
endloop
endfacet
facet normal 0 0 1
outer loop
vertex 135.51235984370376 -68.95139091250746 8.5
vertex 135.5991179038394 -68.83273793981903 8.5
vertex 132.66892205739032 -68.83273793981903 8.5
endloop
endfacet
facet normal 0 0 1
outer loop
vertex 135.51235984370376 -68.95139091250746 8.5
vertex 132.66892205739032 -68.83273793981903 8.5
vertex 132.37395261973597 -68.95139091250746 8.5
endloop
endfacet
facet normal 0 0 1
outer loop
vertex 135.5991179038394 -68.83273793981903 8.5
vertex 135.71895769736588 -68.66884137820792 8.5
vertex 132.94136180149894 -68.66884137820792 8.5
endloop
endfacet
facet normal 0 0 1
outer loop
vertex 135.5991179038394 -68.83273793981903 8.5
vertex 132.94136180149894 -68.66884137820792 8.5
vertex 132.66892205739032 -68.83273793981903 8.5
endloop
endfacet
facet normal 0 0 1
outer loop
vertex 135.71895769736588 -68.66884137820792 8.5
vertex 135.86885070800844 -68.46384311902428 8.5
vertex 133.1843869253223 -68.46384311902428 8.5
endloop
endfacet
facet normal 0 0 1
outer loop
vertex 135.71895769736588 -68.66884137820792 8.5
vertex 133.1843869253223 -68.46384311902428 8.5
vertex 132.94136180149894 -68.66884137820792 8.5
endloop
endfacet
facet normal 0 0 1
outer loop
vertex 118.5427378000021 -68.36433829999798 8.5
vertex 109.72148375771592 -68.36433829999798 8.5
vertex 117.28544090000149 -69.68048109999856 8.5
endloop
endfacet
facet normal 0 0 1
outer loop
vertex 131.43011169999974 -69.01204749999997 8.5
vertex 127.7567703843641 -68.36433829999798 8.5
vertex 118.5427378000021 -68.36433829999798 8.5
endloop
endfacet
facet normal 0 0 1
outer loop
vertex 131.43011169999974 -69.01204749999997 8.5
vertex 118.5427378000021 -68.36433829999798 8.5
vertex 122.21607911563811 -69.01204749999997 8.5
endloop
endfacet
facet normal 0 0 1
outer loop
vertex 135.86885070800844 -68.46384311902428 8.5
vertex 136.04500893339537 -68.2229237499997 8.5
vertex 133.39185585000024 -68.2229237499997 8.5
endloop
endfacet
facet normal 0 0 1
outer loop
vertex 135.86885070800844 -68.46384311902428 8.5
vertex 133.39185585000024 -68.2229237499997 8.5
vertex 133.1843869253223 -68.46384311902428 8.5
endloop
endfacet
facet normal 0 0 1
outer loop
vertex 118.5427378000021 -68.36433829999798 8.5
vertex 127.7567703843641 -68.36433829999798 8.5
vertex 124.70909904116014 -67.82695160000002 8.5
endloop
endfacet
facet normal 0 0 1
outer loop
vertex 118.5427378000021 -68.36433829999798 8.5
vertex 124.70909904116014 -67.82695160000002 8.5
vertex 115.98758549999997 -67.82695160000002 8.5
endloop
endfacet
facet normal 0 0 1
outer loop
vertex 118.5427378000021 -68.36433829999798 8.5
vertex 115.98758549999997 -67.82695160000002 8.5
vertex 106.63308790308903 -67.82695160000002 8.5
endloop
endfacet
facet normal 0 0 1
outer loop
vertex 118.5427378000021 -68.36433829999798 8.5
vertex 106.63308790308903 -67.82695160000002 8.5
vertex 109.72148375771592 -68.36433829999798 8.5
endloop
endfacet
facet normal 0 0 1
outer loop
vertex 136.04500893339537 -68.2229237499997 8.5
vertex 136.3516177999909 -67.80359610001179 8.5
vertex 133.69846702881705 -67.80359610001179 8.5
endloop
endfacet
facet normal 0 0 1
outer loop
vertex 136.04500893339537 -68.2229237499997 8.5
vertex 133.69846702881705 -67.80359610001179 8.5
vertex 133.39185585000024 -68.2229237499997 8.5
endloop
endfacet
facet normal 0 0 1
outer loop
vertex 136.3516177999909 -67.80359610001179 8.5
vertex 136.55908282686966 -67.56267292243861 8.5
vertex 133.87462936746118 -67.56267292243861 8.5
endloop
endfacet
facet normal 0 0 1
outer loop
vertex 136.3516177999909 -67.80359610001179 8.5
vertex 133.87462936746118 -67.56267292243861 8.5
vertex 133.69846702881705 -67.80359610001179 8.5
endloop
endfacet
facet normal 0 0 1
outer loop
vertex 136.55908282686966 -67.56267292243861 8.5
vertex 136.80210931421985 -67.35766950992655 8.5
vertex 134.0245272765869 -67.35766950992655 8.5
endloop
endfacet
facet normal 0 0 1
outer loop
vertex 136.55908282686966 -67.56267292243861 8.5
vertex 134.0245272765869 -67.35766950992655 8.5
vertex 133.87462936746118 -67.56267292243861 8.5
endloop
endfacet
facet normal 0 0 1
outer loop
vertex 136.80210931421985 -67.35766950992655 8.5
vertex 137.07455158013818 -67.19376867264864 8.5
vertex 134.14437110021336 -67.19376867264864 8.5
endloop
endfacet
facet normal 0 0 1
outer loop
vertex 136.80210931421985 -67.35766950992655 8.5
vertex 134.14437110021336 -67.19376867264864 8.5
vertex 134.0245272765869 -67.35766950992655 8.5
endloop
endfacet
facet normal 0 0 1
outer loop
vertex 137.07455158013818 -67.19376867264864 8.5
vertex 137.36952444503808 -67.0751125237787 8.5
vertex 134.2311321370301 -67.0751125237787 8.5
endloop
endfacet
facet normal 0 0 1
outer loop
vertex 137.07455158013818 -67.19376867264864 8.5
vertex 134.2311321370301 -67.0751125237787 8.5
vertex 134.14437110021336 -67.19376867264864 8.5
endloop
endfacet
facet normal 0 0 1
outer loop
vertex 159.72096261669589 -70.19256800000028 8.5
vertex 159.65180226308473 -70.00985987888716 8.5
vertex 159.4935477096405 -69.73410226944544 8.5
endloop
endfacet
facet normal 0 0 1
outer loop
vertex 159.72096261669589 -70.19256800000028 8.5
vertex 159.4935477096405 -69.73410226944544 8.5
vertex 159.29359414979618 -69.48690733269304 8.5
endloop
endfacet
facet normal 0 0 1
outer loop
vertex 159.72096261669589 -70.19256800000028 8.5
vertex 159.29359414979618 -69.48690733269304 8.5
vertex 159.0569947480723 -69.27452210261626 8.5
endloop
endfacet
facet normal 0 0 1
outer loop
vertex 159.72096261669589 -70.19256800000028 8.5
vertex 159.0569947480723 -69.27452210261626 8.5
vertex 158.78972877137267 -69.10231391306226 8.5
endloop
endfacet
facet normal 0 0 1
outer loop
vertex 159.72096261669589 -70.19256800000028 8.5
vertex 158.78972877137267 -69.10231391306226 8.5
vertex 158.49855048279818 -68.97463475613539 8.5
endloop
endfacet
facet normal 0 0 1
outer loop
vertex 159.72096261669589 -70.19256800000028 8.5
vertex 158.49855048279818 -68.97463475613539 8.5
vertex 158.19081690000002 -68.89471260000002 8.5
endloop
endfacet
facet normal 0 0 1
outer loop
vertex 159.72096261669589 -70.19256800000028 8.5
vertex 158.19081690000002 -68.89471260000002 8.5
vertex 147.5273797546438 -67.01445804999803 8.5
endloop
endfacet
facet normal 0 0 1
outer loop
vertex 159.72096261669589 -70.19256800000028 8.5
vertex 147.5273797546438 -67.01445804999803 8.5
vertex 138.313373899991 -67.01445804999803 8.5
endloop
endfacet
facet normal 0 0 1
outer loop
vertex 159.72096261669589 -70.19256800000028 8.5
vertex 138.313373899991 -67.01445804999803 8.5
vertex 156.33728740000413 -70.19256800000028 8.5
endloop
endfacet
facet normal 0 0 1
outer loop
vertex 137.36952444503808 -67.0751125237787 8.5
vertex 137.6795733346288 -67.00469974957286 8.5
vertex 134.28261775621988 -67.00469974957286 8.5
endloop
endfacet
facet normal 0 0 1
outer loop
vertex 137.36952444503808 -67.0751125237787 8.5
vertex 134.28261775621988 -67.00469974957286 8.5
vertex 134.2311321370301 -67.0751125237787 8.5
endloop
endfacet
facet normal 0 0 1
outer loop
vertex 137.6795733346288 -67.00469974957286 8.5
vertex 137.996862672202 -66.98430982647128 8.5
vertex 134.29752680969713 -66.98430982647128 8.5
endloop
endfacet
facet normal 0 0 1
outer loop
vertex 137.6795733346288 -67.00469974957286 8.5
vertex 134.29752680969713 -66.98430982647128 8.5
vertex 134.28261775621988 -67.00469974957286 8.5
endloop
endfacet
facet normal 0 0 1
outer loop
vertex 147.5273797546438 -67.01445804999803 8.5
vertex 147.35640094402405 -66.98430982647128 8.5
vertex 137.996862672202 -66.98430982647128 8.5
endloop
endfacet
facet normal 0 0 1
outer loop
vertex 147.5273797546438 -67.01445804999803 8.5
vertex 137.996862672202 -66.98430982647128 8.5
vertex 138.313373899991 -67.01445804999803 8.5
endloop
endfacet
facet normal 0 0 1
outer loop
vertex 124.70909904116014 -67.82695160000002 8.5
vertex 117.24488249999997 -66.5108088 8.5
vertex 115.98758549999997 -67.82695160000002 8.5
endloop
endfacet
facet normal 0 0 -1
outer loop
vertex 69.41936795000021 -122.30920495000228 8.5
vertex 71.92797691052635 -108.08217318544109 8.5
vertex 72.96986573179525 -102.17332665392604 8.5
endloop
endfacet
facet normal 0 0 -1
outer loop
vertex 69.41936795000021 -122.30920495000228 8.5
vertex 72.96986573179525 -102.17332665392604 8.5
vertex 73.31716200756179 -100.20371113202036 8.5
endloop
endfacet
facet normal 0 0 -1
outer loop
vertex 69.41936795000021 -122.30920495000228 8.5
vertex 73.31716200756179 -100.20371113202036 8.5
vertex 75.05364338036384 -90.3556335566936 8.5
endloop
endfacet
facet normal 0 0 -1
outer loop
vertex 69.41936795000021 -122.30920495000228 8.5
vertex 75.05364338036384 -90.3556335566936 8.5
vertex 79.50134640000081 -65.13145029999761 8.5
endloop
endfacet
facet normal 0 0 -1
outer loop
vertex 69.41936795000021 -122.30920495000228 8.5
vertex 79.50134640000081 -65.13145029999761 8.5
vertex 77.87666383611617 -65.13145029999761 8.5
endloop
endfacet
facet normal 0 0 -1
outer loop
vertex 69.41936795000021 -122.30920495000228 8.5
vertex 77.87666383611617 -65.13145029999761 8.5
vertex 73.47794992096846 -90.07779628989364 8.5
endloop
endfacet
facet normal 0 0 -1
outer loop
vertex 69.41936795000021 -122.30920495000228 8.5
vertex 73.47794992096846 -90.07779628989364 8.5
vertex 71.74146813073648 -99.92587379161623 8.5
endloop
endfacet
facet normal 0 0 -1
outer loop
vertex 69.41936795000021 -122.30920495000228 8.5
vertex 71.74146813073648 -99.92587379161623 8.5
vertex 71.39417177148395 -101.8954892988011 8.5
endloop
endfacet
facet normal 0 0 -1
outer loop
vertex 69.41936795000021 -122.30920495000228 8.5
vertex 71.39417177148395 -101.8954892988011 8.5
vertex 70.3522826997571 -107.80433578615363 8.5
endloop
endfacet
facet normal 0 0 -1
outer loop
vertex 69.41936795000021 -122.30920495000228 8.5
vertex 70.3522826997571 -107.80433578615363 8.5
vertex 67.79468288717241 -122.30920495000228 8.5
endloop
endfacet
facet normal 0 0 1
outer loop
vertex 137.996862672202 -66.98430982647128 8.5
vertex 147.35640094402405 -66.98430982647128 8.5
vertex 137.01550624999993 -65.1609283 8.5
endloop
endfacet
facet normal 0 0 1
outer loop
vertex 137.996862672202 -66.98430982647128 8.5
vertex 137.01550624999993 -65.1609283 8.5
vertex 136.69899787338164 -65.13078297141764 8.5
endloop
endfacet
facet normal 0 0 1
outer loop
vertex 137.996862672202 -66.98430982647128 8.5
vertex 136.69899787338164 -65.13078297141764 8.5
vertex 136.38171177787666 -65.15117480566484 8.5
endloop
endfacet
facet normal 0 0 1
outer loop
vertex 137.996862672202 -66.98430982647128 8.5
vertex 136.38171177787666 -65.15117480566484 8.5
vertex 136.0716662823125 -65.2215884690072 8.5
endloop
endfacet
facet normal 0 0 1
outer loop
vertex 137.996862672202 -66.98430982647128 8.5
vertex 136.0716662823125 -65.2215884690072 8.5
vertex 135.77669672416494 -65.34024449738843 8.5
endloop
endfacet
facet normal 0 0 1
outer loop
vertex 137.996862672202 -66.98430982647128 8.5
vertex 135.77669672416494 -65.34024449738843 8.5
vertex 135.50425744825213 -65.50414426628645 8.5
endloop
endfacet
facet normal 0 0 1
outer loop
vertex 137.996862672202 -66.98430982647128 8.5
vertex 135.50425744825213 -65.50414426628645 8.5
vertex 135.26123342371162 -65.70914577067379 8.5
endloop
endfacet
facet normal 0 0 1
outer loop
vertex 137.996862672202 -66.98430982647128 8.5
vertex 135.26123342371162 -65.70914577067379 8.5
vertex 135.05376250000003 -65.95006659999999 8.5
endloop
endfacet
facet normal 0 0 1
outer loop
vertex 137.996862672202 -66.98430982647128 8.5
vertex 135.05376250000003 -65.95006659999999 8.5
vertex 134.29752680969713 -66.98430982647128 8.5
endloop
endfacet
facet normal 0 0 1
outer loop
vertex 79.50134640000081 -65.13145029999761 8.5
vertex 79.5914066254071 -64.7951780015938 8.5
vertex 77.9359577158237 -64.7951780015938 8.5
endloop
endfacet
facet normal 0 0 1
outer loop
vertex 79.50134640000081 -65.13145029999761 8.5
vertex 77.9359577158237 -64.7951780015938 8.5
vertex 77.87666383611617 -65.13145029999761 8.5
endloop
endfacet
facet normal 0 0 1
outer loop
vertex 79.5914066254071 -64.7951780015938 8.5
vertex 79.73841069152387 -64.47961614978405 8.5
vertex 77.99159978497515 -64.47961614978405 8.5
endloop
endfacet
facet normal 0 0 1
outer loop
vertex 79.5914066254071 -64.7951780015938 8.5
vertex 77.99159978497515 -64.47961614978405 8.5
vertex 77.9359577158237 -64.7951780015938 8.5
endloop
endfacet
facet normal 0 0 1
outer loop
vertex 79.73841069152387 -64.47961614978405 8.5
vertex 79.9379065618585 -64.19432528855788 8.5
vertex 78.04190426169684 -64.19432528855788 8.5
endloop
endfacet
facet normal 0 0 1
outer loop
vertex 79.73841069152387 -64.47961614978405 8.5
vertex 78.04190426169684 -64.19432528855788 8.5
vertex 77.99159978497515 -64.47961614978405 8.5
endloop
endfacet
facet normal 0 0 1
outer loop
vertex 79.9379065618585 -64.19432528855788 8.5
vertex 80.18385003632007 -63.94794898054677 8.5
vertex 78.08534705267112 -63.94794898054677 8.5
endloop
endfacet
facet normal 0 0 1
outer loop
vertex 79.9379065618585 -64.19432528855788 8.5
vertex 78.08534705267112 -63.94794898054677 8.5
vertex 78.04190426169684 -64.19432528855788 8.5
endloop
endfacet
facet normal 0 0 1
outer loop
vertex 80.18385003632007 -63.94794898054677 8.5
vertex 80.46878967459088 -63.747951779783364 8.5
vertex 78.12061195560902 -63.747951779783364 8.5
endloop
endfacet
facet normal 0 0 1
outer loop
vertex 80.18385003632007 -63.94794898054677 8.5
vertex 78.12061195560902 -63.747951779783364 8.5
vertex 78.08534705267112 -63.94794898054677 8.5
endloop
endfacet
facet normal 0 0 1
outer loop
vertex 80.46878967459088 -63.747951779783364 8.5
vertex 80.78409255520587 -63.60039307533083 8.5
vertex 78.14663053672064 -63.60039307533083 8.5
endloop
endfacet
facet normal 0 0 1
outer loop
vertex 80.46878967459088 -63.747951779783364 8.5
vertex 78.14663053672064 -63.60039307533083 8.5
vertex 78.12061195560902 -63.747951779783364 8.5
endloop
endfacet
facet normal 0 0 1
outer loop
vertex 80.78409255520587 -63.60039307533083 8.5
vertex 81.12020583027804 -63.509743507786226 8.5
vertex 78.16261450143924 -63.509743507786226 8.5
endloop
endfacet
facet normal 0 0 1
outer loop
vertex 80.78409255520587 -63.60039307533083 8.5
vertex 78.16261450143924 -63.509743507786226 8.5
vertex 78.14663053672064 -63.60039307533083 8.5
endloop
endfacet
facet normal 0 0 1
outer loop
vertex 115.98758549999997 -67.82695160000002 8.5
vertex 91.16830872637236 -63.50835014999975 8.5
vertex 81.81380820000551 -63.50835014999975 8.5
endloop
endfacet
facet normal 0 0 1
outer loop
vertex 115.98758549999997 -67.82695160000002 8.5
vertex 81.81380820000551 -63.50835014999975 8.5
vertex 106.63308790308903 -67.82695160000002 8.5
endloop
endfacet
facet normal 0 0 1
outer loop
vertex 81.12020583027804 -63.509743507786226 8.5
vertex 81.46694615175788 -63.478749520581616 8.5
vertex 78.16807957768158 -63.478749520581616 8.5
endloop
endfacet
facet normal 0 0 1
outer loop
vertex 81.12020583027804 -63.509743507786226 8.5
vertex 78.16807957768158 -63.478749520581616 8.5
vertex 78.16261450143924 -63.509743507786226 8.5
endloop
endfacet
facet normal 0 0 1
outer loop
vertex 91.16830872637236 -63.50835014999975 8.5
vertex 90.99819202940274 -63.478749520581616 8.5
vertex 81.46694615175788 -63.478749520581616 8.5
endloop
endfacet
facet normal 0 0 1
outer loop
vertex 91.16830872637236 -63.50835014999975 8.5
vertex 81.46694615175788 -63.478749520581616 8.5
vertex 81.81380820000551 -63.50835014999975 8.5
endloop
endfacet
facet normal 0 0 1
outer loop
vertex 81.46694615175788 -63.478749520581616 8.5
vertex 90.99819202940274 -63.478749520581616 8.5
vertex 80.5159555499999 -61.65482039999999 8.5
endloop
endfacet
facet normal 0 0 1
outer loop
vertex 81.46694615175788 -63.478749520581616 8.5
vertex 80.5159555499999 -61.65482039999999 8.5
vertex 80.16909350175085 -61.62521977058174 8.5
endloop
endfacet
facet normal 0 0 1
outer loop
vertex 81.46694615175788 -63.478749520581616 8.5
vertex 80.16909350175085 -61.62521977058174 8.5
vertex 79.8223531802783 -61.6562137577857 8.5
endloop
endfacet
facet normal 0 0 1
outer loop
vertex 81.46694615175788 -63.478749520581616 8.5
vertex 79.8223531802783 -61.6562137577857 8.5
vertex 79.48623990520373 -61.746863325330956 8.5
endloop
endfacet
facet normal 0 0 1
outer loop
vertex 81.46694615175788 -63.478749520581616 8.5
vertex 79.48623990520373 -61.746863325330956 8.5
vertex 79.17093702459667 -61.89442202977978 8.5
endloop
endfacet
facet normal 0 0 1
outer loop
vertex 81.46694615175788 -63.478749520581616 8.5
vertex 79.17093702459667 -61.89442202977978 8.5
vertex 78.8859973863183 -62.09441923054851 8.5
endloop
endfacet
facet normal 0 0 1
outer loop
vertex 81.46694615175788 -63.478749520581616 8.5
vertex 78.8859973863183 -62.09441923054851 8.5
vertex 78.64005391185862 -62.340795538557735 8.5
endloop
endfacet
facet normal 0 0 1
outer loop
vertex 81.46694615175788 -63.478749520581616 8.5
vertex 78.64005391185862 -62.340795538557735 8.5
vertex 78.44055804152575 -62.626086399781386 8.5
endloop
endfacet
facet normal 0 0 1
outer loop
vertex 81.46694615175788 -63.478749520581616 8.5
vertex 78.44055804152575 -62.626086399781386 8.5
vertex 78.29355397540583 -62.94164825159791 8.5
endloop
endfacet
facet normal 0 0 1
outer loop
vertex 81.46694615175788 -63.478749520581616 8.5
vertex 78.29355397540583 -62.94164825159791 8.5
vertex 78.20349109999998 -63.277920800000025 8.5
endloop
endfacet
facet normal 0 0 1
outer loop
vertex 81.46694615175788 -63.478749520581616 8.5
vertex 78.20349109999998 -63.277920800000025 8.5
vertex 78.16807957768158 -63.478749520581616 8.5
endloop
endfacet
facet normal 0 0 -1
outer loop
vertex 67.5357570691782 -123.91944008569578 8.5
vertex 67.56107678992188 -123.65649487658406 8.5
vertex 67.56583820000003 -123.60704764999974 8.5
endloop
endfacet
facet normal 0 0 -1
outer loop
vertex 67.5357570691782 -123.91944008569578 8.5
vertex 67.56583820000003 -123.60704764999974 8.5
vertex 67.56583820000002 -123.60704764999986 0
endloop
endfacet
facet normal 0 0 -1
outer loop
vertex 67.5357570691782 -123.91944008569578 8.5
vertex 67.56583820000002 -123.60704764999986 0
vertex 67.5357570691782 -123.91944008569573 0
endloop
endfacet
facet normal 0 0 1
outer loop
vertex 67.55491538901596 -124.23269216803907 8.5
vertex 67.55221754763008 -124.1885805528705 8.5
vertex 67.5371410029823 -123.94206838241647 8.5
endloop
endfacet
facet normal 0 0 1
outer loop
vertex 67.55491538901596 -124.23269216803907 8.5
vertex 67.5371410029823 -123.94206838241647 8.5
vertex 67.5357570691782 -123.91944008569578 8.5
endloop
endfacet
facet normal 0 0 1
outer loop
vertex 67.55491538901596 -124.23269216803907 8.5
vertex 67.5357570691782 -123.91944008569578 8.5
vertex 67.5357570691782 -123.91944008569573 0
endloop
endfacet
facet normal 0 0 1
outer loop
vertex 67.55491538901596 -124.23269216803907 8.5
vertex 67.5357570691782 -123.91944008569573 0
vertex 67.55491538901596 -124.23269216803907 0
endloop
endfacet
facet normal 0 0 1
outer loop
vertex 67.6228414150639 -124.53909054156074 8.5
vertex 67.62212855025277 -124.53587497557842 8.5
vertex 67.58946587388945 -124.38854130253944 8.5
endloop
endfacet
facet normal 0 0 1
outer loop
vertex 67.6228414150639 -124.53909054156074 8.5
vertex 67.58946587388945 -124.38854130253944 8.5
vertex 67.55491538901596 -124.23269216803907 8.5
endloop
endfacet
facet normal 0 0 1
outer loop
vertex 67.6228414150639 -124.53909054156074 8.5
vertex 67.55491538901596 -124.23269216803907 8.5
vertex 67.55491538901596 -124.23269216803907 0
endloop
endfacet
facet normal 0 0 1
outer loop
vertex 67.6228414150639 -124.53909054156074 8.5
vertex 67.55491538901596 -124.23269216803907 0
vertex 67.6228414150639 -124.53909054156071 0
endloop
endfacet
facet normal 0 0 -1
outer loop
vertex 67.73786257237663 -124.83109061293368 8.5
vertex 67.65711903448276 -124.62610990000441 8.5
vertex 67.6228414150639 -124.53909054156074 8.5
endloop
endfacet
facet normal 0 0 -1
outer loop
vertex 67.73786257237663 -124.83109061293368 8.5
vertex 67.6228414150639 -124.53909054156074 8.5
vertex 67.6228414150639 -124.53909054156071 0
endloop
endfacet
facet normal 0 0 -1
outer loop
vertex 67.73786257237663 -124.83109061293368 8.5
vertex 67.6228414150639 -124.53909054156071 0
vertex 67.73786257237667 -124.83109061293372 0
endloop
endfacet
facet normal -0.8616300016287561 -0.5075369349054607 0
outer loop
vertex 67.89714664012362 -125.1015023250938 8.5
vertex 67.73786257237663 -124.83109061293368 8.5
vertex 67.73786257237667 -124.83109061293372 0
endloop
endfacet
facet normal -0.8616300016287561 -0.5075369349054607 0
outer loop
vertex 67.89714664012362 -125.1015023250938 8.5
vertex 67.73786257237667 -124.83109061293372 0
vertex 67.89714664012368 -125.10150232509385 0
endloop
endfacet
facet normal -0.7716253158496338 -0.6360773317293684 0
outer loop
vertex 68.09677149071388 -125.34366720144516 8.5
vertex 67.89714664012362 -125.1015023250938 8.5
vertex 67.89714664012368 -125.10150232509385 0
endloop
endfacet
facet normal -0.7716253158496338 -0.6360773317293684 0
outer loop
vertex 68.09677149071388 -125.34366720144516 8.5
vertex 67.89714664012368 -125.10150232509385 0
vertex 68.09677149071395 -125.34366720144521 0
endloop
endfacet
facet normal -0.6626205317929541 -0.7489552929557429 0
outer loop
vertex 68.33182166621475 -125.55162230070584 8.5
vertex 68.09677149071388 -125.34366720144516 8.5
vertex 68.09677149071395 -125.34366720144521 0
endloop
endfacet
facet normal -0.6626205317929541 -0.7489552929557429 0
outer loop
vertex 68.33182166621475 -125.55162230070584 8.5
vertex 68.09677149071395 -125.34366720144521 0
vertex 68.33182166621475 -125.55162230070583 0
endloop
endfacet
facet normal -0.5372997262603935 -0.8433913706936457 0
outer loop
vertex 68.59650941401732 -125.72024704525575 8.5
vertex 68.33182166621475 -125.55162230070584 8.5
vertex 68.33182166621475 -125.55162230070583 0
endloop
endfacet
facet normal -0.5372997262603935 -0.8433913706936457 0
outer loop
vertex 68.59650941401732 -125.72024704525575 8.5
vertex 68.33182166621475 -125.55162230070583 0
vertex 68.59650941401736 -125.72024704525575 0
endloop
endfacet
facet normal -0.39874873323432836 -0.9170602203476163 0
outer loop
vertex 68.88431720143122 -125.84538930756298 8.5
vertex 68.59650941401732 -125.72024704525575 8.5
vertex 68.59650941401736 -125.72024704525575 0
endloop
endfacet
facet normal -0.39874873323432836 -0.9170602203476163 0
outer loop
vertex 68.88431720143122 -125.84538930756298 8.5
vertex 68.59650941401736 -125.72024704525575 0
vertex 68.88431720143129 -125.845389307563 0
endloop
endfacet
facet normal -0.25037353163054343 -0.9681493142376589 0
outer loop
vertex 69.1881564 -125.92396530000002 8.5
vertex 68.88431720143122 -125.84538930756298 8.5
vertex 68.88431720143129 -125.845389307563 0
endloop
endfacet
facet normal -0.25037353163054343 -0.9681493142376589 0
outer loop
vertex 69.1881564 -125.92396530000002 8.5
vertex 68.88431720143129 -125.845389307563 0
vertex 69.18815639999991 -125.92396529999998 0
endloop
endfacet
facet normal 0 0 1
outer loop
vertex 108.33179309999971 -132.82603589999997 8.5
vertex 97.99088129994311 -131.0026564358133 8.5
vertex 97.81989031728455 -130.9725061500001 8.5
endloop
endfacet
facet normal 0 0 1
outer loop
vertex 108.33179309999971 -132.82603589999997 8.5
vertex 97.81989031728455 -130.9725061500001 8.5
vertex 69.1881564 -125.92396530000002 8.5
endloop
endfacet
facet normal 0 0 1
outer loop
vertex 108.33179309999971 -132.82603589999997 8.5
vertex 69.1881564 -125.92396530000002 8.5
vertex 69.18815639999991 -125.92396529999998 0
endloop
endfacet
facet normal 0 0 1
outer loop
vertex 108.33179309999971 -132.82603589999997 8.5
vertex 69.18815639999991 -125.92396529999998 0
vertex 78.43225034515531 -127.55394642647242 0
endloop
endfacet
facet normal 0 0 1
outer loop
vertex 108.33179309999971 -132.82603589999997 8.5
vertex 78.43225034515531 -127.55394642647242 0
vertex 78.5478874906574 -127.57433634957422 0
endloop
endfacet
facet normal 0 0 1
outer loop
vertex 108.33179309999971 -132.82603589999997 8.5
vertex 78.5478874906574 -127.57433634957422 0
vertex 78.947218678678 -127.64474912377872 0
endloop
endfacet
facet normal 0 0 1
outer loop
vertex 108.33179309999971 -132.82603589999997 8.5
vertex 78.947218678678 -127.64474912377872 0
vertex 79.62015198420768 -127.76340527265559 0
endloop
endfacet
facet normal 0 0 1
outer loop
vertex 108.33179309999971 -132.82603589999997 8.5
vertex 79.62015198420768 -127.76340527265559 0
vertex 80.54968099087225 -127.92730610992109 0
endloop
endfacet
facet normal 0 0 1
outer loop
vertex 108.33179309999971 -132.82603589999997 8.5
vertex 80.54968099087225 -127.92730610992109 0
vertex 81.71231457824416 -128.13230952244183 0
endloop
endfacet
facet normal 0 0 1
outer loop
vertex 108.33179309999971 -132.82603589999997 8.5
vertex 81.71231457824416 -128.13230952244183 0
vertex 83.07867059103843 -128.37323465000006 0
endloop
endfacet
facet normal 0 0 1
outer loop
vertex 108.33179309999971 -132.82603589999997 8.5
vertex 83.07867059103843 -128.37323465000006 0
vertex 86.32011512239686 -128.94478805912465 0
endloop
endfacet
facet normal 0 0 1
outer loop
vertex 108.33179309999971 -132.82603589999997 8.5
vertex 86.32011512239686 -128.94478805912465 0
vertex 86.43574912136245 -128.96517742740787 0
endloop
endfacet
facet normal 0 0 1
outer loop
vertex 108.33179309999971 -132.82603589999997 8.5
vertex 86.43574912136245 -128.96517742740787 0
vertex 86.83506945385615 -129.0355882874925 0
endloop
endfacet
facet normal 0 0 1
outer loop
vertex 108.33179309999971 -132.82603589999997 8.5
vertex 86.83506945385615 -129.0355882874925 0
vertex 87.50798474630334 -129.1542412601809 0
endloop
endfacet
facet normal 0 0 1
outer loop
vertex 108.33179309999971 -132.82603589999997 8.5
vertex 87.50798474630334 -129.1542412601809 0
vertex 88.43748950449714 -129.31813782179213 0
endloop
endfacet
facet normal 0 0 1
outer loop
vertex 108.33179309999971 -132.82603589999997 8.5
vertex 88.43748950449714 -129.31813782179213 0
vertex 89.60009386580613 -129.52313608097592 0
endloop
endfacet
facet normal 0 0 1
outer loop
vertex 108.33179309999971 -132.82603589999997 8.5
vertex 89.60009386580613 -129.52313608097592 0
vertex 90.96641722028808 -129.76405544999977 0
endloop
endfacet
facet normal 0 0 1
outer loop
vertex 108.33179309999971 -132.82603589999997 8.5
vertex 90.96641722028808 -129.76405544999977 0
vertex 108.33179310000001 -132.82603590000002 0
endloop
endfacet
facet normal -0.09482116923967968 -0.9954943223665417 0
outer loop
vertex 108.64830002235945 -132.85618329087535 8.5
vertex 108.33179309999971 -132.82603589999997 8.5
vertex 108.33179310000001 -132.82603590000002 0
endloop
endfacet
facet normal -0.09482116923967968 -0.9954943223665417 0
outer loop
vertex 108.64830002235945 -132.85618329087535 8.5
vertex 108.33179310000001 -132.82603590000002 0
vertex 108.64830002235922 -132.85618329087535 0
endloop
endfacet
facet normal 0.06412972016934762 -0.9979415709303833 0
outer loop
vertex 108.96558502159289 -132.8357939225922 8.5
vertex 108.64830002235945 -132.85618329087535 8.5
vertex 108.64830002235922 -132.85618329087535 0
endloop
endfacet
facet normal 0.06412972016934762 -0.9979415709303833 0
outer loop
vertex 108.96558502159289 -132.8357939225922 8.5
vertex 108.64830002235922 -132.85618329087535 0
vertex 108.96558502159301 -132.83579392259216 0
endloop
endfacet
facet normal 0.2214599634181687 -0.9751694645561989 0
outer loop
vertex 109.27562986973612 -132.76538306250742 8.5
vertex 108.96558502159289 -132.8357939225922 8.5
vertex 108.96558502159301 -132.83579392259216 0
endloop
endfacet
facet normal 0.2214599634181687 -0.9751694645561989 0
outer loop
vertex 109.27562986973612 -132.76538306250742 8.5
vertex 108.96558502159301 -132.83579392259216 0
vertex 109.27562986973619 -132.7653830625074 0
endloop
endfacet
facet normal 0.37319360904584126 -0.9277534856670385 0
outer loop
vertex 109.57059930739035 -132.64673008981904 8.5
vertex 109.27562986973612 -132.76538306250742 8.5
vertex 109.27562986973619 -132.7653830625074 0
endloop
endfacet
facet normal 0.37319360904584126 -0.9277534856670385 0
outer loop
vertex 109.57059930739035 -132.64673008981904 8.5
vertex 109.27562986973619 -132.7653830625074 0
vertex 109.57059930739021 -132.6467300898191 0
endloop
endfacet
facet normal 0.5154961393043079 -0.8568919012117886 0
outer loop
vertex 109.84303905149885 -132.48283352820798 8.5
vertex 109.57059930739035 -132.64673008981904 8.5
vertex 109.57059930739021 -132.6467300898191 0
endloop
endfacet
facet normal 0.5154961393043079 -0.8568919012117886 0
outer loop
vertex 109.84303905149885 -132.48283352820798 8.5
vertex 109.57059930739021 -132.6467300898191 0
vertex 109.843039051499 -132.48283352820783 0
endloop
endfacet
facet normal 0.6447713736918922 -0.7643754808125851 0
outer loop
vertex 110.08606417532243 -132.27783526902414 8.5
vertex 109.84303905149885 -132.48283352820798 8.5
vertex 109.843039051499 -132.48283352820783 0
endloop
endfacet
facet normal 0.6447713736918922 -0.7643754808125851 0
outer loop
vertex 110.08606417532243 -132.27783526902414 8.5
vertex 109.843039051499 -132.48283352820783 0
vertex 110.08606417532242 -132.27783526902417 0
endloop
endfacet
facet normal 0.757753019253643 -0.6525414636726068 0
outer loop
vertex 110.29353620000016 -132.0369117999998 8.5
vertex 110.08606417532243 -132.27783526902414 8.5
vertex 110.08606417532242 -132.27783526902417 0
endloop
endfacet
facet normal 0.757753019253643 -0.6525414636726068 0
outer loop
vertex 110.29353620000016 -132.0369117999998 8.5
vertex 110.08606417532242 -132.27783526902417 0
vertex 110.29353620000015 -132.03691179999984 0
endloop
endfacet
facet normal 0 0 -1
outer loop
vertex 111.95544355000007 -129.7640554499999 8.5
vertex 111.64883257282654 -130.18338249999977 8.5
vertex 111.4726683140838 -130.42430811725902 8.5
endloop
endfacet
facet normal 0 0 -1
outer loop
vertex 111.95544355000007 -129.7640554499999 8.5
vertex 111.4726683140838 -130.42430811725902 8.5
vertex 111.32277266194116 -130.6293082845727 8.5
endloop
endfacet
facet normal 0 0 -1
outer loop
vertex 111.95544355000007 -129.7640554499999 8.5
vertex 111.32277266194116 -130.6293082845727 8.5
vertex 111.20293109082179 -130.79320591455345 8.5
endloop
endfacet
facet normal 0 0 -1
outer loop
vertex 111.95544355000007 -129.7640554499999 8.5
vertex 111.20293109082179 -130.79320591455345 8.5
vertex 111.1161722212416 -130.9118590077263 8.5
endloop
endfacet
facet normal 0 0 -1
outer loop
vertex 111.95544355000007 -129.7640554499999 8.5
vertex 111.1161722212416 -130.9118590077263 8.5
vertex 111.06468861198107 -130.98226897867247 8.5
endloop
endfacet
facet normal 0 0 -1
outer loop
vertex 111.95544355000007 -129.7640554499999 8.5
vertex 111.06468861198107 -130.98226897867247 8.5
vertex 111.04978135008123 -131.0026564358133 8.5
endloop
endfacet
facet normal 0 0 -1
outer loop
vertex 111.95544355000007 -129.7640554499999 8.5
vertex 111.04978135008123 -131.0026564358133 8.5
vertex 110.29353620000016 -132.0369117999998 8.5
endloop
endfacet
facet normal 0 0 -1
outer loop
vertex 111.95544355000007 -129.7640554499999 8.5
vertex 110.29353620000016 -132.0369117999998 8.5
vertex 110.29353620000015 -132.03691179999984 0
endloop
endfacet
facet normal 0 0 -1
outer loop
vertex 111.95544355000007 -129.7640554499999 8.5
vertex 110.29353620000015 -132.03691179999984 0
vertex 111.95544355000015 -129.76405544999977 0
endloop
endfacet
facet normal 0.75775234937673 -0.6525422415553236 0
outer loop
vertex 112.1629124746775 -129.52313608097592 8.5
vertex 111.95544355000007 -129.7640554499999 8.5
vertex 111.95544355000015 -129.76405544999977 0
endloop
endfacet
facet normal 0.75775234937673 -0.6525422415553236 0
outer loop
vertex 112.1629124746775 -129.52313608097592 8.5
vertex 111.95544355000015 -129.76405544999977 0
vertex 112.16291247467748 -129.52313608097592 0
endloop
endfacet
facet normal 0.6447713736918921 -0.7643754808125849 0
outer loop
vertex 112.40593759850118 -129.31813782179202 8.5
vertex 112.1629124746775 -129.52313608097592 8.5
vertex 112.16291247467748 -129.52313608097592 0
endloop
endfacet
facet normal 0.6447713736918921 -0.7643754808125849 0
outer loop
vertex 112.40593759850118 -129.31813782179202 8.5
vertex 112.16291247467748 -129.52313608097592 0
vertex 112.40593759850103 -129.31813782179213 0
endloop
endfacet
facet normal 0.5154961393043288 -0.856891901211776 0
outer loop
vertex 112.67837734260982 -129.15424126018087 8.5
vertex 112.40593759850118 -129.31813782179202 8.5
vertex 112.40593759850103 -129.31813782179213 0
endloop
endfacet
facet normal 0.5154961393043288 -0.856891901211776 0
outer loop
vertex 112.67837734260982 -129.15424126018087 8.5
vertex 112.40593759850103 -129.31813782179213 0
vertex 112.67837734260978 -129.1542412601809 0
endloop
endfacet
facet normal 0.3731936090458119 -0.9277534856670503 0
outer loop
vertex 112.9733467802642 -129.03558828749246 8.5
vertex 112.67837734260982 -129.15424126018087 8.5
vertex 112.67837734260978 -129.1542412601809 0
endloop
endfacet
facet normal 0.3731936090458119 -0.9277534856670503 0
outer loop
vertex 112.9733467802642 -129.03558828749246 8.5
vertex 112.67837734260978 -129.1542412601809 0
vertex 112.97334678026408 -129.0355882874925 0
endloop
endfacet
facet normal 0.22145996341819724 -0.9751694645561924 0
outer loop
vertex 113.28339162840666 -128.96517742740787 8.5
vertex 112.9733467802642 -129.03558828749246 8.5
vertex 112.97334678026408 -129.0355882874925 0
endloop
endfacet
facet normal 0.22145996341819724 -0.9751694645561924 0
outer loop
vertex 113.28339162840666 -128.96517742740787 8.5
vertex 112.97334678026408 -129.0355882874925 0
vertex 113.28339162840669 -128.96517742740787 0
endloop
endfacet
facet normal 0.06412972016934762 -0.9979415709303833 0
outer loop
vertex 113.60067662764105 -128.94478805912465 8.5
vertex 113.28339162840666 -128.96517742740787 8.5
vertex 113.28339162840669 -128.96517742740787 0
endloop
endfacet
facet normal 0.06412972016934762 -0.9979415709303833 0
outer loop
vertex 113.60067662764105 -128.94478805912465 8.5
vertex 113.28339162840669 -128.96517742740787 0
vertex 113.6006766276409 -128.94478805912465 0
endloop
endfacet
facet normal -0.0948059331772129 -0.9954957734889676 0
outer loop
vertex 113.91718709999981 -128.97493089999998 8.5
vertex 113.60067662764105 -128.94478805912465 8.5
vertex 113.6006766276409 -128.94478805912465 0
endloop
endfacet
facet normal -0.0948059331772129 -0.9954957734889676 0
outer loop
vertex 113.91718709999981 -128.97493089999998 8.5
vertex 113.6006766276409 -128.94478805912465 0
vertex 113.9171870999998 -128.97493089999998 0
endloop
endfacet
facet normal 0 0 1
outer loop
vertex 127.87012650000011 -131.43520515000003 8.5
vertex 117.52918846843956 -129.61182279087544 8.5
vertex 117.3582137415457 -129.58167539999823 8.5
endloop
endfacet
facet normal 0 0 1
outer loop
vertex 127.87012650000011 -131.43520515000003 8.5
vertex 117.3582137415457 -129.58167539999823 8.5
vertex 113.91718709999981 -128.97493089999998 8.5
endloop
endfacet
facet normal 0 0 1
outer loop
vertex 127.87012650000011 -131.43520515000003 8.5
vertex 113.91718709999981 -128.97493089999998 8.5
vertex 113.9171870999998 -128.97493089999998 0
endloop
endfacet
facet normal 0 0 1
outer loop
vertex 127.87012650000011 -131.43520515000003 8.5
vertex 113.9171870999998 -128.97493089999998 0
vertex 127.87012649999997 -131.43520514999997 0
endloop
endfacet
facet normal -0.09482934611099837 -0.9954935434829101 0
outer loop
vertex 128.18663627352777 -131.4653554358134 8.5
vertex 127.87012650000011 -131.43520515000003 8.5
vertex 127.87012649999997 -131.43520514999997 0
endloop
endfacet
facet normal -0.09482934611099837 -0.9954935434829101 0
outer loop
vertex 128.18663627352777 -131.4653554358134 8.5
vertex 127.87012649999997 -131.43520514999997 0
vertex 128.18663627352808 -131.4653554358134 0
endloop
endfacet
facet normal 0.06412308133542413 -0.9979419975329481 0
outer loop
vertex 128.50392451482398 -131.44496797867288 8.5
vertex 128.18663627352777 -131.4653554358134 8.5
vertex 128.18663627352808 -131.4653554358134 0
endloop
endfacet
facet normal 0.06412308133542413 -0.9979419975329481 0
outer loop
vertex 128.50392451482398 -131.44496797867288 8.5
vertex 128.18663627352808 -131.4653554358134 0
vertex 128.50392451482372 -131.44496797867293 0
endloop
endfacet
facet normal 0.22145499866286408 -0.9751705920336353 0
outer loop
vertex 128.81397275698134 -131.374558007727 8.5
vertex 128.50392451482398 -131.44496797867288 8.5
vertex 128.50392451482372 -131.44496797867293 0
endloop
endfacet
facet normal 0.22145499866286408 -0.9751705920336353 0
outer loop
vertex 128.81397275698134 -131.374558007727 8.5
vertex 128.50392451482372 -131.44496797867293 0
vertex 128.8139727569813 -131.374558007727 0
endloop
endfacet
facet normal 0.3731903342485056 -0.9277548029643872 0
outer loop
vertex 129.10894550140316 -131.2559049145463 8.5
vertex 128.81397275698134 -131.374558007727 8.5
vertex 128.8139727569813 -131.374558007727 0
endloop
endfacet
facet normal 0.3731903342485056 -0.9277548029643872 0
outer loop
vertex 129.10894550140316 -131.2559049145463 8.5
vertex 128.8139727569813 -131.374558007727 0
vertex 129.10894550140324 -131.25590491454622 0
endloop
endfacet
facet normal 0.5154944525507131 -0.8568929159407496 0
outer loop
vertex 129.3813882355002 -131.09200728457162 8.5
vertex 129.10894550140316 -131.2559049145463 8.5
vertex 129.10894550140324 -131.25590491454622 0
endloop
endfacet
facet normal 0.5154944525507131 -0.8568929159407496 0
outer loop
vertex 129.3813882355002 -131.09200728457162 8.5
vertex 129.10894550140324 -131.25590491454622 0
vertex 129.38138823550022 -131.0920072845716 0
endloop
endfacet
facet normal 0.6447710625169261 -0.7643757432969693 0
outer loop
vertex 129.62441582215297 -130.88700711725713 8.5
vertex 129.3813882355002 -131.09200728457162 8.5
vertex 129.38138823550022 -131.0920072845716 0
endloop
endfacet
facet normal 0.6447710625169261 -0.7643757432969693 0
outer loop
vertex 129.62441582215297 -130.88700711725713 8.5
vertex 129.38138823550022 -131.0920072845716 0
vertex 129.624415822153 -130.8870071172571 0
endloop
endfacet
facet normal 0.7577650410601077 -0.6525275032879252 0
outer loop
vertex 129.83188299999992 -130.64608030000014 8.5
vertex 129.62441582215297 -130.88700711725713 8.5
vertex 129.624415822153 -130.8870071172571 0
endloop
endfacet
facet normal 0.7577650410601077 -0.6525275032879252 0
outer loop
vertex 129.83188299999992 -130.64608030000014 8.5
vertex 129.624415822153 -130.8870071172571 0
vertex 129.83188299999998 -130.64608030000005 0
endloop
endfacet
facet normal 0 0 -1
outer loop
vertex 131.49377689999997 -128.37323465000003 8.5
vertex 131.18717493085316 -128.7925508000002 8.5
vertex 131.01101247367845 -129.03347476902303 8.5
endloop
endfacet
facet normal 0 0 -1
outer loop
vertex 131.49377689999997 -128.37323465000003 8.5
vertex 131.01101247367845 -129.03347476902303 8.5
vertex 130.86111872420827 -129.23847302820525 8.5
endloop
endfacet
facet normal 0 0 -1
outer loop
vertex 131.49377689999997 -128.37323465000003 8.5
vertex 130.86111872420827 -129.23847302820525 8.5
vertex 130.74127833998477 -129.40236958981887 8.5
endloop
endfacet
facet normal 0 0 -1
outer loop
vertex 131.49377689999997 -128.37323465000003 8.5
vertex 130.74127833998477 -129.40236958981887 8.5
vertex 130.6545198522132 -129.52102256250998 8.5
endloop
endfacet
facet normal 0 0 -1
outer loop
vertex 131.49377689999997 -128.37323465000003 8.5
vertex 130.6545198522132 -129.52102256250998 8.5
vertex 130.6030357671126 -129.59143342259264 8.5
endloop
endfacet
facet normal 0 0 -1
outer loop
vertex 131.49377689999997 -128.37323465000003 8.5
vertex 130.6030357671126 -129.59143342259264 8.5
vertex 130.58812715826184 -129.61182279087544 8.5
endloop
endfacet
facet normal 0 0 -1
outer loop
vertex 131.49377689999997 -128.37323465000003 8.5
vertex 130.58812715826184 -129.61182279087544 8.5
vertex 129.83188299999992 -130.64608030000014 8.5
endloop
endfacet
facet normal 0 0 -1
outer loop
vertex 131.49377689999997 -128.37323465000003 8.5
vertex 129.83188299999992 -130.64608030000014 8.5
vertex 129.83188299999998 -130.64608030000005 0
endloop
endfacet
facet normal 0 0 -1
outer loop
vertex 131.49377689999997 -128.37323465000003 8.5
vertex 129.83188299999998 -130.64608030000005 0
vertex 131.05381947151088 -128.97493089999998 0
endloop
endfacet
facet normal 0 0 -1
outer loop
vertex 131.49377689999997 -128.37323465000003 8.5
vertex 131.05381947151088 -128.97493089999998 0
vertex 131.07585977300653 -128.94478805912465 0
endloop
endfacet
facet normal 0 0 -1
outer loop
vertex 131.49377689999997 -128.37323465000003 8.5
vertex 131.07585977300653 -128.94478805912465 0
vertex 131.49377689999994 -128.37323465000006 0
endloop
endfacet
facet normal 0.7577600581300482 -0.6525332898042413 0
outer loop
vertex 131.70124582686583 -128.13230952244183 8.5
vertex 131.49377689999997 -128.37323465000003 8.5
vertex 131.49377689999994 -128.37323465000006 0
endloop
endfacet
facet normal 0.7577600581300482 -0.6525332898042413 0
outer loop
vertex 131.70124582686583 -128.13230952244183 8.5
vertex 131.49377689999994 -128.37323465000006 0
vertex 131.70124582686583 -128.13230952244183 0
endloop
endfacet
facet normal 0.6447787300681116 -0.7643692754498661 0
outer loop
vertex 131.94427231422637 -127.92730610992106 8.5
vertex 131.70124582686583 -128.13230952244183 8.5
vertex 131.70124582686583 -128.13230952244183 0
endloop
endfacet
facet normal 0.6447787300681116 -0.7643692754498661 0
outer loop
vertex 131.94427231422637 -127.92730610992106 8.5
vertex 131.70124582686583 -128.13230952244183 0
vertex 131.94427231422634 -127.92730610992109 0
endloop
endfacet
facet normal 0.515502509981561 -0.8568880686546585 0
outer loop
vertex 132.21671458012395 -127.76340527265562 8.5
vertex 131.94427231422637 -127.92730610992106 8.5
vertex 131.94427231422634 -127.92730610992109 0
endloop
endfacet
facet normal 0.515502509981561 -0.8568880686546585 0
outer loop
vertex 132.21671458012395 -127.76340527265562 8.5
vertex 131.94427231422634 -127.92730610992109 0
vertex 132.216714580124 -127.76340527265559 0
endloop
endfacet
facet normal 0.37319847531782163 -0.9277515281692902 0
outer loop
vertex 132.51168744504128 -127.64474912377867 8.5
vertex 132.21671458012395 -127.76340527265562 8.5
vertex 132.216714580124 -127.76340527265559 0
endloop
endfacet
facet normal 0.37319847531782163 -0.9277515281692902 0
outer loop
vertex 132.51168744504128 -127.64474912377867 8.5
vertex 132.216714580124 -127.76340527265559 0
vertex 132.51168744504108 -127.64474912377872 0
endloop
endfacet
facet normal 0.2214629433427143 -0.9751687878136696 0
outer loop
vertex 132.82173633462574 -127.57433634957425 8.5
vertex 132.51168744504128 -127.64474912377867 8.5
vertex 132.51168744504108 -127.64474912377872 0
endloop
endfacet
facet normal 0.2214629433427143 -0.9751687878136696 0
outer loop
vertex 132.82173633462574 -127.57433634957425 8.5
vertex 132.51168744504108 -127.64474912377872 0
vertex 132.82173633462588 -127.57433634957422 0
endloop
endfacet
facet normal 0.06413058476499603 -0.9979415153693626 0
outer loop
vertex 133.13902567220265 -127.55394642647242 8.5
vertex 132.82173633462574 -127.57433634957425 8.5
vertex 132.82173633462588 -127.57433634957422 0
endloop
endfacet
facet normal 0.06413058476499603 -0.9979415153693626 0
outer loop
vertex 133.13902567220265 -127.55394642647242 8.5
vertex 132.82173633462588 -127.57433634957422 0
vertex 133.13902567220245 -127.55394642647242 0
endloop
endfacet
facet normal -0.09483790053312192 -0.9954927285633329 0
outer loop
vertex 133.4555337999999 -127.58409929999998 8.5
vertex 133.13902567220265 -127.55394642647242 8.5
vertex 133.13902567220245 -127.55394642647242 0
endloop
endfacet
facet normal -0.09483790053312192 -0.9954927285633329 0
outer loop
vertex 133.4555337999999 -127.58409929999998 8.5
vertex 133.13902567220245 -127.55394642647242 0
vertex 133.4555337999999 -127.58409929999999 0
endloop
endfacet
facet normal -0.17364783979340342 -0.9848078125883672 0
outer loop
vertex 140.18612219999963 -128.77088124999995 8.5
vertex 133.4555337999999 -127.58409929999998 8.5
vertex 133.4555337999999 -127.58409929999999 0
endloop
endfacet
facet normal -0.17364783979340342 -0.9848078125883672 0
outer loop
vertex 140.18612219999963 -128.77088124999995 8.5
vertex 133.4555337999999 -127.58409929999999 0
vertex 140.18612219999991 -128.77088125 0
endloop
endfacet
facet normal -0.2513779100942198 -0.967889015495404 0
outer loop
vertex 140.49385423279807 -128.85080470613536 8.5
vertex 140.18612219999963 -128.77088124999995 8.5
vertex 140.18612219999991 -128.77088125 0
endloop
endfacet
facet normal -0.2513779100942198 -0.967889015495404 0
outer loop
vertex 140.49385423279807 -128.85080470613536 8.5
vertex 140.18612219999991 -128.77088125 0
vertex 140.49385423279824 -128.85080470613545 0
endloop
endfacet
facet normal -0.4015807271460114 -0.915823629081976 0
outer loop
vertex 140.7850325213726 -128.97848386306225 8.5
vertex 140.49385423279807 -128.85080470613536 8.5
vertex 140.49385423279824 -128.85080470613545 0
endloop
endfacet
facet normal -0.4015807271460114 -0.915823629081976 0
outer loop
vertex 140.7850325213726 -128.97848386306225 8.5
vertex 140.49385423279824 -128.85080470613545 0
vertex 140.78503252137247 -128.97848386306217 0
endloop
endfacet
facet normal -0.5416349202652638 -0.840613831166988 0
outer loop
vertex 141.05229849807242 -129.15069205261636 8.5
vertex 140.7850325213726 -128.97848386306225 8.5
vertex 140.78503252137247 -128.97848386306217 0
endloop
endfacet
facet normal -0.5416349202652638 -0.840613831166988 0
outer loop
vertex 141.05229849807242 -129.15069205261636 8.5
vertex 140.78503252137247 -128.97848386306217 0
vertex 141.0522984980724 -129.15069205261636 0
endloop
endfacet
facet normal -0.6680010832003482 -0.7441603005019561 0
outer loop
vertex 141.28889789979596 -129.3630772826928 8.5
vertex 141.05229849807242 -129.15069205261636 8.5
vertex 141.0522984980724 -129.15069205261636 0
endloop
endfacet
facet normal -0.6680010832003482 -0.7441603005019561 0
outer loop
vertex 141.28889789979596 -129.3630772826928 8.5
vertex 141.0522984980724 -129.15069205261636 0
vertex 141.2888978997961 -129.36307728269296 0
endloop
endfacet
facet normal -0.777485729365003 -0.6289005808820416 0
outer loop
vertex 141.48885145964064 -129.6102722194457 8.5
vertex 141.28889789979596 -129.3630772826928 8.5
vertex 141.2888978997961 -129.36307728269296 0
endloop
endfacet
facet normal -0.777485729365003 -0.6289005808820416 0
outer loop
vertex 141.48885145964064 -129.6102722194457 8.5
vertex 141.2888978997961 -129.36307728269296 0
vertex 141.48885145964059 -129.6102722194456 0
endloop
endfacet
facet normal -0.8673219966437018 -0.49774748029295196 0
outer loop
vertex 141.64710601308474 -129.88602982888716 8.5
vertex 141.48885145964064 -129.6102722194457 8.5
vertex 141.48885145964059 -129.6102722194456 0
endloop
endfacet
facet normal -0.8673219966437018 -0.49774748029295196 0
outer loop
vertex 141.64710601308474 -129.88602982888716 8.5
vertex 141.48885145964059 -129.6102722194456 0
vertex 141.6471060130847 -129.8860298288871 0
endloop
endfacet
facet normal -0.9352377724253609 -0.354020209915831 0
outer loop
vertex 141.75966439999988 -130.18338249999977 8.5
vertex 141.64710601308474 -129.88602982888716 8.5
vertex 141.6471060130847 -129.8860298288871 0
endloop
endfacet
facet normal -0.9352377724253609 -0.354020209915831 0
outer loop
vertex 141.75966439999988 -130.18338249999977 8.5
vertex 141.6471060130847 -129.8860298288871 0
vertex 141.75966440000002 -130.18338229999978 0
endloop
endfacet
facet normal 0 0 -1
outer loop
vertex 142.54398159999988 -132.88756744999978 8.5
vertex 142.51701956353446 -132.79460718694406 8.5
vertex 142.46707259335372 -132.62239899737375 8.5
endloop
endfacet
facet normal 0 0 -1
outer loop
vertex 142.54398159999988 -132.88756744999978 8.5
vertex 142.46707259335372 -132.62239899737375 8.5
vertex 142.40547274273348 -132.4100137673042 8.5
endloop
endfacet
facet normal 0 0 -1
outer loop
vertex 142.54398159999988 -132.88756744999978 8.5
vertex 142.40547274273348 -132.4100137673042 8.5
vertex 142.33377674404127 -132.1628188305634 8.5
endloop
endfacet
facet normal 0 0 -1
outer loop
vertex 142.54398159999988 -132.88756744999978 8.5
vertex 142.33377674404127 -132.1628188305634 8.5
vertex 142.2537964763726 -131.88706122110815 8.5
endloop
endfacet
facet normal 0 0 -1
outer loop
vertex 142.54398159999988 -132.88756744999978 8.5
vertex 142.2537964763726 -131.88706122110815 8.5
vertex 142.16755317632368 -131.5897097999859 8.5
endloop
endfacet
facet normal 0 0 -1
outer loop
vertex 142.54398159999988 -132.88756744999978 8.5
vertex 142.16755317632368 -131.5897097999859 8.5
vertex 141.75966439999988 -130.18338249999977 8.5
endloop
endfacet
facet normal 0 0 -1
outer loop
vertex 142.54398159999988 -132.88756744999978 8.5
vertex 141.75966439999988 -130.18338249999977 8.5
vertex 141.75966440000002 -130.18338229999978 0
endloop
endfacet
facet normal 0 0 -1
outer loop
vertex 142.54398159999988 -132.88756744999978 8.5
vertex 141.75966440000002 -130.18338229999978 0
vertex 142.54398159999988 -132.88756744999978 0
endloop
endfacet
facet normal 0 0 1
outer loop
vertex 142.65653778691524 -133.1849188711129 8.5
vertex 142.58737699799582 -133.0022096000005 8.5
vertex 142.5571237141104 -132.92228634386328 8.5
endloop
endfacet
facet normal 0 0 1
outer loop
vertex 142.65653778691524 -133.1849188711129 8.5
vertex 142.5571237141104 -132.92228634386328 8.5
vertex 142.54398159999988 -132.88756744999978 8.5
endloop
endfacet
facet normal 0 0 1
outer loop
vertex 142.65653778691524 -133.1849188711129 8.5
vertex 142.54398159999988 -132.88756744999978 8.5
vertex 142.54398159999988 -132.88756744999978 0
endloop
endfacet
facet normal 0 0 1
outer loop
vertex 142.65653778691524 -133.1849188711129 8.5
vertex 142.54398159999988 -132.88756744999978 0
vertex 142.65653778691524 -133.1849188711129 0
endloop
endfacet
facet normal -0.867321996643682 -0.4977474802929863 0
outer loop
vertex 142.8147923403594 -133.4606764805544 8.5
vertex 142.65653778691524 -133.1849188711129 8.5
vertex 142.65653778691524 -133.1849188711129 0
endloop
endfacet
facet normal -0.867321996643682 -0.4977474802929863 0
outer loop
vertex 142.8147923403594 -133.4606764805544 8.5
vertex 142.65653778691524 -133.1849188711129 0
vertex 142.81479234035933 -133.46067648055435 0
endloop
endfacet
facet normal -0.7774857293650047 -0.6289005808820395 0
outer loop
vertex 143.01474590020396 -133.70787141730716 8.5
vertex 142.8147923403594 -133.4606764805544 8.5
vertex 142.81479234035933 -133.46067648055435 0
endloop
endfacet
facet normal -0.7774857293650047 -0.6289005808820395 0
outer loop
vertex 143.01474590020396 -133.70787141730716 8.5
vertex 142.81479234035933 -133.46067648055435 0
vertex 143.0147459002039 -133.7078714173071 0
endloop
endfacet
facet normal -0.6680010832003185 -0.7441603005019828 0
outer loop
vertex 143.25134530192767 -133.92025664738372 8.5
vertex 143.01474590020396 -133.70787141730716 8.5
vertex 143.0147459002039 -133.7078714173071 0
endloop
endfacet
facet normal -0.6680010832003185 -0.7441603005019828 0
outer loop
vertex 143.25134530192767 -133.92025664738372 8.5
vertex 143.0147459002039 -133.7078714173071 0
vertex 143.25134530192767 -133.92025664738375 0
endloop
endfacet
facet normal -0.5416349202652854 -0.8406138311669741 0
outer loop
vertex 143.51861127862742 -134.0924648369378 8.5
vertex 143.25134530192767 -133.92025664738372 8.5
vertex 143.25134530192767 -133.92025664738375 0
endloop
endfacet
facet normal -0.5416349202652854 -0.8406138311669741 0
outer loop
vertex 143.51861127862742 -134.0924648369378 8.5
vertex 143.25134530192767 -133.92025664738375 0
vertex 143.51861127862725 -134.09246483693775 0
endloop
endfacet
facet normal -0.40158072714601867 -0.9158236290819729 0
outer loop
vertex 143.8097895672019 -134.22014399386467 8.5
vertex 143.51861127862742 -134.0924648369378 8.5
vertex 143.51861127862725 -134.09246483693775 0
endloop
endfacet
facet normal -0.40158072714601867 -0.9158236290819729 0
outer loop
vertex 143.8097895672019 -134.22014399386467 8.5
vertex 143.51861127862725 -134.09246483693775 0
vertex 143.80978956720173 -134.2201439938646 0
endloop
endfacet
facet normal -0.2513691721703991 -0.9678912848467891 0
outer loop
vertex 144.11752319999977 -134.30006489999994 8.5
vertex 143.8097895672019 -134.22014399386467 8.5
vertex 143.80978956720173 -134.2201439938646 0
endloop
endfacet
facet normal -0.2513691721703991 -0.9678912848467891 0
outer loop
vertex 144.11752319999977 -134.30006489999994 8.5
vertex 143.80978956720173 -134.2201439938646 0
vertex 144.1175231999997 -134.3000648999999 0
endloop
endfacet
facet normal -0.1736480097629285 -0.984807782618199 0
outer loop
vertex 152.83756834999954 -135.83764259999992 8.5
vertex 144.11752319999977 -134.30006489999994 8.5
vertex 144.1175231999997 -134.3000648999999 0
endloop
endfacet
facet normal -0.1736480097629285 -0.984807782618199 0
outer loop
vertex 152.83756834999954 -135.83764259999992 8.5
vertex 144.1175231999997 -134.3000648999999 0
vertex 152.83756834999946 -135.8376425999999 0
endloop
endfacet
facet normal -0.25075896057728575 -0.9680495564227068 0
outer loop
vertex 153.14288847751047 -135.91673127610127 8.5
vertex 152.83756834999954 -135.83764259999992 8.5
vertex 152.83756834999946 -135.8376425999999 0
endloop
endfacet
facet normal -0.25075896057728575 -0.9680495564227068 0
outer loop
vertex 153.14288847751047 -135.91673127610127 8.5
vertex 152.83756834999946 -135.8376425999999 0
vertex 153.14288847751047 -135.91673127610127 0
endloop
endfacet
facet normal -0.39982568094165344 -0.9165911983319189 0
outer loop
vertex 153.43197878253935 -136.04283517964316 8.5
vertex 153.14288847751047 -135.91673127610127 8.5
vertex 153.14288847751047 -135.91673127610127 0
endloop
endfacet
facet normal -0.39982568094165344 -0.9165911983319189 0
outer loop
vertex 153.43197878253935 -136.04283517964316 8.5
vertex 153.14288847751047 -135.91673127610127 0
vertex 153.43197878253943 -136.04283517964322 0
endloop
endfacet
facet normal -0.5389491965254376 -0.8423382714590293 0
outer loop
vertex 153.69764992173086 -136.21281825159744 8.5
vertex 153.43197878253935 -136.04283517964316 8.5
vertex 153.43197878253943 -136.04283517964322 0
endloop
endfacet
facet normal -0.5389491965254376 -0.8423382714590293 0
outer loop
vertex 153.69764992173086 -136.21281825159744 8.5
vertex 153.43197878253943 -136.04283517964322 0
vertex 153.69764992173074 -136.21281825159735 0
endloop
endfacet
facet normal -0.6646696655245629 -0.7471373606850789 0
outer loop
vertex 153.93329495944468 -136.42245320848963 8.5
vertex 153.69764992173086 -136.21281825159744 8.5
vertex 153.69764992173074 -136.21281825159735 0
endloop
endfacet
facet normal -0.6646696655245629 -0.7471373606850789 0
outer loop
vertex 153.93329495944468 -136.42245320848963 8.5
vertex 153.69764992173074 -136.21281825159735 0
vertex 153.9332949594447 -136.42245320848969 0
endloop
endfacet
facet normal -0.7738605644867917 -0.6333560031547693 0
outer loop
vertex 154.13305367464633 -136.66652667007696 8.5
vertex 153.93329495944468 -136.42245320848963 8.5
vertex 153.9332949594447 -136.42245320848969 0
endloop
endfacet
facet normal -0.7738605644867917 -0.6333560031547693 0
outer loop
vertex 154.13305367464633 -136.66652667007696 8.5
vertex 153.9332949594447 -136.42245320848969 0
vertex 154.13305367464633 -136.666526670077 0
endloop
endfacet
facet normal -0.8638064413528662 -0.5038238103516917 0
outer loop
vertex 154.29195829786403 -136.93896881011872 8.5
vertex 154.13305367464633 -136.66652667007696 8.5
vertex 154.13305367464633 -136.666526670077 0
endloop
endfacet
facet normal -0.8638064413528662 -0.5038238103516917 0
outer loop
vertex 154.29195829786403 -136.93896881011872 8.5
vertex 154.13305367464633 -136.666526670077 0
vertex 154.29195829786406 -136.93896881011878 0
endloop
endfacet
facet normal -0.93227044562658 -0.3617620989147674 0
outer loop
vertex 154.40605705389999 -137.23300430597135 8.5
vertex 154.29195829786403 -136.93896881011872 8.5
vertex 154.29195829786406 -136.93896881011878 0
endloop
endfacet
facet normal -0.93227044562658 -0.3617620989147674 0
outer loop
vertex 154.40605705389999 -137.23300430597135 8.5
vertex 154.29195829786406 -136.93896881011878 0
vertex 154.40605705389996 -137.23300430597118 0
endloop
endfacet
facet normal -0.9775499562732111 -0.21070378019922478 0
outer loop
vertex 154.47251243793528 -137.54132083307118 8.5
vertex 154.40605705389999 -137.23300430597135 8.5
vertex 154.40605705389996 -137.23300430597118 0
endloop
endfacet
facet normal -0.9775499562732111 -0.21070378019922478 0
outer loop
vertex 154.47251243793528 -137.54132083307118 8.5
vertex 154.40605705389996 -137.23300430597118 0
vertex 154.4725124379353 -137.5413208330712 0
endloop
endfacet
facet normal -0.9985189239463266 -0.054405500834661745 0
outer loop
vertex 154.48967178101014 -137.85625091403492 8.5
vertex 154.47251243793528 -137.54132083307118 8.5
vertex 154.4725124379353 -137.5413208330712 0
endloop
endfacet
facet normal -0.9985189239463266 -0.054405500834661745 0
outer loop
vertex 154.48967178101014 -137.85625091403492 8.5
vertex 154.4725124379353 -137.5413208330712 0
vertex 154.48967178101014 -137.85625091403458 0
endloop
endfacet
facet normal -0.9946554251645183 0.1032501098827085 0
outer loop
vertex 154.45710669999994 -138.16996520000038 8.5
vertex 154.48967178101014 -137.85625091403492 8.5
vertex 154.48967178101014 -137.85625091403458 0
endloop
endfacet
facet normal -0.9946554251645183 0.1032501098827085 0
outer loop
vertex 154.45710669999994 -138.16996520000038 8.5
vertex 154.48967178101014 -137.85625091403458 0
vertex 154.45710669999988 -138.16996520000083 0
endloop
endfacet
facet normal 0 0 1
outer loop
vertex 150.37832935 -160.28783949999988 8.5
vertex 150.40515844208616 -160.14235411665462 8.5
vertex 150.46431695775507 -159.8215568529012 8.5
endloop
endfacet
facet normal 0 0 1
outer loop
vertex 150.37832935 -160.28783949999988 8.5
vertex 150.46431695775507 -159.8215568529012 8.5
vertex 150.52500498108998 -159.49246556978989 8.5
endloop
endfacet
facet normal 0 0 1
outer loop
vertex 150.37832935 -160.28783949999988 8.5
vertex 150.52500498108998 -159.49246556978989 8.5
vertex 150.58557118934323 -159.1640348499877 8.5
endloop
endfacet
facet normal 0 0 1
outer loop
vertex 150.37832935 -160.28783949999988 8.5
vertex 150.58557118934323 -159.1640348499877 8.5
vertex 154.45710669999994 -138.16996520000038 8.5
endloop
endfacet
facet normal 0 0 1
outer loop
vertex 150.37832935 -160.28783949999988 8.5
vertex 154.45710669999994 -138.16996520000038 8.5
vertex 154.45710669999988 -138.16996520000083 0
endloop
endfacet
facet normal 0 0 1
outer loop
vertex 150.37832935 -160.28783949999988 8.5
vertex 154.45710669999988 -138.16996520000083 0
vertex 154.24869037522836 -139.30013870000002 0
endloop
endfacet
facet normal 0 0 1
outer loop
vertex 150.37832935 -160.28783949999988 8.5
vertex 154.24869037522836 -139.30013870000002 0
vertex 153.8285122351423 -141.57862720000028 0
endloop
endfacet
facet normal 0 0 1
outer loop
vertex 150.37832935 -160.28783949999988 8.5
vertex 153.8285122351423 -141.57862720000028 0
vertex 153.7751815111489 -141.8678222573414 0
endloop
endfacet
facet normal 0 0 1
outer loop
vertex 150.37832935 -160.28783949999988 8.5
vertex 153.7751815111489 -141.8678222573414 0
vertex 153.72162465966088 -142.15824353005848 0
endloop
endfacet
facet normal 0 0 1
outer loop
vertex 150.37832935 -160.28783949999988 8.5
vertex 153.72162465966088 -142.15824353005848 0
vertex 153.668972886636 -142.44375685856534 0
endloop
endfacet
facet normal 0 0 1
outer loop
vertex 150.37832935 -160.28783949999988 8.5
vertex 153.668972886636 -142.44375685856534 0
vertex 153.61833853514614 -142.71833037053108 0
endloop
endfacet
facet normal 0 0 1
outer loop
vertex 150.37832935 -160.28783949999988 8.5
vertex 153.61833853514614 -142.71833037053108 0
vertex 153.57079132738372 -142.9761633127008 0
endloop
endfacet
facet normal 0 0 1
outer loop
vertex 150.37832935 -160.28783949999988 8.5
vertex 153.57079132738372 -142.9761633127008 0
vertex 153.5273357652699 -143.21180859999987 0
endloop
endfacet
facet normal 0 0 1
outer loop
vertex 150.37832935 -160.28783949999988 8.5
vertex 153.5273357652699 -143.21180859999987 0
vertex 150.37832934999994 -160.28783950000036 0
endloop
endfacet
facet normal 0 0 1
outer loop
vertex 150.3454425807462 -160.61723640565606 8.5
vertex 150.36252588502913 -160.44612845869574 8.5
vertex 150.37832935 -160.28783949999988 8.5
endloop
endfacet
facet normal 0 0 1
outer loop
vertex 150.3454425807462 -160.61723640565606 8.5
vertex 150.37832935 -160.28783949999988 8.5
vertex 150.37832934999994 -160.28783950000036 0
endloop
endfacet
facet normal 0 0 1
outer loop
vertex 150.3454425807462 -160.61723640565606 8.5
vertex 150.37832934999994 -160.28783950000036 0
vertex 150.3454425807462 -160.6172364056561 0
endloop
endfacet
facet normal 0 0 -1
outer loop
vertex 150.36734014177026 -160.94754589366593 8.5
vertex 150.35256109006806 -160.72461417101147 8.5
vertex 150.3454425807462 -160.61723640565606 8.5
endloop
endfacet
facet normal 0 0 -1
outer loop
vertex 150.36734014177026 -160.94754589366593 8.5
vertex 150.3454425807462 -160.61723640565606 8.5
vertex 150.3454425807462 -160.6172364056561 0
endloop
endfacet
facet normal 0 0 -1
outer loop
vertex 150.36734014177026 -160.94754589366593 8.5
vertex 150.3454425807462 -160.6172364056561 0
vertex 150.36734014177026 -160.9475458936659 0
endloop
endfacet
facet normal 0 0 -1
outer loop
vertex 150.44342212825094 -161.2697188167693 8.5
vertex 150.42136187395357 -161.17630358222897 8.5
vertex 150.37269791528067 -160.9702336497698 8.5
endloop
endfacet
facet normal 0 0 -1
outer loop
vertex 150.44342212825094 -161.2697188167693 8.5
vertex 150.37269791528067 -160.9702336497698 8.5
vertex 150.36734014177026 -160.94754589366593 8.5
endloop
endfacet
facet normal 0 0 -1
outer loop
vertex 150.44342212825094 -161.2697188167693 8.5
vertex 150.36734014177026 -160.94754589366593 8.5
vertex 150.36734014177026 -160.9475458936659 0
endloop
endfacet
facet normal 0 0 -1
outer loop
vertex 150.44342212825094 -161.2697188167693 8.5
vertex 150.36734014177026 -160.9475458936659 0
vertex 150.44342212825097 -161.2697188167694 0
endloop
endfacet
facet normal 0 0 -1
outer loop
vertex 150.5716042007296 -161.57492893675703 8.5
vertex 150.51854847838808 -161.44859970000218 8.5
vertex 150.4717699149442 -161.3372167999953 8.5
endloop
endfacet
facet normal 0 0 -1
outer loop
vertex 150.5716042007296 -161.57492893675703 8.5
vertex 150.4717699149442 -161.3372167999953 8.5
vertex 150.44342212825094 -161.2697188167693 8.5
endloop
endfacet
facet normal 0 0 -1
outer loop
vertex 150.5716042007296 -161.57492893675703 8.5
vertex 150.44342212825094 -161.2697188167693 8.5
vertex 150.44342212825097 -161.2697188167694 0
endloop
endfacet
facet normal 0 0 -1
outer loop
vertex 150.5716042007296 -161.57492893675703 8.5
vertex 150.44342212825097 -161.2697188167694 0
vertex 150.57160420072967 -161.5749289367571 0
endloop
endfacet
facet normal -0.8454882025627298 -0.533994100461086 0
outer loop
vertex 150.7483746876015 -161.85481472778434 8.5
vertex 150.5716042007296 -161.57492893675703 8.5
vertex 150.57160420072967 -161.5749289367571 0
endloop
endfacet
facet normal -0.8454882025627298 -0.533994100461086 0
outer loop
vertex 150.7483746876015 -161.85481472778434 8.5
vertex 150.57160420072967 -161.5749289367571 0
vertex 150.74837468760157 -161.85481472778437 0
endloop
endfacet
facet normal -0.7458246713325685 -0.6661422968342925 0
outer loop
vertex 150.9688907907489 -162.10170844844288 8.5
vertex 150.7483746876015 -161.85481472778434 8.5
vertex 150.74837468760157 -161.85481472778437 0
endloop
endfacet
facet normal -0.7458246713325685 -0.6661422968342925 0
outer loop
vertex 150.9688907907489 -162.10170844844288 8.5
vertex 150.74837468760157 -161.85481472778437 0
vertex 150.96889079074907 -162.10170844844305 0
endloop
endfacet
facet normal -0.6257285533150141 -0.7800408819839506 0
outer loop
vertex 151.2271112586703 -162.30884620693809 8.5
vertex 150.9688907907489 -162.10170844844288 8.5
vertex 150.96889079074907 -162.10170844844305 0
endloop
endfacet
facet normal -0.6257285533150141 -0.7800408819839506 0
outer loop
vertex 151.2271112586703 -162.30884620693809 8.5
vertex 150.96889079074907 -162.10170844844305 0
vertex 151.2271112586701 -162.30884620693794 0
endloop
endfacet
facet normal -0.48848999758740824 -0.8725694942278546 0
outer loop
vertex 151.5159618923964 -162.47055326443365 8.5
vertex 151.2271112586703 -162.30884620693809 8.5
vertex 151.2271112586701 -162.30884620693794 0
endloop
endfacet
facet normal -0.48848999758740824 -0.8725694942278546 0
outer loop
vertex 151.5159618923964 -162.47055326443365 8.5
vertex 151.2271112586701 -162.30884620693794 0
vertex 151.5159618923965 -162.47055326443368 0
endloop
endfacet
facet normal -0.3378680732648158 -0.9411934790829786 0
outer loop
vertex 151.82752869999996 -162.58239899999998 8.5
vertex 151.5159618923964 -162.47055326443365 8.5
vertex 151.5159618923965 -162.47055326443368 0
endloop
endfacet
facet normal -0.3378680732648158 -0.9411934790829786 0
outer loop
vertex 151.82752869999996 -162.58239899999998 8.5
vertex 151.5159618923965 -162.47055326443368 0
vertex 151.82752869999985 -162.58239899999995 0
endloop
endfacet
facet normal -0.2588189636104511 -0.9659258481247989 0
outer loop
vertex 165.19722679999958 -166.16479759999987 8.5
vertex 151.82752869999996 -162.58239899999998 8.5
vertex 151.82752869999985 -162.58239899999995 0
endloop
endfacet
facet normal -0.2588189636104511 -0.9659258481247989 0
outer loop
vertex 165.19722679999958 -166.16479759999987 8.5
vertex 151.82752869999985 -162.58239899999995 0
vertex 165.19722679999956 -166.16479759999987 0
endloop
endfacet
facet normal -0.33076428246005324 -0.9437134042963924 0
outer loop
vertex 165.48126229289807 -166.26434985344252 8.5
vertex 165.19722679999958 -166.16479759999987 8.5
vertex 165.19722679999956 -166.16479759999987 0
endloop
endfacet
facet normal -0.33076428246005324 -0.9437134042963924 0
outer loop
vertex 165.48126229289807 -166.26434985344252 8.5
vertex 165.19722679999956 -166.16479759999987 0
vertex 165.4812622928981 -166.26434985344255 0
endloop
endfacet
facet normal -0.4686340687852285 -0.8833923870929621 0
outer loop
vertex 165.74714258128623 -166.4053976632014 8.5
vertex 165.48126229289807 -166.26434985344252 8.5
vertex 165.4812622928981 -166.26434985344255 0
endloop
endfacet
facet normal -0.4686340687852285 -0.8833923870929621 0
outer loop
vertex 165.74714258128623 -166.4053976632014 8.5
vertex 165.4812622928981 -166.26434985344255 0
vertex 165.74714258128648 -166.40539766320157 0
endloop
endfacet
facet normal -0.5958908384932294 -0.8030654447800851 0
outer loop
vertex 165.98884635321437 -166.5847467614068 8.5
vertex 165.74714258128623 -166.4053976632014 8.5
vertex 165.74714258128648 -166.40539766320157 0
endloop
endfacet
facet normal -0.5958908384932294 -0.8030654447800851 0
outer loop
vertex 165.98884635321437 -166.5847467614068 8.5
vertex 165.74714258128648 -166.40539766320157 0
vertex 165.98884635321437 -166.5847467614068 0
endloop
endfacet
facet normal -0.7096526453030371 -0.7045517177712377 0
outer loop
vertex 166.20089981512166 -166.79833548228055 8.5
vertex 165.98884635321437 -166.5847467614068 8.5
vertex 165.98884635321437 -166.5847467614068 0
endloop
endfacet
facet normal -0.7096526453030371 -0.7045517177712377 0
outer loop
vertex 166.20089981512166 -166.79833548228055 8.5
vertex 165.98884635321437 -166.5847467614068 0
vertex 166.20089981512163 -166.79833548228052 0
endloop
endfacet
facet normal -0.8073431593520631 -0.590082217193019 0
outer loop
vertex 166.37850065521528 -167.04132674547577 8.5
vertex 166.20089981512166 -166.79833548228055 8.5
vertex 166.20089981512163 -166.79833548228052 0
endloop
endfacet
facet normal -0.8073431593520631 -0.590082217193019 0
outer loop
vertex 166.37850065521528 -167.04132674547577 8.5
vertex 166.20089981512163 -166.79833548228052 0
vertex 166.3785006552153 -167.04132674547586 0
endloop
endfacet
facet normal -0.8867526668183788 -0.46224420806592414 0
outer loop
vertex 166.51762359999995 -167.30821519999986 8.5
vertex 166.37850065521528 -167.04132674547577 8.5
vertex 166.3785006552153 -167.04132674547586 0
endloop
endfacet
facet normal -0.8867526668183788 -0.46224420806592414 0
outer loop
vertex 166.51762359999995 -167.30821519999986 8.5
vertex 166.3785006552153 -167.04132674547586 0
vertex 166.51762359999995 -167.30821519999986 0
endloop
endfacet
facet normal 0 0 -1
outer loop
vertex 167.73619469999986 -170.1489776499997 8.5
vertex 167.71642807878382 -170.10289722406978 8.5
vertex 167.62837881175287 -169.8976346410891 8.5
endloop
endfacet
facet normal 0 0 -1
outer loop
vertex 167.73619469999986 -170.1489776499997 8.5
vertex 167.62837881175287 -169.8976346410891 8.5
vertex 167.52932460697764 -169.6667170808088 8.5
endloop
endfacet
facet normal 0 0 -1
outer loop
vertex 167.73619469999986 -170.1489776499997 8.5
vertex 167.52932460697764 -169.6667170808088 8.5
vertex 167.4212590765562 -169.41479210001734 8.5
endloop
endfacet
facet normal 0 0 -1
outer loop
vertex 167.73619469999986 -170.1489776499997 8.5
vertex 167.4212590765562 -169.41479210001734 8.5
vertex 166.51762359999995 -167.30821519999986 8.5
endloop
endfacet
facet normal 0 0 -1
outer loop
vertex 167.73619469999986 -170.1489776499997 8.5
vertex 166.51762359999995 -167.30821519999986 8.5
vertex 166.51762359999995 -167.30821519999986 0
endloop
endfacet
facet normal 0 0 -1
outer loop
vertex 167.73619469999986 -170.1489776499997 8.5
vertex 166.51762359999995 -167.30821519999986 0
vertex 167.73619469999983 -170.14897764999964 0
endloop
endfacet
facet normal 0 0 1
outer loop
vertex 167.86664753540362 -170.4017800745506 8.5
vertex 167.8029664917685 -170.27837361750377 8.5
vertex 167.73619469999986 -170.1489776499997 8.5
endloop
endfacet
facet normal 0 0 1
outer loop
vertex 167.86664753540362 -170.4017800745506 8.5
vertex 167.73619469999986 -170.1489776499997 8.5
vertex 167.73619469999983 -170.14897764999964 0
endloop
endfacet
facet normal 0 0 1
outer loop
vertex 167.86664753540362 -170.4017800745506 8.5
vertex 167.73619469999983 -170.14897764999964 0
vertex 167.86664753540356 -170.4017800745505 0
endloop
endfacet
facet normal 0 0 -1
outer loop
vertex 168.03164787677576 -170.6335167688193 8.5
vertex 167.88000078147002 -170.4205341999994 8.5
vertex 167.86664753540362 -170.4017800745506 8.5
endloop
endfacet
facet normal 0 0 -1
outer loop
vertex 168.03164787677576 -170.6335167688193 8.5
vertex 167.86664753540362 -170.4017800745506 8.5
vertex 167.86664753540356 -170.4017800745505 0
endloop
endfacet
facet normal 0 0 -1
outer loop
vertex 168.03164787677576 -170.6335167688193 8.5
vertex 167.86664753540356 -170.4017800745505 0
vertex 168.0316478767759 -170.63351676881948 0
endloop
endfacet
facet normal -0.7240751358727153 -0.6897211013235052 0
outer loop
vertex 168.22785747812483 -170.83949929347128 8.5
vertex 168.03164787677576 -170.6335167688193 8.5
vertex 168.0316478767759 -170.63351676881948 0
endloop
endfacet
facet normal -0.7240751358727153 -0.6897211013235052 0
outer loop
vertex 168.22785747812483 -170.83949929347128 8.5
vertex 168.0316478767759 -170.63351676881948 0
vertex 168.22785747812472 -170.8394992934712 0
endloop
endfacet
facet normal -0.6188940994173652 -0.7854744386078827 0
outer loop
vertex 168.45130667545033 -171.01556026114503 8.5
vertex 168.22785747812483 -170.83949929347128 8.5
vertex 168.22785747812472 -170.8394992934712 0
endloop
endfacet
facet normal -0.6188940994173652 -0.7854744386078827 0
outer loop
vertex 168.45130667545033 -171.01556026114503 8.5
vertex 168.22785747812472 -170.8394992934712 0
vertex 168.45130667545024 -171.01556026114497 0
endloop
endfacet
facet normal -0.501178399964432 -0.8653439844415004 0
outer loop
vertex 168.6974793999996 -171.1581352999998 8.5
vertex 168.45130667545033 -171.01556026114503 8.5
vertex 168.45130667545024 -171.01556026114497 0
endloop
endfacet
facet normal -0.501178399964432 -0.8653439844415004 0
outer loop
vertex 168.6974793999996 -171.1581352999998 8.5
vertex 168.45130667545024 -171.01556026114497 0
vertex 168.69747939999962 -171.1581352999998 0
endloop
endfacet
facet normal 0 0 -1
outer loop
vertex 186.88898490000034 -180.03071845000017 8.5
vertex 182.9168260490349 -178.09336864186037 8.5
vertex 182.8775408281393 -178.074207974319 8.5
endloop
endfacet
facet normal 0 0 -1
outer loop
vertex 186.88898490000034 -180.03071845000017 8.5
vertex 182.8775408281393 -178.074207974319 8.5
vertex 182.73826701489207 -178.00627964982417 8.5
endloop
endfacet
facet normal 0 0 -1
outer loop
vertex 186.88898490000034 -180.03071845000017 8.5
vertex 182.73826701489207 -178.00627964982417 8.5
vertex 182.50243401502414 -177.89125630000618 8.5
endloop
endfacet
facet normal 0 0 -1
outer loop
vertex 186.88898490000034 -180.03071845000017 8.5
vertex 182.50243401502414 -177.89125630000618 8.5
vertex 168.6974793999996 -171.1581352999998 8.5
endloop
endfacet
facet normal 0 0 -1
outer loop
vertex 186.88898490000034 -180.03071845000017 8.5
vertex 168.6974793999996 -171.1581352999998 8.5
vertex 168.69747939999962 -171.1581352999998 0
endloop
endfacet
facet normal 0 0 -1
outer loop
vertex 186.88898490000034 -180.03071845000017 8.5
vertex 168.69747939999962 -171.1581352999998 0
vertex 186.8889849000001 -180.03071845000005 0
endloop
endfacet
facet normal -0.3583652080858718 -0.9335814788402617 0
outer loop
vertex 187.2144511377683 -180.15565213673904 8.5
vertex 186.88898490000034 -180.03071845000017 8.5
vertex 186.8889849000001 -180.03071845000005 0
endloop
endfacet
facet normal -0.3583652080858718 -0.9335814788402617 0
outer loop
vertex 187.2144511377683 -180.15565213673904 8.5
vertex 186.8889849000001 -180.03071845000005 0
vertex 187.2144511377686 -180.15565213673915 0
endloop
endfacet
facet normal -0.1908070158169153 -0.9816275682330052 0
outer loop
vertex 187.55666725790817 -180.2221714957724 8.5
vertex 187.2144511377683 -180.15565213673904 8.5
vertex 187.2144511377686 -180.15565213673915 0
endloop
endfacet
facet normal -0.1908070158169153 -0.9816275682330052 0
outer loop
vertex 187.55666725790817 -180.2221714957724 8.5
vertex 187.2144511377686 -180.15565213673915 0
vertex 187.55666725790792 -180.22217149577241 0
endloop
endfacet
facet normal -0.017451309883256272 -0.9998477142962114 0
outer loop
vertex 187.90523530610625 -180.2282553912872 8.5
vertex 187.55666725790817 -180.2221714957724 8.5
vertex 187.55666725790792 -180.22217149577241 0
endloop
endfacet
facet normal -0.017451309883256272 -0.9998477142962114 0
outer loop
vertex 187.90523530610625 -180.2282553912872 8.5
vertex 187.55666725790792 -180.22217149577241 0
vertex 187.90523530610614 -180.22825539128723 0
endloop
endfacet
facet normal 0.15643463969533425 -0.9876883129324712 0
outer loop
vertex 188.249564329961 -180.1737189691406 8.5
vertex 187.90523530610625 -180.2282553912872 8.5
vertex 187.90523530610614 -180.22825539128723 0
endloop
endfacet
facet normal 0.15643463969533425 -0.9876883129324712 0
outer loop
vertex 188.249564329961 -180.1737189691406 8.5
vertex 187.90523530610614 -180.22825539128723 0
vertex 188.2495643299611 -180.1737189691406 0
endloop
endfacet
facet normal 0.3255674518831595 -0.9455188175146525 0
outer loop
vertex 188.57919217632585 -180.0602192734996 8.5
vertex 188.249564329961 -180.1737189691406 8.5
vertex 188.2495643299611 -180.1737189691406 0
endloop
endfacet
facet normal 0.3255674518831595 -0.9455188175146525 0
outer loop
vertex 188.57919217632585 -180.0602192734996 8.5
vertex 188.2495643299611 -180.1737189691406 0
vertex 188.57919217632565 -180.0602192734997 0
endloop
endfacet
facet normal 0.48480816580070113 -0.8746205133501957 0
outer loop
vertex 188.8841033751947 -179.89120489892304 8.5
vertex 188.57919217632585 -180.0602192734996 8.5
vertex 188.57919217632565 -180.0602192734997 0
endloop
endfacet
facet normal 0.48480816580070113 -0.8746205133501957 0
outer loop
vertex 188.8841033751947 -179.89120489892304 8.5
vertex 188.57919217632565 -180.0602192734997 0
vertex 188.8841033751949 -179.89120489892292 0
endloop
endfacet
facet normal 0.6293183838083948 -0.7771475868847499 0
outer loop
vertex 189.15503345149483 -179.67181120766068 8.5
vertex 188.8841033751947 -179.89120489892304 8.5
vertex 188.8841033751949 -179.89120489892292 0
endloop
endfacet
facet normal 0.6293183838083948 -0.7771475868847499 0
outer loop
vertex 189.15503345149483 -179.67181120766068 8.5
vertex 188.8841033751949 -179.89120489892292 0
vertex 189.15503345149472 -179.67181120766082 0
endloop
endfacet
facet normal 0.7547072822248316 -0.6560616725253872 0
outer loop
vertex 189.3837504185088 -179.40870429591354 8.5
vertex 189.15503345149483 -179.67181120766068 8.5
vertex 189.15503345149472 -179.67181120766082 0
endloop
endfacet
facet normal 0.7547072822248316 -0.6560616725253872 0
outer loop
vertex 189.3837504185088 -179.40870429591354 8.5
vertex 189.15503345149472 -179.67181120766082 0
vertex 189.3837504185089 -179.40870429591345 0
endloop
endfacet
facet normal 0.8571599971921288 -0.5150502297966577 0
outer loop
vertex 189.56330980000016 -179.10987689999973 8.5
vertex 189.3837504185088 -179.40870429591354 8.5
vertex 189.3837504185089 -179.40870429591345 0
endloop
endfacet
facet normal 0.8571599971921288 -0.5150502297966577 0
outer loop
vertex 189.56330980000016 -179.10987689999973 8.5
vertex 189.3837504185089 -179.40870429591345 0
vertex 189.5633098000001 -179.1098768999999 0
endloop
endfacet
facet normal 0 0 1
outer loop
vertex 198.6349185499997 -160.5103339000007 8.5
vertex 198.5796904808954 -160.62356815363978 8.5
vertex 198.42179311900543 -160.94730552514613 8.5
endloop
endfacet
facet normal 0 0 1
outer loop
vertex 198.6349185499997 -160.5103339000007 8.5
vertex 198.42179311900543 -160.94730552514613 8.5
vertex 198.27147707542952 -161.25549890000707 8.5
endloop
endfacet
facet normal 0 0 1
outer loop
vertex 198.6349185499997 -160.5103339000007 8.5
vertex 198.27147707542952 -161.25549890000707 8.5
vertex 190.6067968934243 -176.97041260001137 8.5
endloop
endfacet
facet normal 0 0 1
outer loop
vertex 198.6349185499997 -160.5103339000007 8.5
vertex 190.6067968934243 -176.97041260001137 8.5
vertex 190.47490658900153 -177.2408276339924 8.5
endloop
endfacet
facet normal 0 0 1
outer loop
vertex 198.6349185499997 -160.5103339000007 8.5
vertex 190.47490658900153 -177.2408276339924 8.5
vertex 190.35679504793907 -177.4829920336407 8.5
endloop
endfacet
facet normal 0 0 1
outer loop
vertex 198.6349185499997 -160.5103339000007 8.5
vertex 190.35679504793907 -177.4829920336407 8.5
vertex 190.25536878259015 -177.69094656912333 8.5
endloop
endfacet
facet normal 0 0 1
outer loop
vertex 198.6349185499997 -160.5103339000007 8.5
vertex 190.25536878259015 -177.69094656912333 8.5
vertex 190.17312526038037 -177.85957067648602 8.5
endloop
endfacet
facet normal 0 0 1
outer loop
vertex 198.6349185499997 -160.5103339000007 8.5
vertex 190.17312526038037 -177.85957067648602 8.5
vertex 190.11208960286905 -177.98471224373176 8.5
endloop
endfacet
facet normal 0 0 1
outer loop
vertex 198.6349185499997 -160.5103339000007 8.5
vertex 190.11208960286905 -177.98471224373176 8.5
vertex 190.07376472025433 -178.06328985017478 8.5
endloop
endfacet
facet normal 0 0 1
outer loop
vertex 198.6349185499997 -160.5103339000007 8.5
vertex 190.07376472025433 -178.06328985017478 8.5
vertex 190.05909430443583 -178.09336864186037 8.5
endloop
endfacet
facet normal 0 0 1
outer loop
vertex 198.6349185499997 -160.5103339000007 8.5
vertex 190.05909430443583 -178.09336864186037 8.5
vertex 189.56330980000016 -179.10987689999973 8.5
endloop
endfacet
facet normal 0 0 1
outer loop
vertex 198.6349185499997 -160.5103339000007 8.5
vertex 189.56330980000016 -179.10987689999973 8.5
vertex 189.5633098000001 -179.1098768999999 0
endloop
endfacet
facet normal 0 0 1
outer loop
vertex 198.6349185499997 -160.5103339000007 8.5
vertex 189.5633098000001 -179.1098768999999 0
vertex 195.31936829789868 -167.30821519999986 0
endloop
endfacet
facet normal 0 0 1
outer loop
vertex 198.6349185499997 -160.5103339000007 8.5
vertex 195.31936829789868 -167.30821519999986 0
vertex 195.44953857355193 -167.04132674547586 0
endloop
endfacet
facet normal 0 0 1
outer loop
vertex 198.6349185499997 -160.5103339000007 8.5
vertex 195.44953857355193 -167.04132674547586 0
vertex 195.568053403157 -166.79833548228052 0
endloop
endfacet
facet normal 0 0 1
outer loop
vertex 198.6349185499997 -160.5103339000007 8.5
vertex 195.568053403157 -166.79833548228052 0
vertex 195.67222764599617 -166.5847467614068 0
endloop
endfacet
facet normal 0 0 1
outer loop
vertex 198.6349185499997 -160.5103339000007 8.5
vertex 195.67222764599617 -166.5847467614068 0
vertex 195.75970209892137 -166.40539766320157 0
endloop
endfacet
facet normal 0 0 1
outer loop
vertex 198.6349185499997 -160.5103339000007 8.5
vertex 195.75970209892137 -166.40539766320157 0
vertex 195.82849575396864 -166.26434985344255 0
endloop
endfacet
facet normal 0 0 1
outer loop
vertex 198.6349185499997 -160.5103339000007 8.5
vertex 195.82849575396864 -166.26434985344255 0
vertex 195.8770506616571 -166.16479759999987 0
endloop
endfacet
facet normal 0 0 1
outer loop
vertex 198.6349185499997 -160.5103339000007 8.5
vertex 195.8770506616571 -166.16479759999987 0
vertex 198.63491854999984 -160.51033390000032 0
endloop
endfacet
facet normal 0 0 -1
outer loop
vertex 198.75427865513177 -160.20395554827502 8.5
vertex 198.7195347302218 -160.29313766180132 8.5
vertex 198.6349185499997 -160.5103339000007 8.5
endloop
endfacet
facet normal 0 0 -1
outer loop
vertex 198.75427865513177 -160.20395554827502 8.5
vertex 198.6349185499997 -160.5103339000007 8.5
vertex 198.63491854999984 -160.51033390000032 0
endloop
endfacet
facet normal 0 0 -1
outer loop
vertex 198.75427865513177 -160.20395554827502 8.5
vertex 198.63491854999984 -160.51033390000032 0
vertex 198.7542786551318 -160.20395554827496 0
endloop
endfacet
facet normal 0 0 -1
outer loop
vertex 198.82182637030323 -159.8821608384404 8.5
vertex 198.80442759902047 -159.96504791377973 8.5
vertex 198.75427865513177 -160.20395554827502 8.5
endloop
endfacet
facet normal 0 0 -1
outer loop
vertex 198.82182637030323 -159.8821608384404 8.5
vertex 198.75427865513177 -160.20395554827502 8.5
vertex 198.7542786551318 -160.20395554827496 0
endloop
endfacet
facet normal 0 0 -1
outer loop
vertex 198.82182637030323 -159.8821608384404 8.5
vertex 198.7542786551318 -160.20395554827496 0
vertex 198.82182637030323 -159.88216083844037 0
endloop
endfacet
facet normal 0 0 1
outer loop
vertex 198.83573597316007 -159.55364744137557 8.5
vertex 198.83172960619788 -159.64826877846045 8.5
vertex 198.82182637030323 -159.8821608384404 8.5
endloop
endfacet
facet normal 0 0 1
outer loop
vertex 198.83573597316007 -159.55364744137557 8.5
vertex 198.82182637030323 -159.8821608384404 8.5
vertex 198.82182637030323 -159.88216083844037 0
endloop
endfacet
facet normal 0 0 1
outer loop
vertex 198.83573597316007 -159.55364744137557 8.5
vertex 198.82182637030323 -159.88216083844037 0
vertex 198.83573597316004 -159.5536474413754 0
endloop
endfacet
facet normal 0 0 1
outer loop
vertex 198.7956315061615 -159.22729462488763 8.5
vertex 198.81088990713917 -159.35146089629944 8.5
vertex 198.83573597316007 -159.55364744137557 8.5
endloop
endfacet
facet normal 0 0 1
outer loop
vertex 198.7956315061615 -159.22729462488763 8.5
vertex 198.83573597316007 -159.55364744137557 8.5
vertex 198.83573597316004 -159.5536474413754 0
endloop
endfacet
facet normal 0 0 1
outer loop
vertex 198.7956315061615 -159.22729462488763 8.5
vertex 198.83573597316004 -159.5536474413754 0
vertex 198.7956315061615 -159.22729462488758 0
endloop
endfacet
facet normal 0 0 1
outer loop
vertex 198.70259693819872 -158.9119232592463 8.5
vertex 198.75298723590475 -159.08273780001983 8.5
vertex 198.7956315061615 -159.22729462488763 8.5
endloop
endfacet
facet normal 0 0 1
outer loop
vertex 198.70259693819872 -158.9119232592463 8.5
vertex 198.7956315061615 -159.22729462488763 8.5
vertex 198.7956315061615 -159.22729462488758 0
endloop
endfacet
facet normal 0 0 1
outer loop
vertex 198.70259693819872 -158.9119232592463 8.5
vertex 198.7956315061615 -159.22729462488758 0
vertex 198.70259693819878 -158.91192325924644 0
endloop
endfacet
facet normal 0.8998141564193958 0.4362734049965127 0
outer loop
vertex 198.5591468663979 -158.61605740112276 8.5
vertex 198.70259693819872 -158.9119232592463 8.5
vertex 198.70259693819878 -158.91192325924644 0
endloop
endfacet
facet normal 0.8998141564193958 0.4362734049965127 0
outer loop
vertex 198.5591468663979 -158.61605740112276 8.5
vertex 198.70259693819878 -158.91192325924644 0
vertex 198.5591468663979 -158.61605740112282 0
endloop
endfacet
facet normal 0.8161654472777525 0.5778182782414436 0
outer loop
vertex 198.36915710000002 -158.3476978 8.5
vertex 198.5591468663979 -158.61605740112276 8.5
vertex 198.5591468663979 -158.61605740112282 0
endloop
endfacet
facet normal 0.8161654472777525 0.5778182782414436 0
outer loop
vertex 198.36915710000002 -158.3476978 8.5
vertex 198.5591468663979 -158.61605740112282 0
vertex 198.36915709999994 -158.34769779999993 0
endloop
endfacet
facet normal 0.765914070879686 0.6429429492797222 0
outer loop
vertex 185.6634063999999 -143.21180859999987 8.5
vertex 198.36915710000002 -158.3476978 8.5
vertex 198.36915709999994 -158.34769779999993 0
endloop
endfacet
facet normal 0.765914070879686 0.6429429492797222 0
outer loop
vertex 185.6634063999999 -143.21180859999987 8.5
vertex 198.36915709999994 -158.34769779999993 0
vertex 185.6634063999999 -143.21180859999987 0
endloop
endfacet
facet normal 0.8106173336098204 0.5855762447805624 0
outer loop
vertex 185.49318023197253 -142.97616331270055 8.5
vertex 185.6634063999999 -143.21180859999987 8.5
vertex 185.6634063999999 -143.21180859999987 0
endloop
endfacet
facet normal 0.8106173336098204 0.5855762447805624 0
outer loop
vertex 185.49318023197253 -142.97616331270055 8.5
vertex 185.6634063999999 -143.21180859999987 0
vertex 185.4931802319727 -142.9761633127008 0
endloop
endfacet
facet normal 0.8869426352354555 0.46187959665002093 0
outer loop
vertex 185.35891250077864 -142.71833037053133 8.5
vertex 185.49318023197253 -142.97616331270055 8.5
vertex 185.4931802319727 -142.9761633127008 0
endloop
endfacet
facet normal 0.8869426352354555 0.46187959665002093 0
outer loop
vertex 185.35891250077864 -142.71833037053133 8.5
vertex 185.4931802319727 -142.9761633127008 0
vertex 185.35891250077853 -142.71833037053108 0
endloop
endfacet
facet normal 0.944530020949956 0.32842508966928147 0
outer loop
vertex 185.26343980188275 -142.44375685856528 8.5
vertex 185.35891250077864 -142.71833037053133 8.5
vertex 185.35891250077853 -142.71833037053108 0
endloop
endfacet
facet normal 0.944530020949956 0.32842508966928147 0
outer loop
vertex 185.26343980188275 -142.44375685856528 8.5
vertex 185.35891250077853 -142.71833037053108 0
vertex 185.26343980188278 -142.44375685856534 0
endloop
endfacet
facet normal 0.9821628758922953 0.18803213879274933 0
outer loop
vertex 185.20877913089763 -142.15824353005848 8.5
vertex 185.26343980188275 -142.44375685856528 8.5
vertex 185.26343980188278 -142.44375685856534 0
endloop
endfacet
facet normal 0.9821628758922953 0.18803213879274933 0
outer loop
vertex 185.20877913089763 -142.15824353005848 8.5
vertex 185.26343980188278 -142.44375685856534 0
vertex 185.20877913089763 -142.15824353005848 0
endloop
endfacet
facet normal 0.9990461528481095 0.043666743402639 0
outer loop
vertex 185.19608527170178 -141.86782225734163 8.5
vertex 185.20877913089763 -142.15824353005848 8.5
vertex 185.20877913089763 -142.15824353005848 0
endloop
endfacet
facet normal 0.9990461528481095 0.043666743402639 0
outer loop
vertex 185.19608527170178 -141.86782225734163 8.5
vertex 185.20877913089763 -142.15824353005848 0
vertex 185.19608527170178 -141.8678222573414 0
endloop
endfacet
facet normal 0.9948244703510377 -0.10160843070718785 0
outer loop
vertex 185.2256228 -141.57862719999997 8.5
vertex 185.19608527170178 -141.86782225734163 8.5
vertex 185.19608527170178 -141.8678222573414 0
endloop
endfacet
facet normal 0.9948244703510377 -0.10160843070718785 0
outer loop
vertex 185.2256228 -141.57862719999997 8.5
vertex 185.19608527170178 -141.8678222573414 0
vertex 185.22562279999997 -141.57862720000028 0
endloop
endfacet
facet normal 0.9848077528484163 -0.17364817859584 0
outer loop
vertex 185.62738180000002 -139.30013870000002 8.5
vertex 185.2256228 -141.57862719999997 8.5
vertex 185.22562279999997 -141.57862720000028 0
endloop
endfacet
facet normal 0.9848077528484163 -0.17364817859584 0
outer loop
vertex 185.62738180000002 -139.30013870000002 8.5
vertex 185.22562279999997 -141.57862720000028 0
vertex 185.62738180000002 -139.30013870000002 0
endloop
endfacet
facet normal 0 0 -1
outer loop
vertex 249.10168909999925 -150.49237129999992 8.5
vertex 243.07350342628774 -149.42943955507693 8.5
vertex 242.86026404490005 -149.39183969999397 8.5
endloop
endfacet
facet normal 0 0 -1
outer loop
vertex 249.10168909999925 -150.49237129999992 8.5
vertex 242.86026404490005 -149.39183969999397 8.5
vertex 185.62738180000002 -139.30013870000002 8.5
endloop
endfacet
facet normal 0 0 -1
outer loop
vertex 249.10168909999925 -150.49237129999992 8.5
vertex 185.62738180000002 -139.30013870000002 8.5
vertex 185.62738180000002 -139.30013870000002 0
endloop
endfacet
facet normal 0 0 -1
outer loop
vertex 249.10168909999925 -150.49237129999992 8.5
vertex 185.62738180000002 -139.30013870000002 0
vertex 249.1016890999996 -150.49237129999995 0
endloop
endfacet
facet normal -0.09584572593198008 -0.9953962009273352 0
outer loop
vertex 249.4921786344557 -150.5299711550767 8.5
vertex 249.10168909999925 -150.49237129999992 8.5
vertex 249.1016890999996 -150.49237129999995 0
endloop
endfacet
facet normal -0.09584572593198008 -0.9953962009273352 0
outer loop
vertex 249.4921786344557 -150.5299711550767 8.5
vertex 249.1016890999996 -150.49237129999995 0
vertex 249.49217863445568 -150.52997115507668 0
endloop
endfacet
facet normal 0.06104860859363729 -0.9981347941980486 0
outer loop
vertex 249.88374250695927 -150.50602205548532 8.5
vertex 249.4921786344557 -150.5299711550767 8.5
vertex 249.49217863445568 -150.52997115507668 0
endloop
endfacet
facet normal 0.06104860859363729 -0.9981347941980486 0
outer loop
vertex 249.88374250695927 -150.50602205548532 8.5
vertex 249.49217863445568 -150.52997115507668 0
vertex 249.8837425069593 -150.5060220554853 0
endloop
endfacet
facet normal 0.21643972295592578 -0.9762959829512575 0
outer loop
vertex 250.26673911023985 -150.42111370785847 8.5
vertex 249.88374250695927 -150.50602205548532 8.5
vertex 249.8837425069593 -150.5060220554853 0
endloop
endfacet
facet normal 0.21643972295592578 -0.9762959829512575 0
outer loop
vertex 250.26673911023985 -150.42111370785847 8.5
vertex 249.8837425069593 -150.5060220554853 0
vertex 250.2667391102401 -150.4211137078584 0
endloop
endfacet
facet normal 0.3665013701403005 -0.9304175114889457 0
outer loop
vertex 250.6317377917424 -150.27733683863767 8.5
vertex 250.26673911023985 -150.42111370785847 8.5
vertex 250.2667391102401 -150.4211137078584 0
endloop
endfacet
facet normal 0.3665013701403005 -0.9304175114889457 0
outer loop
vertex 250.6317377917424 -150.27733683863767 8.5
vertex 250.2667391102401 -150.4211137078584 0
vertex 250.6317377917419 -150.27733683863792 0
endloop
endfacet
facet normal 0.507538532372736 -0.8616290606501902 0
outer loop
vertex 250.96975106771524 -150.07823171342253 8.5
vertex 250.6317377917424 -150.27733683863767 8.5
vertex 250.6317377917419 -150.27733683863792 0
endloop
endfacet
facet normal 0.507538532372736 -0.8616290606501902 0
outer loop
vertex 250.96975106771524 -150.07823171342253 8.5
vertex 250.6317377917419 -150.27733683863792 0
vertex 250.96975106771526 -150.07823171342247 0
endloop
endfacet
facet normal 0.6360784047693875 -0.7716244313045246 0
outer loop
vertex 251.2724559250117 -149.8287009638329 8.5
vertex 250.96975106771524 -150.07823171342253 8.5
vertex 250.96975106771526 -150.07823171342247 0
endloop
endfacet
facet normal 0.6360784047693875 -0.7716244313045246 0
outer loop
vertex 251.2724559250117 -149.8287009638329 8.5
vertex 250.96975106771526 -150.07823171342247 0
vertex 251.2724559250119 -149.82870096383272 0
endloop
endfacet
facet normal 0.7489559073641557 -0.662619837330829 0
outer loop
vertex 251.53239876140086 -149.5348888683863 8.5
vertex 251.2724559250117 -149.8287009638329 8.5
vertex 251.2724559250119 -149.82870096383272 0
endloop
endfacet
facet normal 0.7489559073641557 -0.662619837330829 0
outer loop
vertex 251.53239876140086 -149.5348888683863 8.5
vertex 251.2724559250119 -149.82870096383272 0
vertex 251.53239876140086 -149.53488886838636 0
endloop
endfacet
facet normal 0 0 1
outer loop
vertex 251.74317891809682 -149.20403005988223 8.5
vertex 251.66892712758883 -149.3205821078637 8.5
vertex 251.61483458310565 -149.40549045548616 8.5
endloop
endfacet
facet normal 0 0 1
outer loop
vertex 251.74317891809682 -149.20403005988223 8.5
vertex 251.61483458310565 -149.40549045548616 8.5
vertex 251.59957733489367 -149.42943955507693 8.5
endloop
endfacet
facet normal 0 0 1
outer loop
vertex 251.74317891809682 -149.20403005988223 8.5
vertex 251.59957733489367 -149.42943955507693 8.5
vertex 251.53239876140086 -149.5348888683863 8.5
endloop
endfacet
facet normal 0 0 1
outer loop
vertex 251.74317891809682 -149.20403005988223 8.5
vertex 251.53239876140086 -149.5348888683863 8.5
vertex 251.53239876140086 -149.53488886838636 0
endloop
endfacet
facet normal 0 0 1
outer loop
vertex 251.74317891809682 -149.20403005988223 8.5
vertex 251.53239876140086 -149.53488886838636 0
vertex 251.74317891809676 -149.2040300598824 0
endloop
endfacet
facet normal 0 0 -1
outer loop
vertex 251.89960628530042 -148.84427138464164 8.5
vertex 251.84158988100214 -148.9777001134229 8.5
vertex 251.75501659541507 -149.17680523863723 8.5
endloop
endfacet
facet normal 0 0 -1
outer loop
vertex 251.89960628530042 -148.84427138464164 8.5
vertex 251.75501659541507 -149.17680523863723 8.5
vertex 251.74317891809682 -149.20403005988223 8.5
endloop
endfacet
facet normal 0 0 -1
outer loop
vertex 251.89960628530042 -148.84427138464164 8.5
vertex 251.74317891809682 -149.20403005988223 8.5
vertex 251.74317891809676 -149.2040300598824 0
endloop
endfacet
facet normal 0 0 -1
outer loop
vertex 251.89960628530042 -148.84427138464164 8.5
vertex 251.74317891809676 -149.2040300598824 0
vertex 251.89960628530034 -148.84427138464187 0
endloop
endfacet
facet normal 0 0 -1
outer loop
vertex 251.99782820000004 -148.46447259999977 8.5
vertex 251.92963208644787 -148.72816936383938 8.5
vertex 251.89960628530042 -148.84427138464164 8.5
endloop
endfacet
facet normal 0 0 -1
outer loop
vertex 251.99782820000004 -148.46447259999977 8.5
vertex 251.89960628530042 -148.84427138464164 8.5
vertex 251.89960628530034 -148.84427138464187 0
endloop
endfacet
facet normal 0 0 -1
outer loop
vertex 251.99782820000004 -148.46447259999977 8.5
vertex 251.89960628530034 -148.84427138464187 0
vertex 251.9978282000001 -148.46447259999945 0
endloop
endfacet
facet normal 0 0 -1
outer loop
vertex 260.31557845 -101.29218070000042 8.5
vertex 260.2485545585021 -101.67229196554516 8.5
vertex 260.17970069764453 -102.06278149999761 8.5
endloop
endfacet
facet normal 0 0 -1
outer loop
vertex 260.31557845 -101.29218070000042 8.5
vertex 260.17970069764453 -102.06278149999761 8.5
vertex 252.19188195338734 -147.3639394000428 8.5
endloop
endfacet
facet normal 0 0 -1
outer loop
vertex 260.31557845 -101.29218070000042 8.5
vertex 252.19188195338734 -147.3639394000428 8.5
vertex 252.12491287860738 -147.74373978462307 8.5
endloop
endfacet
facet normal 0 0 -1
outer loop
vertex 260.31557845 -101.29218070000042 8.5
vertex 252.12491287860738 -147.74373978462307 8.5
vertex 252.06147769895816 -148.10349845988998 8.5
endloop
endfacet
facet normal 0 0 -1
outer loop
vertex 260.31557845 -101.29218070000042 8.5
vertex 252.06147769895816 -148.10349845988998 8.5
vertex 252.0031383470581 -148.43435726838658 8.5
endloop
endfacet
facet normal 0 0 -1
outer loop
vertex 260.31557845 -101.29218070000042 8.5
vertex 252.0031383470581 -148.43435726838658 8.5
vertex 251.99782820000004 -148.46447259999977 8.5
endloop
endfacet
facet normal 0 0 -1
outer loop
vertex 260.31557845 -101.29218070000042 8.5
vertex 251.99782820000004 -148.46447259999977 8.5
vertex 251.9978282000001 -148.46447259999945 0
endloop
endfacet
facet normal 0 0 -1
outer loop
vertex 260.31557845 -101.29218070000042 8.5
vertex 251.9978282000001 -148.46447259999945 0
vertex 253.61374800201241 -139.30013870000002 0
endloop
endfacet
facet normal 0 0 -1
outer loop
vertex 260.31557845 -101.29218070000042 8.5
vertex 253.61374800201241 -139.30013870000002 0
vertex 253.81302814155066 -138.16996520000083 0
endloop
endfacet
facet normal 0 0 -1
outer loop
vertex 260.31557845 -101.29218070000042 8.5
vertex 253.81302814155066 -138.16996520000083 0
vertex 253.86834445066827 -137.85625091403458 0
endloop
endfacet
facet normal 0 0 -1
outer loop
vertex 260.31557845 -101.29218070000042 8.5
vertex 253.86834445066827 -137.85625091403458 0
vertex 253.92387513730995 -137.5413208330712 0
endloop
endfacet
facet normal 0 0 -1
outer loop
vertex 260.31557845 -101.29218070000042 8.5
vertex 253.92387513730995 -137.5413208330712 0
vertex 253.9782396756242 -137.23300430597118 0
endloop
endfacet
facet normal 0 0 -1
outer loop
vertex 260.31557845 -101.29218070000042 8.5
vertex 253.9782396756242 -137.23300430597118 0
vertex 254.03008608207656 -136.93896881011878 0
endloop
endfacet
facet normal 0 0 -1
outer loop
vertex 260.31557845 -101.29218070000042 8.5
vertex 254.03008608207656 -136.93896881011878 0
vertex 254.07812499617575 -136.666526670077 0
endloop
endfacet
facet normal 0 0 -1
outer loop
vertex 260.31557845 -101.29218070000042 8.5
vertex 254.07812499617575 -136.666526670077 0
vertex 254.12116174538525 -136.42245320848969 0
endloop
endfacet
facet normal 0 0 -1
outer loop
vertex 260.31557845 -101.29218070000042 8.5
vertex 254.12116174538525 -136.42245320848969 0
vertex 254.15812605525593 -136.21281825159735 0
endloop
endfacet
facet normal 0 0 -1
outer loop
vertex 260.31557845 -101.29218070000042 8.5
vertex 254.15812605525593 -136.21281825159735 0
vertex 254.18809866591985 -136.04283517964322 0
endloop
endfacet
facet normal 0 0 -1
outer loop
vertex 260.31557845 -101.29218070000042 8.5
vertex 254.18809866591985 -136.04283517964322 0
vertex 254.21033419302626 -135.91673127610127 0
endloop
endfacet
facet normal 0 0 -1
outer loop
vertex 260.31557845 -101.29218070000042 8.5
vertex 254.21033419302626 -135.91673127610127 0
vertex 254.22427966459267 -135.8376425999999 0
endloop
endfacet
facet normal 0 0 -1
outer loop
vertex 260.31557845 -101.29218070000042 8.5
vertex 254.22427966459267 -135.8376425999999 0
vertex 255.22127860464076 -130.18338229999978 0
endloop
endfacet
facet normal 0 0 -1
outer loop
vertex 260.31557845 -101.29218070000042 8.5
vertex 255.22127860464076 -130.18338229999978 0
vertex 255.27370988349787 -129.8860298288871 0
endloop
endfacet
facet normal 0 0 -1
outer loop
vertex 260.31557845 -101.29218070000042 8.5
vertex 255.27370988349787 -129.8860298288871 0
vertex 255.32233340447786 -129.6102722194456 0
endloop
endfacet
facet normal 0 0 -1
outer loop
vertex 260.31557845 -101.29218070000042 8.5
vertex 255.32233340447786 -129.6102722194456 0
vertex 255.3659205541405 -129.36307728269296 0
endloop
endfacet
facet normal 0 0 -1
outer loop
vertex 260.31557845 -101.29218070000042 8.5
vertex 255.3659205541405 -129.36307728269296 0
vertex 255.4033698115205 -129.15069205261636 0
endloop
endfacet
facet normal 0 0 -1
outer loop
vertex 260.31557845 -101.29218070000042 8.5
vertex 255.4033698115205 -129.15069205261636 0
vertex 255.43373477056795 -128.97848386306217 0
endloop
endfacet
facet normal 0 0 -1
outer loop
vertex 260.31557845 -101.29218070000042 8.5
vertex 255.43373477056795 -128.97848386306217 0
vertex 255.4562480574292 -128.85080470613545 0
endloop
endfacet
facet normal 0 0 -1
outer loop
vertex 260.31557845 -101.29218070000042 8.5
vertex 255.4562480574292 -128.85080470613545 0
vertex 255.4703407232819 -128.77088125 0
endloop
endfacet
facet normal 0 0 -1
outer loop
vertex 260.31557845 -101.29218070000042 8.5
vertex 255.4703407232819 -128.77088125 0
vertex 255.6796024628269 -127.58409929999999 0
endloop
endfacet
facet normal 0 0 -1
outer loop
vertex 260.31557845 -101.29218070000042 8.5
vertex 255.6796024628269 -127.58409929999999 0
vertex 255.6849192295393 -127.55394642647242 0
endloop
endfacet
facet normal 0 0 -1
outer loop
vertex 260.31557845 -101.29218070000042 8.5
vertex 255.6849192295393 -127.55394642647242 0
vertex 259.069436254427 -108.35940219999942 0
endloop
endfacet
facet normal 0 0 -1
outer loop
vertex 260.31557845 -101.29218070000042 8.5
vertex 259.069436254427 -108.35940219999942 0
vertex 260.1113256236529 -102.45055569999948 0
endloop
endfacet
facet normal 0 0 -1
outer loop
vertex 260.31557845 -101.29218070000042 8.5
vertex 260.1113256236529 -102.45055569999948 0
vertex 260.31557845000003 -101.2921807 0
endloop
endfacet
facet normal 0 0 1
outer loop
vertex 260.35317830507677 -100.90169116554422 8.5
vertex 260.3166812103167 -101.28072809302064 8.5
vertex 260.31557845 -101.29218070000042 8.5
endloop
endfacet
facet normal 0 0 1
outer loop
vertex 260.35317830507677 -100.90169116554422 8.5
vertex 260.31557845 -101.29218070000042 8.5
vertex 260.31557845000003 -101.2921807 0
endloop
endfacet
facet normal 0 0 1
outer loop
vertex 260.35317830507677 -100.90169116554422 8.5
vertex 260.31557845000003 -101.2921807 0
vertex 260.35317830507677 -100.90169116554426 0
endloop
endfacet
facet normal 0 0 -1
outer loop
vertex 260.3292292054853 -100.51012729304075 8.5
vertex 260.3306118195972 -100.53273280828202 8.5
vertex 260.3529361206572 -100.89773148978166 8.5
endloop
endfacet
facet normal 0 0 -1
outer loop
vertex 260.3292292054853 -100.51012729304075 8.5
vertex 260.3529361206572 -100.89773148978166 8.5
vertex 260.35317830507677 -100.90169116554422 8.5
endloop
endfacet
facet normal 0 0 -1
outer loop
vertex 260.3292292054853 -100.51012729304075 8.5
vertex 260.35317830507677 -100.90169116554422 8.5
vertex 260.35317830507677 -100.90169116554426 0
endloop
endfacet
facet normal 0 0 -1
outer loop
vertex 260.3292292054853 -100.51012729304075 8.5
vertex 260.35317830507677 -100.90169116554426 0
vertex 260.3292292054853 -100.51012729304063 0
endloop
endfacet
facet normal 0 0 -1
outer loop
vertex 260.2443208578585 -100.1271306897601 8.5
vertex 260.2593049514158 -100.19471953227178 8.5
vertex 260.3292292054853 -100.51012729304075 8.5
endloop
endfacet
facet normal 0 0 -1
outer loop
vertex 260.2443208578585 -100.1271306897601 8.5
vertex 260.3292292054853 -100.51012729304075 8.5
vertex 260.3292292054853 -100.51012729304063 0
endloop
endfacet
facet normal 0 0 -1
outer loop
vertex 260.2443208578585 -100.1271306897601 8.5
vertex 260.3292292054853 -100.51012729304063 0
vertex 260.3227585793207 -100.48094019999951 0
endloop
endfacet
facet normal 0 0 -1
outer loop
vertex 260.2443208578585 -100.1271306897601 8.5
vertex 260.3227585793207 -100.48094019999951 0
vertex 260.24432085785855 -100.12713068976029 0
endloop
endfacet
facet normal 0 0 1
outer loop
vertex 260.10054398863787 -99.76213200825794 8.5
vertex 260.15170615478723 -99.89201467497996 8.5
vertex 260.2443208578585 -100.1271306897601 8.5
endloop
endfacet
facet normal 0 0 1
outer loop
vertex 260.10054398863787 -99.76213200825794 8.5
vertex 260.2443208578585 -100.1271306897601 8.5
vertex 260.24432085785855 -100.12713068976029 0
endloop
endfacet
facet normal 0 0 1
outer loop
vertex 260.10054398863787 -99.76213200825794 8.5
vertex 260.24432085785855 -100.12713068976029 0
vertex 260.1005439886378 -99.76213200825782 0
endloop
endfacet
facet normal 0 0 1
outer loop
vertex 259.9014388634223 -99.42411873228446 8.5
vertex 260.0239326594099 -99.63207183858135 8.5
vertex 260.10054398863787 -99.76213200825794 8.5
endloop
endfacet
facet normal 0 0 1
outer loop
vertex 259.9014388634223 -99.42411873228446 8.5
vertex 260.10054398863787 -99.76213200825794 8.5
vertex 260.1005439886378 -99.76213200825782 0
endloop
endfacet
facet normal 0 0 1
outer loop
vertex 259.9014388634223 -99.42411873228446 8.5
vertex 260.1005439886378 -99.76213200825782 0
vertex 259.9014388634224 -99.42411873228461 0
endloop
endfacet
facet normal 0 0 -1
outer loop
vertex 259.6519081138332 -99.12141387498855 8.5
vertex 259.6891921454281 -99.16664299998386 8.5
vertex 259.77015958845897 -99.26486431470616 8.5
endloop
endfacet
facet normal 0 0 -1
outer loop
vertex 259.6519081138332 -99.12141387498855 8.5
vertex 259.77015958845897 -99.26486431470616 8.5
vertex 259.8991084218106 -99.42129168192426 8.5
endloop
endfacet
facet normal 0 0 -1
outer loop
vertex 259.6519081138332 -99.12141387498855 8.5
vertex 259.8991084218106 -99.42129168192426 8.5
vertex 259.9014388634223 -99.42411873228446 8.5
endloop
endfacet
facet normal 0 0 -1
outer loop
vertex 259.6519081138332 -99.12141387498855 8.5
vertex 259.9014388634223 -99.42411873228446 8.5
vertex 259.9014388634224 -99.42411873228461 0
endloop
endfacet
facet normal 0 0 -1
outer loop
vertex 259.6519081138332 -99.12141387498855 8.5
vertex 259.9014388634224 -99.42411873228461 0
vertex 259.651908113833 -99.12141387498835 0
endloop
endfacet
facet normal 0.662619837330837 0.7489559073641487 0
outer loop
vertex 259.35809601838605 -98.86147103859894 8.5
vertex 259.6519081138332 -99.12141387498855 8.5
vertex 259.651908113833 -99.12141387498835 0
endloop
endfacet
facet normal 0.662619837330837 0.7489559073641487 0
outer loop
vertex 259.35809601838605 -98.86147103859894 8.5
vertex 259.651908113833 -99.12141387498835 0
vertex 259.35809601838616 -98.86147103859898 0
endloop
endfacet
facet normal 0.5372993350467975 0.8433916199241426 0
outer loop
vertex 259.0272372098823 -98.65069088190322 8.5
vertex 259.35809601838605 -98.86147103859894 8.5
vertex 259.35809601838616 -98.86147103859898 0
endloop
endfacet
facet normal 0.5372993350467975 0.8433916199241426 0
outer loop
vertex 259.0272372098823 -98.65069088190322 8.5
vertex 259.35809601838616 -98.86147103859898 0
vertex 259.0272372098825 -98.6506908819033 0
endloop
endfacet
facet normal 0.39874873279935324 0.9170602205367486 0
outer loop
vertex 258.66747853464153 -98.4942635146995 8.5
vertex 259.0272372098823 -98.65069088190322 8.5
vertex 259.0272372098825 -98.6506908819033 0
endloop
endfacet
facet normal 0.39874873279935324 0.9170602205367486 0
outer loop
vertex 258.66747853464153 -98.4942635146995 8.5
vertex 259.0272372098825 -98.6506908819033 0
vertex 258.6674785346416 -98.49426351469951 0
endloop
endfacet
facet normal 0.2503769778161632 0.968148423011495 0
outer loop
vertex 258.28767690000006 -98.39604140000002 8.5
vertex 258.66747853464153 -98.4942635146995 8.5
vertex 258.6674785346416 -98.49426351469951 0
endloop
endfacet
facet normal 0.2503769778161632 0.968148423011495 0
outer loop
vertex 258.28767690000006 -98.39604140000002 8.5
vertex 258.6674785346416 -98.49426351469951 0
vertex 258.28767690000006 -98.39604140000002 0
endloop
endfacet
facet normal 0 0 -1
outer loop
vertex 194.81337039999997 -87.20380860000002 8.5
vertex 194.89725807682376 -87.2186002607496 8.5
vertex 196.66803558289948 -87.53083611140836 8.5
endloop
endfacet
facet normal 0 0 -1
outer loop
vertex 194.81337039999997 -87.20380860000002 8.5
vertex 196.66803558289948 -87.53083611140836 8.5
vertex 198.571214744261 -87.86641794614754 8.5
endloop
endfacet
facet normal 0 0 -1
outer loop
vertex 194.81337039999997 -87.20380860000002 8.5
vertex 198.571214744261 -87.86641794614754 8.5
vertex 198.64547438884208 -87.87951192504428 8.5
endloop
endfacet
facet normal 0 0 -1
outer loop
vertex 194.81337039999997 -87.20380860000002 8.5
vertex 198.64547438884208 -87.87951192504428 8.5
vertex 258.28767690000006 -98.39604140000002 8.5
endloop
endfacet
facet normal 0 0 -1
outer loop
vertex 194.81337039999997 -87.20380860000002 8.5
vertex 258.28767690000006 -98.39604140000002 8.5
vertex 258.28767690000006 -98.39604140000002 0
endloop
endfacet
facet normal 0 0 -1
outer loop
vertex 194.81337039999997 -87.20380860000002 8.5
vertex 258.28767690000006 -98.39604140000002 0
vertex 214.26050260658164 -90.63286269999934 0
endloop
endfacet
facet normal 0 0 -1
outer loop
vertex 194.81337039999997 -87.20380860000002 8.5
vertex 214.26050260658164 -90.63286269999934 0
vertex 194.8133704 -87.2038086 0
endloop
endfacet
facet normal 0.9848088384813547 -0.17364202155297873 0
outer loop
vertex 194.8388103499999 -87.0595262000005 8.5
vertex 194.81337039999997 -87.20380860000002 8.5
vertex 194.8133704 -87.2038086 0
endloop
endfacet
facet normal 0.9848088384813547 -0.17364202155297873 0
outer loop
vertex 194.8388103499999 -87.0595262000005 8.5
vertex 194.8133704 -87.2038086 0
vertex 194.83881035 -87.0595262 0
endloop
endfacet
facet normal 0 0 -1
outer loop
vertex 194.8691927899616 -86.71223111517965 8.5
vertex 194.85033091607806 -86.92783710661821 8.5
vertex 194.8388103499999 -87.0595262000005 8.5
endloop
endfacet
facet normal 0 0 -1
outer loop
vertex 194.8691927899616 -86.71223111517965 8.5
vertex 194.8388103499999 -87.0595262000005 8.5
vertex 194.83881035 -87.0595262 0
endloop
endfacet
facet normal 0 0 -1
outer loop
vertex 194.8691927899616 -86.71223111517965 8.5
vertex 194.83881035 -87.0595262 0
vertex 194.86919278996163 -86.71223111517965 0
endloop
endfacet
facet normal 0 0 -1
outer loop
vertex 194.83880674562482 -86.36493634569986 8.5
vertex 194.8455042922354 -86.44148539829851 8.5
vertex 194.8651859187733 -86.6664349137968 8.5
endloop
endfacet
facet normal 0 0 -1
outer loop
vertex 194.83880674562482 -86.36493634569986 8.5
vertex 194.8651859187733 -86.6664349137968 8.5
vertex 194.8691927899616 -86.71223111517965 8.5
endloop
endfacet
facet normal 0 0 -1
outer loop
vertex 194.83880674562482 -86.36493634569986 8.5
vertex 194.8691927899616 -86.71223111517965 8.5
vertex 194.86919278996163 -86.71223111517965 0
endloop
endfacet
facet normal 0 0 -1
outer loop
vertex 194.83880674562482 -86.36493634569986 8.5
vertex 194.86919278996163 -86.71223111517965 0
vertex 194.83880674562488 -86.36493634569992 0
endloop
endfacet
facet normal 0 0 -1
outer loop
vertex 194.74857547391895 -86.02819417993432 8.5
vertex 194.75186688719938 -86.0404776999992 8.5
vertex 194.77430084035984 -86.12420097942456 8.5
endloop
endfacet
facet normal 0 0 -1
outer loop
vertex 194.74857547391895 -86.02819417993432 8.5
vertex 194.77430084035984 -86.12420097942456 8.5
vertex 194.8104451944807 -86.2590913323671 8.5
endloop
endfacet
facet normal 0 0 -1
outer loop
vertex 194.74857547391895 -86.02819417993432 8.5
vertex 194.8104451944807 -86.2590913323671 8.5
vertex 194.83880674562482 -86.36493634569986 8.5
endloop
endfacet
facet normal 0 0 -1
outer loop
vertex 194.74857547391895 -86.02819417993432 8.5
vertex 194.83880674562482 -86.36493634569986 8.5
vertex 194.83880674562488 -86.36493634569992 0
endloop
endfacet
facet normal 0 0 -1
outer loop
vertex 194.74857547391895 -86.02819417993432 8.5
vertex 194.83880674562488 -86.36493634569992 0
vertex 194.74857547391906 -86.0281941799346 0
endloop
endfacet
facet normal 0.906306360082192 0.42262132184092205 0
outer loop
vertex 194.60124058365267 -85.71223627338887 8.5
vertex 194.74857547391895 -86.02819417993432 8.5
vertex 194.74857547391906 -86.0281941799346 0
endloop
endfacet
facet normal 0.906306360082192 0.42262132184092205 0
outer loop
vertex 194.60124058365267 -85.71223627338887 8.5
vertex 194.74857547391906 -86.0281941799346 0
vertex 194.6012405836526 -85.71223627338877 0
endloop
endfacet
facet normal 0.8191505235376337 0.5735786082029392 0
outer loop
vertex 194.40127873380916 -85.4266627676055 8.5
vertex 194.60124058365267 -85.71223627338887 8.5
vertex 194.6012405836526 -85.71223627338877 0
endloop
endfacet
facet normal 0.8191505235376337 0.5735786082029392 0
outer loop
vertex 194.40127873380916 -85.4266627676055 8.5
vertex 194.6012405836526 -85.71223627338877 0
vertex 194.4012787338091 -85.42666276760542 0
endloop
endfacet
facet normal 0.7071054191288623 0.7071081432416092 0
outer loop
vertex 194.15476561365443 -85.1801505971351 8.5
vertex 194.40127873380916 -85.4266627676055 8.5
vertex 194.4012787338091 -85.42666276760542 0
endloop
endfacet
facet normal 0.7071054191288623 0.7071081432416092 0
outer loop
vertex 194.15476561365443 -85.1801505971351 8.5
vertex 194.4012787338091 -85.42666276760542 0
vertex 194.15476561365446 -85.18015059713511 0
endloop
endfacet
facet normal 0.5735754524400678 0.819152733229995 0
outer loop
vertex 193.8691913375246 -84.98018984745836 8.5
vertex 194.15476561365443 -85.1801505971351 8.5
vertex 194.15476561365446 -85.18015059713511 0
endloop
endfacet
facet normal 0.5735754524400678 0.819152733229995 0
outer loop
vertex 193.8691913375246 -84.98018984745836 8.5
vertex 194.15476561365446 -85.18015059713511 0
vertex 193.86919133752465 -84.9801898474584 0
endloop
endfacet
facet normal 0.4226178303132667 0.9063079882144407 0
outer loop
vertex 193.55323286337727 -84.83285617441383 8.5
vertex 193.8691913375246 -84.98018984745836 8.5
vertex 193.86919133752465 -84.9801898474584 0
endloop
endfacet
facet normal 0.4226178303132667 0.9063079882144407 0
outer loop
vertex 193.55323286337727 -84.83285617441383 8.5
vertex 193.86919133752465 -84.9801898474584 0
vertex 193.5532328633772 -84.8328561744138 0
endloop
endfacet
facet normal 0.2588297065528345 0.9659229694990039 0
outer loop
vertex 193.21649069999998 -84.7426224 8.5
vertex 193.55323286337727 -84.83285617441383 8.5
vertex 193.5532328633772 -84.8328561744138 0
endloop
endfacet
facet normal 0.2588297065528345 0.9659229694990039 0
outer loop
vertex 193.21649069999998 -84.7426224 8.5
vertex 193.5532328633772 -84.8328561744138 0
vertex 193.21649070000012 -84.74262240000003 0
endloop
endfacet
facet normal 0.1736480109738068 0.9848077824046888 0
outer loop
vertex 180.00656675000005 -82.4133587 8.5
vertex 193.21649069999998 -84.7426224 8.5
vertex 193.21649070000012 -84.74262240000003 0
endloop
endfacet
facet normal 0.1736480109738068 0.9848077824046888 0
outer loop
vertex 180.00656675000005 -82.4133587 8.5
vertex 193.21649070000012 -84.74262240000003 0
vertex 180.00656675000005 -82.4133587 0
endloop
endfacet
facet normal 0.25137791009427696 0.9678890154953892 0
outer loop
vertex 179.69883471720186 -82.33343524386463 8.5
vertex 180.00656675000005 -82.4133587 8.5
vertex 180.00656675000005 -82.4133587 0
endloop
endfacet
facet normal 0.25137791009427696 0.9678890154953892 0
outer loop
vertex 179.69883471720186 -82.33343524386463 8.5
vertex 180.00656675000005 -82.4133587 0
vertex 179.69883471720192 -82.33343524386463 0
endloop
endfacet
facet normal 0.40158072714606696 0.9158236290819517 0
outer loop
vertex 179.40765642862738 -82.20575608693775 8.5
vertex 179.69883471720186 -82.33343524386463 8.5
vertex 179.69883471720192 -82.33343524386463 0
endloop
endfacet
facet normal 0.40158072714606696 0.9158236290819517 0
outer loop
vertex 179.40765642862738 -82.20575608693775 8.5
vertex 179.69883471720192 -82.33343524386463 0
vertex 179.4076564286273 -82.2057560869377 0
endloop
endfacet
facet normal 0.54163492026521 0.8406138311670226 0
outer loop
vertex 179.14039045192777 -82.0335478973838 8.5
vertex 179.40765642862738 -82.20575608693775 8.5
vertex 179.4076564286273 -82.2057560869377 0
endloop
endfacet
facet normal 0.54163492026521 0.8406138311670226 0
outer loop
vertex 179.14039045192777 -82.0335478973838 8.5
vertex 179.4076564286273 -82.2057560869377 0
vertex 179.14039045192771 -82.03354789738374 0
endloop
endfacet
facet normal 0.6680010832003517 0.7441603005019529 0
outer loop
vertex 178.90379105020392 -81.82116266730705 8.5
vertex 179.14039045192777 -82.0335478973838 8.5
vertex 179.14039045192771 -82.03354789738374 0
endloop
endfacet
facet normal 0.6680010832003517 0.7441603005019529 0
outer loop
vertex 178.90379105020392 -81.82116266730705 8.5
vertex 179.14039045192771 -82.03354789738374 0
vertex 178.90379105020403 -81.82116266730714 0
endloop
endfacet
facet normal 0.7774857293649985 0.6289005808820473 0
outer loop
vertex 178.70383749035938 -81.57396773055434 8.5
vertex 178.90379105020392 -81.82116266730705 8.5
vertex 178.90379105020403 -81.82116266730714 0
endloop
endfacet
facet normal 0.7774857293649985 0.6289005808820473 0
outer loop
vertex 178.70383749035938 -81.57396773055434 8.5
vertex 178.90379105020403 -81.82116266730714 0
vertex 178.7038374903593 -81.57396773055419 0
endloop
endfacet
facet normal 0.8673219966436978 0.49774748029295884 0
outer loop
vertex 178.54558293691534 -81.29821012111299 8.5
vertex 178.70383749035938 -81.57396773055434 8.5
vertex 178.7038374903593 -81.57396773055419 0
endloop
endfacet
facet normal 0.8673219966436978 0.49774748029295884 0
outer loop
vertex 178.54558293691534 -81.29821012111299 8.5
vertex 178.7038374903593 -81.57396773055419 0
vertex 178.54558293691522 -81.2982101211128 0
endloop
endfacet
facet normal 0.9352366987055187 0.3540230464170416 0
outer loop
vertex 178.43302349999985 -81.00085739999949 8.5
vertex 178.54558293691534 -81.29821012111299 8.5
vertex 178.54558293691522 -81.2982101211128 0
endloop
endfacet
facet normal 0.9352366987055187 0.3540230464170416 0
outer loop
vertex 178.43302349999985 -81.00085739999949 8.5
vertex 178.54558293691522 -81.2982101211128 0
vertex 178.43302349999996 -81.00085739999987 0
endloop
endfacet
facet normal 0 0 -1
outer loop
vertex 177.64870740000003 -78.29667250000004 8.5
vertex 177.67566939915545 -78.38963276307496 8.5
vertex 177.72561630019337 -78.56184095259003 8.5
endloop
endfacet
facet normal 0 0 -1
outer loop
vertex 177.64870740000003 -78.29667250000004 8.5
vertex 177.72561630019337 -78.56184095259003 8.5
vertex 177.78721606556672 -78.77422618268565 8.5
endloop
endfacet
facet normal 0 0 -1
outer loop
vertex 177.64870740000003 -78.29667250000004 8.5
vertex 177.78721606556672 -78.77422618268565 8.5
vertex 177.85891196503786 -79.0214211194487 8.5
endloop
endfacet
facet normal 0 0 -1
outer loop
vertex 177.64870740000003 -78.29667250000004 8.5
vertex 177.85891196503786 -79.0214211194487 8.5
vertex 177.93889212201432 -79.29717872890667 8.5
endloop
endfacet
facet normal 0 0 -1
outer loop
vertex 177.64870740000003 -78.29667250000004 8.5
vertex 177.93889212201432 -79.29717872890667 8.5
vertex 178.02513530268794 -79.59453014997987 8.5
endloop
endfacet
facet normal 0 0 -1
outer loop
vertex 177.64870740000003 -78.29667250000004 8.5
vertex 178.02513530268794 -79.59453014997987 8.5
vertex 178.43302349999985 -81.00085739999949 8.5
endloop
endfacet
facet normal 0 0 -1
outer loop
vertex 177.64870740000003 -78.29667250000004 8.5
vertex 178.43302349999985 -81.00085739999949 8.5
vertex 178.43302349999996 -81.00085739999987 0
endloop
endfacet
facet normal 0 0 -1
outer loop
vertex 177.64870740000003 -78.29667250000004 8.5
vertex 178.43302349999996 -81.00085739999987 0
vertex 177.64870740000003 -78.29667250000007 0
endloop
endfacet
facet normal 0 0 1
outer loop
vertex 177.53615121308485 -77.99932107888736 8.5
vertex 177.60531198307382 -78.18203029998924 8.5
vertex 177.63556528588785 -78.26195360613212 8.5
endloop
endfacet
facet normal 0 0 1
outer loop
vertex 177.53615121308485 -77.99932107888736 8.5
vertex 177.63556528588785 -78.26195360613212 8.5
vertex 177.64870740000003 -78.29667250000004 8.5
endloop
endfacet
facet normal 0 0 1
outer loop
vertex 177.53615121308485 -77.99932107888736 8.5
vertex 177.64870740000003 -78.29667250000004 8.5
vertex 177.64870740000003 -78.29667250000007 0
endloop
endfacet
facet normal 0 0 1
outer loop
vertex 177.53615121308485 -77.99932107888736 8.5
vertex 177.64870740000003 -78.29667250000007 0
vertex 177.53615121308476 -77.99932107888718 0
endloop
endfacet
facet normal 0.867321996643682 0.4977474802929863 0
outer loop
vertex 177.3778966596406 -77.72356346944565 8.5
vertex 177.53615121308485 -77.99932107888736 8.5
vertex 177.53615121308476 -77.99932107888718 0
endloop
endfacet
facet normal 0.867321996643682 0.4977474802929863 0
outer loop
vertex 177.3778966596406 -77.72356346944565 8.5
vertex 177.53615121308476 -77.99932107888718 0
vertex 177.37789665964058 -77.72356346944561 0
endloop
endfacet
facet normal 0.7774857293650334 0.6289005808820041 0
outer loop
vertex 177.17794309979607 -77.47636853269294 8.5
vertex 177.3778966596406 -77.72356346944565 8.5
vertex 177.37789665964058 -77.72356346944561 0
endloop
endfacet
facet normal 0.7774857293650334 0.6289005808820041 0
outer loop
vertex 177.17794309979607 -77.47636853269294 8.5
vertex 177.37789665964058 -77.72356346944561 0
vertex 177.177943099796 -77.47636853269289 0
endloop
endfacet
facet normal 0.6680010832003591 0.7441603005019461 0
outer loop
vertex 176.94134369807227 -77.26398330261625 8.5
vertex 177.17794309979607 -77.47636853269294 8.5
vertex 177.177943099796 -77.47636853269289 0
endloop
endfacet
facet normal 0.6680010832003591 0.7441603005019461 0
outer loop
vertex 176.94134369807227 -77.26398330261625 8.5
vertex 177.177943099796 -77.47636853269289 0
vertex 176.94134369807236 -77.2639833026163 0
endloop
endfacet
facet normal 0.541634920265234 0.840613831167007 0
outer loop
vertex 176.67407772137264 -77.09177511306227 8.5
vertex 176.94134369807227 -77.26398330261625 8.5
vertex 176.94134369807236 -77.2639833026163 0
endloop
endfacet
facet normal 0.541634920265234 0.840613831167007 0
outer loop
vertex 176.67407772137264 -77.09177511306227 8.5
vertex 176.94134369807236 -77.2639833026163 0
vertex 176.6740777213726 -77.09177511306224 0
endloop
endfacet
facet normal 0.40158072714607884 0.9158236290819465 0
outer loop
vertex 176.3828994327981 -76.96409595613537 8.5
vertex 176.67407772137264 -77.09177511306227 8.5
vertex 176.6740777213726 -77.09177511306224 0
endloop
endfacet
facet normal 0.40158072714607884 0.9158236290819465 0
outer loop
vertex 176.3828994327981 -76.96409595613537 8.5
vertex 176.6740777213726 -77.09177511306224 0
vertex 176.38289943279815 -76.96409595613538 0
endloop
endfacet
facet normal 0.2513685542699341 0.9678914453203125 0
outer loop
vertex 176.07516480000007 -76.88417500000001 8.5
vertex 176.3828994327981 -76.96409595613537 8.5
vertex 176.38289943279815 -76.96409595613538 0
endloop
endfacet
facet normal 0.2513685542699341 0.9678914453203125 0
outer loop
vertex 176.07516480000007 -76.88417500000001 8.5
vertex 176.38289943279815 -76.96409595613538 0
vertex 176.07516480000012 -76.88417500000003 0
endloop
endfacet
facet normal 0.17364827639721625 0.9848077356033897 0
outer loop
vertex 162.12221784999997 -74.42389254999999 8.5
vertex 176.07516480000007 -76.88417500000001 8.5
vertex 176.07516480000012 -76.88417500000003 0
endloop
endfacet
facet normal 0.17364827639721625 0.9848077356033897 0
outer loop
vertex 162.12221784999997 -74.42389254999999 8.5
vertex 176.07516480000012 -76.88417500000003 0
vertex 162.12221784999988 -74.42389254999998 0
endloop
endfacet
facet normal 0.25137791009427696 0.9678890154953892 0
outer loop
vertex 161.8144858172019 -74.34396909386464 8.5
vertex 162.12221784999997 -74.42389254999999 8.5
vertex 162.12221784999988 -74.42389254999998 0
endloop
endfacet
facet normal 0.25137791009427696 0.9678890154953892 0
outer loop
vertex 161.8144858172019 -74.34396909386464 8.5
vertex 162.12221784999988 -74.42389254999998 0
vertex 161.8144858172018 -74.34396909386463 0
endloop
endfacet
facet normal 0.40158072714607723 0.9158236290819471 0
outer loop
vertex 161.5233075286273 -74.21628993693773 8.5
vertex 161.8144858172019 -74.34396909386464 8.5
vertex 161.8144858172018 -74.34396909386463 0
endloop
endfacet
facet normal 0.40158072714607723 0.9158236290819471 0
outer loop
vertex 161.5233075286273 -74.21628993693773 8.5
vertex 161.8144858172018 -74.34396909386463 0
vertex 161.52330752862738 -74.21628993693777 0
endloop
endfacet
facet normal 0.5416349202651992 0.8406138311670295 0
outer loop
vertex 161.25604155192767 -74.04408174738374 8.5
vertex 161.5233075286273 -74.21628993693773 8.5
vertex 161.52330752862738 -74.21628993693777 0
endloop
endfacet
facet normal 0.5416349202651992 0.8406138311670295 0
outer loop
vertex 161.25604155192767 -74.04408174738374 8.5
vertex 161.52330752862738 -74.21628993693777 0
vertex 161.2560415519276 -74.0440817473837 0
endloop
endfacet
facet normal 0.6680010832003591 0.7441603005019461 0
outer loop
vertex 161.01944215020396 -73.83169651730711 8.5
vertex 161.25604155192767 -74.04408174738374 8.5
vertex 161.2560415519276 -74.0440817473837 0
endloop
endfacet
facet normal 0.6680010832003591 0.7441603005019461 0
outer loop
vertex 161.01944215020396 -73.83169651730711 8.5
vertex 161.2560415519276 -74.0440817473837 0
vertex 161.01944215020401 -73.83169651730718 0
endloop
endfacet
facet normal 0.7774857293650175 0.6289005808820239 0
outer loop
vertex 160.8194885903593 -73.58450158055425 8.5
vertex 161.01944215020396 -73.83169651730711 8.5
vertex 161.01944215020401 -73.83169651730718 0
endloop
endfacet
facet normal 0.7774857293650175 0.6289005808820239 0
outer loop
vertex 160.8194885903593 -73.58450158055425 8.5
vertex 161.01944215020401 -73.83169651730718 0
vertex 160.81948859035936 -73.58450158055433 0
endloop
endfacet
facet normal 0.8673219966436978 0.49774748029295884 0
outer loop
vertex 160.66123403691523 -73.30874397111286 8.5
vertex 160.8194885903593 -73.58450158055425 8.5
vertex 160.81948859035936 -73.58450158055433 0
endloop
endfacet
facet normal 0.8673219966436978 0.49774748029295884 0
outer loop
vertex 160.66123403691523 -73.30874397111286 8.5
vertex 160.81948859035936 -73.58450158055433 0
vertex 160.66123403691526 -73.3087439711129 0
endloop
endfacet
facet normal 0.9352363265448382 0.35402402956708534 0
outer loop
vertex 160.54867570000025 -73.0113951000007 8.5
vertex 160.66123403691523 -73.30874397111286 8.5
vertex 160.66123403691526 -73.3087439711129 0
endloop
endfacet
facet normal 0.9352363265448382 0.35402402956708534 0
outer loop
vertex 160.54867570000025 -73.0113951000007 8.5
vertex 160.66123403691526 -73.3087439711129 0
vertex 160.5486757000002 -73.01139510000057 0
endloop
endfacet
facet normal 0 0 1
outer loop
vertex 159.7643584500002 -70.30721130000056 8.5
vertex 159.79132051415218 -70.40017161305545 8.5
vertex 159.84126750875876 -70.57237980262894 8.5
endloop
endfacet
facet normal 0 0 1
outer loop
vertex 159.7643584500002 -70.30721130000056 8.5
vertex 159.84126750875876 -70.57237980262894 8.5
vertex 159.90286738950493 -70.78476503270737 8.5
endloop
endfacet
facet normal 0 0 1
outer loop
vertex 159.7643584500002 -70.30721130000056 8.5
vertex 159.90286738950493 -70.78476503270737 8.5
vertex 159.9745634232492 -71.03195996941892 8.5
endloop
endfacet
facet normal 0 0 1
outer loop
vertex 159.7643584500002 -70.30721130000056 8.5
vertex 159.9745634232492 -71.03195996941892 8.5
vertex 160.05454373003286 -71.3077175788855 8.5
endloop
endfacet
facet normal 0 0 1
outer loop
vertex 159.7643584500002 -70.30721130000056 8.5
vertex 160.05454373003286 -71.3077175788855 8.5
vertex 160.1407870722568 -71.60506900000989 8.5
endloop
endfacet
facet normal 0 0 1
outer loop
vertex 159.7643584500002 -70.30721130000056 8.5
vertex 160.1407870722568 -71.60506900000989 8.5
vertex 160.54867570000025 -73.0113951000007 8.5
endloop
endfacet
facet normal 0 0 1
outer loop
vertex 159.7643584500002 -70.30721130000056 8.5
vertex 160.54867570000025 -73.0113951000007 8.5
vertex 160.5486757000002 -73.01139510000057 0
endloop
endfacet
facet normal 0 0 1
outer loop
vertex 159.7643584500002 -70.30721130000056 8.5
vertex 160.5486757000002 -73.01139510000057 0
vertex 159.7643584500001 -70.30721130000016 0
endloop
endfacet
facet normal 0 0 1
outer loop
vertex 159.65180226308473 -70.00985987888716 8.5
vertex 159.72096261669589 -70.19256800000028 8.5
vertex 159.75121635481483 -70.27249245613359 8.5
endloop
endfacet
facet normal 0 0 1
outer loop
vertex 159.65180226308473 -70.00985987888716 8.5
vertex 159.75121635481483 -70.27249245613359 8.5
vertex 159.7643584500002 -70.30721130000056 8.5
endloop
endfacet
facet normal 0 0 1
outer loop
vertex 159.65180226308473 -70.00985987888716 8.5
vertex 159.7643584500002 -70.30721130000056 8.5
vertex 159.7643584500001 -70.30721130000016 0
endloop
endfacet
facet normal 0 0 1
outer loop
vertex 159.65180226308473 -70.00985987888716 8.5
vertex 159.7643584500001 -70.30721130000016 0
vertex 159.65180226308487 -70.00985987888737 0
endloop
endfacet
facet normal 0.8673219966436821 0.4977474802929864 0
outer loop
vertex 159.4935477096405 -69.73410226944544 8.5
vertex 159.65180226308473 -70.00985987888716 8.5
vertex 159.65180226308487 -70.00985987888737 0
endloop
endfacet
facet normal 0.8673219966436821 0.4977474802929864 0
outer loop
vertex 159.4935477096405 -69.73410226944544 8.5
vertex 159.65180226308487 -70.00985987888737 0
vertex 159.49354770964058 -69.73410226944557 0
endloop
endfacet
facet normal 0.7774857293650111 0.6289005808820317 0
outer loop
vertex 159.29359414979618 -69.48690733269304 8.5
vertex 159.4935477096405 -69.73410226944544 8.5
vertex 159.49354770964058 -69.73410226944557 0
endloop
endfacet
facet normal 0.7774857293650111 0.6289005808820317 0
outer loop
vertex 159.29359414979618 -69.48690733269304 8.5
vertex 159.49354770964058 -69.73410226944557 0
vertex 159.29359414979606 -69.48690733269291 0
endloop
endfacet
facet normal 0.6680010832003518 0.744160300501953 0
outer loop
vertex 159.0569947480723 -69.27452210261626 8.5
vertex 159.29359414979618 -69.48690733269304 8.5
vertex 159.29359414979606 -69.48690733269291 0
endloop
endfacet
facet normal 0.6680010832003518 0.744160300501953 0
outer loop
vertex 159.0569947480723 -69.27452210261626 8.5
vertex 159.29359414979606 -69.48690733269291 0
vertex 159.05699474807224 -69.27452210261622 0
endloop
endfacet
facet normal 0.5416349202652109 0.8406138311670222 0
outer loop
vertex 158.78972877137267 -69.10231391306226 8.5
vertex 159.0569947480723 -69.27452210261626 8.5
vertex 159.05699474807224 -69.27452210261622 0
endloop
endfacet
facet normal 0.5416349202652109 0.8406138311670222 0
outer loop
vertex 158.78972877137267 -69.10231391306226 8.5
vertex 159.05699474807224 -69.27452210261622 0
vertex 158.78972877137264 -69.10231391306225 0
endloop
endfacet
facet normal 0.4015807271460795 0.9158236290819463 1.9000100432590445e-16
outer loop
vertex 158.49855048279818 -68.97463475613539 8.5
vertex 158.78972877137267 -69.10231391306226 8.5
vertex 158.78972877137264 -69.10231391306225 0
endloop
endfacet
facet normal 0.4015807271460795 0.9158236290819463 1.9000100432590445e-16
outer loop
vertex 158.49855048279818 -68.97463475613539 8.5
vertex 158.78972877137264 -69.10231391306225 0
vertex 158.65261597762378 -69.04219114087532 0
endloop
endfacet
facet normal 0.4015807271460795 0.9158236290819463 1.9000100432590445e-16
outer loop
vertex 158.49855048279818 -68.97463475613539 8.5
vertex 158.65261597762378 -69.04219114087532 0
vertex 158.6061170696993 -69.02180177259213 0
endloop
endfacet
facet normal 0.4015807271460795 0.9158236290819463 1.9000100432590445e-16
outer loop
vertex 158.49855048279818 -68.97463475613539 8.5
vertex 158.6061170696993 -69.02180177259213 0
vertex 158.49855048279815 -68.97463475613537 0
endloop
endfacet
facet normal 0.25137289353765174 0.9678903183700662 7.779742139756022e-16
outer loop
vertex 158.19081690000002 -68.89471260000002 8.5
vertex 158.49855048279818 -68.97463475613539 8.5
vertex 158.49855048279815 -68.97463475613537 0
endloop
endfacet
facet normal 0.25137289353765174 0.9678903183700662 7.779742139756022e-16
outer loop
vertex 158.19081690000002 -68.89471260000002 8.5
vertex 158.49855048279815 -68.97463475613537 0
vertex 158.40905200548613 -68.95139091250749 0
endloop
endfacet
facet normal 0.25137289353765174 0.9678903183700662 7.779742139756022e-16
outer loop
vertex 158.19081690000002 -68.89471260000002 8.5
vertex 158.40905200548613 -68.95139091250749 0
vertex 158.19081690000002 -68.89471260000002 0
endloop
endfacet
facet normal 0 0 1
outer loop
vertex 137.01550624999993 -65.1609283 8.5
vertex 147.35640094402405 -66.98430982647128 8.5
vertex 147.5273797546438 -67.01445804999803 8.5
endloop
endfacet
facet normal 0 0 1
outer loop
vertex 137.01550624999993 -65.1609283 8.5
vertex 147.5273797546438 -67.01445804999803 8.5
vertex 158.19081690000002 -68.89471260000002 8.5
endloop
endfacet
facet normal 0 0 1
outer loop
vertex 137.01550624999993 -65.1609283 8.5
vertex 158.19081690000002 -68.89471260000002 8.5
vertex 158.19081690000002 -68.89471260000002 0
endloop
endfacet
facet normal 0 0 1
outer loop
vertex 137.01550624999993 -65.1609283 8.5
vertex 158.19081690000002 -68.89471260000002 0
vertex 157.83934167370938 -68.83273793981898 0
endloop
endfacet
facet normal 0 0 1
outer loop
vertex 137.01550624999993 -65.1609283 8.5
vertex 157.83934167370938 -68.83273793981898 0
vertex 156.90983950440008 -68.668841378208 0
endloop
endfacet
facet normal 0 0 1
outer loop
vertex 137.01550624999993 -65.1609283 8.5
vertex 156.90983950440008 -68.668841378208 0
vertex 155.7472383812094 -68.46384311902415 0
endloop
endfacet
facet normal 0 0 1
outer loop
vertex 137.01550624999993 -65.1609283 8.5
vertex 155.7472383812094 -68.46384311902415 0
vertex 154.38091883224737 -68.22292374999981 0
endloop
endfacet
facet normal 0 0 1
outer loop
vertex 137.01550624999993 -65.1609283 8.5
vertex 154.38091883224737 -68.22292374999981 0
vertex 137.01550624999996 -65.1609283 0
endloop
endfacet
facet normal 0.09481430939226242 0.9954949757454672 0
outer loop
vertex 136.69899787338164 -65.13078297141764 8.5
vertex 137.01550624999993 -65.1609283 8.5
vertex 137.01550624999996 -65.1609283 0
endloop
endfacet
facet normal 0.09481430939226242 0.9954949757454672 0
outer loop
vertex 136.69899787338164 -65.13078297141764 8.5
vertex 137.01550624999996 -65.1609283 0
vertex 136.69899787338167 -65.13078297141764 0
endloop
endfacet
facet normal -0.06413722365336125 0.9979410887131759 0
outer loop
vertex 136.38171177787666 -65.15117480566484 8.5
vertex 136.69899787338164 -65.13078297141764 8.5
vertex 136.69899787338167 -65.13078297141764 0
endloop
endfacet
facet normal -0.06413722365336125 0.9979410887131759 0
outer loop
vertex 136.38171177787666 -65.15117480566484 8.5
vertex 136.69899787338167 -65.13078297141764 0
vertex 136.38171177787663 -65.15117480566485 0
endloop
endfacet
facet normal -0.2214679081485117 0.9751676602822319 0
outer loop
vertex 136.0716662823125 -65.2215884690072 8.5
vertex 136.38171177787666 -65.15117480566484 8.5
vertex 136.38171177787663 -65.15117480566485 0
endloop
endfacet
facet normal -0.2214679081485117 0.9751676602822319 0
outer loop
vertex 136.0716662823125 -65.2215884690072 8.5
vertex 136.38171177787663 -65.15117480566485 0
vertex 136.07166628231244 -65.22158846900722 0
endloop
endfacet
facet normal -0.3732017501635033 0.9277502108191072 0
outer loop
vertex 135.77669672416494 -65.34024449738843 8.5
vertex 136.0716662823125 -65.2215884690072 8.5
vertex 136.07166628231244 -65.22158846900722 0
endloop
endfacet
facet normal -0.3732017501635033 0.9277502108191072 0
outer loop
vertex 135.77669672416494 -65.34024449738843 8.5
vertex 136.07166628231244 -65.22158846900722 0
vertex 135.77669672416494 -65.3402444973884 0
endloop
endfacet
facet normal -0.5155041967837808 0.8568870538748435 0
outer loop
vertex 135.50425744825213 -65.50414426628645 8.5
vertex 135.77669672416494 -65.34024449738843 8.5
vertex 135.77669672416494 -65.3402444973884 0
endloop
endfacet
facet normal -0.5155041967837808 0.8568870538748435 0
outer loop
vertex 135.50425744825213 -65.50414426628645 8.5
vertex 135.77669672416494 -65.3402444973884 0
vertex 135.5042574482521 -65.50414426628643 0
endloop
endfacet
facet normal -0.644779041295033 0.7643690129163128 0
outer loop
vertex 135.26123342371162 -65.70914577067379 8.5
vertex 135.50425744825213 -65.50414426628645 8.5
vertex 135.5042574482521 -65.50414426628643 0
endloop
endfacet
facet normal -0.644779041295033 0.7643690129163128 0
outer loop
vertex 135.26123342371162 -65.70914577067379 8.5
vertex 135.5042574482521 -65.50414426628643 0
vertex 135.26123342371167 -65.70914577067369 0
endloop
endfacet
facet normal -0.7577511962089376 0.6525435806472425 0
outer loop
vertex 135.05376250000003 -65.95006659999999 8.5
vertex 135.26123342371162 -65.70914577067379 8.5
vertex 135.26123342371167 -65.70914577067369 0
endloop
endfacet
facet normal -0.7577511962089376 0.6525435806472425 0
outer loop
vertex 135.05376250000003 -65.95006659999999 8.5
vertex 135.26123342371167 -65.70914577067369 0
vertex 135.0537625000001 -65.9500665999999 0
endloop
endfacet
facet normal 0 0 -1
outer loop
vertex 133.39185585000024 -68.2229237499997 8.5
vertex 133.69846702881705 -67.80359610001179 8.5
vertex 133.87462936746118 -67.56267292243861 8.5
endloop
endfacet
facet normal 0 0 -1
outer loop
vertex 133.39185585000024 -68.2229237499997 8.5
vertex 133.87462936746118 -67.56267292243861 8.5
vertex 134.0245272765869 -67.35766950992655 8.5
endloop
endfacet
facet normal 0 0 -1
outer loop
vertex 133.39185585000024 -68.2229237499997 8.5
vertex 134.0245272765869 -67.35766950992655 8.5
vertex 134.14437110021336 -67.19376867264864 8.5
endloop
endfacet
facet normal 0 0 -1
outer loop
vertex 133.39185585000024 -68.2229237499997 8.5
vertex 134.14437110021336 -67.19376867264864 8.5
vertex 134.2311321370301 -67.0751125237787 8.5
endloop
endfacet
facet normal 0 0 -1
outer loop
vertex 133.39185585000024 -68.2229237499997 8.5
vertex 134.2311321370301 -67.0751125237787 8.5
vertex 134.28261775621988 -67.00469974957286 8.5
endloop
endfacet
facet normal 0 0 -1
outer loop
vertex 133.39185585000024 -68.2229237499997 8.5
vertex 134.28261775621988 -67.00469974957286 8.5
vertex 134.29752680969713 -66.98430982647128 8.5
endloop
endfacet
facet normal 0 0 -1
outer loop
vertex 133.39185585000024 -68.2229237499997 8.5
vertex 134.29752680969713 -66.98430982647128 8.5
vertex 135.05376250000003 -65.95006659999999 8.5
endloop
endfacet
facet normal 0 0 -1
outer loop
vertex 133.39185585000024 -68.2229237499997 8.5
vertex 135.05376250000003 -65.95006659999999 8.5
vertex 135.0537625000001 -65.9500665999999 0
endloop
endfacet
facet normal 0 0 -1
outer loop
vertex 133.39185585000024 -68.2229237499997 8.5
vertex 135.0537625000001 -65.9500665999999 0
vertex 133.39185585000016 -68.22292374999981 0
endloop
endfacet
facet normal -0.7577523493767431 0.6525422415553084 0
outer loop
vertex 133.1843869253223 -68.46384311902428 8.5
vertex 133.39185585000024 -68.2229237499997 8.5
vertex 133.39185585000016 -68.22292374999981 0
endloop
endfacet
facet normal -0.7577523493767431 0.6525422415553084 0
outer loop
vertex 133.1843869253223 -68.46384311902428 8.5
vertex 133.39185585000016 -68.22292374999981 0
vertex 133.1843869253224 -68.46384311902415 0
endloop
endfacet
facet normal -0.6447713736919227 0.7643754808125591 0
outer loop
vertex 132.94136180149894 -68.66884137820792 8.5
vertex 133.1843869253223 -68.46384311902428 8.5
vertex 133.1843869253224 -68.46384311902415 0
endloop
endfacet
facet normal -0.6447713736919227 0.7643754808125591 0
outer loop
vertex 132.94136180149894 -68.66884137820792 8.5
vertex 133.1843869253224 -68.46384311902415 0
vertex 132.9413618014988 -68.668841378208 0
endloop
endfacet
facet normal -0.5154961393042745 0.8568919012118087 0
outer loop
vertex 132.66892205739032 -68.83273793981903 8.5
vertex 132.94136180149894 -68.66884137820792 8.5
vertex 132.9413618014988 -68.668841378208 0
endloop
endfacet
facet normal -0.5154961393042745 0.8568919012118087 0
outer loop
vertex 132.66892205739032 -68.83273793981903 8.5
vertex 132.9413618014988 -68.668841378208 0
vertex 132.66892205739043 -68.83273793981898 0
endloop
endfacet
facet normal -0.3731936090458413 0.9277534856670385 0
outer loop
vertex 132.37395261973597 -68.95139091250746 8.5
vertex 132.66892205739032 -68.83273793981903 8.5
vertex 132.66892205739043 -68.83273793981898 0
endloop
endfacet
facet normal -0.3731936090458413 0.9277534856670385 0
outer loop
vertex 132.37395261973597 -68.95139091250746 8.5
vertex 132.66892205739043 -68.83273793981898 0
vertex 132.37395261973583 -68.95139091250749 0
endloop
endfacet
facet normal -0.22145996341822657 0.9751694645561857 0
outer loop
vertex 132.06390777159325 -69.02180177259211 8.5
vertex 132.37395261973597 -68.95139091250746 8.5
vertex 132.37395261973583 -68.95139091250749 0
endloop
endfacet
facet normal -0.22145996341822657 0.9751694645561857 0
outer loop
vertex 132.06390777159325 -69.02180177259211 8.5
vertex 132.37395261973583 -68.95139091250749 0
vertex 132.06390777159325 -69.02180177259213 0
endloop
endfacet
facet normal -0.06412972016929072 0.9979415709303869 0
outer loop
vertex 131.746622772359 -69.04219114087532 8.5
vertex 132.06390777159325 -69.02180177259211 8.5
vertex 132.06390777159325 -69.02180177259213 0
endloop
endfacet
facet normal -0.06412972016929072 0.9979415709303869 0
outer loop
vertex 131.746622772359 -69.04219114087532 8.5
vertex 132.06390777159325 -69.02180177259213 0
vertex 131.7466227723592 -69.04219114087532 0
endloop
endfacet
facet normal 0.0948082486283113 0.9954955529745135 0
outer loop
vertex 131.43011169999974 -69.01204749999997 8.5
vertex 131.746622772359 -69.04219114087532 8.5
vertex 131.7466227723592 -69.04219114087532 0
endloop
endfacet
facet normal 0.0948082486283113 0.9954955529745135 0
outer loop
vertex 131.43011169999974 -69.01204749999997 8.5
vertex 131.7466227723592 -69.04219114087532 0
vertex 131.43011169999997 -69.01204750000001 0
endloop
endfacet
facet normal 0 0 -1
outer loop
vertex 117.24488249999997 -66.5108088 8.5
vertex 124.70909904116014 -67.82695160000002 8.5
vertex 127.7567703843641 -68.36433829999798 8.5
endloop
endfacet
facet normal 0 0 -1
outer loop
vertex 117.24488249999997 -66.5108088 8.5
vertex 127.7567703843641 -68.36433829999798 8.5
vertex 131.43011169999974 -69.01204749999997 8.5
endloop
endfacet
facet normal 0 0 -1
outer loop
vertex 117.24488249999997 -66.5108088 8.5
vertex 131.43011169999974 -69.01204749999997 8.5
vertex 131.43011169999997 -69.01204750000001 0
endloop
endfacet
facet normal 0 0 -1
outer loop
vertex 117.24488249999997 -66.5108088 8.5
vertex 131.43011169999997 -69.01204750000001 0
vertex 124.7090990411601 -67.8269516 0
endloop
endfacet
facet normal 0 0 -1
outer loop
vertex 117.24488249999997 -66.5108088 8.5
vertex 124.7090990411601 -67.8269516 0
vertex 117.24488249999997 -66.5108088 0
endloop
endfacet
facet normal -0.7230868845023997 0.6907570900545382 0
outer loop
vertex 115.98758549999997 -67.82695160000002 8.5
vertex 117.24488249999997 -66.5108088 8.5
vertex 117.24488249999997 -66.5108088 0
endloop
endfacet
facet normal -0.7230868845023997 0.6907570900545382 0
outer loop
vertex 115.98758549999997 -67.82695160000002 8.5
vertex 117.24488249999997 -66.5108088 0
vertex 115.98758549999998 -67.8269516 0
endloop
endfacet
facet normal 0 0 -1
outer loop
vertex 80.5159555499999 -61.65482039999999 8.5
vertex 90.99819202940274 -63.478749520581616 8.5
vertex 91.16830872637236 -63.50835014999975 8.5
endloop
endfacet
facet normal 0 0 -1
outer loop
vertex 80.5159555499999 -61.65482039999999 8.5
vertex 91.16830872637236 -63.50835014999975 8.5
vertex 115.98758549999997 -67.82695160000002 8.5
endloop
endfacet
facet normal 0 0 -1
outer loop
vertex 80.5159555499999 -61.65482039999999 8.5
vertex 115.98758549999997 -67.82695160000002 8.5
vertex 115.98758549999998 -67.8269516 0
endloop
endfacet
facet normal 0 0 -1
outer loop
vertex 80.5159555499999 -61.65482039999999 8.5
vertex 115.98758549999998 -67.8269516 0
vertex 80.51595554999999 -61.654820400000006 0
endloop
endfacet
facet normal 0.08502927749492528 0.9963784531836741 0
outer loop
vertex 80.16909350175085 -61.62521977058174 8.5
vertex 80.5159555499999 -61.65482039999999 8.5
vertex 80.51595554999999 -61.654820400000006 0
endloop
endfacet
facet normal 0.08502927749492528 0.9963784531836741 0
outer loop
vertex 80.16909350175085 -61.62521977058174 8.5
vertex 80.51595554999999 -61.654820400000006 0
vertex 80.16909350175082 -61.62521977058174 0
endloop
endfacet
facet normal -0.08903176690600392 0.9960287869743499 0
outer loop
vertex 79.8223531802783 -61.6562137577857 8.5
vertex 80.16909350175085 -61.62521977058174 8.5
vertex 80.16909350175082 -61.62521977058174 0
endloop
endfacet
facet normal -0.08903176690600392 0.9960287869743499 0
outer loop
vertex 79.8223531802783 -61.6562137577857 8.5
vertex 80.16909350175082 -61.62521977058174 0
vertex 79.82235318027834 -61.65621375778569 0
endloop
endfacet
facet normal -0.2603953829726889 0.9655020686288076 0
outer loop
vertex 79.48623990520373 -61.746863325330956 8.5
vertex 79.8223531802783 -61.6562137577857 8.5
vertex 79.82235318027834 -61.65621375778569 0
endloop
endfacet
facet normal -0.2603953829726889 0.9655020686288076 0
outer loop
vertex 79.48623990520373 -61.746863325330956 8.5
vertex 79.82235318027834 -61.65621375778569 0
vertex 79.48623990520375 -61.746863325330956 0
endloop
endfacet
facet normal -0.42386970391984685 0.9057231774106819 0
outer loop
vertex 79.17093702459667 -61.89442202977978 8.5
vertex 79.48623990520373 -61.746863325330956 8.5
vertex 79.48623990520375 -61.746863325330956 0
endloop
endfacet
facet normal -0.42386970391984685 0.9057231774106819 0
outer loop
vertex 79.17093702459667 -61.89442202977978 8.5
vertex 79.48623990520375 -61.746863325330956 0
vertex 79.17093702459667 -61.89442202977978 0
endloop
endfacet
facet normal -0.5745018878510411 0.8185032564721963 0
outer loop
vertex 78.8859973863183 -62.09441923054851 8.5
vertex 79.17093702459667 -61.89442202977978 8.5
vertex 79.17093702459667 -61.89442202977978 0
endloop
endfacet
facet normal -0.5745018878510411 0.8185032564721963 0
outer loop
vertex 78.8859973863183 -62.09441923054851 8.5
vertex 79.17093702459667 -61.89442202977978 0
vertex 78.88599738631832 -62.09441923054849 0
endloop
endfacet
facet normal -0.7077281758395216 0.7064848399809179 0
outer loop
vertex 78.64005391185862 -62.340795538557735 8.5
vertex 78.8859973863183 -62.09441923054851 8.5
vertex 78.88599738631832 -62.09441923054849 0
endloop
endfacet
facet normal -0.7077281758395216 0.7064848399809179 0
outer loop
vertex 78.64005391185862 -62.340795538557735 8.5
vertex 78.88599738631832 -62.09441923054849 0
vertex 78.64005391185857 -62.34079553855778 0
endloop
endfacet
facet normal -0.8195121618183507 0.573061791285908 0
outer loop
vertex 78.44055804152575 -62.626086399781386 8.5
vertex 78.64005391185862 -62.340795538557735 8.5
vertex 78.64005391185857 -62.34079553855778 0
endloop
endfacet
facet normal -0.8195121618183507 0.573061791285908 0
outer loop
vertex 78.44055804152575 -62.626086399781386 8.5
vertex 78.64005391185857 -62.34079553855778 0
vertex 78.44055804152573 -62.62608639978138 0
endloop
endfacet
facet normal -0.906467085066437 0.42227647778577126 0
outer loop
vertex 78.29355397540583 -62.94164825159791 8.5
vertex 78.44055804152575 -62.626086399781386 8.5
vertex 78.44055804152573 -62.62608639978138 0
endloop
endfacet
facet normal -0.906467085066437 0.42227647778577126 0
outer loop
vertex 78.29355397540583 -62.94164825159791 8.5
vertex 78.44055804152573 -62.62608639978138 0
vertex 78.29355397540584 -62.94164825159785 0
endloop
endfacet
facet normal -0.9659553226739266 0.2587089379938587 0
outer loop
vertex 78.20349109999998 -63.277920800000025 8.5
vertex 78.29355397540583 -62.94164825159791 8.5
vertex 78.29355397540584 -62.94164825159785 0
endloop
endfacet
facet normal -0.9659553226739266 0.2587089379938587 0
outer loop
vertex 78.20349109999998 -63.277920800000025 8.5
vertex 78.29355397540584 -62.94164825159785 0
vertex 78.20349109999998 -63.277920800000025 0
endloop
endfacet
facet normal 0.9961951819447136 -0.08715021210610521 -5.4914590285222e-14
outer loop
vertex 69.41936795000021 -122.30920495000228 8.5
vertex 69.38898551003919 -122.65650003481561 8.5
vertex 69.38898551003838 -122.65650003482014 1
endloop
endfacet
facet normal 0.9961951819447136 -0.08715021210610521 -5.4914590285222e-14
outer loop
vertex 69.41936795000021 -122.30920495000228 8.5
vertex 69.38898551003838 -122.65650003482014 1
vertex 69.40438569429476 -122.48046386707638 1
endloop
endfacet
facet normal 0.9961951819447136 -0.08715021210610521 -5.4914590285222e-14
outer loop
vertex 69.41936795000021 -122.30920495000228 8.5
vertex 69.40438569429476 -122.48046386707638 1
vertex 69.41936795 -122.30920494999998 1
endloop
endfacet
facet normal 0.9961942774089346 0.08716055104053909 -1.6143973968096962e-13
outer loop
vertex 69.38898551003919 -122.65650003481561 8.5
vertex 69.41937155437692 -123.00379480430672 8.5
vertex 69.41937155437512 -123.00379480429999 1
endloop
endfacet
facet normal 0.9961942774089346 0.08716055104053909 -1.6143973968096962e-13
outer loop
vertex 69.38898551003919 -122.65650003481561 8.5
vertex 69.41937155437512 -123.00379480429999 1
vertex 69.41842944119743 -122.99302699999997 1
endloop
endfacet
facet normal 0.9961942774089346 0.08716055104053909 -1.6143973968096962e-13
outer loop
vertex 69.38898551003919 -122.65650003481561 8.5
vertex 69.41842944119743 -122.99302699999997 1
vertex 69.41548740491429 -122.95940124070563 1
endloop
endfacet
facet normal 0.9961942774089346 0.08716055104053909 -1.6143973968096962e-13
outer loop
vertex 69.38898551003919 -122.65650003481561 8.5
vertex 69.41548740491429 -122.95940124070563 1
vertex 69.40677435686904 -122.85981618189479 1
endloop
endfacet
facet normal 0.9961942774089346 0.08716055104053909 -1.6143973968096962e-13
outer loop
vertex 69.38898551003919 -122.65650003481561 8.5
vertex 69.40677435686904 -122.85981618189479 1
vertex 69.39262513461213 -122.69809882152946 1
endloop
endfacet
facet normal 0.9961942774089346 0.08716055104053909 -1.6143973968096962e-13
outer loop
vertex 69.38898551003919 -122.65650003481561 8.5
vertex 69.39262513461213 -122.69809882152946 1
vertex 69.38898551003838 -122.65650003482014 1
endloop
endfacet
facet normal 0.9659247647203205 0.2588230068985241 0
outer loop
vertex 69.41937155437692 -123.00379480430672 8.5
vertex 69.50960282607988 -123.34053697006124 8.5
vertex 69.50960282608106 -123.34053697006564 1
endloop
endfacet
facet normal 0.9659247647203205 0.2588230068985241 0
outer loop
vertex 69.41937155437692 -123.00379480430672 8.5
vertex 69.50960282608106 -123.34053697006564 1
vertex 69.41937155437512 -123.00379480429999 1
endloop
endfacet
facet normal 0.9063063600821881 0.4226213218409304 0
outer loop
vertex 69.50960282607988 -123.34053697006124 8.5
vertex 69.6569377163356 -123.65649487658406 8.5
vertex 69.65693771634736 -123.65649487661115 1
endloop
endfacet
facet normal 0.9063063600821881 0.4226213218409304 0
outer loop
vertex 69.50960282607988 -123.34053697006124 8.5
vertex 69.65693771634736 -123.65649487661115 1
vertex 69.50960282608106 -123.34053697006564 1
endloop
endfacet
facet normal 0.8191505235375633 0.5735786082030395 0
outer loop
vertex 69.6569377163356 -123.65649487658406 8.5
vertex 69.85689956621349 -123.94206838241647 8.5
vertex 69.85689956619099 -123.94206838239467 1
endloop
endfacet
facet normal 0.8191505235375633 0.5735786082030395 0
outer loop
vertex 69.6569377163356 -123.65649487658406 8.5
vertex 69.85689956619099 -123.94206838239467 1
vertex 69.65693771634736 -123.65649487661115 1
endloop
endfacet
facet normal 0.7071054191288694 0.7071081432416021 0
outer loop
vertex 69.85689956621349 -123.94206838241647 8.5
vertex 70.10341268635187 -124.1885805528705 8.5
vertex 70.10341268634556 -124.18858055286489 1
endloop
endfacet
facet normal 0.7071054191288694 0.7071081432416021 0
outer loop
vertex 69.85689956621349 -123.94206838241647 8.5
vertex 70.10341268634556 -124.18858055286489 1
vertex 69.85689956619099 -123.94206838239467 1
endloop
endfacet
facet normal 0.5735754524400242 0.8191527332300257 0
outer loop
vertex 70.10341268635187 -124.1885805528705 8.5
vertex 70.38898696247061 -124.38854130253944 8.5
vertex 70.38898696247549 -124.38854130254168 1
endloop
endfacet
facet normal 0.5735754524400242 0.8191527332300257 0
outer loop
vertex 70.10341268635187 -124.1885805528705 8.5
vertex 70.38898696247549 -124.38854130254168 1
vertex 70.10341268634556 -124.18858055286489 1
endloop
endfacet
facet normal 0.4226178303132694 0.9063079882144396 0
outer loop
vertex 70.38898696247061 -124.38854130253944 8.5
vertex 70.70494543660605 -124.53587497557842 8.5
vertex 70.7049454366227 -124.53587497558615 1
endloop
endfacet
facet normal 0.4226178303132694 0.9063079882144396 0
outer loop
vertex 70.38898696247061 -124.38854130253944 8.5
vertex 70.7049454366227 -124.53587497558615 1
vertex 70.38898696247549 -124.38854130254168 1
endloop
endfacet
facet normal 0.25883400340922025 0.9659218180987299 0
outer loop
vertex 70.70494543660605 -124.53587497557842 8.5
vertex 71.04168590002868 -124.62610990000441 8.5
vertex 71.04168590000012 -124.62610990000002 1
endloop
endfacet
facet normal 0.25883400340922025 0.9659218180987299 0
outer loop
vertex 70.70494543660605 -124.53587497557842 8.5
vertex 71.04168590000012 -124.62610990000002 1
vertex 70.7049454366227 -124.53587497558615 1
endloop
endfacet
facet normal 0.09482934611099837 0.9954935434829101 0
outer loop
vertex 107.03392545000341 -130.9725061500001 8.5
vertex 107.35043522352915 -131.0026564358133 8.5
vertex 107.35043522352794 -131.0026564358134 1
endloop
endfacet
facet normal 0.09482934611099837 0.9954935434829101 0
outer loop
vertex 107.03392545000341 -130.9725061500001 8.5
vertex 107.35043522352794 -131.0026564358134 1
vertex 107.03392545000005 -130.97250615000002 1
endloop
endfacet
facet normal -0.06412308133542413 0.9979419975329481 0
outer loop
vertex 107.35043522352915 -131.0026564358133 8.5
vertex 107.66772346483042 -130.98226897867247 8.5
vertex 107.66772346482384 -130.98226897867292 1
endloop
endfacet
facet normal -0.06412308133542413 0.9979419975329481 0
outer loop
vertex 107.35043522352915 -131.0026564358133 8.5
vertex 107.66772346482384 -130.98226897867292 1
vertex 107.35043522352794 -131.0026564358134 1
endloop
endfacet
facet normal -0.22145499866286408 0.9751705920336353 0
outer loop
vertex 107.66772346483042 -130.98226897867247 8.5
vertex 107.97777170698892 -130.9118590077263 8.5
vertex 107.97777170698103 -130.91185900772706 1
endloop
endfacet
facet normal -0.22145499866286408 0.9751705920336353 0
outer loop
vertex 107.66772346483042 -130.98226897867247 8.5
vertex 107.97777170698103 -130.91185900772706 1
vertex 107.66772346482384 -130.98226897867292 1
endloop
endfacet
facet normal -0.3731903342484762 0.9277548029643988 0
outer loop
vertex 107.97777170698892 -130.9118590077263 8.5
vertex 108.27274445139116 -130.79320591455345 8.5
vertex 108.27274445140353 -130.7932059145461 1
endloop
endfacet
facet normal -0.3731903342484762 0.9277548029643988 0
outer loop
vertex 107.97777170698892 -130.9118590077263 8.5
vertex 108.27274445140353 -130.7932059145461 1
vertex 107.97777170698103 -130.91185900772706 1
endloop
endfacet
facet normal -0.5154944525507403 0.8568929159407332 0
outer loop
vertex 108.27274445139116 -130.79320591455345 8.5
vertex 108.54518718549835 -130.6293082845727 8.5
vertex 108.54518718550001 -130.62930828457175 1
endloop
endfacet
facet normal -0.5154944525507403 0.8568929159407332 0
outer loop
vertex 108.27274445139116 -130.79320591455345 8.5
vertex 108.54518718550001 -130.62930828457175 1
vertex 108.27274445140353 -130.7932059145461 1
endloop
endfacet
facet normal -0.6447710625168954 0.7643757432969951 0
outer loop
vertex 108.54518718549835 -130.6293082845727 8.5
vertex 108.78821477215014 -130.42430811725902 8.5
vertex 108.78821477215284 -130.4243081172572 1
endloop
endfacet
facet normal -0.6447710625168954 0.7643757432969951 0
outer loop
vertex 108.54518718549835 -130.6293082845727 8.5
vertex 108.78821477215284 -130.4243081172572 1
vertex 108.54518718550001 -130.62930828457175 1
endloop
endfacet
facet normal -0.7577653348033926 0.6525271621705125 0
outer loop
vertex 108.78821477215014 -130.42430811725902 8.5
vertex 108.99568072777498 -130.18338249999977 8.5
vertex 108.9956809000002 -130.18338229999975 1
endloop
endfacet
facet normal -0.7577653348033926 0.6525271621705125 0
outer loop
vertex 108.78821477215014 -130.42430811725902 8.5
vertex 108.9956809000002 -130.18338229999975 1
vertex 108.78821477215284 -130.4243081172572 1
endloop
endfacet
facet normal 0 0 1
outer loop
vertex 108.99568072777498 -130.18338249999977 8.5
vertex 109.30228953797962 -129.7640554499999 8.5
vertex 109.47844788406753 -129.52313608097592 8.5
endloop
endfacet
facet normal 0 0 1
outer loop
vertex 108.99568072777498 -130.18338249999977 8.5
vertex 109.47844788406753 -129.52313608097592 8.5
vertex 109.62834099741511 -129.31813782179202 8.5
endloop
endfacet
facet normal 0 0 1
outer loop
vertex 108.99568072777498 -130.18338249999977 8.5
vertex 109.62834099741511 -129.31813782179202 8.5
vertex 109.74818087305435 -129.15424126018087 8.5
endloop
endfacet
facet normal 0 0 1
outer loop
vertex 108.99568072777498 -130.18338249999977 8.5
vertex 109.74818087305435 -129.15424126018087 8.5
vertex 109.83493899263554 -129.03558828749246 8.5
endloop
endfacet
facet normal 0 0 1
outer loop
vertex 108.99568072777498 -130.18338249999977 8.5
vertex 109.83493899263554 -129.03558828749246 8.5
vertex 109.88642285924776 -128.96517742740787 8.5
endloop
endfacet
facet normal 0 0 1
outer loop
vertex 108.99568072777498 -130.18338249999977 8.5
vertex 109.88642285924776 -128.96517742740787 8.5
vertex 109.90133140482921 -128.94478805912465 8.5
endloop
endfacet
facet normal 0 0 1
outer loop
vertex 108.99568072777498 -130.18338249999977 8.5
vertex 109.90133140482921 -128.94478805912465 8.5
vertex 110.65757589999885 -127.91052570000149 8.5
endloop
endfacet
facet normal 0 0 1
outer loop
vertex 108.99568072777498 -130.18338249999977 8.5
vertex 110.65757589999885 -127.91052570000149 8.5
vertex 110.65757590000013 -127.91052569999984 1
endloop
endfacet
facet normal 0 0 1
outer loop
vertex 108.99568072777498 -130.18338249999977 8.5
vertex 110.65757590000013 -127.91052569999984 1
vertex 108.9956809000002 -130.18338229999975 1
endloop
endfacet
facet normal -0.7577531025798203 0.6525413669114445 0
outer loop
vertex 110.65757589999885 -127.91052570000149 8.5
vertex 110.865046577849 -127.66960373274077 8.5
vertex 110.86504657784691 -127.66960373274304 1
endloop
endfacet
facet normal -0.7577531025798203 0.6525413669114445 0
outer loop
vertex 110.65757589999885 -127.91052570000149 8.5
vertex 110.86504657784691 -127.66960373274304 1
vertex 110.65757590000013 -127.91052569999984 1
endloop
endfacet
facet normal -0.6447710625168954 0.7643757432969951 0
outer loop
vertex 110.865046577849 -127.66960373274077 8.5
vertex 111.1080741644915 -127.46460356543494 8.5
vertex 111.10807416450005 -127.46460356542822 1
endloop
endfacet
facet normal -0.6447710625168954 0.7643757432969951 0
outer loop
vertex 110.865046577849 -127.66960373274077 8.5
vertex 111.10807416450005 -127.46460356542822 1
vertex 110.86504657784691 -127.66960373274304 1
endloop
endfacet
facet normal -0.5154944525507131 0.8568929159407496 0
outer loop
vertex 111.1080741644915 -127.46460356543494 8.5
vertex 111.38051689860808 -127.3007059354485 8.5
vertex 111.3805168985966 -127.30070593545383 1
endloop
endfacet
facet normal -0.5154944525507131 0.8568929159407496 0
outer loop
vertex 111.1080741644915 -127.46460356543494 8.5
vertex 111.3805168985966 -127.30070593545383 1
vertex 111.10807416450005 -127.46460356542822 1
endloop
endfacet
facet normal -0.22145499866283558 0.975170592033642 0
outer loop
vertex 111.67548964301933 -127.18205284227206 8.5
vertex 111.98553788517744 -127.111642871326 8.5
vertex 111.98553788517597 -127.1116428713271 1
endloop
endfacet
facet normal -0.22145499866283558 0.975170592033642 0
outer loop
vertex 111.67548964301933 -127.18205284227206 8.5
vertex 111.98553788517597 -127.1116428713271 1
vertex 111.675489643019 -127.18205284227288 1
endloop
endfacet
facet normal -0.06412308133542413 0.9979419975329481 0
outer loop
vertex 111.98553788517744 -127.111642871326 8.5
vertex 112.30282612646137 -127.09125541418628 8.5
vertex 112.30282612647207 -127.0912554141866 1
endloop
endfacet
facet normal -0.06412308133542413 0.9979419975329481 0
outer loop
vertex 111.98553788517744 -127.111642871326 8.5
vertex 112.30282612647207 -127.0912554141866 1
vertex 111.98553788517597 -127.1116428713271 1
endloop
endfacet
facet normal 0.0948171604493098 0.9954947041970288 0
outer loop
vertex 112.30282612646137 -127.09125541418628 8.5
vertex 112.6193318000071 -127.12140140000137 8.5
vertex 112.61933179999983 -127.12140139999997 1
endloop
endfacet
facet normal 0.0948171604493098 0.9954947041970288 0
outer loop
vertex 112.30282612646137 -127.09125541418628 8.5
vertex 112.61933179999983 -127.12140139999997 1
vertex 112.30282612647207 -127.0912554141866 1
endloop
endfacet
facet normal 0.09482116923970803 0.9954943223665391 0
outer loop
vertex 126.57228384998767 -129.58167539999823 8.5
vertex 126.8887907723664 -129.61182279087544 8.5
vertex 126.88879077235917 -129.61182279087532 1
endloop
endfacet
facet normal 0.09482116923970803 0.9954943223665391 0
outer loop
vertex 126.57228384998767 -129.58167539999823 8.5
vertex 126.88879077235917 -129.61182279087532 1
vertex 126.57228385000029 -129.58167540000002 1
endloop
endfacet
facet normal -0.06412972016934762 0.9979415709303833 0
outer loop
vertex 126.8887907723664 -129.61182279087544 8.5
vertex 127.20607577159416 -129.59143342259264 8.5
vertex 127.20607577159302 -129.59143342259213 1
endloop
endfacet
facet normal -0.06412972016934762 0.9979415709303833 0
outer loop
vertex 126.8887907723664 -129.61182279087544 8.5
vertex 127.20607577159302 -129.59143342259213 1
vertex 126.88879077235917 -129.61182279087532 1
endloop
endfacet
facet normal -0.22145996341819724 0.9751694645561924 0
outer loop
vertex 127.20607577159416 -129.59143342259264 8.5
vertex 127.51612061972827 -129.52102256250998 8.5
vertex 127.51612061973623 -129.52102256250737 1
endloop
endfacet
facet normal -0.22145996341819724 0.9751694645561924 0
outer loop
vertex 127.20607577159416 -129.59143342259264 8.5
vertex 127.51612061973623 -129.52102256250737 1
vertex 127.20607577159302 -129.59143342259213 1
endloop
endfacet
facet normal -0.37319360904590004 0.9277534856670149 0
outer loop
vertex 127.51612061972827 -129.52102256250998 8.5
vertex 127.8110900573892 -129.40236958981887 8.5
vertex 127.81109005739033 -129.40236958981902 1
endloop
endfacet
facet normal -0.37319360904590004 0.9277534856670149 0
outer loop
vertex 127.51612061972827 -129.52102256250998 8.5
vertex 127.81109005739033 -129.40236958981902 1
vertex 127.51612061973623 -129.52102256250737 1
endloop
endfacet
facet normal -0.5154961393042202 0.8568919012118413 0
outer loop
vertex 127.8110900573892 -129.40236958981887 8.5
vertex 128.083529801502 -129.23847302820525 8.5
vertex 128.0835298014987 -129.23847302820806 1
endloop
endfacet
facet normal -0.5154961393042202 0.8568919012118413 0
outer loop
vertex 127.8110900573892 -129.40236958981887 8.5
vertex 128.0835298014987 -129.23847302820806 1
vertex 127.81109005739033 -129.40236958981902 1
endloop
endfacet
facet normal -0.6447713736919534 0.7643754808125333 0
outer loop
vertex 128.083529801502 -129.23847302820525 8.5
vertex 128.32655492532365 -129.03347476902303 8.5
vertex 128.32655492532263 -129.03347476902394 1
endloop
endfacet
facet normal -0.6447713736919534 0.7643754808125333 0
outer loop
vertex 128.083529801502 -129.23847302820525 8.5
vertex 128.32655492532263 -129.03347476902394 1
vertex 128.0835298014987 -129.23847302820806 1
endloop
endfacet
facet normal -0.7577525224896727 0.6525420405311354 0
outer loop
vertex 128.32655492532365 -129.03347476902303 8.5
vertex 128.53402770000008 -128.7925508000002 8.5
vertex 128.53402769999965 -128.79255080000044 1
endloop
endfacet
facet normal -0.7577525224896727 0.6525420405311354 0
outer loop
vertex 128.32655492532365 -129.03347476902303 8.5
vertex 128.53402769999965 -128.79255080000044 1
vertex 128.32655492532263 -129.03347476902394 1
endloop
endfacet
facet normal -0.7577593049850159 0.6525341643995552 0
outer loop
vertex 130.19593425000159 -126.51970489999812 8.5
vertex 130.40340142371397 -126.27878237067097 8.5
vertex 130.40340142371153 -126.27878237067384 1
endloop
endfacet
facet normal -0.7577593049850159 0.6525341643995552 0
outer loop
vertex 130.19593425000159 -126.51970489999812 8.5
vertex 130.40340142371153 -126.27878237067384 1
vertex 130.1959342500001 -126.51970489999984 1
endloop
endfacet
facet normal -0.6447790412950329 0.7643690129163128 0
outer loop
vertex 130.40340142371397 -126.27878237067097 8.5
vertex 130.6464254482415 -126.0737808662946 8.5
vertex 130.64642544825205 -126.07378086628651 1
endloop
endfacet
facet normal -0.6447790412950329 0.7643690129163128 0
outer loop
vertex 130.40340142371397 -126.27878237067097 8.5
vertex 130.64642544825205 -126.07378086628651 1
vertex 130.40340142371153 -126.27878237067384 1
endloop
endfacet
facet normal -0.5155041967837808 0.8568870538748435 0
outer loop
vertex 130.6464254482415 -126.0737808662946 8.5
vertex 130.91886472417232 -125.90988109738576 8.5
vertex 130.9188647241649 -125.90988109738845 1
endloop
endfacet
facet normal -0.5155041967837808 0.8568870538748435 0
outer loop
vertex 130.6464254482415 -126.0737808662946 8.5
vertex 130.9188647241649 -125.90988109738845 1
vertex 130.64642544825205 -126.07378086628651 1
endloop
endfacet
facet normal -0.3732017501635033 0.9277502108191072 0
outer loop
vertex 130.91886472417232 -125.90988109738576 8.5
vertex 131.21383428231658 -125.79122506900588 8.5
vertex 131.2138342823126 -125.79122506900717 1
endloop
endfacet
facet normal -0.3732017501635033 0.9277502108191072 0
outer loop
vertex 130.91886472417232 -125.90988109738576 8.5
vertex 131.2138342823126 -125.79122506900717 1
vertex 130.9188647241649 -125.90988109738845 1
endloop
endfacet
facet normal -0.2214679081485252 0.9751676602822289 0
outer loop
vertex 131.21383428231658 -125.79122506900588 8.5
vertex 131.52387977788277 -125.72081140566306 8.5
vertex 131.5238797778765 -125.72081140566488 1
endloop
endfacet
facet normal -0.2214679081485252 0.9751676602822289 0
outer loop
vertex 131.21383428231658 -125.79122506900588 8.5
vertex 131.5238797778765 -125.72081140566488 1
vertex 131.2138342823126 -125.79122506900717 1
endloop
endfacet
facet normal -0.06413722365337551 0.997941088713175 0
outer loop
vertex 131.52387977788277 -125.72081140566306 8.5
vertex 131.84116587336794 -125.70041957141714 8.5
vertex 131.84116587338167 -125.70041957141767 1
endloop
endfacet
facet normal -0.06413722365337551 0.997941088713175 0
outer loop
vertex 131.52387977788277 -125.72081140566306 8.5
vertex 131.84116587338167 -125.70041957141767 1
vertex 131.5238797778765 -125.72081140566488 1
endloop
endfacet
facet normal 0.09482832060837158 0.9954936411703472 0
outer loop
vertex 131.84116587336794 -125.70041957141714 8.5
vertex 132.15767850000734 -125.7305698000015 8.5
vertex 132.15767850000017 -125.73056980000003 1
endloop
endfacet
facet normal 0.09482832060837158 0.9954936411703472 0
outer loop
vertex 131.84116587336794 -125.70041957141714 8.5
vertex 132.15767850000017 -125.73056980000003 1
vertex 131.84116587338167 -125.70041957141767 1
endloop
endfacet
facet normal 0.2513779100942774 0.9678890154953891 0
outer loop
vertex 142.0396519499911 -127.47302859999871 8.5
vertex 142.3473839828016 -127.5529520561373 8.5
vertex 142.34738398279816 -127.55295205613538 1
endloop
endfacet
facet normal 0.2513779100942774 0.9678890154953891 0
outer loop
vertex 142.0396519499911 -127.47302859999871 8.5
vertex 142.34738398279816 -127.55295205613538 1
vertex 142.03965194999998 -127.4730286 1
endloop
endfacet
facet normal 0 0 -1
outer loop
vertex 142.3473839828016 -127.5529520561373 8.5
vertex 142.3496516908548 -127.55394642647242 8.5
vertex 142.4184167291013 -127.58409929999998 8.5
endloop
endfacet
facet normal 0 0 -1
outer loop
vertex 142.3473839828016 -127.5529520561373 8.5
vertex 142.4184167291013 -127.58409929999998 8.5
vertex 142.63856227135884 -127.6806312130566 8.5
endloop
endfacet
facet normal 0 0 -1
outer loop
vertex 142.3473839828016 -127.5529520561373 8.5
vertex 142.63856227135884 -127.6806312130566 8.5
vertex 142.63856227137268 -127.68063121306227 1
endloop
endfacet
facet normal 0 0 -1
outer loop
vertex 142.3473839828016 -127.5529520561373 8.5
vertex 142.63856227137268 -127.68063121306227 1
vertex 142.34738398279816 -127.55295205613538 1
endloop
endfacet
facet normal 0.5416349202652456 0.8406138311669997 0
outer loop
vertex 142.63856227135884 -127.6806312130566 8.5
vertex 142.90582824808055 -127.85283940262481 8.5
vertex 142.90582824807223 -127.8528394026162 1
endloop
endfacet
facet normal 0.5416349202652456 0.8406138311669997 0
outer loop
vertex 142.63856227135884 -127.6806312130566 8.5
vertex 142.90582824807223 -127.8528394026162 1
vertex 142.63856227137268 -127.68063121306227 1
endloop
endfacet
facet normal 0.6680010832003482 0.7441603005019561 0
outer loop
vertex 142.90582824808055 -127.85283940262481 8.5
vertex 143.14242764979102 -128.0652246326895 8.5
vertex 143.14242764979613 -128.06522463269297 1
endloop
endfacet
facet normal 0.6680010832003482 0.7441603005019561 0
outer loop
vertex 142.90582824808055 -127.85283940262481 8.5
vertex 143.14242764979613 -128.06522463269297 1
vertex 142.90582824807223 -127.8528394026162 1
endloop
endfacet
facet normal 0.867321996643682 0.4977474802929863 0
outer loop
vertex 143.34238120965605 -128.3124195694676 8.5
vertex 143.5006357630803 -128.58817717887447 8.5
vertex 143.50063576308483 -128.58817717888726 1
endloop
endfacet
facet normal 0.867321996643682 0.4977474802929863 0
outer loop
vertex 143.34238120965605 -128.3124195694676 8.5
vertex 143.50063576308483 -128.58817717888726 1
vertex 143.34238120964056 -128.31241956944555 1
endloop
endfacet
facet normal 0 0 1
outer loop
vertex 143.5006357630803 -128.58817717887447 8.5
vertex 143.56979610743056 -128.77088124999995 8.5
vertex 143.60005013359395 -128.85080470613536 8.5
endloop
endfacet
facet normal 0 0 1
outer loop
vertex 143.5006357630803 -128.58817717887447 8.5
vertex 143.60005013359395 -128.85080470613536 8.5
vertex 143.6131938999883 -128.88552719996807 8.5
endloop
endfacet
facet normal 0 0 1
outer loop
vertex 143.5006357630803 -128.58817717887447 8.5
vertex 143.6131938999883 -128.88552719996807 8.5
vertex 143.61319390000003 -128.88552720000007 1
endloop
endfacet
facet normal 0 0 1
outer loop
vertex 143.5006357630803 -128.58817717887447 8.5
vertex 143.61319390000003 -128.88552720000007 1
vertex 143.50063576308483 -128.58817717888726 1
endloop
endfacet
facet normal 0.9352395706748422 0.35401545932901984 0
outer loop
vertex 144.39751134999344 -131.5897097999859 8.5
vertex 144.51006753691223 -131.88706122110815 8.5
vertex 144.51006753691524 -131.8870612211129 1
endloop
endfacet
facet normal 0.9352395706748422 0.35401545932901984 0
outer loop
vertex 144.39751134999344 -131.5897097999859 8.5
vertex 144.51006753691524 -131.8870612211129 1
vertex 144.39751134999997 -131.58970979999998 1
endloop
endfacet
facet normal 0.8673219966436949 0.49774748029296423 0
outer loop
vertex 144.51006753691223 -131.88706122110815 8.5
vertex 144.66832209036423 -132.1628188305634 8.5
vertex 144.6683220903593 -132.1628188305543 1
endloop
endfacet
facet normal 0.8673219966436949 0.49774748029296423 0
outer loop
vertex 144.51006753691223 -131.88706122110815 8.5
vertex 144.6683220903593 -132.1628188305543 1
vertex 144.51006753691524 -131.8870612211129 1
endloop
endfacet
facet normal 0.7774857293650557 0.6289005808819764 0
outer loop
vertex 144.66832209036423 -132.1628188305634 8.5
vertex 144.86827565019914 -132.4100137673042 8.5
vertex 144.86827565020397 -132.41001376730713 1
endloop
endfacet
facet normal 0.7774857293650557 0.6289005808819764 0
outer loop
vertex 144.66832209036423 -132.1628188305634 8.5
vertex 144.86827565020397 -132.41001376730713 1
vertex 144.6683220903593 -132.1628188305543 1
endloop
endfacet
facet normal 0.6680010832003183 0.7441603005019829 0
outer loop
vertex 144.86827565019914 -132.4100137673042 8.5
vertex 145.10487505191497 -132.62239899737375 8.5
vertex 145.10487505192768 -132.62239899738373 1
endloop
endfacet
facet normal 0.6680010832003183 0.7441603005019829 0
outer loop
vertex 144.86827565019914 -132.4100137673042 8.5
vertex 145.10487505192768 -132.62239899738373 1
vertex 144.86827565020397 -132.41001376730713 1
endloop
endfacet
facet normal 0.541634920265331 0.8406138311669448 0
outer loop
vertex 145.10487505191497 -132.62239899737375 8.5
vertex 145.37214102863987 -132.79460718694406 8.5
vertex 145.37214102862734 -132.79460718693778 1
endloop
endfacet
facet normal 0.541634920265331 0.8406138311669448 0
outer loop
vertex 145.10487505191497 -132.62239899737375 8.5
vertex 145.37214102862734 -132.79460718693778 1
vertex 145.10487505192768 -132.62239899738373 1
endloop
endfacet
facet normal 0.40158072714604043 0.9158236290819634 0
outer loop
vertex 145.37214102863987 -132.79460718694406 8.5
vertex 145.66331931719694 -132.92228634386328 8.5
vertex 145.66331931720154 -132.9222863438645 1
endloop
endfacet
facet normal 0.40158072714604043 0.9158236290819634 0
outer loop
vertex 145.37214102863987 -132.79460718694406 8.5
vertex 145.66331931720154 -132.9222863438645 1
vertex 145.37214102862734 -132.79460718693778 1
endloop
endfacet
facet normal 0.2513762877109403 0.9678894368556084 0
outer loop
vertex 145.66331931719694 -132.92228634386328 8.5
vertex 145.9710527000022 -133.0022096000005 8.5
vertex 145.9710527000005 -133.00220960000007 1
endloop
endfacet
facet normal 0.2513762877109403 0.9678894368556084 0
outer loop
vertex 145.66331931719694 -132.92228634386328 8.5
vertex 145.9710527000005 -133.00220960000007 1
vertex 145.66331931720154 -132.9222863438645 1
endloop
endfacet
facet normal 0.173647822879644 0.9848078155707132 0
outer loop
vertex 145.9710527000022 -133.0022096000005 8.5
vertex 154.7011460000003 -134.54155735000012 8.5
vertex 154.70114599999994 -134.54155735 1
endloop
endfacet
facet normal 0.173647822879644 0.9848078155707132 0
outer loop
vertex 145.9710527000022 -133.0022096000005 8.5
vertex 154.70114599999994 -134.54155735 1
vertex 145.9710527000005 -133.00220960000007 1
endloop
endfacet
facet normal 0.25051084130100776 0.9681137941330356 0
outer loop
vertex 154.7011460000003 -134.54155735000012 8.5
vertex 155.00550787130473 -134.62031456728437 8.5
vertex 155.005507871314 -134.62031456728675 1
endloop
endfacet
facet normal 0.25051084130100776 0.9681137941330356 0
outer loop
vertex 154.7011460000003 -134.54155735000012 8.5
vertex 155.005507871314 -134.62031456728675 1
vertex 154.70114599999994 -134.54155735 1
endloop
endfacet
facet normal 0.39912598003574157 0.9168960966546367 0
outer loop
vertex 155.00550787130473 -134.62031456728437 8.5
vertex 155.29376759189373 -134.74579437236227 8.5
vertex 155.29376759188557 -134.74579437235707 1
endloop
endfacet
facet normal 0.39912598003574157 0.9168960966546367 0
outer loop
vertex 155.00550787130473 -134.62031456728437 8.5
vertex 155.29376759188557 -134.74579437235707 1
vertex 155.005507871314 -134.62031456728675 1
endloop
endfacet
facet normal 0.5378788307535773 0.8430221606975493 0
outer loop
vertex 155.29376759189373 -134.74579437236227 8.5
vertex 155.55880234702684 -134.91489619535838 8.5
vertex 155.55880234703935 -134.91489619536634 1
endloop
endfacet
facet normal 0.5378788307535773 0.8430221606975493 0
outer loop
vertex 155.29376759189373 -134.74579437236227 8.5
vertex 155.55880234703935 -134.91489619536634 1
vertex 155.29376759188557 -134.74579437235707 1
endloop
endfacet
facet normal 0.6633408504746304 0.7483173899433276 0
outer loop
vertex 155.55880234702684 -134.91489619535838 8.5
vertex 155.79406320432346 -135.1234415789881 8.5
vertex 155.79406320430647 -135.1234415789699 1
endloop
endfacet
facet normal 0.6633408504746304 0.7483173899433276 0
outer loop
vertex 155.55880234702684 -134.91489619535838 8.5
vertex 155.79406320430647 -135.1234415789699 1
vertex 155.55880234703935 -134.91489619536634 1
endloop
endfacet
facet normal 0.772411908825343 0.6351219120017745 0
outer loop
vertex 155.79406320432346 -135.1234415789881 8.5
vertex 155.99373693566204 -135.36627742680102 8.5
vertex 155.99373693566014 -135.3662774268012 1
endloop
endfacet
facet normal 0.772411908825343 0.6351219120017745 0
outer loop
vertex 155.79406320432346 -135.1234415789881 8.5
vertex 155.99373693566014 -135.3662774268012 1
vertex 155.79406320430647 -135.1234415789699 1
endloop
endfacet
facet normal 0.8623968913664694 0.5062327545323891 0
outer loop
vertex 155.99373693566204 -135.36627742680102 8.5
vertex 156.1528896606974 -135.63740333498086 8.5
vertex 156.15288966070509 -135.6374033349974 1
endloop
endfacet
facet normal 0.8623968913664694 0.5062327545323891 0
outer loop
vertex 155.99373693566204 -135.36627742680102 8.5
vertex 156.15288966070509 -135.6374033349974 1
vertex 155.99373693566014 -135.3662774268012 1
endloop
endfacet
facet normal 0 0 1
outer loop
vertex 156.2675887614434 -135.93011986045883 8.5
vertex 156.292332896755 -136.04283517964316 8.5
vertex 156.32964889038888 -136.21281825159744 8.5
endloop
endfacet
facet normal 0 0 1
outer loop
vertex 156.2675887614434 -135.93011986045883 8.5
vertex 156.32964889038888 -136.21281825159744 8.5
vertex 156.33500005612726 -136.23719406213252 8.5
endloop
endfacet
facet normal 0 0 1
outer loop
vertex 156.2675887614434 -135.93011986045883 8.5
vertex 156.33500005612726 -136.23719406213252 8.5
vertex 156.33500005612595 -136.23719406212595 1
endloop
endfacet
facet normal 0 0 1
outer loop
vertex 156.2675887614434 -135.93011986045883 8.5
vertex 156.33500005612595 -136.23719406212595 1
vertex 156.26758876144217 -135.93011986045263 1
endloop
endfacet
facet normal 0.9955183935983292 -0.09456811305827269 0
outer loop
vertex 152.32703860000277 -159.1640348499877 8.5
vertex 152.2958397053949 -159.49246556978989 8.5
vertex 152.29583970539505 -159.4924655697718 1
endloop
endfacet
facet normal 0.9955183935983292 -0.09456811305827269 0
outer loop
vertex 152.32703860000277 -159.1640348499877 8.5
vertex 152.29583970539505 -159.4924655697718 1
vertex 152.32703860000007 -159.16403484999975 1
endloop
endfacet
facet normal 0.9975206514148846 0.0703743561307988 0
outer loop
vertex 152.2958397053949 -159.49246556978989 8.5
vertex 152.31905685596155 -159.8215568529012 8.5
vertex 152.31905685596314 -159.8215568529036 1
endloop
endfacet
facet normal 0.9975206514148846 0.0703743561307988 0
outer loop
vertex 152.2958397053949 -159.49246556978989 8.5
vertex 152.31905685596314 -159.8215568529036 1
vertex 152.29583970539505 -159.4924655697718 1
endloop
endfacet
facet normal 0.9723803451952706 0.23340193717689353 0
outer loop
vertex 152.31905685596155 -159.8215568529012 8.5
vertex 152.3960583124092 -160.14235411665462 8.5
vertex 152.3960583124065 -160.14235411663915 1
endloop
endfacet
facet normal 0.9723803451952706 0.23340193717689353 0
outer loop
vertex 152.31905685596155 -159.8215568529012 8.5
vertex 152.3960583124065 -160.14235411663915 1
vertex 152.31905685596314 -159.8215568529036 1
endloop
endfacet
facet normal 0.9207815433550078 0.3900786451688556 0
outer loop
vertex 152.3960583124092 -160.14235411665462 8.5
vertex 152.5247488629916 -160.44612845869574 8.5
vertex 152.52474886300212 -160.44612845871148 1
endloop
endfacet
facet normal 0.9207815433550078 0.3900786451688556 0
outer loop
vertex 152.3960583124092 -160.14235411665462 8.5
vertex 152.52474886300212 -160.44612845871148 1
vertex 152.3960583124065 -160.14235411663915 1
endloop
endfacet
facet normal 0.8441282506945155 0.5361413026240539 0
outer loop
vertex 152.5247488629916 -160.44612845869574 8.5
vertex 152.70162683436655 -160.72461417101147 8.5
vertex 152.70162683437087 -160.72461417101746 1
endloop
endfacet
facet normal 0.8441282506945155 0.5361413026240539 0
outer loop
vertex 152.5247488629916 -160.44612845869574 8.5
vertex 152.70162683437087 -160.72461417101746 1
vertex 152.52474886300212 -160.44612845871148 1
endloop
endfacet
facet normal 0.744506205390482 0.6676155406632366 0
outer loop
vertex 152.70162683436655 -160.72461417101147 8.5
vertex 152.9218793721176 -160.9702336497698 8.5
vertex 152.92187937210477 -160.97023364975664 1
endloop
endfacet
facet normal 0.744506205390482 0.6676155406632366 0
outer loop
vertex 152.70162683436655 -160.72461417101147 8.5
vertex 152.92187937210477 -160.97023364975664 1
vertex 152.70162683437087 -160.72461417101746 1
endloop
endfacet
facet normal 0.6246261260031374 0.780923941696189 0
outer loop
vertex 152.9218793721176 -160.9702336497698 8.5
vertex 153.1795133986525 -161.17630358222897 8.5
vertex 153.1795133986656 -161.17630358223653 1
endloop
endfacet
facet normal 0.6246261260031374 0.780923941696189 0
outer loop
vertex 152.9218793721176 -160.9702336497698 8.5
vertex 153.1795133986656 -161.17630358223653 1
vertex 152.92187937210477 -160.97023364975664 1
endloop
endfacet
facet normal 0.48774995275083816 0.8729833810511832 0
outer loop
vertex 153.1795133986525 -161.17630358222897 8.5
vertex 153.4675186851917 -161.3372167999953 8.5
vertex 153.46751868518862 -161.33721679999383 1
endloop
endfacet
facet normal 0.48774995275083816 0.8729833810511832 0
outer loop
vertex 153.1795133986525 -161.17630358222897 8.5
vertex 153.46751868518862 -161.33721679999383 1
vertex 153.1795133986656 -161.17630358223653 1
endloop
endfacet
facet normal 0.3376164639700503 0.9412837634084419 0
outer loop
vertex 153.4675186851917 -161.3372167999953 8.5
vertex 153.7780572000051 -161.44859970000218 8.5
vertex 153.7780572 -161.44859969999996 1
endloop
endfacet
facet normal 0.3376164639700503 0.9412837634084419 0
outer loop
vertex 153.4675186851917 -161.3372167999953 8.5
vertex 153.7780572 -161.44859969999996 1
vertex 153.46751868518862 -161.33721679999383 1
endloop
endfacet
facet normal 0.25881878935047087 0.9659258948175872 0
outer loop
vertex 153.7780572000051 -161.44859970000218 8.5
vertex 167.1590260500322 -165.03401570000952 8.5
vertex 167.15902604999977 -165.0340156999999 1
endloop
endfacet
facet normal 0.25881878935047087 0.9659258948175872 0
outer loop
vertex 153.7780572000051 -161.44859970000218 8.5
vertex 167.15902604999977 -165.0340156999999 1
vertex 153.7780572 -161.44859969999996 1
endloop
endfacet
facet normal 0.3306176207247519 0.9437647953098823 0
outer loop
vertex 167.1590260500322 -165.03401570000952 8.5
vertex 167.44249678622674 -165.13332054885691 8.5
vertex 167.44249678625 -165.1333205488668 1
endloop
endfacet
facet normal 0.3306176207247519 0.9437647953098823 0
outer loop
vertex 167.1590260500322 -165.03401570000952 8.5
vertex 167.44249678625 -165.1333205488668 1
vertex 167.15902604999977 -165.0340156999999 1
endloop
endfacet
facet normal 0.46822441077831967 0.8836095863849007 0
outer loop
vertex 167.44249678622674 -165.13332054885691 8.5
vertex 167.70789920564107 -165.27395719807868 8.5
vertex 167.70789920563956 -165.27395719807546 1
endloop
endfacet
facet normal 0.46822441077831967 0.8836095863849007 0
outer loop
vertex 167.44249678622674 -165.13332054885691 8.5
vertex 167.70789920563956 -165.27395719807546 1
vertex 167.44249678625 -165.1333205488668 1
endloop
endfacet
facet normal 0.5952707373844489 0.8035252013557351 0
outer loop
vertex 167.70789920564107 -165.27395719807868 8.5
vertex 167.94924734829422 -165.45275368959022 8.5
vertex 167.94924734826535 -165.45275368956672 1
endloop
endfacet
facet normal 0.5952707373844489 0.8035252013557351 0
outer loop
vertex 167.70789920564107 -165.27395719807868 8.5
vertex 167.94924734826535 -165.45275368956672 1
vertex 167.70789920563956 -165.27395719807546 1
endloop
endfacet
facet normal 0.7088911623958085 0.7053178856920612 0
outer loop
vertex 167.94924734829422 -165.45275368959022 8.5
vertex 168.16109778105886 -165.665677397585 8.5
vertex 168.1610977810649 -165.6656773975966 1
endloop
endfacet
facet normal 0.7088911623958085 0.7053178856920612 0
outer loop
vertex 167.94924734829422 -165.45275368959022 8.5
vertex 168.1610977810649 -165.6656773975966 1
vertex 167.94924734826535 -165.45275368956672 1
endloop
endfacet
facet normal 0.8065230591795823 0.5912026344762075 0
outer loop
vertex 168.16109778105886 -165.665677397585 8.5
vertex 168.33867237050455 -165.90792598167528 8.5
vertex 168.33867237051845 -165.90792598169756 1
endloop
endfacet
facet normal 0.8065230591795823 0.5912026344762075 0
outer loop
vertex 168.16109778105886 -165.665677397585 8.5
vertex 168.33867237051845 -165.90792598169756 1
vertex 168.1610977810649 -165.6656773975966 1
endloop
endfacet
facet normal 0 0 -1
outer loop
vertex 168.33867237050455 -165.90792598167528 8.5
vertex 168.47312877675202 -166.16479759999987 8.5
vertex 168.47796210002252 -166.17403140004728 8.5
endloop
endfacet
facet normal 0 0 -1
outer loop
vertex 168.33867237050455 -165.90792598167528 8.5
vertex 168.47796210002252 -166.17403140004728 8.5
vertex 168.47796209999996 -166.1740313999999 1
endloop
endfacet
facet normal 0 0 -1
outer loop
vertex 168.33867237050455 -165.90792598167528 8.5
vertex 168.47796209999996 -166.1740313999999 1
vertex 168.33867237051845 -165.90792598169756 1
endloop
endfacet
facet normal 0.7234290253149054 0.6903987582056661 0
outer loop
vertex 170.17063294994762 -169.8976346410891 8.5
vertex 170.36652366961326 -170.10289722406978 8.5
vertex 170.3665236696159 -170.10289722407697 1
endloop
endfacet
facet normal 0.7234290253149054 0.6903987582056661 0
outer loop
vertex 170.17063294994762 -169.8976346410891 8.5
vertex 170.3665236696159 -170.10289722407697 1
vertex 170.1706329499308 -169.89763464107588 1
endloop
endfacet
facet normal 0.6184503497976014 0.7858238764731094 0
outer loop
vertex 170.36652366961326 -170.10289722406978 8.5
vertex 170.58948989440876 -170.27837361750377 8.5
vertex 170.58948989439307 -170.27837361749653 1
endloop
endfacet
facet normal 0.6184503497976014 0.7858238764731094 0
outer loop
vertex 170.36652366961326 -170.10289722406978 8.5
vertex 170.58948989439307 -170.27837361749653 1
vertex 170.3665236696159 -170.10289722407697 1
endloop
endfacet
facet normal 0.5010237262280197 0.8654335478571366 0
outer loop
vertex 170.58948989440876 -170.27837361750377 8.5
vertex 170.8350482000021 -170.4205341999994 8.5
vertex 170.83504819999993 -170.42053419999996 1
endloop
endfacet
facet normal 0.5010237262280197 0.8654335478571366 0
outer loop
vertex 170.58948989440876 -170.27837361750377 8.5
vertex 170.83504819999993 -170.42053419999996 1
vertex 170.58948989439307 -170.27837361749653 1
endloop
endfacet
facet normal 0.4383711888900149 0.8987940257651668 0
outer loop
vertex 170.8350482000021 -170.4205341999994 8.5
vertex 186.15229660001629 -177.89125630000618 8.5
vertex 186.15229660000008 -177.89125630000004 1
endloop
endfacet
facet normal 0.4383711888900149 0.8987940257651668 0
outer loop
vertex 170.8350482000021 -170.4205341999994 8.5
vertex 186.15229660000008 -177.89125630000004 1
vertex 170.83504819999993 -170.42053419999996 1
endloop
endfacet
facet normal 0.3665061922207252 0.9304156120056589 0
outer loop
vertex 186.15229660001629 -177.89125630000618 8.5
vertex 186.444295815002 -178.00627964982417 8.5
vertex 186.4442958150108 -178.0062796498279 1
endloop
endfacet
facet normal 0.3665061922207252 0.9304156120056589 0
outer loop
vertex 186.15229660001629 -177.89125630000618 8.5
vertex 186.4442958150108 -178.0062796498279 1
vertex 186.15229660000008 -177.89125630000004 1
endloop
endfacet
facet normal 0.2164443270903287 0.9762949622273049 0
outer loop
vertex 186.444295815002 -178.00627964982417 8.5
vertex 186.7506936859389 -178.074207974319 8.5
vertex 186.75069368593165 -178.07420797431917 1
endloop
endfacet
facet normal 0.2164443270903287 0.9762949622273049 0
outer loop
vertex 186.444295815002 -178.00627964982417 8.5
vertex 186.75069368593165 -178.07420797431917 1
vertex 186.4442958150108 -178.0062796498279 1
endloop
endfacet
facet normal 0.06105284980259279 0.9981345347852573 0
outer loop
vertex 186.7506936859389 -178.074207974319 8.5
vertex 187.0639456314978 -178.09336864186037 8.5
vertex 187.06394563148334 -178.09336864186008 1
endloop
endfacet
facet normal 0.06105284980259279 0.9981345347852573 0
outer loop
vertex 186.7506936859389 -178.074207974319 8.5
vertex 187.06394563148334 -178.09336864186008 1
vertex 186.75069368593165 -178.07420797431917 1
endloop
endfacet
facet normal -0.09584196099783086 0.9953965634419732 0
outer loop
vertex 187.0639456314978 -178.09336864186037 8.5
vertex 187.37633829922513 -178.06328985017478 8.5
vertex 187.37633829923237 -178.0632898501724 1
endloop
endfacet
facet normal -0.09584196099783086 0.9953965634419732 0
outer loop
vertex 187.0639456314978 -178.09336864186037 8.5
vertex 187.37633829923237 -178.0632898501724 1
vertex 187.06394563148334 -178.09336864186008 1
endloop
endfacet
facet normal -0.25037680936640083 0.9681484665749882 0
outer loop
vertex 187.37633829922513 -178.06328985017478 8.5
vertex 187.68017949513083 -177.98471224373176 8.5
vertex 187.68017949515163 -177.98471224372588 1
endloop
endfacet
facet normal -0.25037680936640083 0.9681484665749882 0
outer loop
vertex 187.37633829922513 -178.06328985017478 8.5
vertex 187.68017949515163 -177.98471224372588 1
vertex 187.37633829923237 -178.0632898501724 1
endloop
endfacet
facet normal -0.3987465098420544 0.9170611871019189 0
outer loop
vertex 187.68017949513083 -177.98471224373176 8.5
vertex 187.96798759220894 -177.85957067648602 8.5
vertex 187.96798759219544 -177.85957067649505 1
endloop
endfacet
facet normal -0.3987465098420544 0.9170611871019189 0
outer loop
vertex 187.68017949513083 -177.98471224373176 8.5
vertex 187.96798759219544 -177.85957067649505 1
vertex 187.68017949515163 -177.98471224372588 1
endloop
endfacet
facet normal -0.6626187210667874 0.7489568949491119 0
outer loop
vertex 188.23267575397904 -177.69094656912333 8.5
vertex 188.46772643732663 -177.4829920336407 8.5
vertex 188.46772643732623 -177.4829920336407 1
endloop
endfacet
facet normal -0.6626187210667874 0.7489568949491119 0
outer loop
vertex 188.23267575397904 -177.69094656912333 8.5
vertex 188.46772643732623 -177.4829920336407 1
vertex 188.23267575397574 -177.6909465691259 1
endloop
endfacet
facet normal -0.7716237801902582 0.6360791946329452 0
outer loop
vertex 188.46772643732663 -177.4829920336407 8.5
vertex 188.66735187688872 -177.2408276339924 8.5
vertex 188.66735187688414 -177.2408276339975 1
endloop
endfacet
facet normal -0.7716237801902582 0.6360791946329452 0
outer loop
vertex 188.46772643732663 -177.4829920336407 8.5
vertex 188.66735187688414 -177.2408276339975 1
vertex 188.46772643732623 -177.4829920336407 1
endloop
endfacet
facet normal -0.8616365524874399 0.507525813548 0
outer loop
vertex 188.66735187688872 -177.2408276339924 8.5
vertex 188.82663319999486 -176.97041260001137 8.5
vertex 188.82663319999983 -176.97041260000034 1
endloop
endfacet
facet normal -0.8616365524874399 0.507525813548 0
outer loop
vertex 188.66735187688872 -177.2408276339924 8.5
vertex 188.82663319999983 -176.97041260000034 1
vertex 188.66735187688414 -177.2408276339975 1
endloop
endfacet
facet normal -0.9319585225205003 0.3625649077081323 0
outer loop
vertex 196.49130884999693 -161.25549890000707 8.5
vertex 196.61120699976703 -160.94730552514613 8.5
vertex 196.61120699976337 -160.94730552515642 1
endloop
endfacet
facet normal -0.9319585225205003 0.3625649077081323 0
outer loop
vertex 196.49130884999693 -161.25549890000707 8.5
vertex 196.61120699976337 -160.94730552515642 1
vertex 196.49130884999985 -161.25549890000033 1
endloop
endfacet
facet normal -0.9789626483627021 0.2040395381064284 0
outer loop
vertex 196.61120699976703 -160.94730552514613 8.5
vertex 196.6786817127813 -160.62356815363978 8.5
vertex 196.67868171278008 -160.62356815363827 1
endloop
endfacet
facet normal -0.9789626483627021 0.2040395381064284 0
outer loop
vertex 196.61120699976703 -160.94730552514613 8.5
vertex 196.67868171278008 -160.62356815363827 1
vertex 196.61120699976337 -160.94730552515642 1
endloop
endfacet
facet normal -0.9992022480269174 0.039935792692205034 0
outer loop
vertex 196.6786817127813 -160.62356815363978 8.5
vertex 196.69188825194522 -160.29313766180132 8.5
vertex 196.69188825194405 -160.29313766179854 1
endloop
endfacet
facet normal -0.9992022480269174 0.039935792692205034 0
outer loop
vertex 196.6786817127813 -160.62356815363978 8.5
vertex 196.69188825194405 -160.29313766179854 1
vertex 196.67868171278008 -160.62356815363827 1
endloop
endfacet
facet normal -0.9921239773217838 -0.1252597845407879 0
outer loop
vertex 196.69188825194522 -160.29313766180132 8.5
vertex 196.65046555469505 -159.96504791377973 8.5
vertex 196.65046555469203 -159.96504791376225 1
endloop
endfacet
facet normal -0.9921239773217838 -0.1252597845407879 0
outer loop
vertex 196.69188825194522 -160.29313766180132 8.5
vertex 196.65046555469203 -159.96504791376225 1
vertex 196.69188825194405 -160.29313766179854 1
endloop
endfacet
facet normal -0.9579213539079455 -0.28703079926580805 0
outer loop
vertex 196.65046555469505 -159.96504791377973 8.5
vertex 196.55554610433467 -159.64826877846045 8.5
vertex 196.55554610433867 -159.64826877846647 1
endloop
endfacet
facet normal -0.9579213539079455 -0.28703079926580805 0
outer loop
vertex 196.65046555469505 -159.96504791377973 8.5
vertex 196.55554610433867 -159.64826877846647 1
vertex 196.65046555469203 -159.96504791376225 1
endloop
endfacet
facet normal -0.8975294665870628 -0.4409544836011339 0
outer loop
vertex 196.55554610433467 -159.64826877846045 8.5
vertex 196.4097249683393 -159.35146089629944 8.5
vertex 196.40972496834442 -159.3514608963078 1
endloop
endfacet
facet normal -0.8975294665870628 -0.4409544836011339 0
outer loop
vertex 196.55554610433467 -159.64826877846045 8.5
vertex 196.40972496834442 -159.3514608963078 1
vertex 196.55554610433867 -159.64826877846647 1
endloop
endfacet
facet normal -0.8125988932077964 -0.5828233340880101 0
outer loop
vertex 196.4097249683393 -159.35146089629944 8.5
vertex 196.2169877000151 -159.08273780001983 8.5
vertex 196.21698770000012 -159.08273780000016 1
endloop
endfacet
facet normal -0.8125988932077964 -0.5828233340880101 0
outer loop
vertex 196.4097249683393 -159.35146089629944 8.5
vertex 196.21698770000012 -159.08273780000016 1
vertex 196.40972496834442 -159.3514608963078 1
endloop
endfacet
facet normal -0.8070352665736908 -0.5905032417407475 0
outer loop
vertex 183.81985384996815 -144.5118337499645 8.5
vertex 183.64689199357863 -144.27544839589444 8.5
vertex 183.6468919935673 -144.27544839587097 1
endloop
endfacet
facet normal -0.8070352665736908 -0.5905032417407475 0
outer loop
vertex 183.81985384996815 -144.5118337499645 8.5
vertex 183.6468919935673 -144.27544839587097 1
vertex 183.81985384999996 -144.51183374999997 1
endloop
endfacet
facet normal -0.8846291910396938 -0.4662951794308588 0
outer loop
vertex 183.64689199357863 -144.27544839589444 8.5
vertex 183.5103114057299 -144.01633532702718 8.5
vertex 183.5103114057248 -144.01633532701553 1
endloop
endfacet
facet normal -0.8846291910396938 -0.4662951794308588 0
outer loop
vertex 183.64689199357863 -144.27544839589444 8.5
vertex 183.5103114057248 -144.01633532701553 1
vertex 183.6468919935673 -144.27544839587097 1
endloop
endfacet
facet normal -0.9432491818134757 -0.3320858036836391 0
outer loop
vertex 183.5103114057299 -144.01633532702718 8.5
vertex 183.41304152972552 -143.7400521196798 8.5
vertex 183.41304152972762 -143.7400521196887 1
endloop
endfacet
facet normal -0.9432491818134757 -0.3320858036836391 0
outer loop
vertex 183.5103114057299 -144.01633532702718 8.5
vertex 183.41304152972762 -143.7400521196887 1
vertex 183.5103114057248 -144.01633532701553 1
endloop
endfacet
facet normal -0.9816379303762526 -0.19075369890680366 0
outer loop
vertex 183.41304152972552 -143.7400521196798 8.5
vertex 183.35716865460594 -143.45252462317063 8.5
vertex 183.35716865460662 -143.45252462317222 1
endloop
endfacet
facet normal -0.9816379303762526 -0.19075369890680366 0
outer loop
vertex 183.41304152972552 -143.7400521196798 8.5
vertex 183.35716865460662 -143.45252462317222 1
vertex 183.41304152972762 -143.7400521196887 1
endloop
endfacet
facet normal 0 0 1
outer loop
vertex 183.35716865460594 -143.45252462317063 8.5
vertex 183.34624571590265 -143.21180859999987 8.5
vertex 183.34389116748056 -143.15991985943995 8.5
endloop
endfacet
facet normal 0 0 1
outer loop
vertex 183.35716865460594 -143.45252462317063 8.5
vertex 183.34389116748056 -143.15991985943995 8.5
vertex 183.34389116748088 -143.1599198594334 1
endloop
endfacet
facet normal 0 0 1
outer loop
vertex 183.35716865460594 -143.45252462317063 8.5
vertex 183.34389116748088 -143.1599198594334 1
vertex 183.35716865460662 -143.45252462317222 1
endloop
endfacet
facet normal 0 0 -1
outer loop
vertex 183.34389116748056 -143.15991985943995 8.5
vertex 183.3625608659251 -142.97616331270055 8.5
vertex 183.37349770000003 -142.86851750000372 8.5
endloop
endfacet
facet normal 0 0 -1
outer loop
vertex 183.34389116748056 -143.15991985943995 8.5
vertex 183.37349770000003 -142.86851750000372 8.5
vertex 183.3734977000001 -142.8685174999996 1
endloop
endfacet
facet normal 0 0 -1
outer loop
vertex 183.34389116748056 -143.15991985943995 8.5
vertex 183.3734977000001 -142.8685174999996 1
vertex 183.34389116748088 -143.1599198594334 1
endloop
endfacet
facet normal 0.20410702001376518 0.97894858107109 0
outer loop
vertex 184.21702640000026 -138.08462340000185 8.5
vertex 184.2677024486826 -138.09518916155727 8.5
vertex 184.2677024487179 -138.09518916156284 1
endloop
endfacet
facet normal 0.20410702001376518 0.97894858107109 0
outer loop
vertex 184.21702640000026 -138.08462340000185 8.5
vertex 184.2677024487179 -138.09518916156284 1
vertex 184.2170264 -138.0846234 1
endloop
endfacet
facet normal 0.18386996082068643 0.982950577347508 0
outer loop
vertex 184.2677024486826 -138.09518916155727 8.5
vertex 184.3185827999995 -138.10470680000094 8.5
vertex 184.3185828000002 -138.10470680000003 1
endloop
endfacet
facet normal 0.18386996082068643 0.982950577347508 0
outer loop
vertex 184.2677024486826 -138.09518916155727 8.5
vertex 184.3185828000002 -138.10470680000003 1
vertex 184.2677024487179 -138.09518916156284 1
endloop
endfacet
facet normal 0.09584572593203693 0.9953962009273297 0
outer loop
vertex 248.33108829995376 -149.39183969999397 8.5
vertex 248.7215778344744 -149.42943955507693 8.5
vertex 248.72157783445547 -149.4294395550767 1
endloop
endfacet
facet normal 0.09584572593203693 0.9953962009273297 0
outer loop
vertex 248.33108829995376 -149.39183969999397 8.5
vertex 248.72157783445547 -149.4294395550767 1
vertex 248.33108830000006 -149.39183970000002 1
endloop
endfacet
facet normal -0.06104860859363729 0.9981347941980486 0
outer loop
vertex 248.7215778344744 -149.42943955507693 8.5
vertex 249.1131417069678 -149.40549045548616 8.5
vertex 249.11314170695945 -149.40549045548528 1
endloop
endfacet
facet normal -0.06104860859363729 0.9981347941980486 0
outer loop
vertex 248.7215778344744 -149.42943955507693 8.5
vertex 249.11314170695945 -149.40549045548528 1
vertex 248.72157783445547 -149.4294395550767 1
endloop
endfacet
facet normal -0.2164397229558972 0.9762959829512639 0
outer loop
vertex 249.1131417069678 -149.40549045548616 8.5
vertex 249.4961383102289 -149.3205821078637 8.5
vertex 249.49613831023993 -149.32058210785846 1
endloop
endfacet
facet normal -0.2164397229558972 0.9762959829512639 0
outer loop
vertex 249.1131417069678 -149.40549045548616 8.5
vertex 249.49613831023993 -149.32058210785846 1
vertex 249.11314170695945 -149.40549045548528 1
endloop
endfacet
facet normal -0.3665013701403005 0.9304175114889457 0
outer loop
vertex 249.4961383102289 -149.3205821078637 8.5
vertex 249.8611369917458 -149.17680523863723 8.5
vertex 249.86113699174211 -149.1768052386378 1
endloop
endfacet
facet normal -0.3665013701403005 0.9304175114889457 0
outer loop
vertex 249.4961383102289 -149.3205821078637 8.5
vertex 249.86113699174211 -149.1768052386378 1
vertex 249.49613831023993 -149.32058210785846 1
endloop
endfacet
facet normal -0.507538532372736 0.8616290606501902 0
outer loop
vertex 249.8611369917458 -149.17680523863723 8.5
vertex 250.19915026771727 -148.9777001134229 8.5
vertex 250.19915026771537 -148.9777001134224 1
endloop
endfacet
facet normal -0.507538532372736 0.8616290606501902 0
outer loop
vertex 249.8611369917458 -149.17680523863723 8.5
vertex 250.19915026771537 -148.9777001134224 1
vertex 249.86113699174211 -149.1768052386378 1
endloop
endfacet
facet normal -0.6360784047693567 0.7716244313045502 0
outer loop
vertex 250.19915026771727 -148.9777001134229 8.5
vertex 250.5018551250064 -148.72816936383938 8.5
vertex 250.5018551250113 -148.72816936383322 1
endloop
endfacet
facet normal -0.6360784047693567 0.7716244313045502 0
outer loop
vertex 250.19915026771727 -148.9777001134229 8.5
vertex 250.5018551250113 -148.72816936383322 1
vertex 250.19915026771537 -148.9777001134224 1
endloop
endfacet
facet normal -0.7489559073641557 0.662619837330829 0
outer loop
vertex 250.5018551250064 -148.72816936383938 8.5
vertex 250.76179796140104 -148.43435726838658 8.5
vertex 250.76179796140124 -148.43435726838572 1
endloop
endfacet
facet normal -0.7489559073641557 0.662619837330829 0
outer loop
vertex 250.5018551250064 -148.72816936383938 8.5
vertex 250.76179796140124 -148.43435726838572 1
vertex 250.5018551250113 -148.72816936383322 1
endloop
endfacet
facet normal -0.843391619924062 0.537299335046924 0
outer loop
vertex 250.76179796140104 -148.43435726838658 8.5
vertex 250.97257811809223 -148.10349845988998 8.5
vertex 250.97257811809692 -148.1034984598821 1
endloop
endfacet
facet normal -0.843391619924062 0.537299335046924 0
outer loop
vertex 250.76179796140104 -148.43435726838658 8.5
vertex 250.97257811809692 -148.1034984598821 1
vertex 250.76179796140124 -148.43435726838572 1
endloop
endfacet
facet normal -0.917060220536782 0.39874873279927636 0
outer loop
vertex 250.97257811809223 -148.10349845988998 8.5
vertex 251.12900548530732 -147.74373978462307 8.5
vertex 251.1290054853004 -147.74373978464178 1
endloop
endfacet
facet normal -0.917060220536782 0.39874873279927636 0
outer loop
vertex 250.97257811809223 -148.10349845988998 8.5
vertex 251.1290054853004 -147.74373978464178 1
vertex 250.97257811809692 -148.1034984598821 1
endloop
endfacet
facet normal -0.9681488411676523 0.2503753608998537 0
outer loop
vertex 251.12900548530732 -147.74373978462307 8.5
vertex 251.22722659999098 -147.3639394000428 8.5
vertex 251.22722660000005 -147.3639393999997 1
endloop
endfacet
facet normal -0.9681488411676523 0.2503753608998537 0
outer loop
vertex 251.12900548530732 -147.74373978462307 8.5
vertex 251.22722660000005 -147.3639393999997 1
vertex 251.1290054853004 -147.74373978464178 1
endloop
endfacet
facet normal -0.9981347941980442 -0.061048608593710425 -7.07210310132136e-14
outer loop
vertex 259.25264175507624 -101.67229196554516 8.5
vertex 259.22869265548354 -101.28072809302064 8.5
vertex 259.2286926554853 -101.28072809304076 1
endloop
endfacet
facet normal -0.9981347941980442 -0.061048608593710425 -7.07210310132136e-14
outer loop
vertex 259.25264175507624 -101.67229196554516 8.5
vertex 259.2286926554853 -101.28072809304076 1
vertex 259.24471046046943 -101.5426165922158 1
endloop
endfacet
facet normal -0.9981347941980442 -0.061048608593710425 -7.07210310132136e-14
outer loop
vertex 259.25264175507624 -101.67229196554516 8.5
vertex 259.24471046046943 -101.5426165922158 1
vertex 259.25264175507675 -101.67229196554396 1
endloop
endfacet
facet normal -0.9762959829512577 -0.21643972295592484 3.504802888111222e-13
outer loop
vertex 259.22869265548354 -101.28072809302064 8.5
vertex 259.14378430786593 -100.89773148978166 8.5
vertex 259.1437843078585 -100.89773148976022 1
endloop
endfacet
facet normal -0.9762959829512577 -0.21643972295592484 3.504802888111222e-13
outer loop
vertex 259.22869265548354 -101.28072809302064 8.5
vertex 259.1437843078585 -100.89773148976022 1
vertex 259.1438605328082 -100.89807531810523 1
endloop
endfacet
facet normal -0.9762959829512577 -0.21643972295592484 3.504802888111222e-13
outer loop
vertex 259.22869265548354 -101.28072809302064 8.5
vertex 259.1438605328082 -100.89807531810523 1
vertex 259.17971242740305 -101.05979267847052 1
endloop
endfacet
facet normal -0.9762959829512577 -0.21643972295592484 3.504802888111222e-13
outer loop
vertex 259.22869265548354 -101.28072809302064 8.5
vertex 259.17971242740305 -101.05979267847052 1
vertex 259.2279609607052 -101.27742763292352 1
endloop
endfacet
facet normal -0.9762959829512577 -0.21643972295592484 3.504802888111222e-13
outer loop
vertex 259.22869265548354 -101.28072809302064 8.5
vertex 259.2279609607052 -101.27742763292352 1
vertex 259.2286926554853 -101.28072809304076 1
endloop
endfacet
facet normal -0.9304175114889863 -0.3665013701401974 -1.1979204486952848e-13
outer loop
vertex 259.14378430786593 -100.89773148978166 8.5
vertex 259.0000074386463 -100.53273280828202 8.5
vertex 259.0000074386377 -100.53273280825763 1
endloop
endfacet
facet normal -0.9304175114889863 -0.3665013701401974 -1.1979204486952848e-13
outer loop
vertex 259.14378430786593 -100.89773148978166 8.5
vertex 259.0000074386377 -100.53273280825763 1
vertex 259.09144658507034 -100.76486450000002 1
endloop
endfacet
facet normal -0.9304175114889863 -0.3665013701401974 -1.1979204486952848e-13
outer loop
vertex 259.14378430786593 -100.89773148978166 8.5
vertex 259.09144658507034 -100.76486450000002 1
vertex 259.10469212989426 -100.79849025929437 1
endloop
endfacet
facet normal -0.9304175114889863 -0.3665013701401974 -1.1979204486952848e-13
outer loop
vertex 259.14378430786593 -100.89773148978166 8.5
vertex 259.10469212989426 -100.79849025929437 1
vertex 259.1437843078585 -100.89773148976022 1
endloop
endfacet
facet normal -0.8616290606501278 -0.5075385323728423 -6.593633004845609e-13
outer loop
vertex 259.0000074386463 -100.53273280828202 8.5
vertex 258.8009023134091 -100.19471953227178 8.5
vertex 258.8009023134222 -100.19471953228432 1
endloop
endfacet
facet normal -0.8616290606501278 -0.5075385323728423 -6.593633004845609e-13
outer loop
vertex 259.0000074386463 -100.53273280828202 8.5
vertex 258.8009023134222 -100.19471953228432 1
vertex 258.9694992471391 -100.48094019999952 1
endloop
endfacet
facet normal -0.8616290606501278 -0.5075385323728423 -6.593633004845609e-13
outer loop
vertex 259.0000074386463 -100.53273280828202 8.5
vertex 258.9694992471391 -100.48094019999952 1
vertex 259.0000074386377 -100.53273280825763 1
endloop
endfacet
facet normal -0.7716244313045514 -0.6360784047693552 0
outer loop
vertex 258.8009023134091 -100.19471953227178 8.5
vertex 258.55137156382335 -99.89201467497996 8.5
vertex 258.55137156383336 -99.89201467498873 1
endloop
endfacet
facet normal -0.7716244313045514 -0.6360784047693552 0
outer loop
vertex 258.8009023134091 -100.19471953227178 8.5
vertex 258.55137156383336 -99.89201467498873 1
vertex 258.8009023134222 -100.19471953228432 1
endloop
endfacet
facet normal -0.662619837330837 -0.7489559073641487 0
outer loop
vertex 258.55137156382335 -99.89201467497996 8.5
vertex 258.2575594683661 -99.63207183858135 8.5
vertex 258.2575594683861 -99.63207183859897 1
endloop
endfacet
facet normal -0.662619837330837 -0.7489559073641487 0
outer loop
vertex 258.55137156382335 -99.89201467497996 8.5
vertex 258.2575594683861 -99.63207183859897 1
vertex 258.55137156383336 -99.89201467498873 1
endloop
endfacet
facet normal -0.5372993350468391 -0.843391619924116 0
outer loop
vertex 258.2575594683661 -99.63207183858135 8.5
vertex 257.9267006599229 -99.42129168192426 8.5
vertex 257.9267006598822 -99.42129168190316 1
endloop
endfacet
facet normal -0.5372993350468391 -0.843391619924116 0
outer loop
vertex 258.2575594683661 -99.63207183858135 8.5
vertex 257.9267006598822 -99.42129168190316 1
vertex 258.2575594683861 -99.63207183859897 1
endloop
endfacet
facet normal -0.3987487327993637 -0.917060220536744 0
outer loop
vertex 257.9267006599229 -99.42129168192426 8.5
vertex 257.5669419846491 -99.26486431470616 8.5
vertex 257.56694198464163 -99.26486431469952 1
endloop
endfacet
facet normal -0.3987487327993637 -0.917060220536744 0
outer loop
vertex 257.9267006599229 -99.42129168192426 8.5
vertex 257.56694198464163 -99.26486431469952 1
vertex 257.9267006598822 -99.42129168190316 1
endloop
endfacet
facet normal -0.15719010184344032 -0.9875683631437618 0
outer loop
vertex 193.17464280026437 -87.87951192504428 8.5
vertex 193.09237808286514 -87.86641794614754 8.5
vertex 193.0923780829498 -87.86641794615879 1
endloop
endfacet
facet normal -0.15719010184344032 -0.9875683631437618 0
outer loop
vertex 193.17464280026437 -87.87951192504428 8.5
vertex 193.0923780829498 -87.86641794615879 1
vertex 193.17464279999967 -87.87951192499993 1
endloop
endfacet
facet normal -0.12418291253399619 -0.9922593432337001 0
outer loop
vertex 193.09237808286514 -87.86641794614754 8.5
vertex 193.0097256000018 -87.85607384999956 8.5
vertex 193.00972560000005 -87.85607385 1
endloop
endfacet
facet normal -0.12418291253399619 -0.9922593432337001 0
outer loop
vertex 193.09237808286514 -87.86641794614754 8.5
vertex 193.00972560000005 -87.85607385 1
vertex 193.0923780829498 -87.86641794615879 1
endloop
endfacet
facet normal -0.9478327668441447 -0.3187680129758522 0
outer loop
vertex 192.95739499309835 -87.53083611140836 8.5
vertex 192.8523861717366 -87.2186002607496 8.5
vertex 192.85238617172615 -87.21860026072649 1
endloop
endfacet
facet normal -0.9478327668441447 -0.3187680129758522 0
outer loop
vertex 192.95739499309835 -87.53083611140836 8.5
vertex 192.85238617172615 -87.21860026072649 1
vertex 192.95739499309724 -87.53083611141315 1
endloop
endfacet
facet normal 0 0 -1
outer loop
vertex 192.8523861717366 -87.2186002607496 8.5
vertex 192.84450926557452 -87.20380860000002 8.5
vertex 192.69754797477816 -86.92783710661821 8.5
endloop
endfacet
facet normal 0 0 -1
outer loop
vertex 192.8523861717366 -87.2186002607496 8.5
vertex 192.69754797477816 -86.92783710661821 8.5
vertex 192.6975479747804 -86.92783710661897 1
endloop
endfacet
facet normal 0 0 -1
outer loop
vertex 192.8523861717366 -87.2186002607496 8.5
vertex 192.6975479747804 -86.92783710661897 1
vertex 192.85238617172615 -87.21860026072649 1
endloop
endfacet
facet normal -0.6828636789611471 -0.7305458205722948 0
outer loop
vertex 192.4970810881603 -86.6664349137968 8.5
vertex 192.25642408230362 -86.44148539829851 8.5
vertex 192.2564240822943 -86.44148539829604 1
endloop
endfacet
facet normal -0.6828636789611471 -0.7305458205722948 0
outer loop
vertex 192.4970810881603 -86.6664349137968 8.5
vertex 192.2564240822943 -86.44148539829604 1
vertex 192.49708108818302 -86.6664349138243 1
endloop
endfacet
facet normal -0.553681045250138 -0.8327288274887059 0
outer loop
vertex 192.25642408230362 -86.44148539829851 8.5
vertex 191.98210586612674 -86.2590913323671 8.5
vertex 191.98210586610932 -86.25909133235922 1
endloop
endfacet
facet normal -0.553681045250138 -0.8327288274887059 0
outer loop
vertex 192.25642408230362 -86.44148539829851 8.5
vertex 191.98210586610932 -86.25909133235922 1
vertex 192.2564240822943 -86.44148539829604 1
endloop
endfacet
facet normal -0.40947731068416715 -0.9123203012291583 0
outer loop
vertex 191.98210586612674 -86.2590913323671 8.5
vertex 191.68156856108334 -86.12420097942456 8.5
vertex 191.68156856109337 -86.124200979429 1
endloop
endfacet
facet normal -0.40947731068416715 -0.9123203012291583 0
outer loop
vertex 191.98210586612674 -86.2590913323671 8.5
vertex 191.68156856109337 -86.124200979429 1
vertex 191.98210586610932 -86.25909133235922 1
endloop
endfacet
facet normal -0.2541504379143761 -0.9671646989566621 0
outer loop
vertex 191.68156856108334 -86.12420097942456 8.5
vertex 191.36296120000384 -86.0404776999992 8.5
vertex 191.3629611999999 -86.04047769999997 1
endloop
endfacet
facet normal -0.2541504379143761 -0.9671646989566621 0
outer loop
vertex 191.68156856108334 -86.12420097942456 8.5
vertex 191.3629611999999 -86.04047769999997 1
vertex 191.68156856109337 -86.124200979429 1
endloop
endfacet
facet normal -0.2513779100942486 -0.9678890154953965 0
outer loop
vertex 178.15303700002158 -83.71121135000237 8.5
vertex 177.8453049671709 -83.63128789385335 8.5
vertex 177.8453049672018 -83.63128789386462 1
endloop
endfacet
facet normal -0.2513779100942486 -0.9678890154953965 0
outer loop
vertex 178.15303700002158 -83.71121135000237 8.5
vertex 177.8453049672018 -83.63128789386462 1
vertex 178.15303699999978 -83.71121134999996 1
endloop
endfacet
facet normal -0.40158072714609083 -0.9158236290819411 0
outer loop
vertex 177.8453049671709 -83.63128789385335 8.5
vertex 177.55412667863564 -83.50360873694368 8.5
vertex 177.5541266786274 -83.50360873693778 1
endloop
endfacet
facet normal -0.40158072714609083 -0.9158236290819411 0
outer loop
vertex 177.8453049671709 -83.63128789385335 8.5
vertex 177.5541266786274 -83.50360873693778 1
vertex 177.8453049672018 -83.63128789386462 1
endloop
endfacet
facet normal -0.5416349202652315 -0.8406138311670087 0
outer loop
vertex 177.55412667863564 -83.50360873694368 8.5
vertex 177.2868607019615 -83.33140054740612 8.5
vertex 177.28686070192765 -83.33140054738371 1
endloop
endfacet
facet normal -0.5416349202652315 -0.8406138311670087 0
outer loop
vertex 177.55412667863564 -83.50360873694368 8.5
vertex 177.28686070192765 -83.33140054738371 1
vertex 177.5541266786274 -83.50360873693778 1
endloop
endfacet
facet normal -0.6680010832003104 -0.7441603005019899 0
outer loop
vertex 177.2868607019615 -83.33140054740612 8.5
vertex 177.05026130017916 -83.11901531727689 8.5
vertex 177.05026130020397 -83.11901531730715 1
endloop
endfacet
facet normal -0.6680010832003104 -0.7441603005019899 0
outer loop
vertex 177.2868607019615 -83.33140054740612 8.5
vertex 177.05026130020397 -83.11901531730715 1
vertex 177.28686070192765 -83.33140054738371 1
endloop
endfacet
facet normal -0.7774857293650334 -0.6289005808820041 0
outer loop
vertex 177.05026130017916 -83.11901531727689 8.5
vertex 176.8503077403709 -82.87182038056906 8.5
vertex 176.85030774035948 -82.87182038055451 1
endloop
endfacet
facet normal -0.7774857293650334 -0.6289005808820041 0
outer loop
vertex 177.05026130017916 -83.11901531727689 8.5
vertex 176.85030774035948 -82.87182038055451 1
vertex 177.05026130020397 -83.11901531730715 1
endloop
endfacet
facet normal -0.8673219966436821 -0.4977474802929864 0
outer loop
vertex 176.8503077403709 -82.87182038056906 8.5
vertex 176.6920531869144 -82.596062771106 8.5
vertex 176.69205318691516 -82.59606277111268 1
endloop
endfacet
facet normal -0.8673219966436821 -0.4977474802929864 0
outer loop
vertex 176.8503077403709 -82.87182038056906 8.5
vertex 176.69205318691516 -82.59606277111268 1
vertex 176.85030774035948 -82.87182038055451 1
endloop
endfacet
facet normal 0 0 1
outer loop
vertex 176.6920531869144 -82.596062771106 8.5
vertex 176.62289220903799 -82.4133587 8.5
vertex 176.5926379057369 -82.33343524386463 8.5
endloop
endfacet
facet normal 0 0 1
outer loop
vertex 176.6920531869144 -82.596062771106 8.5
vertex 176.5926379057369 -82.33343524386463 8.5
vertex 176.57949399998896 -82.29871269996607 8.5
endloop
endfacet
facet normal 0 0 1
outer loop
vertex 176.6920531869144 -82.596062771106 8.5
vertex 176.57949399998896 -82.29871269996607 8.5
vertex 176.57949399999998 -82.29871269999995 1
endloop
endfacet
facet normal 0 0 1
outer loop
vertex 176.6920531869144 -82.596062771106 8.5
vertex 176.57949399999998 -82.29871269999995 1
vertex 176.69205318691516 -82.59606277111268 1
endloop
endfacet
facet normal -0.9352395706748314 -0.3540154593290482 0
outer loop
vertex 175.79517764999304 -79.59453014997987 8.5
vertex 175.6826214630928 -79.29717872890667 8.5
vertex 175.6826214630848 -79.29717872888727 1
endloop
endfacet
facet normal -0.9352395706748314 -0.3540154593290482 0
outer loop
vertex 175.79517764999304 -79.59453014997987 8.5
vertex 175.6826214630848 -79.29717872888727 1
vertex 175.79517764999994 -79.59453014999981 1
endloop
endfacet
facet normal -0.8673219966436978 -0.49774748029295884 0
outer loop
vertex 175.6826214630928 -79.29717872890667 8.5
vertex 175.52436690963924 -79.0214211194487 8.5
vertex 175.5243669096406 -79.02142111944565 1
endloop
endfacet
facet normal -0.8673219966436978 -0.49774748029295884 0
outer loop
vertex 175.6826214630928 -79.29717872890667 8.5
vertex 175.5243669096406 -79.02142111944565 1
vertex 175.6826214630848 -79.29717872888727 1
endloop
endfacet
facet normal -0.7774857293650236 -0.6289005808820162 0
outer loop
vertex 175.52436690963924 -79.0214211194487 8.5
vertex 175.32441334978634 -78.77422618268565 8.5
vertex 175.32441334979606 -78.77422618269291 1
endloop
endfacet
facet normal -0.7774857293650236 -0.6289005808820162 0
outer loop
vertex 175.52436690963924 -79.0214211194487 8.5
vertex 175.32441334979606 -78.77422618269291 1
vertex 175.5243669096406 -79.02142111944565 1
endloop
endfacet
facet normal -0.6680010832003591 -0.7441603005019461 0
outer loop
vertex 175.32441334978634 -78.77422618268565 8.5
vertex 175.08781394804146 -78.56184095259003 8.5
vertex 175.08781394807224 -78.56184095261622 1
endloop
endfacet
facet normal -0.6680010832003591 -0.7441603005019461 0
outer loop
vertex 175.32441334978634 -78.77422618268565 8.5
vertex 175.08781394807224 -78.56184095261622 1
vertex 175.32441334979606 -78.77422618269291 1
endloop
endfacet
facet normal -0.5416349202651992 -0.8406138311670295 0
outer loop
vertex 175.08781394804146 -78.56184095259003 8.5
vertex 174.82054797140222 -78.38963276307496 8.5
vertex 174.8205479713726 -78.38963276306222 1
endloop
endfacet
facet normal -0.5416349202651992 -0.8406138311670295 0
outer loop
vertex 175.08781394804146 -78.56184095259003 8.5
vertex 174.8205479713726 -78.38963276306222 1
vertex 175.08781394807224 -78.56184095261622 1
endloop
endfacet
facet normal -0.4015807271461012 -0.9158236290819366 0
outer loop
vertex 174.82054797140222 -78.38963276307496 8.5
vertex 174.52936968279133 -78.26195360613212 8.5
vertex 174.52936968279823 -78.2619536061354 1
endloop
endfacet
facet normal -0.4015807271461012 -0.9158236290819366 0
outer loop
vertex 174.82054797140222 -78.38963276307496 8.5
vertex 174.52936968279823 -78.2619536061354 1
vertex 174.8205479713726 -78.38963276306222 1
endloop
endfacet
facet normal -0.2513756697903311 -0.9678895973392123 0
outer loop
vertex 174.52936968279133 -78.26195360613212 8.5
vertex 174.2216352999643 -78.18203029998924 8.5
vertex 174.22163530000003 -78.18203030000001 1
endloop
endfacet
facet normal -0.2513756697903311 -0.9678895973392123 0
outer loop
vertex 174.52936968279133 -78.26195360613212 8.5
vertex 174.22163530000003 -78.18203030000001 1
vertex 174.52936968279823 -78.2619536061354 1
endloop
endfacet
facet normal -0.2513779100942519 -0.9678890154953956 0
outer loop
vertex 160.26868809996824 -75.72175019999025 8.5
vertex 159.96095606719626 -75.64182674386169 8.5
vertex 159.9609560672018 -75.64182674386461 1
endloop
endfacet
facet normal -0.2513779100942519 -0.9678890154953956 0
outer loop
vertex 160.26868809996824 -75.72175019999025 8.5
vertex 159.9609560672018 -75.64182674386461 1
vertex 160.26868810000016 -75.72175020000003 1
endloop
endfacet
facet normal -0.4015807271460785 -0.9158236290819466 0
outer loop
vertex 159.96095606719626 -75.64182674386169 8.5
vertex 159.6697777786237 -75.51414758693565 8.5
vertex 159.66977777862735 -75.51414758693775 1
endloop
endfacet
facet normal -0.4015807271460785 -0.9158236290819466 0
outer loop
vertex 159.96095606719626 -75.64182674386169 8.5
vertex 159.66977777862735 -75.51414758693775 1
vertex 159.9609560672018 -75.64182674386461 1
endloop
endfacet
facet normal -0.5416349202652315 -0.8406138311670087 0
outer loop
vertex 159.6697777786237 -75.51414758693565 8.5
vertex 159.40251180192436 -75.34193939738184 8.5
vertex 159.40251180192772 -75.34193939738377 1
endloop
endfacet
facet normal -0.5416349202652315 -0.8406138311670087 0
outer loop
vertex 159.6697777786237 -75.51414758693565 8.5
vertex 159.40251180192772 -75.34193939738377 1
vertex 159.66977777862735 -75.51414758693775 1
endloop
endfacet
facet normal -0.8673219966437136 -0.4977474802929313 0
outer loop
vertex 158.9659588403595 -74.88235923055612 8.5
vertex 158.80770428691412 -74.60660162111245 8.5
vertex 158.80770428691523 -74.60660162111276 1
endloop
endfacet
facet normal -0.8673219966437136 -0.4977474802929313 0
outer loop
vertex 158.9659588403595 -74.88235923055612 8.5
vertex 158.80770428691523 -74.60660162111276 1
vertex 158.96595884035946 -74.88235923055446 1
endloop
endfacet
facet normal 0 0 1
outer loop
vertex 158.80770428691412 -74.60660162111245 8.5
vertex 158.73854235971737 -74.42389254999999 8.5
vertex 158.70828846908736 -74.34396909386464 8.5
endloop
endfacet
facet normal 0 0 1
outer loop
vertex 158.80770428691412 -74.60660162111245 8.5
vertex 158.70828846908736 -74.34396909386464 8.5
vertex 158.69514620000092 -74.30925040000493 8.5
endloop
endfacet
facet normal 0 0 1
outer loop
vertex 158.80770428691412 -74.60660162111245 8.5
vertex 158.69514620000092 -74.30925040000493 8.5
vertex 158.69514620000007 -74.30925040000017 1
endloop
endfacet
facet normal 0 0 1
outer loop
vertex 158.80770428691412 -74.60660162111245 8.5
vertex 158.69514620000007 -74.30925040000017 1
vertex 158.80770428691523 -74.60660162111276 1
endloop
endfacet
facet normal 0 0 1
outer loop
vertex 158.69514620000092 -74.30925040000493 8.5
vertex 158.6681840598162 -74.21628993693773 8.5
vertex 158.61823700496606 -74.04408174738374 8.5
endloop
endfacet
facet normal 0 0 1
outer loop
vertex 158.69514620000092 -74.30925040000493 8.5
vertex 158.61823700496606 -74.04408174738374 8.5
vertex 158.55663704991474 -73.83169651730711 8.5
endloop
endfacet
facet normal 0 0 1
outer loop
vertex 158.69514620000092 -74.30925040000493 8.5
vertex 158.55663704991474 -73.83169651730711 8.5
vertex 158.4849409296742 -73.58450158055425 8.5
endloop
endfacet
facet normal 0 0 1
outer loop
vertex 158.69514620000092 -74.30925040000493 8.5
vertex 158.4849409296742 -73.58450158055425 8.5
vertex 158.40496052642055 -73.30874397111286 8.5
endloop
endfacet
facet normal 0 0 1
outer loop
vertex 158.69514620000092 -74.30925040000493 8.5
vertex 158.40496052642055 -73.30874397111286 8.5
vertex 158.31871781976687 -73.0113951000007 8.5
endloop
endfacet
facet normal 0 0 1
outer loop
vertex 158.69514620000092 -74.30925040000493 8.5
vertex 158.31871781976687 -73.0113951000007 8.5
vertex 157.91082870000238 -71.60506900000989 8.5
endloop
endfacet
facet normal 0 0 1
outer loop
vertex 158.69514620000092 -74.30925040000493 8.5
vertex 157.91082870000238 -71.60506900000989 8.5
vertex 157.91082870000008 -71.60506900000019 1
endloop
endfacet
facet normal 0 0 1
outer loop
vertex 158.69514620000092 -74.30925040000493 8.5
vertex 157.91082870000008 -71.60506900000019 1
vertex 158.69514620000007 -74.30925040000017 1
endloop
endfacet
facet normal -0.9352395706748314 -0.3540154593290482 0
outer loop
vertex 157.91082870000238 -71.60506900000989 8.5
vertex 157.79827251308276 -71.3077175788855 8.5
vertex 157.79827251308473 -71.30771757888706 1
endloop
endfacet
facet normal -0.9352395706748314 -0.3540154593290482 0
outer loop
vertex 157.91082870000238 -71.60506900000989 8.5
vertex 157.79827251308473 -71.30771757888706 1
vertex 157.91082870000008 -71.60506900000019 1
endloop
endfacet
facet normal -0.867321996643682 -0.4977474802929863 0
outer loop
vertex 157.79827251308276 -71.3077175788855 8.5
vertex 157.64001795962423 -71.03195996941892 8.5
vertex 157.64001795964066 -71.0319599694457 1
endloop
endfacet
facet normal -0.867321996643682 -0.4977474802929863 0
outer loop
vertex 157.79827251308276 -71.3077175788855 8.5
vertex 157.64001795964066 -71.0319599694457 1
vertex 157.79827251308473 -71.30771757888706 1
endloop
endfacet
facet normal -0.777485729365014 -0.6289005808820277 5.405506321603126e-13
outer loop
vertex 157.64001795962423 -71.03195996941892 8.5
vertex 157.44006439981297 -70.78476503270737 8.5
vertex 157.44006439979603 -70.78476503269287 1
endloop
endfacet
facet normal -0.777485729365014 -0.6289005808820277 5.405506321603126e-13
outer loop
vertex 157.64001795962423 -71.03195996941892 8.5
vertex 157.44006439979603 -70.78476503269287 1
vertex 157.45637269787335 -70.80492635772706 1
endloop
endfacet
facet normal -0.777485729365014 -0.6289005808820277 5.405506321603126e-13
outer loop
vertex 157.64001795962423 -71.03195996941892 8.5
vertex 157.45637269787335 -70.80492635772706 1
vertex 157.5133266327885 -70.8753363286729 1
endloop
endfacet
facet normal -0.777485729365014 -0.6289005808820277 5.405506321603126e-13
outer loop
vertex 157.64001795962423 -71.03195996941892 8.5
vertex 157.5133266327885 -70.8753363286729 1
vertex 157.5298178469087 -70.89572378581337 1
endloop
endfacet
facet normal -0.777485729365014 -0.6289005808820277 5.405506321603126e-13
outer loop
vertex 157.64001795962423 -71.03195996941892 8.5
vertex 157.5298178469087 -70.89572378581337 1
vertex 157.64001795964066 -71.0319599694457 1
endloop
endfacet
facet normal -0.5416349202652343 -0.840613831167007 -3.4087446845577457e-13
outer loop
vertex 157.20346499808727 -70.57237980262894 8.5
vertex 156.93619902135737 -70.40017161305545 8.5
vertex 156.93619902137263 -70.40017161306224 1
endloop
endfacet
facet normal -0.5416349202652343 -0.840613831167007 -3.4087446845577457e-13
outer loop
vertex 157.20346499808727 -70.57237980262894 8.5
vertex 156.93619902137263 -70.40017161306224 1
vertex 157.1258588583985 -70.52237563457163 1
endloop
endfacet
facet normal -0.5416349202652343 -0.840613831167007 -3.4087446845577457e-13
outer loop
vertex 157.20346499808727 -70.57237980262894 8.5
vertex 157.1258588583985 -70.52237563457163 1
vertex 157.20346499807238 -70.57237980261631 1
endloop
endfacet
facet normal -0.40158072714606247 -0.9158236290819536 1.3202331047953002e-14
outer loop
vertex 156.93619902135737 -70.40017161305545 8.5
vertex 156.6450207327943 -70.27249245613359 8.5
vertex 156.64502073279814 -70.27249245613538 1
endloop
endfacet
facet normal -0.40158072714606247 -0.9158236290819536 1.3202331047953002e-14
outer loop
vertex 156.93619902135737 -70.40017161305545 8.5
vertex 156.64502073279814 -70.27249245613538 1
vertex 156.74737853871605 -70.31737546725707 1
endloop
endfacet
facet normal -0.40158072714606247 -0.9158236290819536 1.3202331047953002e-14
outer loop
vertex 156.93619902135737 -70.40017161305545 8.5
vertex 156.74737853871605 -70.31737546725707 1
vertex 156.93619902137263 -70.40017161306224 1
endloop
endfacet
facet normal -0.251379861737746 -0.9678885086169335 0
outer loop
vertex 156.6450207327943 -70.27249245613359 8.5
vertex 156.33728740000413 -70.19256800000028 8.5
vertex 156.33728739999998 -70.192568 1
endloop
endfacet
facet normal -0.251379861737746 -0.9678885086169335 0
outer loop
vertex 156.6450207327943 -70.27249245613359 8.5
vertex 156.33728739999998 -70.192568 1
vertex 156.64502073279814 -70.27249245613538 1
endloop
endfacet
facet normal -0.09482248632306782 -0.9954941969130265 0
outer loop
vertex 138.313373899991 -67.01445804999803 8.5
vertex 137.996862672202 -66.98430982647128 8.5
vertex 137.9968626722025 -66.98430982647241 1
endloop
endfacet
facet normal -0.09482248632306782 -0.9954941969130265 0
outer loop
vertex 138.313373899991 -67.01445804999803 8.5
vertex 137.9968626722025 -66.98430982647241 1
vertex 138.31337390000007 -67.01445804999999 1
endloop
endfacet
facet normal 0.06413058476499599 -0.9979415153693625 0
outer loop
vertex 137.996862672202 -66.98430982647128 8.5
vertex 137.6795733346288 -67.00469974957286 8.5
vertex 137.6795733346258 -67.00469974957423 1
endloop
endfacet
facet normal 0.06413058476499599 -0.9979415153693625 0
outer loop
vertex 137.996862672202 -66.98430982647128 8.5
vertex 137.6795733346258 -67.00469974957423 1
vertex 137.9968626722025 -66.98430982647241 1
endloop
endfacet
facet normal 0.2214629433427008 -0.9751687878136727 0
outer loop
vertex 137.6795733346288 -67.00469974957286 8.5
vertex 137.36952444503808 -67.0751125237787 8.5
vertex 137.3695244450413 -67.07511252377864 1
endloop
endfacet
facet normal 0.2214629433427008 -0.9751687878136727 0
outer loop
vertex 137.6795733346288 -67.00469974957286 8.5
vertex 137.3695244450413 -67.07511252377864 1
vertex 137.6795733346258 -67.00469974957423 1
endloop
endfacet
facet normal 0.3731984753178486 -0.9277515281692794 0
outer loop
vertex 137.36952444503808 -67.0751125237787 8.5
vertex 137.07455158013818 -67.19376867264864 8.5
vertex 137.07455158012408 -67.19376867265555 1
endloop
endfacet
facet normal 0.3731984753178486 -0.9277515281692794 0
outer loop
vertex 137.36952444503808 -67.0751125237787 8.5
vertex 137.07455158012408 -67.19376867265555 1
vertex 137.3695244450413 -67.07511252377864 1
endloop
endfacet
facet normal 0.5155025099815443 -0.8568880686546686 0
outer loop
vertex 137.07455158013818 -67.19376867264864 8.5
vertex 136.80210931421985 -67.35766950992655 8.5
vertex 136.80210931422607 -67.35766950992127 1
endloop
endfacet
facet normal 0.5155025099815443 -0.8568880686546686 0
outer loop
vertex 137.07455158013818 -67.19376867264864 8.5
vertex 136.80210931422607 -67.35766950992127 1
vertex 137.07455158012408 -67.19376867265555 1
endloop
endfacet
facet normal 0.6447787300681728 -0.7643692754498145 0
outer loop
vertex 136.80210931421985 -67.35766950992655 8.5
vertex 136.55908282686966 -67.56267292243861 8.5
vertex 136.55908282686607 -67.5626729224416 1
endloop
endfacet
facet normal 0.6447787300681728 -0.7643692754498145 0
outer loop
vertex 136.80210931421985 -67.35766950992655 8.5
vertex 136.55908282686607 -67.5626729224416 1
vertex 136.80210931422607 -67.35766950992127 1
endloop
endfacet
facet normal 0.7577635119144495 -0.652529279045071 0
outer loop
vertex 136.55908282686966 -67.56267292243861 8.5
vertex 136.3516177999909 -67.80359610001179 8.5
vertex 136.35161779999964 -67.80359610000048 1
endloop
endfacet
facet normal 0.7577635119144495 -0.652529279045071 0
outer loop
vertex 136.55908282686966 -67.56267292243861 8.5
vertex 136.35161779999964 -67.80359610000048 1
vertex 136.55908282686607 -67.5626729224416 1
endloop
endfacet
facet normal 0 0 -1
outer loop
vertex 136.3516177999909 -67.80359610001179 8.5
vertex 136.04500893339537 -68.2229237499997 8.5
vertex 135.86885070800844 -68.46384311902428 8.5
endloop
endfacet
facet normal 0 0 -1
outer loop
vertex 136.3516177999909 -67.80359610001179 8.5
vertex 135.86885070800844 -68.46384311902428 8.5
vertex 135.71895769736588 -68.66884137820792 8.5
endloop
endfacet
facet normal 0 0 -1
outer loop
vertex 136.3516177999909 -67.80359610001179 8.5
vertex 135.71895769736588 -68.66884137820792 8.5
vertex 135.5991179038394 -68.83273793981903 8.5
endloop
endfacet
facet normal 0 0 -1
outer loop
vertex 136.3516177999909 -67.80359610001179 8.5
vertex 135.5991179038394 -68.83273793981903 8.5
vertex 135.51235984370376 -68.95139091250746 8.5
endloop
endfacet
facet normal 0 0 -1
outer loop
vertex 136.3516177999909 -67.80359610001179 8.5
vertex 135.51235984370376 -68.95139091250746 8.5
vertex 135.4608760123676 -69.02180177259211 8.5
endloop
endfacet
facet normal 0 0 -1
outer loop
vertex 136.3516177999909 -67.80359610001179 8.5
vertex 135.4608760123676 -69.02180177259211 8.5
vertex 135.4459674770013 -69.04219114087532 8.5
endloop
endfacet
facet normal 0 0 -1
outer loop
vertex 136.3516177999909 -67.80359610001179 8.5
vertex 135.4459674770013 -69.04219114087532 8.5
vertex 134.68972349999453 -70.07645350000689 8.5
endloop
endfacet
facet normal 0 0 -1
outer loop
vertex 136.3516177999909 -67.80359610001179 8.5
vertex 134.68972349999453 -70.07645350000689 8.5
vertex 134.68972349999984 -70.07645350000023 1
endloop
endfacet
facet normal 0 0 -1
outer loop
vertex 136.3516177999909 -67.80359610001179 8.5
vertex 134.68972349999984 -70.07645350000023 1
vertex 136.35161779999964 -67.80359610000048 1
endloop
endfacet
facet normal 0.7577531025798142 -0.6525413669114515 0
outer loop
vertex 134.68972349999453 -70.07645350000689 8.5
vertex 134.4822528221534 -70.3173754672571 8.5
vertex 134.48225282215301 -70.31737546725707 1
endloop
endfacet
facet normal 0.7577531025798142 -0.6525413669114515 0
outer loop
vertex 134.68972349999453 -70.07645350000689 8.5
vertex 134.48225282215301 -70.31737546725707 1
vertex 134.68972349999984 -70.07645350000023 1
endloop
endfacet
facet normal 0.6447710625169261 -0.7643757432969693 0
outer loop
vertex 134.4822528221534 -70.3173754672571 8.5
vertex 134.23922523550783 -70.52237563456555 8.5
vertex 134.2392252355002 -70.52237563457163 1
endloop
endfacet
facet normal 0.6447710625169261 -0.7643757432969693 0
outer loop
vertex 134.4822528221534 -70.3173754672571 8.5
vertex 134.2392252355002 -70.52237563457163 1
vertex 134.48225282215301 -70.31737546725707 1
endloop
endfacet
facet normal 0.5154944525507299 -0.8568929159407396 0
outer loop
vertex 134.23922523550783 -70.52237563456555 8.5
vertex 133.96678250139868 -70.6862732645475 8.5
vertex 133.9667825014034 -70.68627326454617 1
endloop
endfacet
facet normal 0.5154944525507299 -0.8568929159407396 0
outer loop
vertex 134.23922523550783 -70.52237563456555 8.5
vertex 133.9667825014034 -70.68627326454617 1
vertex 134.2392252355002 -70.52237563457163 1
endloop
endfacet
facet normal 0.22145499866280702 -0.9751705920336484 0
outer loop
vertex 133.67180975698133 -70.80492635772639 8.5
vertex 133.36176151482124 -70.87533632867289 8.5
vertex 133.3617615148239 -70.8753363286729 1
endloop
endfacet
facet normal 0.22145499866280702 -0.9751705920336484 0
outer loop
vertex 133.67180975698133 -70.80492635772639 8.5
vertex 133.3617615148239 -70.8753363286729 1
vertex 133.6718097569811 -70.80492635772706 1
endloop
endfacet
facet normal 0.06412308133542408 -0.9979419975329482 0
outer loop
vertex 133.36176151482124 -70.87533632867289 8.5
vertex 133.04447327353 -70.89572378581308 8.5
vertex 133.04447327352813 -70.89572378581337 1
endloop
endfacet
facet normal 0.06412308133542408 -0.9979419975329482 0
outer loop
vertex 133.36176151482124 -70.87533632867289 8.5
vertex 133.04447327352813 -70.89572378581337 1
vertex 133.3617615148239 -70.8753363286729 1
endloop
endfacet
facet normal -0.09481947590685989 -0.9954944836556096 0
outer loop
vertex 133.04447327353 -70.89572378581308 8.5
vertex 132.7279670000267 -70.86557700000205 8.5
vertex 132.72796699999995 -70.865577 1
endloop
endfacet
facet normal -0.09481947590685989 -0.9954944836556096 0
outer loop
vertex 133.04447327353 -70.89572378581308 8.5
vertex 132.72796699999995 -70.865577 1
vertex 133.04447327352813 -70.89572378581337 1
endloop
endfacet
facet normal -0.08502927749492524 -0.9963784531836741 0
outer loop
vertex 81.81380820000551 -63.50835014999975 8.5
vertex 81.46694615175788 -63.478749520581616 8.5
vertex 81.46694615175079 -63.47874952058173 1
endloop
endfacet
facet normal -0.08502927749492524 -0.9963784531836741 0
outer loop
vertex 81.81380820000551 -63.50835014999975 8.5
vertex 81.46694615175079 -63.47874952058173 1
vertex 81.81380820000014 -63.50835015000001 1
endloop
endfacet
facet normal 0.08903176690600392 -0.9960287869743499 0
outer loop
vertex 81.46694615175788 -63.478749520581616 8.5
vertex 81.12020583027804 -63.509743507786226 8.5
vertex 81.12020583027834 -63.50974350778568 1
endloop
endfacet
facet normal 0.08903176690600392 -0.9960287869743499 0
outer loop
vertex 81.46694615175788 -63.478749520581616 8.5
vertex 81.12020583027834 -63.50974350778568 1
vertex 81.46694615175079 -63.47874952058173 1
endloop
endfacet
facet normal 0.2603953829726889 -0.9655020686288076 0
outer loop
vertex 81.12020583027804 -63.509743507786226 8.5
vertex 80.78409255520587 -63.60039307533083 8.5
vertex 80.78409255520364 -63.60039307533096 1
endloop
endfacet
facet normal 0.2603953829726889 -0.9655020686288076 0
outer loop
vertex 81.12020583027804 -63.509743507786226 8.5
vertex 80.78409255520364 -63.60039307533096 1
vertex 81.12020583027834 -63.50974350778568 1
endloop
endfacet
facet normal 0.42386970391984685 -0.9057231774106819 0
outer loop
vertex 80.78409255520587 -63.60039307533083 8.5
vertex 80.46878967459088 -63.747951779783364 8.5
vertex 80.4687896745968 -63.747951779779676 1
endloop
endfacet
facet normal 0.42386970391984685 -0.9057231774106819 0
outer loop
vertex 80.78409255520587 -63.60039307533083 8.5
vertex 80.4687896745968 -63.747951779779676 1
vertex 80.78409255520364 -63.60039307533096 1
endloop
endfacet
facet normal 0.5745018878510282 -0.8185032564722053 0
outer loop
vertex 80.46878967459088 -63.747951779783364 8.5
vertex 80.18385003632007 -63.94794898054677 8.5
vertex 80.18385003631839 -63.947948980548425 1
endloop
endfacet
facet normal 0.5745018878510282 -0.8185032564722053 0
outer loop
vertex 80.46878967459088 -63.747951779783364 8.5
vertex 80.18385003631839 -63.947948980548425 1
vertex 80.4687896745968 -63.747951779779676 1
endloop
endfacet
facet normal 0.7077281758395074 -0.7064848399809321 0
outer loop
vertex 80.18385003632007 -63.94794898054677 8.5
vertex 79.9379065618585 -64.19432528855788 8.5
vertex 79.9379065618586 -64.19432528855775 1
endloop
endfacet
facet normal 0.7077281758395074 -0.7064848399809321 0
outer loop
vertex 80.18385003632007 -63.94794898054677 8.5
vertex 79.9379065618586 -64.19432528855775 1
vertex 80.18385003631839 -63.947948980548425 1
endloop
endfacet
facet normal 0.8195121618183597 -0.573061791285895 0
outer loop
vertex 79.9379065618585 -64.19432528855788 8.5
vertex 79.73841069152387 -64.47961614978405 8.5
vertex 79.73841069152564 -64.47961614978152 1
endloop
endfacet
facet normal 0.8195121618183597 -0.573061791285895 0
outer loop
vertex 79.9379065618585 -64.19432528855788 8.5
vertex 79.73841069152564 -64.47961614978152 1
vertex 79.9379065618586 -64.19432528855775 1
endloop
endfacet
facet normal 0.906467085066437 -0.42227647778577126 0
outer loop
vertex 79.73841069152387 -64.47961614978405 8.5
vertex 79.5914066254071 -64.7951780015938 8.5
vertex 79.59140662540591 -64.79517800159765 1
endloop
endfacet
facet normal 0.906467085066437 -0.42227647778577126 0
outer loop
vertex 79.73841069152387 -64.47961614978405 8.5
vertex 79.59140662540591 -64.79517800159765 1
vertex 79.73841069152564 -64.47961614978152 1
endloop
endfacet
facet normal 0.9659571768933373 -0.25870201469693666 0
outer loop
vertex 79.5914066254071 -64.7951780015938 8.5
vertex 79.50134640000081 -65.13145029999761 8.5
vertex 79.50134639999995 -65.13145030000024 1
endloop
endfacet
facet normal 0.9659571768933373 -0.25870201469693666 0
outer loop
vertex 79.5914066254071 -64.7951780015938 8.5
vertex 79.50134639999995 -65.13145030000024 1
vertex 79.59140662540591 -64.79517800159765 1
endloop
endfacet
facet normal 0.1736480004345257 0.9848077842630464 -6.646447266062118e-14
outer loop
vertex 71.04168590002868 -124.62610990000441 8.5
vertex 107.03392545000341 -130.9725061500001 8.5
vertex 107.03392545000005 -130.97250615000002 1
endloop
endfacet
facet normal 0.1736480004345257 0.9848077842630464 -6.646447266062118e-14
outer loop
vertex 71.04168590002868 -124.62610990000441 8.5
vertex 107.03392545000005 -130.97250615000002 1
vertex 89.66855311702868 -127.91052569999984 1
endloop
endfacet
facet normal 0.1736480004345257 0.9848077842630464 -6.646447266062118e-14
outer loop
vertex 71.04168590002868 -124.62610990000441 8.5
vertex 89.66855311702868 -127.91052569999984 1
vertex 88.30221530628077 -127.66960373274304 1
endloop
endfacet
facet normal 0.1736480004345257 0.9848077842630464 -6.646447266062118e-14
outer loop
vertex 71.04168590002868 -124.62610990000441 8.5
vertex 88.30221530628077 -127.66960373274304 1
vertex 87.13960036086429 -127.46460356542822 1
endloop
endfacet
facet normal 0.1736480004345257 0.9848077842630464 -6.646447266062118e-14
outer loop
vertex 71.04168590002868 -124.62610990000441 8.5
vertex 87.13960036086429 -127.46460356542822 1
vertex 86.21008973351964 -127.30070593545383 1
endloop
endfacet
facet normal 0.1736480004345257 0.9848077842630464 -6.646447266062118e-14
outer loop
vertex 71.04168590002868 -124.62610990000441 8.5
vertex 86.21008973351964 -127.30070593545383 1
vertex 85.5371738951622 -127.18205284227288 1
endloop
endfacet
facet normal 0.1736480004345257 0.9848077842630464 -6.646447266062118e-14
outer loop
vertex 71.04168590002868 -124.62610990000441 8.5
vertex 85.5371738951622 -127.18205284227288 1
vertex 85.13785868678879 -127.1116428713271 1
endloop
endfacet
facet normal 0.1736480004345257 0.9848077842630464 -6.646447266062118e-14
outer loop
vertex 71.04168590002868 -124.62610990000441 8.5
vertex 85.13785868678879 -127.1116428713271 1
vertex 85.0222355500809 -127.0912554141866 1
endloop
endfacet
facet normal 0.1736480004345257 0.9848077842630464 -6.646447266062118e-14
outer loop
vertex 71.04168590002868 -124.62610990000441 8.5
vertex 85.0222355500809 -127.0912554141866 1
vertex 81.78080809878743 -126.51970489999984 1
endloop
endfacet
facet normal 0.1736480004345257 0.9848077842630464 -6.646447266062118e-14
outer loop
vertex 71.04168590002868 -124.62610990000441 8.5
vertex 81.78080809878743 -126.51970489999984 1
vertex 80.4144671003833 -126.27878237067384 1
endloop
endfacet
facet normal 0.1736480004345257 0.9848077842630464 -6.646447266062118e-14
outer loop
vertex 71.04168590002868 -124.62610990000441 8.5
vertex 80.4144671003833 -126.27878237067384 1
vertex 79.25184457204386 -126.07378086628651 1
endloop
endfacet
facet normal 0.1736480004345257 0.9848077842630464 -6.646447266062118e-14
outer loop
vertex 71.04168590002868 -124.62610990000441 8.5
vertex 79.25184457204386 -126.07378086628651 1
vertex 78.32232181424749 -125.90988109738845 1
endloop
endfacet
facet normal 0.1736480004345257 0.9848077842630464 -6.646447266062118e-14
outer loop
vertex 71.04168590002868 -124.62610990000441 8.5
vertex 78.32232181424749 -125.90988109738845 1
vertex 77.64938932952427 -125.79122506900717 1
endloop
endfacet
facet normal 0.1736480004345257 0.9848077842630464 -6.646447266062118e-14
outer loop
vertex 71.04168590002868 -124.62610990000441 8.5
vertex 77.64938932952427 -125.79122506900717 1
vertex 77.25005318050759 -125.72081140566488 1
endloop
endfacet
facet normal 0.1736480004345257 0.9848077842630464 -6.646447266062118e-14
outer loop
vertex 71.04168590002868 -124.62610990000441 8.5
vertex 77.25005318050759 -125.72081140566488 1
vertex 77.13440521996789 -125.70041957141767 1
endloop
endfacet
facet normal 0.1736480004345257 0.9848077842630464 -6.646447266062118e-14
outer loop
vertex 71.04168590002868 -124.62610990000441 8.5
vertex 77.13440521996789 -125.70041957141767 1
vertex 71.04168590000012 -124.62610990000002 1
endloop
endfacet
facet normal -0.3731903342484762 0.9277548029643988 0
outer loop
vertex 111.38051689860808 -127.3007059354485 8.5
vertex 111.67548964301933 -127.18205284227206 8.5
vertex 111.675489643019 -127.18205284227288 1
endloop
endfacet
facet normal -0.3731903342484762 0.9277548029643988 0
outer loop
vertex 111.38051689860808 -127.3007059354485 8.5
vertex 111.675489643019 -127.18205284227288 1
vertex 111.3805168985966 -127.30070593545383 1
endloop
endfacet
facet normal 0 0 -1
outer loop
vertex 112.6193318000071 -127.12140140000137 8.5
vertex 122.96030464423255 -128.94478805912465 8.5
vertex 123.13125373908304 -128.97493089999998 8.5
endloop
endfacet
facet normal 0 0 -1
outer loop
vertex 112.6193318000071 -127.12140140000137 8.5
vertex 123.13125373908304 -128.97493089999998 8.5
vertex 126.57228384998767 -129.58167539999823 8.5
endloop
endfacet
facet normal 0 0 -1
outer loop
vertex 112.6193318000071 -127.12140140000137 8.5
vertex 126.57228384998767 -129.58167539999823 8.5
vertex 126.57228385000029 -129.58167540000002 1
endloop
endfacet
facet normal 0 0 -1
outer loop
vertex 112.6193318000071 -127.12140140000137 8.5
vertex 126.57228385000029 -129.58167540000002 1
vertex 112.61933179999983 -127.12140139999997 1
endloop
endfacet
facet normal 0 0 1
outer loop
vertex 128.53402770000008 -128.7925508000002 8.5
vertex 128.84063196921434 -128.37323465000003 8.5
vertex 129.01679659504683 -128.13230952244183 8.5
endloop
endfacet
facet normal 0 0 1
outer loop
vertex 128.53402770000008 -128.7925508000002 8.5
vertex 129.01679659504683 -128.13230952244183 8.5
vertex 129.1666952371152 -127.92730610992106 8.5
endloop
endfacet
facet normal 0 0 1
outer loop
vertex 128.53402770000008 -128.7925508000002 8.5
vertex 129.1666952371152 -127.92730610992106 8.5
vertex 129.28653964671724 -127.76340527265562 8.5
endloop
endfacet
facet normal 0 0 1
outer loop
vertex 128.53402770000008 -128.7925508000002 8.5
vertex 129.28653964671724 -127.76340527265562 8.5
vertex 129.3733011077632 -127.64474912377867 8.5
endloop
endfacet
facet normal 0 0 1
outer loop
vertex 128.53402770000008 -128.7925508000002 8.5
vertex 129.3733011077632 -127.64474912377867 8.5
vertex 129.42478697869444 -127.57433634957425 8.5
endloop
endfacet
facet normal 0 0 1
outer loop
vertex 128.53402770000008 -128.7925508000002 8.5
vertex 129.42478697869444 -127.57433634957425 8.5
vertex 129.43969610507074 -127.55394642647242 8.5
endloop
endfacet
facet normal 0 0 1
outer loop
vertex 128.53402770000008 -128.7925508000002 8.5
vertex 129.43969610507074 -127.55394642647242 8.5
vertex 130.19593425000159 -126.51970489999812 8.5
endloop
endfacet
facet normal 0 0 1
outer loop
vertex 128.53402770000008 -128.7925508000002 8.5
vertex 130.19593425000159 -126.51970489999812 8.5
vertex 130.1959342500001 -126.51970489999984 1
endloop
endfacet
facet normal 0 0 1
outer loop
vertex 128.53402770000008 -128.7925508000002 8.5
vertex 130.1959342500001 -126.51970489999984 1
vertex 129.77801610465517 -127.0912554141866 1
endloop
endfacet
facet normal 0 0 1
outer loop
vertex 128.53402770000008 -128.7925508000002 8.5
vertex 129.77801610465517 -127.0912554141866 1
vertex 129.75597333823646 -127.12140139999997 1
endloop
endfacet
facet normal 0 0 1
outer loop
vertex 128.53402770000008 -128.7925508000002 8.5
vertex 129.75597333823646 -127.12140139999997 1
vertex 128.53402769999965 -128.79255080000044 1
endloop
endfacet
facet normal 0.17364820261477093 0.9848077486132303 0
outer loop
vertex 132.15767850000734 -125.7305698000015 8.5
vertex 142.0396519499911 -127.47302859999871 8.5
vertex 142.03965194999998 -127.4730286 1
endloop
endfacet
facet normal 0.17364820261477093 0.9848077486132303 0
outer loop
vertex 132.15767850000734 -125.7305698000015 8.5
vertex 142.03965194999998 -127.4730286 1
vertex 132.15767850000017 -125.73056980000003 1
endloop
endfacet
facet normal 0.7774857293650557 0.6289005808819764 0
outer loop
vertex 143.14242764979102 -128.0652246326895 8.5
vertex 143.34238120965605 -128.3124195694676 8.5
vertex 143.34238120964056 -128.31241956944555 1
endloop
endfacet
facet normal 0.7774857293650557 0.6289005808819764 0
outer loop
vertex 143.14242764979102 -128.0652246326895 8.5
vertex 143.34238120964056 -128.31241956944555 1
vertex 143.14242764979613 -128.06522463269297 1
endloop
endfacet
facet normal 0 0 1
outer loop
vertex 143.6131938999883 -128.88552719996807 8.5
vertex 143.64015492435053 -128.97848386306225 8.5
vertex 143.69010195385223 -129.15069205261636 8.5
endloop
endfacet
facet normal 0 0 1
outer loop
vertex 143.6131938999883 -128.88552719996807 8.5
vertex 143.69010195385223 -129.15069205261636 8.5
vertex 143.7517018776411 -129.3630772826928 8.5
endloop
endfacet
facet normal 0 0 1
outer loop
vertex 143.6131938999883 -128.88552719996807 8.5
vertex 143.7517018776411 -129.3630772826928 8.5
vertex 143.82339796149537 -129.6102722194457 8.5
endloop
endfacet
facet normal 0 0 1
outer loop
vertex 143.6131938999883 -128.88552719996807 8.5
vertex 143.82339796149537 -129.6102722194457 8.5
vertex 143.9033783241585 -129.88602982888716 8.5
endloop
endfacet
facet normal 0 0 1
outer loop
vertex 143.6131938999883 -128.88552719996807 8.5
vertex 143.9033783241585 -129.88602982888716 8.5
vertex 143.98962208919036 -130.18338249999977 8.5
endloop
endfacet
facet normal 0 0 1
outer loop
vertex 143.6131938999883 -128.88552719996807 8.5
vertex 143.98962208919036 -130.18338249999977 8.5
vertex 144.39751134999344 -131.5897097999859 8.5
endloop
endfacet
facet normal 0 0 1
outer loop
vertex 143.6131938999883 -128.88552719996807 8.5
vertex 144.39751134999344 -131.5897097999859 8.5
vertex 144.39751134999997 -131.58970979999998 1
endloop
endfacet
facet normal 0 0 1
outer loop
vertex 143.6131938999883 -128.88552719996807 8.5
vertex 144.39751134999997 -131.58970979999998 1
vertex 143.61319390000003 -128.88552720000007 1
endloop
endfacet
facet normal 0 0 1
outer loop
vertex 156.1528896606974 -135.63740333498086 8.5
vertex 156.23135213764235 -135.83764259999992 8.5
vertex 156.2623425301841 -135.91673127610127 8.5
endloop
endfacet
facet normal 0 0 1
outer loop
vertex 156.1528896606974 -135.63740333498086 8.5
vertex 156.2623425301841 -135.91673127610127 8.5
vertex 156.2675887614434 -135.93011986045883 8.5
endloop
endfacet
facet normal 0 0 1
outer loop
vertex 156.1528896606974 -135.63740333498086 8.5
vertex 156.2675887614434 -135.93011986045883 8.5
vertex 156.26758876144217 -135.93011986045263 1
endloop
endfacet
facet normal 0 0 1
outer loop
vertex 156.1528896606974 -135.63740333498086 8.5
vertex 156.26758876144217 -135.93011986045263 1
vertex 156.15288966070509 -135.6374033349974 1
endloop
endfacet
facet normal 0 0 1
outer loop
vertex 156.33500005612726 -136.23719406213252 8.5
vertex 156.34589550054457 -136.42245320848963 8.5
vertex 156.35345783108028 -136.55103822492816 8.5
endloop
endfacet
facet normal 0 0 1
outer loop
vertex 156.33500005612726 -136.23719406213252 8.5
vertex 156.35345783108028 -136.55103822492816 8.5
vertex 156.35345783107968 -136.5510382249339 1
endloop
endfacet
facet normal 0 0 1
outer loop
vertex 156.33500005612726 -136.23719406213252 8.5
vertex 156.35345783107968 -136.5510382249339 1
vertex 156.33500005612595 -136.23719406212595 1
endloop
endfacet
facet normal 0 0 1
outer loop
vertex 156.35345783108028 -136.55103822492816 8.5
vertex 156.34203073564 -136.66652667007696 8.5
vertex 156.3225019999995 -136.8638947000054 8.5
endloop
endfacet
facet normal 0 0 1
outer loop
vertex 156.35345783108028 -136.55103822492816 8.5
vertex 156.3225019999995 -136.8638947000054 8.5
vertex 156.32250200000001 -136.8638946999997 1
endloop
endfacet
facet normal 0 0 1
outer loop
vertex 156.35345783108028 -136.55103822492816 8.5
vertex 156.32250200000001 -136.8638946999997 1
vertex 156.35345783107968 -136.5510382249339 1
endloop
endfacet
facet normal 0 0 -1
outer loop
vertex 156.3225019999995 -136.8638947000054 8.5
vertex 156.30905114914262 -136.93896881011872 8.5
vertex 156.2563695043602 -137.23300430597135 8.5
endloop
endfacet
facet normal 0 0 -1
outer loop
vertex 156.3225019999995 -136.8638947000054 8.5
vertex 156.2563695043602 -137.23300430597135 8.5
vertex 156.20112916096522 -137.54132083307118 8.5
endloop
endfacet
facet normal 0 0 -1
outer loop
vertex 156.3225019999995 -136.8638947000054 8.5
vertex 156.20112916096522 -137.54132083307118 8.5
vertex 156.14470388275686 -137.85625091403492 8.5
endloop
endfacet
facet normal 0 0 -1
outer loop
vertex 156.3225019999995 -136.8638947000054 8.5
vertex 156.14470388275686 -137.85625091403492 8.5
vertex 156.08849643566455 -138.16996520000038 8.5
endloop
endfacet
facet normal 0 0 -1
outer loop
vertex 156.3225019999995 -136.8638947000054 8.5
vertex 156.08849643566455 -138.16996520000038 8.5
vertex 152.32703860000277 -159.1640348499877 8.5
endloop
endfacet
facet normal 0 0 -1
outer loop
vertex 156.3225019999995 -136.8638947000054 8.5
vertex 152.32703860000277 -159.1640348499877 8.5
vertex 152.32703860000007 -159.16403484999975 1
endloop
endfacet
facet normal 0 0 -1
outer loop
vertex 156.3225019999995 -136.8638947000054 8.5
vertex 152.32703860000007 -159.16403484999975 1
vertex 153.92263310460342 -150.25843930000033 1
endloop
endfacet
facet normal 0 0 -1
outer loop
vertex 156.3225019999995 -136.8638947000054 8.5
vertex 153.92263310460342 -150.25843930000033 1
vertex 153.92865775241503 -150.22481354070567 1
endloop
endfacet
facet normal 0 0 -1
outer loop
vertex 156.3225019999995 -136.8638947000054 8.5
vertex 153.92865775241503 -150.22481354070567 1
vertex 153.9465001720151 -150.12522848189474 1
endloop
endfacet
facet normal 0 0 -1
outer loop
vertex 156.3225019999995 -136.8638947000054 8.5
vertex 153.9465001720151 -150.12522848189474 1
vertex 153.97547468921937 -149.96351112152942 1
endloop
endfacet
facet normal 0 0 -1
outer loop
vertex 156.3225019999995 -136.8638947000054 8.5
vertex 153.97547468921937 -149.96351112152942 1
vertex 154.01446782958953 -149.7458761670766 1
endloop
endfacet
facet normal 0 0 -1
outer loop
vertex 156.3225019999995 -136.8638947000054 8.5
vertex 154.01446782958953 -149.7458761670766 1
vertex 154.06198110859512 -149.4806872077842 1
endloop
endfacet
facet normal 0 0 -1
outer loop
vertex 156.3225019999995 -136.8638947000054 8.5
vertex 154.06198110859512 -149.4806872077842 1
vertex 154.1161886175913 -149.17813530663886 1
endloop
endfacet
facet normal 0 0 -1
outer loop
vertex 156.3225019999995 -136.8638947000054 8.5
vertex 154.1161886175913 -149.17813530663886 1
vertex 154.17500719238217 -148.8498473635284 1
endloop
endfacet
facet normal 0 0 -1
outer loop
vertex 156.3225019999995 -136.8638947000054 8.5
vertex 154.17500719238217 -148.8498473635284 1
vertex 154.23617646814122 -148.5084392999998 1
endloop
endfacet
facet normal 0 0 -1
outer loop
vertex 156.3225019999995 -136.8638947000054 8.5
vertex 154.23617646814122 -148.5084392999998 1
vertex 154.29734574390017 -148.16703123647181 1
endloop
endfacet
facet normal 0 0 -1
outer loop
vertex 156.3225019999995 -136.8638947000054 8.5
vertex 154.29734574390017 -148.16703123647181 1
vertex 154.3561643186966 -147.83874329336118 1
endloop
endfacet
facet normal 0 0 -1
outer loop
vertex 156.3225019999995 -136.8638947000054 8.5
vertex 154.3561643186966 -147.83874329336118 1
vertex 154.41037182768542 -147.53619139221564 1
endloop
endfacet
facet normal 0 0 -1
outer loop
vertex 156.3225019999995 -136.8638947000054 8.5
vertex 154.41037182768542 -147.53619139221564 1
vertex 154.45788510669072 -147.27100243292352 1
endloop
endfacet
facet normal 0 0 -1
outer loop
vertex 156.3225019999995 -136.8638947000054 8.5
vertex 154.45788510669072 -147.27100243292352 1
vertex 154.49687824706433 -147.05336747847048 1
endloop
endfacet
facet normal 0 0 -1
outer loop
vertex 156.3225019999995 -136.8638947000054 8.5
vertex 154.49687824706433 -147.05336747847048 1
vertex 154.5258527642692 -146.8916501181053 1
endloop
endfacet
facet normal 0 0 -1
outer loop
vertex 156.3225019999995 -136.8638947000054 8.5
vertex 154.5258527642692 -146.8916501181053 1
vertex 154.5436951838673 -146.79206505929432 1
endloop
endfacet
facet normal 0 0 -1
outer loop
vertex 156.3225019999995 -136.8638947000054 8.5
vertex 154.5436951838673 -146.79206505929432 1
vertex 154.5497198316794 -146.7584393 1
endloop
endfacet
facet normal 0 0 -1
outer loop
vertex 156.3225019999995 -136.8638947000054 8.5
vertex 154.5497198316794 -146.7584393 1
vertex 154.95223883778814 -144.51183374999997 1
endloop
endfacet
facet normal 0 0 -1
outer loop
vertex 156.3225019999995 -136.8638947000054 8.5
vertex 154.95223883778814 -144.51183374999997 1
vertex 154.99459144294514 -144.27544839587097 1
endloop
endfacet
facet normal 0 0 -1
outer loop
vertex 156.3225019999995 -136.8638947000054 8.5
vertex 154.99459144294514 -144.27544839587097 1
vertex 155.04101611902834 -144.01633532701553 1
endloop
endfacet
facet normal 0 0 -1
outer loop
vertex 156.3225019999995 -136.8638947000054 8.5
vertex 155.04101611902834 -144.01633532701553 1
vertex 155.0905171282365 -143.7400521196887 1
endloop
endfacet
facet normal 0 0 -1
outer loop
vertex 156.3225019999995 -136.8638947000054 8.5
vertex 155.0905171282365 -143.7400521196887 1
vertex 155.14203275016075 -143.45252462317222 1
endloop
endfacet
facet normal 0 0 -1
outer loop
vertex 156.3225019999995 -136.8638947000054 8.5
vertex 155.14203275016075 -143.45252462317222 1
vertex 155.19445805405215 -143.1599198594334 1
endloop
endfacet
facet normal 0 0 -1
outer loop
vertex 156.3225019999995 -136.8638947000054 8.5
vertex 155.19445805405215 -143.1599198594334 1
vertex 155.2466679260063 -142.8685174999996 1
endloop
endfacet
facet normal 0 0 -1
outer loop
vertex 156.3225019999995 -136.8638947000054 8.5
vertex 155.2466679260063 -142.8685174999996 1
vertex 156.1037869242483 -138.0846234 1
endloop
endfacet
facet normal 0 0 -1
outer loop
vertex 156.3225019999995 -136.8638947000054 8.5
vertex 156.1037869242483 -138.0846234 1
vertex 156.32250200000001 -136.8638946999997 1
endloop
endfacet
facet normal 0.8878863389489522 0.4600628751679777 0
outer loop
vertex 169.8752241000096 -169.41479210001734 8.5
vertex 170.00576032509306 -169.6667170808088 8.5
vertex 170.00576032511037 -169.66671708084345 1
endloop
endfacet
facet normal 0.8878863389489522 0.4600628751679777 0
outer loop
vertex 169.8752241000096 -169.41479210001734 8.5
vertex 170.00576032511037 -169.66671708084345 1
vertex 169.8752240999999 -169.41479209999983 1
endloop
endfacet
facet normal 0.813847624271193 0.5810783462392444 0
outer loop
vertex 170.00576032509306 -169.6667170808088 8.5
vertex 170.17063294994762 -169.8976346410891 8.5
vertex 170.1706329499308 -169.89763464107588 1
endloop
endfacet
facet normal 0.813847624271193 0.5810783462392444 0
outer loop
vertex 170.00576032509306 -169.6667170808088 8.5
vertex 170.1706329499308 -169.89763464107588 1
vertex 170.00576032511037 -169.66671708084345 1
endloop
endfacet
facet normal -0.5372976843478324 0.8433926715323397 0
outer loop
vertex 187.96798759220894 -177.85957067648602 8.5
vertex 188.23267575397904 -177.69094656912333 8.5
vertex 188.23267575397574 -177.6909465691259 1
endloop
endfacet
facet normal -0.5372976843478324 0.8433926715323397 0
outer loop
vertex 187.96798759220894 -177.85957067648602 8.5
vertex 188.23267575397574 -177.6909465691259 1
vertex 187.96798759219544 -177.85957067649505 1
endloop
endfacet
facet normal -0.7616331761109352 -0.6480084143336173 -1.6500355001932743e-13
outer loop
vertex 196.2169877000151 -159.08273780001983 8.5
vertex 183.81985384996815 -144.5118337499645 8.5
vertex 183.81985384999996 -144.51183374999997 1
endloop
endfacet
facet normal -0.7616331761109352 -0.6480084143336173 -1.6500355001932743e-13
outer loop
vertex 196.2169877000151 -159.08273780001983 8.5
vertex 183.81985384999996 -144.51183374999997 1
vertex 185.73129802778996 -146.7584393 1
endloop
endfacet
facet normal -0.7616331761109352 -0.6480084143336173 -1.6500355001932743e-13
outer loop
vertex 196.2169877000151 -159.08273780001983 8.5
vertex 185.73129802778996 -146.7584393 1
vertex 185.75990730538658 -146.79206505929432 1
endloop
endfacet
facet normal -0.7616331761109352 -0.6480084143336173 -1.6500355001932743e-13
outer loop
vertex 196.2169877000151 -159.08273780001983 8.5
vertex 185.75990730538658 -146.79206505929432 1
vertex 185.84463569967585 -146.8916501181053 1
endloop
endfacet
facet normal -0.7616331761109352 -0.6480084143336173 -1.6500355001932743e-13
outer loop
vertex 196.2169877000151 -159.08273780001983 8.5
vertex 185.84463569967585 -146.8916501181053 1
vertex 185.9822271459802 -147.05336747847048 1
endloop
endfacet
facet normal -0.7616331761109352 -0.6480084143336173 -1.6500355001932743e-13
outer loop
vertex 196.2169877000151 -159.08273780001983 8.5
vertex 185.9822271459802 -147.05336747847048 1
vertex 186.16739408222352 -147.27100243292352 1
endloop
endfacet
facet normal -0.7616331761109352 -0.6480084143336173 -1.6500355001932743e-13
outer loop
vertex 196.2169877000151 -159.08273780001983 8.5
vertex 186.16739408222352 -147.27100243292352 1
vertex 186.3930206467934 -147.53619139221564 1
endloop
endfacet
facet normal -0.7616331761109352 -0.6480084143336173 -1.6500355001932743e-13
outer loop
vertex 196.2169877000151 -159.08273780001983 8.5
vertex 186.3930206467934 -147.53619139221564 1
vertex 186.65043613743282 -147.83874329336118 1
endloop
endfacet
facet normal -0.7616331761109352 -0.6480084143336173 -1.6500355001932743e-13
outer loop
vertex 196.2169877000151 -159.08273780001983 8.5
vertex 186.65043613743282 -147.83874329336118 1
vertex 186.92974822117134 -148.16703123647181 1
endloop
endfacet
facet normal -0.7616331761109352 -0.6480084143336173 -1.6500355001932743e-13
outer loop
vertex 196.2169877000151 -159.08273780001983 8.5
vertex 186.92974822117134 -148.16703123647181 1
vertex 187.22022309126342 -148.5084392999998 1
endloop
endfacet
facet normal -0.7616331761109352 -0.6480084143336173 -1.6500355001932743e-13
outer loop
vertex 196.2169877000151 -159.08273780001983 8.5
vertex 187.22022309126342 -148.5084392999998 1
vertex 187.51069796135613 -148.8498473635284 1
endloop
endfacet
facet normal -0.7616331761109352 -0.6480084143336173 -1.6500355001932743e-13
outer loop
vertex 196.2169877000151 -159.08273780001983 8.5
vertex 187.51069796135613 -148.8498473635284 1
vertex 187.7900100450681 -149.17813530663886 1
endloop
endfacet
facet normal -0.7616331761109352 -0.6480084143336173 -1.6500355001932743e-13
outer loop
vertex 196.2169877000151 -159.08273780001983 8.5
vertex 187.7900100450681 -149.17813530663886 1
vertex 188.04742553574243 -149.4806872077842 1
endloop
endfacet
facet normal -0.7616331761109352 -0.6480084143336173 -1.6500355001932743e-13
outer loop
vertex 196.2169877000151 -159.08273780001983 8.5
vertex 188.04742553574243 -149.4806872077842 1
vertex 188.27305210031375 -149.7458761670766 1
endloop
endfacet
facet normal -0.7616331761109352 -0.6480084143336173 -1.6500355001932743e-13
outer loop
vertex 196.2169877000151 -159.08273780001983 8.5
vertex 188.27305210031375 -149.7458761670766 1
vertex 188.45821903654078 -149.96351112152942 1
endloop
endfacet
facet normal -0.7616331761109352 -0.6480084143336173 -1.6500355001932743e-13
outer loop
vertex 196.2169877000151 -159.08273780001983 8.5
vertex 188.45821903654078 -149.96351112152942 1
vertex 188.59581048284224 -150.12522848189474 1
endloop
endfacet
facet normal -0.7616331761109352 -0.6480084143336173 -1.6500355001932743e-13
outer loop
vertex 196.2169877000151 -159.08273780001983 8.5
vertex 188.59581048284224 -150.12522848189474 1
vertex 188.6805388771409 -150.22481354070567 1
endloop
endfacet
facet normal -0.7616331761109352 -0.6480084143336173 -1.6500355001932743e-13
outer loop
vertex 196.2169877000151 -159.08273780001983 8.5
vertex 188.6805388771409 -150.22481354070567 1
vertex 188.70914815473512 -150.25843930000033 1
endloop
endfacet
facet normal -0.7616331761109352 -0.6480084143336173 -1.6500355001932743e-13
outer loop
vertex 196.2169877000151 -159.08273780001983 8.5
vertex 188.70914815473512 -150.25843930000033 1
vertex 196.21698770000012 -159.08273780000016 1
endloop
endfacet
facet normal 0 0 1
outer loop
vertex 184.3185827999995 -138.10470680000094 8.5
vertex 191.09821335379218 -139.30013870000002 8.5
vertex 248.33108829995376 -149.39183969999397 8.5
endloop
endfacet
facet normal 0 0 1
outer loop
vertex 184.3185827999995 -138.10470680000094 8.5
vertex 248.33108829995376 -149.39183969999397 8.5
vertex 248.33108830000006 -149.39183970000002 1
endloop
endfacet
facet normal 0 0 1
outer loop
vertex 184.3185827999995 -138.10470680000094 8.5
vertex 248.33108830000006 -149.39183970000002 1
vertex 184.3185828000002 -138.10470680000003 1
endloop
endfacet
facet normal -0.9848077570833759 0.17364815457818913 -7.529693276346554e-14
outer loop
vertex 251.22722659999098 -147.3639394000428 8.5
vertex 259.21504189999985 -102.06278149999761 8.5
vertex 259.21504189999996 -102.06278150000021 1
endloop
endfacet
facet normal -0.9848077570833759 0.17364815457818913 -7.529693276346554e-14
outer loop
vertex 251.22722659999098 -147.3639394000428 8.5
vertex 259.21504189999996 -102.06278150000021 1
vertex 259.19552692528794 -102.17345643647164 1
endloop
endfacet
facet normal -0.9848077570833759 0.17364815457818913 -7.529693276346554e-14
outer loop
vertex 251.22722659999098 -147.3639394000428 8.5
vertex 259.19552692528794 -102.17345643647164 1
vertex 259.1353274805074 -102.51486449999999 1
endloop
endfacet
facet normal -0.9848077570833759 0.17364815457818913 -7.529693276346554e-14
outer loop
vertex 251.22722659999098 -147.3639394000428 8.5
vertex 259.1353274805074 -102.51486449999999 1
vertex 259.0751280357303 -102.85627256352824 1
endloop
endfacet
facet normal -0.9848077570833759 0.17364815457818913 -7.529693276346554e-14
outer loop
vertex 251.22722659999098 -147.3639394000428 8.5
vertex 259.0751280357303 -102.85627256352824 1
vertex 259.0172420218563 -103.18456050663899 1
endloop
endfacet
facet normal -0.9848077570833759 0.17364815457818913 -7.529693276346554e-14
outer loop
vertex 251.22722659999098 -147.3639394000428 8.5
vertex 259.0172420218563 -103.18456050663899 1
vertex 258.96389396593264 -103.48711240778435 1
endloop
endfacet
facet normal -0.9848077570833759 0.17364815457818913 -7.529693276346554e-14
outer loop
vertex 251.22722659999098 -147.3639394000428 8.5
vertex 258.96389396593264 -103.48711240778435 1
vertex 258.91713400383384 -103.75230136707646 1
endloop
endfacet
facet normal -0.9848077570833759 0.17364815457818913 -7.529693276346554e-14
outer loop
vertex 251.22722659999098 -147.3639394000428 8.5
vertex 258.91713400383384 -103.75230136707646 1
vertex 258.8787590946789 -103.96993632152952 1
endloop
endfacet
facet normal -0.9848077570833759 0.17364815457818913 -7.529693276346554e-14
outer loop
vertex 251.22722659999098 -147.3639394000428 8.5
vertex 258.8787590946789 -103.96993632152952 1
vertex 258.8502439647077 -104.13165368189473 1
endloop
endfacet
facet normal -0.9848077570833759 0.17364815457818913 -7.529693276346554e-14
outer loop
vertex 251.22722659999098 -147.3639394000428 8.5
vertex 258.8502439647077 -104.13165368189473 1
vertex 258.83268443437095 -104.23123874070565 1
endloop
endfacet
facet normal -0.9848077570833759 0.17364815457818913 -7.529693276346554e-14
outer loop
vertex 251.22722659999098 -147.3639394000428 8.5
vertex 258.83268443437095 -104.23123874070565 1
vertex 258.82675530657343 -104.26486450000009 1
endloop
endfacet
facet normal -0.9848077570833759 0.17364815457818913 -7.529693276346554e-14
outer loop
vertex 251.22722659999098 -147.3639394000428 8.5
vertex 258.82675530657343 -104.26486450000009 1
vertex 258.1047779355164 -108.35940219999942 1
endloop
endfacet
facet normal -0.9848077570833759 0.17364815457818913 -7.529693276346554e-14
outer loop
vertex 251.22722659999098 -147.3639394000428 8.5
vertex 258.1047779355164 -108.35940219999942 1
vertex 256.1416197593342 -119.493027 1
endloop
endfacet
facet normal -0.9848077570833759 0.17364815457818913 -7.529693276346554e-14
outer loop
vertex 251.22722659999098 -147.3639394000428 8.5
vertex 256.1416197593342 -119.493027 1
vertex 256.1356906315367 -119.52665275929434 1
endloop
endfacet
facet normal -0.9848077570833759 0.17364815457818913 -7.529693276346554e-14
outer loop
vertex 251.22722659999098 -147.3639394000428 8.5
vertex 256.1356906315367 -119.52665275929434 1
vertex 256.11813110120045 -119.62623781810524 1
endloop
endfacet
facet normal -0.9848077570833759 0.17364815457818913 -7.529693276346554e-14
outer loop
vertex 251.22722659999098 -147.3639394000428 8.5
vertex 256.11813110120045 -119.62623781810524 1
vertex 256.0896159712281 -119.78795517847057 1
endloop
endfacet
facet normal -0.9848077570833759 0.17364815457818913 -7.529693276346554e-14
outer loop
vertex 251.22722659999098 -147.3639394000428 8.5
vertex 256.0896159712281 -119.78795517847057 1
vertex 256.0512410620769 -120.00559013292356 1
endloop
endfacet
facet normal -0.9848077570833759 0.17364815457818913 -7.529693276346554e-14
outer loop
vertex 251.22722659999098 -147.3639394000428 8.5
vertex 256.0512410620769 -120.00559013292356 1
vertex 256.00448109997063 -120.27077909221566 1
endloop
endfacet
facet normal -0.9848077570833759 0.17364815457818913 -7.529693276346554e-14
outer loop
vertex 251.22722659999098 -147.3639394000428 8.5
vertex 256.00448109997063 -120.27077909221566 1
vertex 255.95113304405453 -120.57333099336111 1
endloop
endfacet
facet normal -0.9848077570833759 0.17364815457818913 -7.529693276346554e-14
outer loop
vertex 251.22722659999098 -147.3639394000428 8.5
vertex 255.95113304405453 -120.57333099336111 1
vertex 255.8932470301781 -120.90161893647179 1
endloop
endfacet
facet normal -0.9848077570833759 0.17364815457818913 -7.529693276346554e-14
outer loop
vertex 251.22722659999098 -147.3639394000428 8.5
vertex 255.8932470301781 -120.90161893647179 1
vertex 255.83304758539782 -121.24302699999998 1
endloop
endfacet
facet normal -0.9848077570833759 0.17364815457818913 -7.529693276346554e-14
outer loop
vertex 251.22722659999098 -147.3639394000428 8.5
vertex 255.83304758539782 -121.24302699999998 1
vertex 255.7728481406202 -121.58443506352832 1
endloop
endfacet
facet normal -0.9848077570833759 0.17364815457818913 -7.529693276346554e-14
outer loop
vertex 251.22722659999098 -147.3639394000428 8.5
vertex 255.7728481406202 -121.58443506352832 1
vertex 255.71496212674523 -121.9127230066389 1
endloop
endfacet
facet normal -0.9848077570833759 0.17364815457818913 -7.529693276346554e-14
outer loop
vertex 251.22722659999098 -147.3639394000428 8.5
vertex 255.71496212674523 -121.9127230066389 1
vertex 255.6616140708218 -122.21527490778435 1
endloop
endfacet
facet normal -0.9848077570833759 0.17364815457818913 -7.529693276346554e-14
outer loop
vertex 251.22722659999098 -147.3639394000428 8.5
vertex 255.6616140708218 -122.21527490778435 1
vertex 255.6148541087235 -122.48046386707638 1
endloop
endfacet
facet normal -0.9848077570833759 0.17364815457818913 -7.529693276346554e-14
outer loop
vertex 251.22722659999098 -147.3639394000428 8.5
vertex 255.6148541087235 -122.48046386707638 1
vertex 255.57647919956898 -122.69809882152946 1
endloop
endfacet
facet normal -0.9848077570833759 0.17364815457818913 -7.529693276346554e-14
outer loop
vertex 251.22722659999098 -147.3639394000428 8.5
vertex 255.57647919956898 -122.69809882152946 1
vertex 255.54796406959724 -122.85981618189479 1
endloop
endfacet
facet normal -0.9848077570833759 0.17364815457818913 -7.529693276346554e-14
outer loop
vertex 251.22722659999098 -147.3639394000428 8.5
vertex 255.54796406959724 -122.85981618189479 1
vertex 255.5304045392606 -122.95940124070563 1
endloop
endfacet
facet normal -0.9848077570833759 0.17364815457818913 -7.529693276346554e-14
outer loop
vertex 251.22722659999098 -147.3639394000428 8.5
vertex 255.5304045392606 -122.95940124070563 1
vertex 255.52447541146316 -122.99302699999997 1
endloop
endfacet
facet normal -0.9848077570833759 0.17364815457818913 -7.529693276346554e-14
outer loop
vertex 251.22722659999098 -147.3639394000428 8.5
vertex 255.52447541146316 -122.99302699999997 1
vertex 255.0470891192007 -125.70041957141767 1
endloop
endfacet
facet normal -0.9848077570833759 0.17364815457818913 -7.529693276346554e-14
outer loop
vertex 251.22722659999098 -147.3639394000428 8.5
vertex 255.0470891192007 -125.70041957141767 1
vertex 255.04177282115594 -125.73056980000003 1
endloop
endfacet
facet normal -0.9848077570833759 0.17364815457818913 -7.529693276346554e-14
outer loop
vertex 251.22722659999098 -147.3639394000428 8.5
vertex 255.04177282115594 -125.73056980000003 1
vertex 254.73453036406505 -127.4730286 1
endloop
endfacet
facet normal -0.9848077570833759 0.17364815457818913 -7.529693276346554e-14
outer loop
vertex 251.22722659999098 -147.3639394000428 8.5
vertex 254.73453036406505 -127.4730286 1
vertex 254.72043770428897 -127.55295205613538 1
endloop
endfacet
facet normal -0.9848077570833759 0.17364815457818913 -7.529693276346554e-14
outer loop
vertex 251.22722659999098 -147.3639394000428 8.5
vertex 254.72043770428897 -127.55295205613538 1
vertex 254.69792442713515 -127.68063121306227 1
endloop
endfacet
facet normal -0.9848077570833759 0.17364815457818913 -7.529693276346554e-14
outer loop
vertex 251.22722659999098 -147.3639394000428 8.5
vertex 254.69792442713515 -127.68063121306227 1
vertex 254.66755948118077 -127.8528394026162 1
endloop
endfacet
facet normal -0.9848077570833759 0.17364815457818913 -7.529693276346554e-14
outer loop
vertex 251.22722659999098 -147.3639394000428 8.5
vertex 254.66755948118077 -127.8528394026162 1
vertex 254.63011023994844 -128.06522463269297 1
endloop
endfacet
facet normal -0.9848077570833759 0.17364815457818913 -7.529693276346554e-14
outer loop
vertex 251.22722659999098 -147.3639394000428 8.5
vertex 254.63011023994844 -128.06522463269297 1
vertex 254.58652310908008 -128.31241956944555 1
endloop
endfacet
facet normal -0.9848077570833759 0.17364815457818913 -7.529693276346554e-14
outer loop
vertex 251.22722659999098 -147.3639394000428 8.5
vertex 254.58652310908008 -128.31241956944555 1
vertex 254.53789960906596 -128.58817717888726 1
endloop
endfacet
facet normal -0.9848077570833759 0.17364815457818913 -7.529693276346554e-14
outer loop
vertex 251.22722659999098 -147.3639394000428 8.5
vertex 254.53789960906596 -128.58817717888726 1
vertex 254.48546878481764 -128.88552720000007 1
endloop
endfacet
facet normal -0.9848077570833759 0.17364815457818913 -7.529693276346554e-14
outer loop
vertex 251.22722659999098 -147.3639394000428 8.5
vertex 254.48546878481764 -128.88552720000007 1
vertex 253.48815820240026 -134.54155735 1
endloop
endfacet
facet normal -0.9848077570833759 0.17364815457818913 -7.529693276346554e-14
outer loop
vertex 251.22722659999098 -147.3639394000428 8.5
vertex 253.48815820240026 -134.54155735 1
vertex 253.47427118197098 -134.62031456728675 1
endloop
endfacet
facet normal -0.9848077570833759 0.17364815457818913 -7.529693276346554e-14
outer loop
vertex 251.22722659999098 -147.3639394000428 8.5
vertex 253.47427118197098 -134.62031456728675 1
vertex 253.45214570983637 -134.74579437235707 1
endloop
endfacet
facet normal -0.9848077570833759 0.17364815457818913 -7.529693276346554e-14
outer loop
vertex 251.22722659999098 -147.3639394000428 8.5
vertex 253.45214570983637 -134.74579437235707 1
vertex 253.4223285000407 -134.91489619536634 1
endloop
endfacet
facet normal -0.9848077570833759 0.17364815457818913 -7.529693276346554e-14
outer loop
vertex 251.22722659999098 -147.3639394000428 8.5
vertex 253.4223285000407 -134.91489619536634 1
vertex 253.38555632725053 -135.1234415789699 1
endloop
endfacet
facet normal -0.9848077570833759 0.17364815457818913 -7.529693276346554e-14
outer loop
vertex 251.22722659999098 -147.3639394000428 8.5
vertex 253.38555632725053 -135.1234415789699 1
vertex 253.34273782126493 -135.3662774268012 1
endloop
endfacet
facet normal -0.9848077570833759 0.17364815457818913 -7.529693276346554e-14
outer loop
vertex 251.22722659999098 -147.3639394000428 8.5
vertex 253.34273782126493 -135.3662774268012 1
vertex 253.29493101503502 -135.6374033349974 1
endloop
endfacet
facet normal -0.9848077570833759 0.17364815457818913 -7.529693276346554e-14
outer loop
vertex 251.22722659999098 -147.3639394000428 8.5
vertex 253.29493101503502 -135.6374033349974 1
vertex 253.24331720097413 -135.93011986045263 1
endloop
endfacet
facet normal -0.9848077570833759 0.17364815457818913 -7.529693276346554e-14
outer loop
vertex 251.22722659999098 -147.3639394000428 8.5
vertex 253.24331720097413 -135.93011986045263 1
vertex 253.18917174156277 -136.23719406212595 1
endloop
endfacet
facet normal -0.9848077570833759 0.17364815457818913 -7.529693276346554e-14
outer loop
vertex 251.22722659999098 -147.3639394000428 8.5
vertex 253.18917174156277 -136.23719406212595 1
vertex 253.13383255550872 -136.5510382249339 1
endloop
endfacet
facet normal -0.9848077570833759 0.17364815457818913 -7.529693276346554e-14
outer loop
vertex 251.22722659999098 -147.3639394000428 8.5
vertex 253.13383255550872 -136.5510382249339 1
vertex 253.07866752542822 -136.8638946999997 1
endloop
endfacet
facet normal -0.9848077570833759 0.17364815457818913 -7.529693276346554e-14
outer loop
vertex 251.22722659999098 -147.3639394000428 8.5
vertex 253.07866752542822 -136.8638946999997 1
vertex 252.86342014900274 -138.0846234 1
endloop
endfacet
facet normal -0.9848077570833759 0.17364815457818913 -7.529693276346554e-14
outer loop
vertex 251.22722659999098 -147.3639394000428 8.5
vertex 252.86342014900274 -138.0846234 1
vertex 251.22722660000005 -147.3639393999997 1
endloop
endfacet
facet normal -0.9953962009273292 0.0958457259320415 -5.264279500647167e-14
outer loop
vertex 259.21504189999985 -102.06278149999761 8.5
vertex 259.25264175507624 -101.67229196554516 8.5
vertex 259.25264175507675 -101.67229196554396 1
endloop
endfacet
facet normal -0.9953962009273292 0.0958457259320415 -5.264279500647167e-14
outer loop
vertex 259.21504189999985 -102.06278149999761 8.5
vertex 259.25264175507675 -101.67229196554396 1
vertex 259.2359956434187 -101.84516849336109 1
endloop
endfacet
facet normal -0.9953962009273292 0.0958457259320415 -5.264279500647167e-14
outer loop
vertex 259.21504189999985 -102.06278149999761 8.5
vertex 259.2359956434187 -101.84516849336109 1
vertex 259.21504189999996 -102.06278150000021 1
endloop
endfacet
facet normal -0.2503771981565388 -0.9681483660283073 0
outer loop
vertex 257.5669419846491 -99.26486431470616 8.5
vertex 257.18714379991945 -99.16664299998386 8.5
vertex 257.18714379999994 -99.16664299999998 1
endloop
endfacet
facet normal -0.2503771981565388 -0.9681483660283073 0
outer loop
vertex 257.5669419846491 -99.26486431470616 8.5
vertex 257.18714379999994 -99.16664299999998 1
vertex 257.56694198464163 -99.26486431469952 1
endloop
endfacet
facet normal -0.17364817835436944 -0.984807752890994 3.045641371889894e-13
outer loop
vertex 257.18714379991945 -99.16664299998386 8.5
vertex 193.17464280026437 -87.87951192504428 8.5
vertex 193.17464279999967 -87.87951192499993 1
endloop
endfacet
facet normal -0.17364817835436944 -0.984807752890994 3.045641371889894e-13
outer loop
vertex 257.18714379991945 -99.16664299998386 8.5
vertex 193.17464279999967 -87.87951192499993 1
vertex 193.6300152723334 -87.95980637847057 1
endloop
endfacet
facet normal -0.17364817835436944 -0.984807752890994 3.045641371889894e-13
outer loop
vertex 257.18714379991945 -99.16664299998386 8.5
vertex 193.6300152723334 -87.95980637847057 1
vertex 194.86428442779504 -88.1774413329235 1
endloop
endfacet
facet normal -0.17364817835436944 -0.984807752890994 3.045641371889894e-13
outer loop
vertex 257.18714379991945 -99.16664299998386 8.5
vertex 194.86428442779504 -88.1774413329235 1
vertex 196.36824574526054 -88.44263029221574 1
endloop
endfacet
facet normal -0.17364817835436944 -0.984807752890994 3.045641371889894e-13
outer loop
vertex 257.18714379991945 -99.16664299998386 8.5
vertex 196.36824574526054 -88.44263029221574 1
vertex 198.08410283468558 -88.74518219336106 1
endloop
endfacet
facet normal -0.17364817835436944 -0.984807752890994 3.045641371889894e-13
outer loop
vertex 257.18714379991945 -99.16664299998386 8.5
vertex 198.08410283468558 -88.74518219336106 1
vertex 199.94591627042615 -89.07347013647164 1
endloop
endfacet
facet normal -0.17364817835436944 -0.984807752890994 3.045641371889894e-13
outer loop
vertex 257.18714379991945 -99.16664299998386 8.5
vertex 199.94591627042615 -89.07347013647164 1
vertex 201.88213760630262 -89.41487820000002 1
endloop
endfacet
facet normal -0.17364817835436944 -0.984807752890994 3.045641371889894e-13
outer loop
vertex 257.18714379991945 -99.16664299998386 8.5
vertex 201.88213760630262 -89.41487820000002 1
vertex 203.81835894211775 -89.75628626352842 1
endloop
endfacet
facet normal -0.17364817835436944 -0.984807752890994 3.045641371889894e-13
outer loop
vertex 257.18714379991945 -99.16664299998386 8.5
vertex 203.81835894211775 -89.75628626352842 1
vertex 205.68017237792628 -90.08457420663876 1
endloop
endfacet
facet normal -0.17364817835436944 -0.984807752890994 3.045641371889894e-13
outer loop
vertex 257.18714379991945 -99.16664299998386 8.5
vertex 205.68017237792628 -90.08457420663876 1
vertex 207.39602946740666 -90.38712610778434 1
endloop
endfacet
facet normal -0.17364817835436944 -0.984807752890994 3.045641371889894e-13
outer loop
vertex 257.18714379991945 -99.16664299998386 8.5
vertex 207.39602946740666 -90.38712610778434 1
vertex 208.8999907848585 -90.65231506707649 1
endloop
endfacet
facet normal -0.17364817835436944 -0.984807752890994 3.045641371889894e-13
outer loop
vertex 257.18714379991945 -99.16664299998386 8.5
vertex 208.8999907848585 -90.65231506707649 1
vertex 210.13425994027403 -90.86995002152949 1
endloop
endfacet
facet normal -0.17364817835436944 -0.984807752890994 3.045641371889894e-13
outer loop
vertex 257.18714379991945 -99.16664299998386 8.5
vertex 210.13425994027403 -90.86995002152949 1
vertex 211.05140466235986 -91.03166738189472 1
endloop
endfacet
facet normal -0.17364817835436944 -0.984807752890994 3.045641371889894e-13
outer loop
vertex 257.18714379991945 -99.16664299998386 8.5
vertex 211.05140466235986 -91.03166738189472 1
vertex 211.6161795935568 -91.13125244070568 1
endloop
endfacet
facet normal -0.17364817835436944 -0.984807752890994 3.045641371889894e-13
outer loop
vertex 257.18714379991945 -99.16664299998386 8.5
vertex 211.6161795935568 -91.13125244070568 1
vertex 211.806880750139 -91.16487820000008 1
endloop
endfacet
facet normal -0.17364817835436944 -0.984807752890994 3.045641371889894e-13
outer loop
vertex 257.18714379991945 -99.16664299998386 8.5
vertex 211.806880750139 -91.16487820000008 1
vertex 223.50858450124548 -93.2282043 1
endloop
endfacet
facet normal -0.17364817835436944 -0.984807752890994 3.045641371889894e-13
outer loop
vertex 257.18714379991945 -99.16664299998386 8.5
vertex 223.50858450124548 -93.2282043 1
vertex 223.69928565781365 -93.26183005929437 1
endloop
endfacet
facet normal -0.17364817835436944 -0.984807752890994 3.045641371889894e-13
outer loop
vertex 257.18714379991945 -99.16664299998386 8.5
vertex 223.69928565781365 -93.26183005929437 1
vertex 224.2640605891099 -93.36141511810524 1
endloop
endfacet
facet normal -0.17364817835436944 -0.984807752890994 3.045641371889894e-13
outer loop
vertex 257.18714379991945 -99.16664299998386 8.5
vertex 224.2640605891099 -93.36141511810524 1
vertex 225.18120531100763 -93.52313247847052 1
endloop
endfacet
facet normal -0.17364817835436944 -0.984807752890994 3.045641371889894e-13
outer loop
vertex 257.18714379991945 -99.16664299998386 8.5
vertex 225.18120531100763 -93.52313247847052 1
vertex 226.4154744665729 -93.74076743292358 1
endloop
endfacet
facet normal -0.17364817835436944 -0.984807752890994 3.045641371889894e-13
outer loop
vertex 257.18714379991945 -99.16664299998386 8.5
vertex 226.4154744665729 -93.74076743292358 1
vertex 227.91943578390544 -94.00595639221572 1
endloop
endfacet
facet normal -0.17364817835436944 -0.984807752890994 3.045641371889894e-13
outer loop
vertex 257.18714379991945 -99.16664299998386 8.5
vertex 227.91943578390544 -94.00595639221572 1
vertex 229.63529287348402 -94.30850829336102 1
endloop
endfacet
facet normal -0.17364817835436944 -0.984807752890994 3.045641371889894e-13
outer loop
vertex 257.18714379991945 -99.16664299998386 8.5
vertex 229.63529287348402 -94.30850829336102 1
vertex 231.49710630921342 -94.63679623647181 1
endloop
endfacet
facet normal -0.17364817835436944 -0.984807752890994 3.045641371889894e-13
outer loop
vertex 257.18714379991945 -99.16664299998386 8.5
vertex 231.49710630921342 -94.63679623647181 1
vertex 233.4333276450899 -94.97820430000002 1
endloop
endfacet
facet normal -0.17364817835436944 -0.984807752890994 3.045641371889894e-13
outer loop
vertex 257.18714379991945 -99.16664299998386 8.5
vertex 233.4333276450899 -94.97820430000002 1
vertex 235.36954898092205 -95.31961236352826 1
endloop
endfacet
facet normal -0.17364817835436944 -0.984807752890994 3.045641371889894e-13
outer loop
vertex 257.18714379991945 -99.16664299998386 8.5
vertex 235.36954898092205 -95.31961236352826 1
vertex 237.23136241673575 -95.6479003066388 1
endloop
endfacet
facet normal -0.17364817835436944 -0.984807752890994 3.045641371889894e-13
outer loop
vertex 257.18714379991945 -99.16664299998386 8.5
vertex 237.23136241673575 -95.6479003066388 1
vertex 238.94721950605208 -95.95045220778427 1
endloop
endfacet
facet normal -0.17364817835436944 -0.984807752890994 3.045641371889894e-13
outer loop
vertex 257.18714379991945 -99.16664299998386 8.5
vertex 238.94721950605208 -95.95045220778427 1
vertex 240.45118082359255 -96.21564116707653 1
endloop
endfacet
facet normal -0.17364817835436944 -0.984807752890994 3.045641371889894e-13
outer loop
vertex 257.18714379991945 -99.16664299998386 8.5
vertex 240.45118082359255 -96.21564116707653 1
vertex 241.68544997906668 -96.43327612152942 1
endloop
endfacet
facet normal -0.17364817835436944 -0.984807752890994 3.045641371889894e-13
outer loop
vertex 257.18714379991945 -99.16664299998386 8.5
vertex 241.68544997906668 -96.43327612152942 1
vertex 242.60259470109852 -96.59499348189478 1
endloop
endfacet
facet normal -0.17364817835436944 -0.984807752890994 3.045641371889894e-13
outer loop
vertex 257.18714379991945 -99.16664299998386 8.5
vertex 242.60259470109852 -96.59499348189478 1
vertex 243.16736963229997 -96.69457854070563 1
endloop
endfacet
facet normal -0.17364817835436944 -0.984807752890994 3.045641371889894e-13
outer loop
vertex 257.18714379991945 -99.16664299998386 8.5
vertex 243.16736963229997 -96.69457854070563 1
vertex 243.35807078888595 -96.72820429999999 1
endloop
endfacet
facet normal -0.17364817835436944 -0.984807752890994 3.045641371889894e-13
outer loop
vertex 257.18714379991945 -99.16664299998386 8.5
vertex 243.35807078888595 -96.72820429999999 1
vertex 257.18714379999994 -99.16664299999998 1
endloop
endfacet
facet normal -0.9873016982796337 -0.1588564023706672 2.4735220934009515e-13
outer loop
vertex 193.0097256000018 -87.85607384999956 8.5
vertex 192.95739499309835 -87.53083611140836 8.5
vertex 192.95739499309724 -87.53083611141315 1
endloop
endfacet
facet normal -0.9873016982796337 -0.1588564023706672 2.4735220934009515e-13
outer loop
vertex 193.0097256000018 -87.85607384999956 8.5
vertex 192.95739499309724 -87.53083611141315 1
vertex 192.97896230529398 -87.6648782 1
endloop
endfacet
facet normal -0.9873016982796337 -0.1588564023706672 2.4735220934009515e-13
outer loop
vertex 193.0097256000018 -87.85607384999956 8.5
vertex 192.97896230529398 -87.6648782 1
vertex 192.9843726749488 -87.69850395929436 1
endloop
endfacet
facet normal -0.9873016982796337 -0.1588564023706672 2.4735220934009515e-13
outer loop
vertex 193.0097256000018 -87.85607384999956 8.5
vertex 192.9843726749488 -87.69850395929436 1
vertex 193.0003958664413 -87.79808901810527 1
endloop
endfacet
facet normal -0.9873016982796337 -0.1588564023706672 2.4735220934009515e-13
outer loop
vertex 193.0097256000018 -87.85607384999956 8.5
vertex 193.0003958664413 -87.79808901810527 1
vertex 193.00972560000005 -87.85607385 1
endloop
endfacet
facet normal -0.7935205490037415 -0.6085434563848342 0
outer loop
vertex 192.69754797477816 -86.92783710661821 8.5
vertex 192.4970810881603 -86.6664349137968 8.5
vertex 192.49708108818302 -86.6664349138243 1
endloop
endfacet
facet normal -0.7935205490037415 -0.6085434563848342 0
outer loop
vertex 192.69754797477816 -86.92783710661821 8.5
vertex 192.49708108818302 -86.6664349138243 1
vertex 192.6975479747804 -86.92783710661897 1
endloop
endfacet
facet normal -0.1736481993885376 -0.9848077491821023 0
outer loop
vertex 191.36296120000384 -86.0404776999992 8.5
vertex 178.15303700002158 -83.71121135000237 8.5
vertex 178.15303699999978 -83.71121134999996 1
endloop
endfacet
facet normal -0.1736481993885376 -0.9848077491821023 0
outer loop
vertex 191.36296120000384 -86.0404776999992 8.5
vertex 178.15303699999978 -83.71121134999996 1
vertex 191.3629611999999 -86.04047769999997 1
endloop
endfacet
facet normal 0 0 1
outer loop
vertex 176.57949399998896 -82.29871269996607 8.5
vertex 176.5525330274619 -82.20575608693775 8.5
vertex 176.5025860670871 -82.0335478973838 8.5
endloop
endfacet
facet normal 0 0 1
outer loop
vertex 176.57949399998896 -82.29871269996607 8.5
vertex 176.5025860670871 -82.0335478973838 8.5
vertex 176.44098622855265 -81.82116266730705 8.5
endloop
endfacet
facet normal 0 0 1
outer loop
vertex 176.57949399998896 -82.29871269996607 8.5
vertex 176.44098622855265 -81.82116266730705 8.5
vertex 176.36929024392603 -81.57396773055434 8.5
endloop
endfacet
facet normal 0 0 1
outer loop
vertex 176.57949399998896 -82.29871269996607 8.5
vertex 176.36929024392603 -81.57396773055434 8.5
vertex 176.2893099919561 -81.29821012111299 8.5
endloop
endfacet
facet normal 0 0 1
outer loop
vertex 176.57949399998896 -82.29871269996607 8.5
vertex 176.2893099919561 -81.29821012111299 8.5
vertex 176.2030663317837 -81.00085739999949 8.5
endloop
endfacet
facet normal 0 0 1
outer loop
vertex 176.57949399998896 -82.29871269996607 8.5
vertex 176.2030663317837 -81.00085739999949 8.5
vertex 175.79517764999304 -79.59453014997987 8.5
endloop
endfacet
facet normal 0 0 1
outer loop
vertex 176.57949399998896 -82.29871269996607 8.5
vertex 175.79517764999304 -79.59453014997987 8.5
vertex 175.79517764999994 -79.59453014999981 1
endloop
endfacet
facet normal 0 0 1
outer loop
vertex 176.57949399998896 -82.29871269996607 8.5
vertex 175.79517764999994 -79.59453014999981 1
vertex 176.57949399999998 -82.29871269999995 1
endloop
endfacet
facet normal -0.173648112516645 -0.984807764499959 0
outer loop
vertex 174.2216352999643 -78.18203029998924 8.5
vertex 160.26868809996824 -75.72175019999025 8.5
vertex 160.26868810000016 -75.72175020000003 1
endloop
endfacet
facet normal -0.173648112516645 -0.984807764499959 0
outer loop
vertex 174.2216352999643 -78.18203029998924 8.5
vertex 160.26868810000016 -75.72175020000003 1
vertex 174.22163530000003 -78.18203030000001 1
endloop
endfacet
facet normal -0.6680010832003478 -0.7441603005019565 0
outer loop
vertex 159.40251180192436 -75.34193939738184 8.5
vertex 159.16591240020236 -75.12955416730675 8.5
vertex 159.16591240020384 -75.12955416730696 1
endloop
endfacet
facet normal -0.6680010832003478 -0.7441603005019565 0
outer loop
vertex 159.40251180192436 -75.34193939738184 8.5
vertex 159.16591240020384 -75.12955416730696 1
vertex 159.40251180192772 -75.34193939738377 1
endloop
endfacet
facet normal -0.7774857293650299 -0.6289005808820084 0
outer loop
vertex 159.16591240020236 -75.12955416730675 8.5
vertex 158.9659588403595 -74.88235923055612 8.5
vertex 158.96595884035946 -74.88235923055446 1
endloop
endfacet
facet normal -0.7774857293650299 -0.6289005808820084 0
outer loop
vertex 159.16591240020236 -75.12955416730675 8.5
vertex 158.96595884035946 -74.88235923055446 1
vertex 159.16591240020384 -75.12955416730696 1
endloop
endfacet
facet normal -0.6680010832003884 -0.7441603005019198 7.296055683260973e-14
outer loop
vertex 157.44006439981297 -70.78476503270737 8.5
vertex 157.20346499808727 -70.57237980262894 8.5
vertex 157.20346499807238 -70.57237980261631 1
endloop
endfacet
facet normal -0.6680010832003884 -0.7441603005019198 7.296055683260973e-14
outer loop
vertex 157.44006439981297 -70.78476503270737 8.5
vertex 157.20346499807238 -70.57237980261631 1
vertex 157.33034352415032 -70.68627326454617 1
endloop
endfacet
facet normal -0.6680010832003884 -0.7441603005019198 7.296055683260973e-14
outer loop
vertex 157.44006439981297 -70.78476503270737 8.5
vertex 157.33034352415032 -70.68627326454617 1
vertex 157.44006439979603 -70.78476503269287 1
endloop
endfacet
facet normal 0.3731903342484492 -0.9277548029644097 0
outer loop
vertex 133.96678250139868 -70.6862732645475 8.5
vertex 133.67180975698133 -70.80492635772639 8.5
vertex 133.6718097569811 -70.80492635772706 1
endloop
endfacet
facet normal 0.3731903342484492 -0.9277548029644097 0
outer loop
vertex 133.96678250139868 -70.6862732645475 8.5
vertex 133.6718097569811 -70.80492635772706 1
vertex 133.9667825014034 -70.68627326454617 1
endloop
endfacet
facet normal 0 0 -1
outer loop
vertex 132.7279670000267 -70.86557700000205 8.5
vertex 122.38703219370275 -69.04219114087532 8.5
vertex 122.21607911563811 -69.01204749999997 8.5
endloop
endfacet
facet normal 0 0 -1
outer loop
vertex 132.7279670000267 -70.86557700000205 8.5
vertex 122.21607911563811 -69.01204749999997 8.5
vertex 118.5427378000021 -68.36433829999798 8.5
endloop
endfacet
facet normal 0 0 -1
outer loop
vertex 132.7279670000267 -70.86557700000205 8.5
vertex 118.5427378000021 -68.36433829999798 8.5
vertex 118.5427378 -68.36433830000001 1
endloop
endfacet
facet normal 0 0 -1
outer loop
vertex 132.7279670000267 -70.86557700000205 8.5
vertex 118.5427378 -68.36433830000001 1
vertex 126.00695434115994 -69.68048109999998 1
endloop
endfacet
facet normal 0 0 -1
outer loop
vertex 132.7279670000267 -70.86557700000205 8.5
vertex 126.00695434115994 -69.68048109999998 1
vertex 132.72796699999995 -70.865577 1
endloop
endfacet
facet normal 0.7230869119436121 -0.690757061328982 0
outer loop
vertex 118.5427378000021 -68.36433829999798 8.5
vertex 117.28544090000149 -69.68048109999856 8.5
vertex 117.28544090000003 -69.68048109999998 1
endloop
endfacet
facet normal 0.7230869119436121 -0.690757061328982 0
outer loop
vertex 118.5427378000021 -68.36433829999798 8.5
vertex 117.28544090000003 -69.68048109999998 1
vertex 118.5427378 -68.36433830000001 1
endloop
endfacet
facet normal 0 0 -1
outer loop
vertex 117.28544090000149 -69.68048109999856 8.5
vertex 109.72148375771592 -68.36433829999798 8.5
vertex 106.63308790308903 -67.82695160000002 8.5
endloop
endfacet
facet normal 0 0 -1
outer loop
vertex 117.28544090000149 -69.68048109999856 8.5
vertex 106.63308790308903 -67.82695160000002 8.5
vertex 81.81380820000551 -63.50835014999975 8.5
endloop
endfacet
facet normal 0 0 -1
outer loop
vertex 117.28544090000149 -69.68048109999856 8.5
vertex 81.81380820000551 -63.50835014999975 8.5
vertex 81.81380820000014 -63.50835015000001 1
endloop
endfacet
facet normal 0 0 -1
outer loop
vertex 117.28544090000149 -69.68048109999856 8.5
vertex 81.81380820000014 -63.50835015000001 1
vertex 117.28544090000003 -69.68048109999998 1
endloop
endfacet
facet normal 0 0 1
outer loop
vertex 168.47796210002252 -166.17403140004728 8.5
vertex 168.51690312483436 -166.26434985344252 8.5
vertex 168.57771623724938 -166.4053976632014 8.5
endloop
endfacet
facet normal 0 0 1
outer loop
vertex 168.47796210002252 -166.17403140004728 8.5
vertex 168.57771623724938 -166.4053976632014 8.5
vertex 168.65504304501295 -166.5847467614068 8.5
endloop
endfacet
facet normal 0 0 1
outer loop
vertex 168.47796210002252 -166.17403140004728 8.5
vertex 168.65504304501295 -166.5847467614068 8.5
vertex 168.74713235086804 -166.79833548228055 8.5
endloop
endfacet
facet normal 0 0 1
outer loop
vertex 168.47796210002252 -166.17403140004728 8.5
vertex 168.74713235086804 -166.79833548228055 8.5
vertex 168.85189863564645 -167.04132674547577 8.5
endloop
endfacet
facet normal 0 0 1
outer loop
vertex 168.47796210002252 -166.17403140004728 8.5
vertex 168.85189863564645 -167.04132674547577 8.5
vertex 168.9669682536362 -167.30821519999986 8.5
endloop
endfacet
facet normal 0 0 1
outer loop
vertex 168.47796210002252 -166.17403140004728 8.5
vertex 168.9669682536362 -167.30821519999986 8.5
vertex 169.8752241000096 -169.41479210001734 8.5
endloop
endfacet
facet normal 0 0 1
outer loop
vertex 168.47796210002252 -166.17403140004728 8.5
vertex 169.8752241000096 -169.41479210001734 8.5
vertex 169.8752240999999 -169.41479209999983 1
endloop
endfacet
facet normal 0 0 1
outer loop
vertex 168.47796210002252 -166.17403140004728 8.5
vertex 169.8752240999999 -169.41479209999983 1
vertex 168.47796209999996 -166.1740313999999 1
endloop
endfacet
facet normal -0.898794043775067 0.4383711519642492 4.2914327118358185e-14
outer loop
vertex 188.82663319999486 -176.97041260001137 8.5
vertex 196.49130884999693 -161.25549890000707 8.5
vertex 196.49130884999985 -161.25549890000033 1
endloop
endfacet
facet normal -0.898794043775067 0.4383711519642492 4.2914327118358185e-14
outer loop
vertex 188.82663319999486 -176.97041260001137 8.5
vertex 196.49130884999985 -161.25549890000033 1
vertex 194.64840304326464 -165.0340156999999 1
endloop
endfacet
facet normal -0.898794043775067 0.4383711519642492 4.2914327118358185e-14
outer loop
vertex 188.82663319999486 -176.97041260001137 8.5
vertex 194.64840304326464 -165.0340156999999 1
vertex 194.59996883156185 -165.1333205488668 1
endloop
endfacet
facet normal -0.898794043775067 0.4383711519642492 4.2914327118358185e-14
outer loop
vertex 188.82663319999486 -176.97041260001137 8.5
vertex 194.59996883156185 -165.1333205488668 1
vertex 194.53137575359366 -165.27395719807546 1
endloop
endfacet
facet normal -0.898794043775067 0.4383711519642492 4.2914327118358185e-14
outer loop
vertex 188.82663319999486 -176.97041260001137 8.5
vertex 194.53137575359366 -165.27395719807546 1
vertex 194.44417087669777 -165.45275368956672 1
endloop
endfacet
facet normal -0.898794043775067 0.4383711519642492 4.2914327118358185e-14
outer loop
vertex 188.82663319999486 -176.97041260001137 8.5
vertex 194.44417087669777 -165.45275368956672 1
vertex 194.34032104389567 -165.6656773975966 1
endloop
endfacet
facet normal -0.898794043775067 0.4383711519642492 4.2914327118358185e-14
outer loop
vertex 188.82663319999486 -176.97041260001137 8.5
vertex 194.34032104389567 -165.6656773975966 1
vertex 194.22216851316904 -165.90792598169756 1
endloop
endfacet
facet normal -0.898794043775067 0.4383711519642492 4.2914327118358185e-14
outer loop
vertex 188.82663319999486 -176.97041260001137 8.5
vertex 194.22216851316904 -165.90792598169756 1
vertex 194.09238022677235 -166.1740313999999 1
endloop
endfacet
facet normal -0.898794043775067 0.4383711519642492 4.2914327118358185e-14
outer loop
vertex 188.82663319999486 -176.97041260001137 8.5
vertex 194.09238022677235 -166.1740313999999 1
vertex 188.82663319999983 -176.97041260000034 1
endloop
endfacet
facet normal 0 0 1
outer loop
vertex 183.37349770000003 -142.86851750000372 8.5
vertex 183.39997971474207 -142.71833037053133 8.5
vertex 183.44839438127977 -142.44375685856528 8.5
endloop
endfacet
facet normal 0 0 1
outer loop
vertex 183.37349770000003 -142.86851750000372 8.5
vertex 183.44839438127977 -142.44375685856528 8.5
vertex 183.49873803057335 -142.15824353005848 8.5
endloop
endfacet
facet normal 0 0 1
outer loop
vertex 183.37349770000003 -142.86851750000372 8.5
vertex 183.49873803057335 -142.15824353005848 8.5
vertex 183.54994708192487 -141.86782225734163 8.5
endloop
endfacet
facet normal 0 0 1
outer loop
vertex 183.37349770000003 -142.86851750000372 8.5
vertex 183.54994708192487 -141.86782225734163 8.5
vertex 183.60093991865295 -141.57862719999997 8.5
endloop
endfacet
facet normal 0 0 1
outer loop
vertex 183.37349770000003 -142.86851750000372 8.5
vertex 183.60093991865295 -141.57862719999997 8.5
vertex 184.00269848650458 -139.30013870000002 8.5
endloop
endfacet
facet normal 0 0 1
outer loop
vertex 183.37349770000003 -142.86851750000372 8.5
vertex 184.00269848650458 -139.30013870000002 8.5
vertex 184.21348515850565 -138.10470680000094 8.5
endloop
endfacet
facet normal 0 0 1
outer loop
vertex 183.37349770000003 -142.86851750000372 8.5
vertex 184.21348515850565 -138.10470680000094 8.5
vertex 184.21516337315998 -138.09518916155727 8.5
endloop
endfacet
facet normal 0 0 1
outer loop
vertex 183.37349770000003 -142.86851750000372 8.5
vertex 184.21516337315998 -138.09518916155727 8.5
vertex 184.21702640000026 -138.08462340000185 8.5
endloop
endfacet
facet normal 0 0 1
outer loop
vertex 183.37349770000003 -142.86851750000372 8.5
vertex 184.21702640000026 -138.08462340000185 8.5
vertex 184.2170264 -138.0846234 1
endloop
endfacet
facet normal 0 0 1
outer loop
vertex 183.37349770000003 -142.86851750000372 8.5
vertex 184.2170264 -138.0846234 1
vertex 183.3734977000001 -142.8685174999996 1
endloop
endfacet
facet normal -0.17364858580624715 -0.9848076810461474 4.7623257725656067e-14
outer loop
vertex 156.33728740000413 -70.19256800000028 8.5
vertex 138.313373899991 -67.01445804999803 8.5
vertex 138.31337390000007 -67.01445804999999 1
endloop
endfacet
facet normal -0.17364858580624715 -0.9848076810461474 4.7623257725656067e-14
outer loop
vertex 156.33728740000413 -70.19256800000028 8.5
vertex 138.31337390000007 -67.01445804999999 1
vertex 155.6787709430437 -70.07645350000023 1
endloop
endfacet
facet normal -0.17364858580624715 -0.9848076810461474 4.7623257725656067e-14
outer loop
vertex 156.33728740000413 -70.19256800000028 8.5
vertex 155.6787709430437 -70.07645350000023 1
vertex 156.33728739999998 -70.192568 1
endloop
endfacet
facet normal 0 0 1
outer loop
vertex 76.6258879999998 -90.63286269999935 1
vertex 75.23224651501486 -90.38712610778434 1
vertex 75.05364338036317 -90.35563355669349 1
endloop
endfacet
facet normal 0 0 1
outer loop
vertex 76.6258879999998 -90.63286269999935 1
vertex 75.05364338036317 -90.35563355669349 1
vertex 75.05364338036317 -90.35563355669349 0
endloop
endfacet
facet normal 0 0 1
outer loop
vertex 76.6258879999998 -90.63286269999935 1
vertex 75.05364338036317 -90.35563355669349 0
vertex 76.62588799999982 -90.63286269999934 0
endloop
endfacet
facet normal -0.1736481755955311 -0.9848077533774516 0
outer loop
vertex 75.05364338036317 -90.35563355669349 1
vertex 75.05364338036317 -90.35563355669349 6
vertex 73.47794992096844 -90.07779628989363 6
endloop
endfacet
facet normal -0.1736481755955311 -0.9848077533774516 0
outer loop
vertex 75.05364338036317 -90.35563355669349 1
vertex 73.47794992096844 -90.07779628989363 6
vertex 73.47794992096833 -90.0777962898936 0
endloop
endfacet
facet normal -0.1736481755955311 -0.9848077533774516 0
outer loop
vertex 75.05364338036317 -90.35563355669349 1
vertex 73.47794992096833 -90.0777962898936 0
vertex 75.05364338036317 -90.35563355669349 0
endloop
endfacet
facet normal 0.17364817559552695 0.9848077533774523 -1.526555233323721e-16
outer loop
vertex 71.7414681307365 -99.9258737916162 6
vertex 73.31716200756182 -100.20371113202033 6
vertex 73.31716200756149 -100.20371113202027 1
endloop
endfacet
facet normal 0.17364817559552695 0.9848077533774523 -1.526555233323721e-16
outer loop
vertex 71.7414681307365 -99.9258737916162 6
vertex 73.31716200756149 -100.20371113202027 1
vertex 73.31716200756182 -100.20371113202033 0
endloop
endfacet
facet normal 0.17364817559552695 0.9848077533774523 -1.526555233323721e-16
outer loop
vertex 71.7414681307365 -99.9258737916162 6
vertex 73.31716200756182 -100.20371113202033 0
vertex 71.74146813073627 -99.92587379161614 0
endloop
endfacet
facet normal 0.1736481755955311 0.9848077533774516 0
outer loop
vertex 73.31716200756149 -100.20371113202027 1
vertex 74.88940619999973 -100.48094019999952 1
vertex 74.88940619999971 -100.48094019999951 0
endloop
endfacet
facet normal 0.1736481755955311 0.9848077533774516 0
outer loop
vertex 73.31716200756149 -100.20371113202027 1
vertex 74.88940619999971 -100.48094019999951 0
vertex 73.31716200756182 -100.20371113202033 0
endloop
endfacet
facet normal 0 0 1
outer loop
vertex 73.5002207999995 -108.35940219999942 1
vertex 74.22219822650985 -104.26486450000009 1
vertex 74.22812735476279 -104.23123874070565 1
endloop
endfacet
facet normal 0 0 1
outer loop
vertex 73.5002207999995 -108.35940219999942 1
vertex 74.22812735476279 -104.23123874070565 1
vertex 74.24568688644794 -104.13165368189473 1
endloop
endfacet
facet normal 0 0 1
outer loop
vertex 73.5002207999995 -108.35940219999942 1
vertex 74.24568688644794 -104.13165368189473 1
vertex 74.27420201861014 -103.96993632152952 1
endloop
endfacet
facet normal 0 0 1
outer loop
vertex 73.5002207999995 -108.35940219999942 1
vertex 74.27420201861014 -103.96993632152952 1
vertex 74.31257693071187 -103.75230136707646 1
endloop
endfacet
facet normal 0 0 1
outer loop
vertex 73.5002207999995 -108.35940219999942 1
vertex 74.31257693071187 -103.75230136707646 1
vertex 74.35933689640194 -103.48711240778435 1
endloop
endfacet
facet normal 0 0 1
outer loop
vertex 73.5002207999995 -108.35940219999942 1
vertex 74.35933689640194 -103.48711240778435 1
vertex 74.41268495642218 -103.18456050663899 1
endloop
endfacet
facet normal 0 0 1
outer loop
vertex 73.5002207999995 -108.35940219999942 1
vertex 74.41268495642218 -103.18456050663899 1
vertex 74.470570974744 -102.85627256352824 1
endloop
endfacet
facet normal 0 0 1
outer loop
vertex 73.5002207999995 -108.35940219999942 1
vertex 74.470570974744 -102.85627256352824 1
vertex 74.53077042414608 -102.51486449999999 1
endloop
endfacet
facet normal 0 0 1
outer loop
vertex 73.5002207999995 -108.35940219999942 1
vertex 74.53077042414608 -102.51486449999999 1
vertex 74.54210979999952 -102.45055569999948 1
endloop
endfacet
facet normal 0 0 1
outer loop
vertex 73.5002207999995 -108.35940219999942 1
vertex 74.54210979999952 -102.45055569999948 1
vertex 74.5421097999995 -102.45055569999948 0
endloop
endfacet
facet normal 0 0 1
outer loop
vertex 73.5002207999995 -108.35940219999942 1
vertex 74.5421097999995 -102.45055569999948 0
vertex 73.50022079999944 -108.35940219999942 0
endloop
endfacet
facet normal 0 0 -1
outer loop
vertex 74.88940619999973 -100.48094019999952 1
vertex 75.55111480155735 -96.72820429999999 1
vertex 75.55704393026555 -96.69457854070563 1
endloop
endfacet
facet normal 0 0 -1
outer loop
vertex 74.88940619999973 -100.48094019999952 1
vertex 75.55704393026555 -96.69457854070563 1
vertex 75.57460346329897 -96.59499348189478 1
endloop
endfacet
facet normal 0 0 -1
outer loop
vertex 74.88940619999973 -100.48094019999952 1
vertex 75.57460346329897 -96.59499348189478 1
vertex 75.60311859765068 -96.43327612152942 1
endloop
endfacet
facet normal 0 0 -1
outer loop
vertex 74.88940619999973 -100.48094019999952 1
vertex 75.60311859765068 -96.43327612152942 1
vertex 75.64149351269894 -96.21564116707653 1
endloop
endfacet
facet normal 0 0 -1
outer loop
vertex 74.88940619999973 -100.48094019999952 1
vertex 75.64149351269894 -96.21564116707653 1
vertex 75.68825348197943 -95.95045220778427 1
endloop
endfacet
facet normal 0 0 -1
outer loop
vertex 74.88940619999973 -100.48094019999952 1
vertex 75.68825348197943 -95.95045220778427 1
vertex 75.74160154609596 -95.6479003066388 1
endloop
endfacet
facet normal 0 0 -1
outer loop
vertex 74.88940619999973 -100.48094019999952 1
vertex 75.74160154609596 -95.6479003066388 1
vertex 75.79948756886243 -95.31961236352826 1
endloop
endfacet
facet normal 0 0 -1
outer loop
vertex 74.88940619999973 -100.48094019999952 1
vertex 75.79948756886243 -95.31961236352826 1
vertex 75.85968702288683 -94.97820430000002 1
endloop
endfacet
facet normal 0 0 -1
outer loop
vertex 74.88940619999973 -100.48094019999952 1
vertex 75.85968702288683 -94.97820430000002 1
vertex 75.91988647691124 -94.63679623647181 1
endloop
endfacet
facet normal 0 0 -1
outer loop
vertex 74.88940619999973 -100.48094019999952 1
vertex 75.91988647691124 -94.63679623647181 1
vertex 75.97777249967776 -94.30850829336102 1
endloop
endfacet
facet normal 0 0 -1
outer loop
vertex 74.88940619999973 -100.48094019999952 1
vertex 75.97777249967776 -94.30850829336102 1
vertex 76.03112056379425 -94.00595639221572 1
endloop
endfacet
facet normal 0 0 -1
outer loop
vertex 74.88940619999973 -100.48094019999952 1
vertex 76.03112056379425 -94.00595639221572 1
vertex 76.07788053307473 -93.74076743292358 1
endloop
endfacet
facet normal 0 0 -1
outer loop
vertex 74.88940619999973 -100.48094019999952 1
vertex 76.07788053307473 -93.74076743292358 1
vertex 76.11625544812303 -93.52313247847052 1
endloop
endfacet
facet normal 0 0 -1
outer loop
vertex 74.88940619999973 -100.48094019999952 1
vertex 76.11625544812303 -93.52313247847052 1
vertex 76.1447705824747 -93.36141511810524 1
endloop
endfacet
facet normal 0 0 -1
outer loop
vertex 74.88940619999973 -100.48094019999952 1
vertex 76.1447705824747 -93.36141511810524 1
vertex 76.16233011550814 -93.26183005929437 1
endloop
endfacet
facet normal 0 0 -1
outer loop
vertex 74.88940619999973 -100.48094019999952 1
vertex 76.16233011550814 -93.26183005929437 1
vertex 76.16825924421633 -93.2282043 1
endloop
endfacet
facet normal 0 0 -1
outer loop
vertex 74.88940619999973 -100.48094019999952 1
vertex 76.16825924421633 -93.2282043 1
vertex 76.53207931164727 -91.16487820000008 1
endloop
endfacet
facet normal 0 0 -1
outer loop
vertex 74.88940619999973 -100.48094019999952 1
vertex 76.53207931164727 -91.16487820000008 1
vertex 76.53800844035547 -91.13125244070568 1
endloop
endfacet
facet normal 0 0 -1
outer loop
vertex 74.88940619999973 -100.48094019999952 1
vertex 76.53800844035547 -91.13125244070568 1
vertex 76.55556797338892 -91.03166738189472 1
endloop
endfacet
facet normal 0 0 -1
outer loop
vertex 74.88940619999973 -100.48094019999952 1
vertex 76.55556797338892 -91.03166738189472 1
vertex 76.5840831077406 -90.86995002152949 1
endloop
endfacet
facet normal 0 0 -1
outer loop
vertex 74.88940619999973 -100.48094019999952 1
vertex 76.5840831077406 -90.86995002152949 1
vertex 76.62245802278889 -90.65231506707649 1
endloop
endfacet
facet normal 0 0 -1
outer loop
vertex 74.88940619999973 -100.48094019999952 1
vertex 76.62245802278889 -90.65231506707649 1
vertex 76.6258879999998 -90.63286269999935 1
endloop
endfacet
facet normal 0 0 -1
outer loop
vertex 74.88940619999973 -100.48094019999952 1
vertex 76.6258879999998 -90.63286269999935 1
vertex 76.62588799999982 -90.63286269999934 0
endloop
endfacet
facet normal 0 0 -1
outer loop
vertex 74.88940619999973 -100.48094019999952 1
vertex 76.62588799999982 -90.63286269999934 0
vertex 74.88940619999971 -100.48094019999951 0
endloop
endfacet
facet normal 0 0 -1
outer loop
vertex 75.05364338036317 -90.35563355669349 6
vertex 73.31716200756182 -100.20371113202033 6
vertex 71.7414681307365 -99.9258737916162 6
endloop
endfacet
facet normal 0 0 -1
outer loop
vertex 75.05364338036317 -90.35563355669349 6
vertex 71.7414681307365 -99.9258737916162 6
vertex 73.47794992096844 -90.07779628989363 6
endloop
endfacet
facet normal 0 0 -1
outer loop
vertex 72.96986573179518 -102.17332665392644 6
vertex 71.92797691052627 -108.08217318544158 6
vertex 70.35228269975701 -107.8043357861541 6
endloop
endfacet
facet normal 0 0 -1
outer loop
vertex 72.96986573179518 -102.17332665392644 6
vertex 70.35228269975701 -107.8043357861541 6
vertex 71.39417177148388 -101.89548929880146 6
endloop
endfacet
facet normal 0 0 -1
outer loop
vertex 67.56583820000003 -123.60704764999974 8.5
vertex 67.6128312240227 -123.34053697006124 8.5
vertex 67.67220795402243 -123.00379480430672 8.5
endloop
endfacet
facet normal 0 0 -1
outer loop
vertex 67.56583820000003 -123.60704764999974 8.5
vertex 67.67220795402243 -123.00379480430672 8.5
vertex 67.7334453927975 -122.65650003481561 8.5
endloop
endfacet
facet normal 0 0 -1
outer loop
vertex 67.56583820000003 -123.60704764999974 8.5
vertex 67.7334453927975 -122.65650003481561 8.5
vertex 67.79468288717241 -122.30920495000228 8.5
endloop
endfacet
facet normal 0 0 -1
outer loop
vertex 67.56583820000003 -123.60704764999974 8.5
vertex 67.79468288717241 -122.30920495000228 8.5
vertex 70.3522826997571 -107.80433578615363 8.5
endloop
endfacet
facet normal 0 0 -1
outer loop
vertex 67.56583820000003 -123.60704764999974 8.5
vertex 70.3522826997571 -107.80433578615363 8.5
vertex 70.35228269975701 -107.8043357861541 6
endloop
endfacet
facet normal 0 0 -1
outer loop
vertex 67.56583820000003 -123.60704764999974 8.5
vertex 70.35228269975701 -107.8043357861541 6
vertex 70.3522826997568 -107.80433578615359 0
endloop
endfacet
facet normal 0 0 -1
outer loop
vertex 67.56583820000003 -123.60704764999974 8.5
vertex 70.3522826997568 -107.80433578615359 0
vertex 70.254409513864 -108.35940219999942 0
endloop
endfacet
facet normal 0 0 -1
outer loop
vertex 67.56583820000003 -123.60704764999974 8.5
vertex 70.254409513864 -108.35940219999942 0
vertex 67.56583820000002 -123.60704764999986 0
endloop
endfacet
facet normal -0.9848077526946378 0.1736481794679606 0
outer loop
vertex 70.3522826997571 -107.80433578615363 8.5
vertex 71.39417177148395 -101.8954892988011 8.5
vertex 71.39417177148388 -101.89548929880146 6
endloop
endfacet
facet normal -0.9848077526946378 0.1736481794679606 0
outer loop
vertex 70.3522826997571 -107.80433578615363 8.5
vertex 71.39417177148388 -101.89548929880146 6
vertex 70.35228269975701 -107.8043357861541 6
endloop
endfacet
facet normal -0.9848077526946386 0.17364817946795666 2.3259536721202483e-15
outer loop
vertex 71.39417177148388 -101.89548929880146 6
vertex 71.39417177148395 -101.8954892988011 8.5
vertex 71.74146813073648 -99.92587379161623 8.5
endloop
endfacet
facet normal -0.9848077526946386 0.17364817946795666 2.3259536721202483e-15
outer loop
vertex 71.39417177148388 -101.89548929880146 6
vertex 71.74146813073648 -99.92587379161623 8.5
vertex 71.7414681307365 -99.9258737916162 6
endloop
endfacet
facet normal -0.9848077526946386 0.17364817946795666 2.3259536721202483e-15
outer loop
vertex 71.39417177148388 -101.89548929880146 6
vertex 71.7414681307365 -99.9258737916162 6
vertex 71.74146813073627 -99.92587379161614 0
endloop
endfacet
facet normal -0.9848077526946386 0.17364817946795666 2.3259536721202483e-15
outer loop
vertex 71.39417177148388 -101.89548929880146 6
vertex 71.74146813073627 -99.92587379161614 0
vertex 71.64359494580665 -100.48094019999951 0
endloop
endfacet
facet normal -0.9848077526946386 0.17364817946795666 2.3259536721202483e-15
outer loop
vertex 71.39417177148388 -101.89548929880146 6
vertex 71.64359494580665 -100.48094019999951 0
vertex 71.39417177148371 -101.89548929880102 0
endloop
endfacet
facet normal -0.9848077526946378 0.1736481794679606 0
outer loop
vertex 71.74146813073648 -99.92587379161623 8.5
vertex 73.47794992096846 -90.07779628989364 8.5
vertex 73.47794992096844 -90.07779628989363 6
endloop
endfacet
facet normal -0.9848077526946378 0.1736481794679606 0
outer loop
vertex 71.74146813073648 -99.92587379161623 8.5
vertex 73.47794992096844 -90.07779628989363 6
vertex 71.7414681307365 -99.9258737916162 6
endloop
endfacet
facet normal -0.9848077526946383 0.17364817946795835 6.585059578370627e-15
outer loop
vertex 73.47794992096844 -90.07779628989363 6
vertex 73.47794992096846 -90.07779628989364 8.5
vertex 77.87666383611617 -65.13145029999761 8.5
endloop
endfacet
facet normal -0.9848077526946383 0.17364817946795835 6.585059578370627e-15
outer loop
vertex 73.47794992096844 -90.07779628989363 6
vertex 77.87666383611617 -65.13145029999761 8.5
vertex 77.9359577158237 -64.7951780015938 8.5
endloop
endfacet
facet normal -0.9848077526946383 0.17364817946795835 6.585059578370627e-15
outer loop
vertex 73.47794992096844 -90.07779628989363 6
vertex 77.9359577158237 -64.7951780015938 8.5
vertex 77.99159978497515 -64.47961614978405 8.5
endloop
endfacet
facet normal -0.9848077526946383 0.17364817946795835 6.585059578370627e-15
outer loop
vertex 73.47794992096844 -90.07779628989363 6
vertex 77.99159978497515 -64.47961614978405 8.5
vertex 78.04190426169684 -64.19432528855788 8.5
endloop
endfacet
facet normal -0.9848077526946383 0.17364817946795835 6.585059578370627e-15
outer loop
vertex 73.47794992096844 -90.07779628989363 6
vertex 78.04190426169684 -64.19432528855788 8.5
vertex 78.08534705267112 -63.94794898054677 8.5
endloop
endfacet
facet normal -0.9848077526946383 0.17364817946795835 6.585059578370627e-15
outer loop
vertex 73.47794992096844 -90.07779628989363 6
vertex 78.08534705267112 -63.94794898054677 8.5
vertex 78.12061195560902 -63.747951779783364 8.5
endloop
endfacet
facet normal -0.9848077526946383 0.17364817946795835 6.585059578370627e-15
outer loop
vertex 73.47794992096844 -90.07779628989363 6
vertex 78.12061195560902 -63.747951779783364 8.5
vertex 78.14663053672064 -63.60039307533083 8.5
endloop
endfacet
facet normal -0.9848077526946383 0.17364817946795835 6.585059578370627e-15
outer loop
vertex 73.47794992096844 -90.07779628989363 6
vertex 78.14663053672064 -63.60039307533083 8.5
vertex 78.16261450143924 -63.509743507786226 8.5
endloop
endfacet
facet normal -0.9848077526946383 0.17364817946795835 6.585059578370627e-15
outer loop
vertex 73.47794992096844 -90.07779628989363 6
vertex 78.16261450143924 -63.509743507786226 8.5
vertex 78.16807957768158 -63.478749520581616 8.5
endloop
endfacet
facet normal -0.9848077526946383 0.17364817946795835 6.585059578370627e-15
outer loop
vertex 73.47794992096844 -90.07779628989363 6
vertex 78.16807957768158 -63.478749520581616 8.5
vertex 78.20349109999998 -63.277920800000025 8.5
endloop
endfacet
facet normal -0.9848077526946383 0.17364817946795835 6.585059578370627e-15
outer loop
vertex 73.47794992096844 -90.07779628989363 6
vertex 78.20349109999998 -63.277920800000025 8.5
vertex 78.20349109999998 -63.277920800000025 0
endloop
endfacet
facet normal -0.9848077526946383 0.17364817946795835 6.585059578370627e-15
outer loop
vertex 73.47794992096844 -90.07779628989363 6
vertex 78.20349109999998 -63.277920800000025 0
vertex 77.40137422530856 -67.8269516 0
endloop
endfacet
facet normal -0.9848077526946383 0.17364817946795835 6.585059578370627e-15
outer loop
vertex 73.47794992096844 -90.07779628989363 6
vertex 77.40137422530856 -67.8269516 0
vertex 77.19240984117684 -69.01204750000001 0
endloop
endfacet
facet normal -0.9848077526946383 0.17364817946795835 6.585059578370627e-15
outer loop
vertex 73.47794992096844 -90.07779628989363 6
vertex 77.19240984117684 -69.01204750000001 0
vertex 77.18709470393689 -69.04219114087532 0
endloop
endfacet
facet normal -0.9848077526946383 0.17364817946795835 6.585059578370627e-15
outer loop
vertex 73.47794992096844 -90.07779628989363 6
vertex 77.18709470393689 -69.04219114087532 0
vertex 76.48721694652355 -73.01139510000057 0
endloop
endfacet
facet normal -0.9848077526946383 0.17364817946795835 6.585059578370627e-15
outer loop
vertex 73.47794992096844 -90.07779628989363 6
vertex 76.48721694652355 -73.01139510000057 0
vertex 76.43478631730252 -73.3087439711129 0
endloop
endfacet
facet normal -0.9848077526946383 0.17364817946795835 6.585059578370627e-15
outer loop
vertex 73.47794992096844 -90.07779628989363 6
vertex 76.43478631730252 -73.3087439711129 0
vertex 76.38616281010233 -73.58450158055433 0
endloop
endfacet
facet normal -0.9848077526946383 0.17364817946795835 6.585059578370627e-15
outer loop
vertex 73.47794992096844 -90.07779628989363 6
vertex 76.38616281010233 -73.58450158055433 0
vertex 76.34257567279215 -73.83169651730718 0
endloop
endfacet
facet normal -0.9848077526946383 0.17364817946795835 6.585059578370627e-15
outer loop
vertex 73.47794992096844 -90.07779628989363 6
vertex 76.34257567279215 -73.83169651730718 0
vertex 76.3051264260252 -74.0440817473837 0
endloop
endfacet
facet normal -0.9848077526946383 0.17364817946795835 6.585059578370627e-15
outer loop
vertex 73.47794992096844 -90.07779628989363 6
vertex 76.3051264260252 -74.0440817473837 0
vertex 76.27476147558312 -74.21628993693777 0
endloop
endfacet
facet normal -0.9848077526946383 0.17364817946795835 6.585059578370627e-15
outer loop
vertex 73.47794992096844 -90.07779628989363 6
vertex 76.27476147558312 -74.21628993693777 0
vertex 76.25224819510204 -74.34396909386463 0
endloop
endfacet
facet normal -0.9848077526946383 0.17364817946795835 6.585059578370627e-15
outer loop
vertex 73.47794992096844 -90.07779628989363 6
vertex 76.25224819510204 -74.34396909386463 0
vertex 76.2381555332432 -74.42389254999998 0
endloop
endfacet
facet normal -0.9848077526946383 0.17364817946795835 6.585059578370627e-15
outer loop
vertex 73.47794992096844 -90.07779628989363 6
vertex 76.2381555332432 -74.42389254999998 0
vertex 75.07845916661486 -81.00085739999987 0
endloop
endfacet
facet normal -0.9848077526946383 0.17364817946795835 6.585059578370627e-15
outer loop
vertex 73.47794992096844 -90.07779628989363 6
vertex 75.07845916661486 -81.00085739999987 0
vertex 75.02602785853486 -81.2982101211128 0
endloop
endfacet
facet normal -0.9848077526946383 0.17364817946795835 6.585059578370627e-15
outer loop
vertex 73.47794992096844 -90.07779628989363 6
vertex 75.02602785853486 -81.2982101211128 0
vertex 74.97740435133467 -81.57396773055419 0
endloop
endfacet
facet normal -0.9848077526946383 0.17364817946795835 6.585059578370627e-15
outer loop
vertex 73.47794992096844 -90.07779628989363 6
vertex 74.97740435133467 -81.57396773055419 0
vertex 74.93381721402447 -81.82116266730714 0
endloop
endfacet
facet normal -0.9848077526946383 0.17364817946795835 6.585059578370627e-15
outer loop
vertex 73.47794992096844 -90.07779628989363 6
vertex 74.93381721402447 -81.82116266730714 0
vertex 74.8963679672575 -82.03354789738374 0
endloop
endfacet
facet normal -0.9848077526946383 0.17364817946795835 6.585059578370627e-15
outer loop
vertex 73.47794992096844 -90.07779628989363 6
vertex 74.8963679672575 -82.03354789738374 0
vertex 74.86600301681544 -82.2057560869377 0
endloop
endfacet
facet normal -0.9848077526946383 0.17364817946795835 6.585059578370627e-15
outer loop
vertex 73.47794992096844 -90.07779628989363 6
vertex 74.86600301681544 -82.2057560869377 0
vertex 74.84348973633435 -82.33343524386463 0
endloop
endfacet
facet normal -0.9848077526946383 0.17364817946795835 6.585059578370627e-15
outer loop
vertex 73.47794992096844 -90.07779628989363 6
vertex 74.84348973633435 -82.33343524386463 0
vertex 74.82939707447551 -82.4133587 0
endloop
endfacet
facet normal -0.9848077526946383 0.17364817946795835 6.585059578370627e-15
outer loop
vertex 73.47794992096844 -90.07779628989363 6
vertex 74.82939707447551 -82.4133587 0
vertex 73.98471149834 -87.2038086 0
endloop
endfacet
facet normal -0.9848077526946383 0.17364817946795835 6.585059578370627e-15
outer loop
vertex 73.47794992096844 -90.07779628989363 6
vertex 73.98471149834 -87.2038086 0
vertex 73.47794992096833 -90.0777962898936 0
endloop
endfacet
facet normal 0.9848077600550516 -0.17364813772497595 -2.7097561077432087e-13
outer loop
vertex 79.50134640000081 -65.13145029999761 8.5
vertex 75.05364338036384 -90.3556335566936 8.5
vertex 75.05364338036317 -90.35563355669349 6
endloop
endfacet
facet normal 0.9848077600550516 -0.17364813772497595 -2.7097561077432087e-13
outer loop
vertex 79.50134640000081 -65.13145029999761 8.5
vertex 75.05364338036317 -90.35563355669349 6
vertex 75.05364338036317 -90.35563355669349 1
endloop
endfacet
facet normal 0.9848077600550516 -0.17364813772497595 -2.7097561077432087e-13
outer loop
vertex 79.50134640000081 -65.13145029999761 8.5
vertex 75.05364338036317 -90.35563355669349 1
vertex 75.10143844581638 -90.08457420663876 1
endloop
endfacet
facet normal 0.9848077600550516 -0.17364813772497595 -2.7097561077432087e-13
outer loop
vertex 79.50134640000081 -65.13145029999761 8.5
vertex 75.10143844581638 -90.08457420663876 1
vertex 75.15932445390077 -89.75628626352842 1
endloop
endfacet
facet normal 0.9848077600550516 -0.17364813772497595 -2.7097561077432087e-13
outer loop
vertex 79.50134640000081 -65.13145029999761 8.5
vertex 75.15932445390077 -89.75628626352842 1
vertex 75.21952389265358 -89.41487820000002 1
endloop
endfacet
facet normal 0.9848077600550516 -0.17364813772497595 -2.7097561077432087e-13
outer loop
vertex 79.50134640000081 -65.13145029999761 8.5
vertex 75.21952389265358 -89.41487820000002 1
vertex 75.27972333140832 -89.07347013647164 1
endloop
endfacet
facet normal 0.9848077600550516 -0.17364813772497595 -2.7097561077432087e-13
outer loop
vertex 79.50134640000081 -65.13145029999761 8.5
vertex 75.27972333140832 -89.07347013647164 1
vertex 75.33760933949058 -88.74518219336106 1
endloop
endfacet
facet normal 0.9848077600550516 -0.17364813772497595 -2.7097561077432087e-13
outer loop
vertex 79.50134640000081 -65.13145029999761 8.5
vertex 75.33760933949058 -88.74518219336106 1
vertex 75.39095739007384 -88.44263029221574 1
endloop
endfacet
facet normal 0.9848077600550516 -0.17364813772497595 -2.7097561077432087e-13
outer loop
vertex 79.50134640000081 -65.13145029999761 8.5
vertex 75.39095739007384 -88.44263029221574 1
vertex 75.4377173474933 -88.1774413329235 1
endloop
endfacet
facet normal 0.9848077600550516 -0.17364813772497595 -2.7097561077432087e-13
outer loop
vertex 79.50134640000081 -65.13145029999761 8.5
vertex 75.4377173474933 -88.1774413329235 1
vertex 75.47609225280723 -87.95980637847057 1
endloop
endfacet
facet normal 0.9848077600550516 -0.17364813772497595 -2.7097561077432087e-13
outer loop
vertex 79.50134640000081 -65.13145029999761 8.5
vertex 75.47609225280723 -87.95980637847057 1
vertex 75.50460737992614 -87.79808901810527 1
endloop
endfacet
facet normal 0.9848077600550516 -0.17364813772497595 -2.7097561077432087e-13
outer loop
vertex 79.50134640000081 -65.13145029999761 8.5
vertex 75.50460737992614 -87.79808901810527 1
vertex 75.5221669085052 -87.69850395929436 1
endloop
endfacet
facet normal 0.9848077600550516 -0.17364813772497595 -2.7097561077432087e-13
outer loop
vertex 79.50134640000081 -65.13145029999761 8.5
vertex 75.5221669085052 -87.69850395929436 1
vertex 75.52809603570941 -87.6648782 1
endloop
endfacet
facet normal 0.9848077600550516 -0.17364813772497595 -2.7097561077432087e-13
outer loop
vertex 79.50134640000081 -65.13145029999761 8.5
vertex 75.52809603570941 -87.6648782 1
vertex 76.22523400875818 -83.71121134999996 1
endloop
endfacet
facet normal 0.9848077600550516 -0.17364813772497595 -2.7097561077432087e-13
outer loop
vertex 79.50134640000081 -65.13145029999761 8.5
vertex 76.22523400875818 -83.71121134999996 1
vertex 76.23932666712398 -83.63128789386462 1
endloop
endfacet
facet normal 0.9848077600550516 -0.17364813772497595 -2.7097561077432087e-13
outer loop
vertex 79.50134640000081 -65.13145029999761 8.5
vertex 76.23932666712398 -83.63128789386462 1
vertex 76.26183994202485 -83.50360873693778 1
endloop
endfacet
facet normal 0.9848077600550516 -0.17364813772497595 -2.7097561077432087e-13
outer loop
vertex 79.50134640000081 -65.13145029999761 8.5
vertex 76.26183994202485 -83.50360873693778 1
vertex 76.2922048849406 -83.33140054738371 1
endloop
endfacet
facet normal 0.9848077600550516 -0.17364813772497595 -2.7097561077432087e-13
outer loop
vertex 79.50134640000081 -65.13145029999761 8.5
vertex 76.2922048849406 -83.33140054738371 1
vertex 76.32965412242531 -83.11901531730715 1
endloop
endfacet
facet normal 0.9848077600550516 -0.17364813772497595 -2.7097561077432087e-13
outer loop
vertex 79.50134640000081 -65.13145029999761 8.5
vertex 76.32965412242531 -83.11901531730715 1
vertex 76.37324124893183 -82.87182038055451 1
endloop
endfacet
facet normal 0.9848077600550516 -0.17364813772497595 -2.7097561077432087e-13
outer loop
vertex 79.50134640000081 -65.13145029999761 8.5
vertex 76.37324124893183 -82.87182038055451 1
vertex 76.42186474408015 -82.59606277111268 1
endloop
endfacet
facet normal 0.9848077600550516 -0.17364813772497595 -2.7097561077432087e-13
outer loop
vertex 79.50134640000081 -65.13145029999761 8.5
vertex 76.42186474408015 -82.59606277111268 1
vertex 76.474295571898 -82.29871269999995 1
endloop
endfacet
facet normal 0.9848077600550516 -0.17364813772497595 -2.7097561077432087e-13
outer loop
vertex 79.50134640000081 -65.13145029999761 8.5
vertex 76.474295571898 -82.29871269999995 1
vertex 77.63399123671294 -75.72175020000003 1
endloop
endfacet
facet normal 0.9848077600550516 -0.17364813772497595 -2.7097561077432087e-13
outer loop
vertex 79.50134640000081 -65.13145029999761 8.5
vertex 77.63399123671294 -75.72175020000003 1
vertex 77.64808389507877 -75.64182674386461 1
endloop
endfacet
facet normal 0.9848077600550516 -0.17364813772497595 -2.7097561077432087e-13
outer loop
vertex 79.50134640000081 -65.13145029999761 8.5
vertex 77.64808389507877 -75.64182674386461 1
vertex 77.67059716997964 -75.51414758693775 1
endloop
endfacet
facet normal 0.9848077600550516 -0.17364813772497595 -2.7097561077432087e-13
outer loop
vertex 79.50134640000081 -65.13145029999761 8.5
vertex 77.67059716997964 -75.51414758693775 1
vertex 77.70096211289538 -75.34193939738377 1
endloop
endfacet
facet normal 0.9848077600550516 -0.17364813772497595 -2.7097561077432087e-13
outer loop
vertex 79.50134640000081 -65.13145029999761 8.5
vertex 77.70096211289538 -75.34193939738377 1
vertex 77.73841135038013 -75.12955416730696 1
endloop
endfacet
facet normal 0.9848077600550516 -0.17364813772497595 -2.7097561077432087e-13
outer loop
vertex 79.50134640000081 -65.13145029999761 8.5
vertex 77.73841135038013 -75.12955416730696 1
vertex 77.78199847688664 -74.88235923055446 1
endloop
endfacet
facet normal 0.9848077600550516 -0.17364813772497595 -2.7097561077432087e-13
outer loop
vertex 79.50134640000081 -65.13145029999761 8.5
vertex 77.78199847688664 -74.88235923055446 1
vertex 77.83062197203493 -74.60660162111276 1
endloop
endfacet
facet normal 0.9848077600550516 -0.17364813772497595 -2.7097561077432087e-13
outer loop
vertex 79.50134640000081 -65.13145029999761 8.5
vertex 77.83062197203493 -74.60660162111276 1
vertex 77.88305300262873 -74.30925040000017 1
endloop
endfacet
facet normal 0.9848077600550516 -0.17364813772497595 -2.7097561077432087e-13
outer loop
vertex 79.50134640000081 -65.13145029999761 8.5
vertex 77.88305300262873 -74.30925040000017 1
vertex 78.48494970132556 -70.89572378581337 1
endloop
endfacet
facet normal 0.9848077600550516 -0.17364813772497595 -2.7097561077432087e-13
outer loop
vertex 79.50134640000081 -65.13145029999761 8.5
vertex 78.48494970132556 -70.89572378581337 1
vertex 78.49026539178539 -70.865577 1
endloop
endfacet
facet normal 0.9848077600550516 -0.17364813772497595 -2.7097561077432087e-13
outer loop
vertex 79.50134640000081 -65.13145029999761 8.5
vertex 78.49026539178539 -70.865577 1
vertex 78.69922972412269 -69.68048109999998 1
endloop
endfacet
facet normal 0.9848077600550516 -0.17364813772497595 -2.7097561077432087e-13
outer loop
vertex 79.50134640000081 -65.13145029999761 8.5
vertex 78.69922972412269 -69.68048109999998 1
vertex 79.50134639999995 -65.13145030000024 1
endloop
endfacet
facet normal 0.984807760055053 -0.17364813772496734 0
outer loop
vertex 75.05364338036384 -90.3556335566936 8.5
vertex 73.31716200756179 -100.20371113202036 8.5
vertex 73.31716200756182 -100.20371113202033 6
endloop
endfacet
facet normal 0.984807760055053 -0.17364813772496734 0
outer loop
vertex 75.05364338036384 -90.3556335566936 8.5
vertex 73.31716200756182 -100.20371113202033 6
vertex 75.05364338036317 -90.35563355669349 6
endloop
endfacet
facet normal 0.9848077600550534 -0.17364813772496526 9.221817235016808e-15
outer loop
vertex 73.31716200756182 -100.20371113202033 6
vertex 73.31716200756179 -100.20371113202036 8.5
vertex 72.96986573179525 -102.17332665392604 8.5
endloop
endfacet
facet normal 0.9848077600550534 -0.17364813772496526 9.221817235016808e-15
outer loop
vertex 73.31716200756182 -100.20371113202033 6
vertex 72.96986573179525 -102.17332665392604 8.5
vertex 72.96986573179518 -102.17332665392644 6
endloop
endfacet
facet normal 0.9848077600550534 -0.17364813772496526 9.221817235016808e-15
outer loop
vertex 73.31716200756182 -100.20371113202033 6
vertex 72.96986573179518 -102.17332665392644 6
vertex 72.96986573179558 -102.17332665392608 1
endloop
endfacet
facet normal 0.9848077600550534 -0.17364813772496526 9.221817235016808e-15
outer loop
vertex 73.31716200756182 -100.20371113202033 6
vertex 72.96986573179558 -102.17332665392608 1
vertex 73.02772885572003 -101.84516849336109 1
endloop
endfacet
facet normal 0.9848077600550534 -0.17364813772496526 9.221817235016808e-15
outer loop
vertex 73.31716200756182 -100.20371113202033 6
vertex 73.02772885572003 -101.84516849336109 1
vertex 73.08107690630302 -101.5426165922158 1
endloop
endfacet
facet normal 0.9848077600550534 -0.17364813772496526 9.221817235016808e-15
outer loop
vertex 73.31716200756182 -100.20371113202033 6
vertex 73.08107690630302 -101.5426165922158 1
vertex 73.12783686372322 -101.27742763292352 1
endloop
endfacet
facet normal 0.9848077600550534 -0.17364813772496526 9.221817235016808e-15
outer loop
vertex 73.31716200756182 -100.20371113202033 6
vertex 73.12783686372322 -101.27742763292352 1
vertex 73.1662117690363 -101.05979267847052 1
endloop
endfacet
facet normal 0.9848077600550534 -0.17364813772496526 9.221817235016808e-15
outer loop
vertex 73.31716200756182 -100.20371113202033 6
vertex 73.1662117690363 -101.05979267847052 1
vertex 73.19472689615436 -100.89807531810523 1
endloop
endfacet
facet normal 0.9848077600550534 -0.17364813772496526 9.221817235016808e-15
outer loop
vertex 73.31716200756182 -100.20371113202033 6
vertex 73.19472689615436 -100.89807531810523 1
vertex 73.212286424734 -100.79849025929437 1
endloop
endfacet
facet normal 0.9848077600550534 -0.17364813772496526 9.221817235016808e-15
outer loop
vertex 73.31716200756182 -100.20371113202033 6
vertex 73.212286424734 -100.79849025929437 1
vertex 73.21821555193819 -100.76486450000002 1
endloop
endfacet
facet normal 0.9848077600550534 -0.17364813772496526 9.221817235016808e-15
outer loop
vertex 73.31716200756182 -100.20371113202033 6
vertex 73.21821555193819 -100.76486450000002 1
vertex 73.26827905463357 -100.48094019999952 1
endloop
endfacet
facet normal 0.9848077600550534 -0.17364813772496526 9.221817235016808e-15
outer loop
vertex 73.31716200756182 -100.20371113202033 6
vertex 73.26827905463357 -100.48094019999952 1
vertex 73.31716200756149 -100.20371113202027 1
endloop
endfacet
facet normal 0.984807760055053 -0.17364813772496734 0
outer loop
vertex 72.96986573179525 -102.17332665392604 8.5
vertex 71.92797691052635 -108.08217318544109 8.5
vertex 71.92797691052627 -108.08217318544158 6
endloop
endfacet
facet normal 0.984807760055053 -0.17364813772496734 0
outer loop
vertex 72.96986573179525 -102.17332665392604 8.5
vertex 71.92797691052627 -108.08217318544158 6
vertex 72.96986573179518 -102.17332665392644 6
endloop
endfacet
facet normal 0.9848077600550555 -0.1736481377249525 -2.7340989174423994e-17
outer loop
vertex 71.92797691052627 -108.08217318544158 6
vertex 71.92797691052635 -108.08217318544109 8.5
vertex 69.41936795000021 -122.30920495000228 8.5
endloop
endfacet
facet normal 0.9848077600550555 -0.1736481377249525 -2.7340989174423994e-17
outer loop
vertex 71.92797691052627 -108.08217318544158 6
vertex 69.41936795000021 -122.30920495000228 8.5
vertex 69.41936795 -122.30920494999998 1
endloop
endfacet
facet normal 0.9848077600550555 -0.1736481377249525 -2.7340989174423994e-17
outer loop
vertex 71.92797691052627 -108.08217318544158 6
vertex 69.41936795 -122.30920494999998 1
vertex 69.43593034681348 -122.21527490778435 1
endloop
endfacet
facet normal 0.9848077600550555 -0.1736481377249525 -2.7340989174423994e-17
outer loop
vertex 71.92797691052627 -108.08217318544158 6
vertex 69.43593034681348 -122.21527490778435 1
vertex 69.48927839739831 -121.9127230066389 1
endloop
endfacet
facet normal 0.9848077600550555 -0.1736481377249525 -2.7340989174423994e-17
outer loop
vertex 71.92797691052627 -108.08217318544158 6
vertex 69.48927839739831 -121.9127230066389 1
vertex 69.54716440548056 -121.58443506352832 1
endloop
endfacet
facet normal 0.9848077600550555 -0.1736481377249525 -2.7340989174423994e-17
outer loop
vertex 71.92797691052627 -108.08217318544158 6
vertex 69.54716440548056 -121.58443506352832 1
vertex 69.60736384423392 -121.24302699999998 1
endloop
endfacet
facet normal 0.9848077600550555 -0.1736481377249525 -2.7340989174423994e-17
outer loop
vertex 71.92797691052627 -108.08217318544158 6
vertex 69.60736384423392 -121.24302699999998 1
vertex 69.66756328298995 -120.90161893647179 1
endloop
endfacet
facet normal 0.9848077600550555 -0.1736481377249525 -2.7340989174423994e-17
outer loop
vertex 71.92797691052627 -108.08217318544158 6
vertex 69.66756328298995 -120.90161893647179 1
vertex 69.72544929107366 -120.57333099336111 1
endloop
endfacet
facet normal 0.9848077600550555 -0.1736481377249525 -2.7340989174423994e-17
outer loop
vertex 71.92797691052627 -108.08217318544158 6
vertex 69.72544929107366 -120.57333099336111 1
vertex 69.77879734165117 -120.27077909221566 1
endloop
endfacet
facet normal 0.9848077600550555 -0.1736481377249525 -2.7340989174423994e-17
outer loop
vertex 71.92797691052627 -108.08217318544158 6
vertex 69.77879734165117 -120.27077909221566 1
vertex 69.82555729907807 -120.00559013292356 1
endloop
endfacet
facet normal 0.9848077600550555 -0.1736481377249525 -2.7340989174423994e-17
outer loop
vertex 71.92797691052627 -108.08217318544158 6
vertex 69.82555729907807 -120.00559013292356 1
vertex 69.86393220438913 -119.78795517847057 1
endloop
endfacet
facet normal 0.9848077600550555 -0.1736481377249525 -2.7340989174423994e-17
outer loop
vertex 71.92797691052627 -108.08217318544158 6
vertex 69.86393220438913 -119.78795517847057 1
vertex 69.89244733150791 -119.62623781810524 1
endloop
endfacet
facet normal 0.9848077600550555 -0.1736481377249525 -2.7340989174423994e-17
outer loop
vertex 71.92797691052627 -108.08217318544158 6
vertex 69.89244733150791 -119.62623781810524 1
vertex 69.91000686008697 -119.52665275929434 1
endloop
endfacet
facet normal 0.9848077600550555 -0.1736481377249525 -2.7340989174423994e-17
outer loop
vertex 71.92797691052627 -108.08217318544158 6
vertex 69.91000686008697 -119.52665275929434 1
vertex 69.91593598729114 -119.493027 1
endloop
endfacet
facet normal 0.9848077600550555 -0.1736481377249525 -2.7340989174423994e-17
outer loop
vertex 71.92797691052627 -108.08217318544158 6
vertex 69.91593598729114 -119.493027 1
vertex 71.87909396701764 -108.35940219999942 1
endloop
endfacet
facet normal 0.9848077600550555 -0.1736481377249525 -2.7340989174423994e-17
outer loop
vertex 71.92797691052627 -108.08217318544158 6
vertex 71.87909396701764 -108.35940219999942 1
vertex 71.92797691052603 -108.08217318544104 1
endloop
endfacet
facet normal 0 0 -1
outer loop
vertex 74.54210979999952 -102.45055569999948 1
vertex 72.97060176519571 -102.17345643647164 1
vertex 72.96986573179558 -102.17332665392608 1
endloop
endfacet
facet normal 0 0 -1
outer loop
vertex 74.54210979999952 -102.45055569999948 1
vertex 72.96986573179558 -102.17332665392608 1
vertex 72.96986573179524 -102.17332665392604 0
endloop
endfacet
facet normal 0 0 -1
outer loop
vertex 74.54210979999952 -102.45055569999948 1
vertex 72.96986573179524 -102.17332665392604 0
vertex 74.5421097999995 -102.45055569999948 0
endloop
endfacet
facet normal -0.1736481755955333 -0.9848077533774512 -8.379385789996608e-14
outer loop
vertex 72.96986573179558 -102.17332665392608 1
vertex 72.96986573179518 -102.17332665392644 6
vertex 71.39417177148388 -101.89548929880146 6
endloop
endfacet
facet normal -0.1736481755955333 -0.9848077533774512 -8.379385789996608e-14
outer loop
vertex 72.96986573179558 -102.17332665392608 1
vertex 71.39417177148388 -101.89548929880146 6
vertex 71.39417177148371 -101.89548929880102 0
endloop
endfacet
facet normal -0.1736481755955333 -0.9848077533774512 -8.379385789996608e-14
outer loop
vertex 72.96986573179558 -102.17332665392608 1
vertex 71.39417177148371 -101.89548929880102 0
vertex 72.96986573179524 -102.17332665392604 0
endloop
endfacet
facet normal 0.1736481755955392 0.9848077533774502 9.797013077900875e-14
outer loop
vertex 70.35228269975701 -107.8043357861541 6
vertex 71.92797691052627 -108.08217318544158 6
vertex 71.92797691052603 -108.08217318544104 1
endloop
endfacet
facet normal 0.1736481755955392 0.9848077533774502 9.797013077900875e-14
outer loop
vertex 70.35228269975701 -107.8043357861541 6
vertex 71.92797691052603 -108.08217318544104 1
vertex 71.92797691052635 -108.0821731854411 0
endloop
endfacet
facet normal 0.1736481755955392 0.9848077533774502 9.797013077900875e-14
outer loop
vertex 70.35228269975701 -107.8043357861541 6
vertex 71.92797691052635 -108.0821731854411 0
vertex 70.3522826997568 -107.80433578615359 0
endloop
endfacet
facet normal 0.17364817559553083 0.9848077533774517 0
outer loop
vertex 71.92797691052603 -108.08217318544104 1
vertex 73.5002207999995 -108.35940219999942 1
vertex 73.50022079999944 -108.35940219999942 0
endloop
endfacet
facet normal 0.17364817559553083 0.9848077533774517 0
outer loop
vertex 71.92797691052603 -108.08217318544104 1
vertex 73.50022079999944 -108.35940219999942 0
vertex 71.92797691052635 -108.0821731854411 0
endloop
endfacet
endsolid csg.js
